customer_id,phone_shared_count,email_shared_count,address_shared_count,device_shared_count,network_degree,shared_attribute_count
00046a08-7ef6-fc05-ada6-3554d0133e33,0,0,2,0,2,2
001a2d10-fe0e-8235-f3da-e4099a22dcda,0,0,1,0,1,1
003a6567-405b-1dfc-0786-956fa904f11c,0,0,1,0,1,1
00571232-2fc5-33e4-b6f9-fb1585aed388,3,0,3,0,3,6
005ed50c-d8fb-e113-e987-8db0f4194055,0,0,1,0,1,1
00752313-c207-e330-0c58-0848e625b4e4,2,0,2,0,2,4
007b48d5-56c1-473f-90d9-66ac34d5f7f9,0,2,0,0,2,2
00966f22-2f5d-3968-1873-a6964389c8b2,3,0,3,0,3,6
00990354-8b75-ee89-de15-bcb89aed747e,3,0,3,0,3,6
00b17ba7-27f1-780e-41d6-a59ae343ec90,1,0,0,0,1,1
00b329d8-efa7-3e2f-3261-f6f9e3dff6c6,0,4,0,6,6,10
00d10cb5-6682-a019-65e0-e9f5bbe10bc9,0,0,3,0,3,3
013ab0f2-0809-c466-2c64-f93ca9537ab8,0,0,4,0,4,4
01439581-6d5c-0908-9ea9-6c7ff3d393aa,0,0,3,0,3,3
0156340a-79d9-26af-1b52-6e05f363c2bc,0,0,2,0,2,2
01570856-8cec-a6cd-9e60-7c43ae8d467a,1,0,1,0,1,2
015d3f8c-ea75-8393-29a5-555f9de2a3f6,3,0,3,0,3,6
017dc6c1-6ce7-5c65-9420-ffebdfaed26c,0,0,3,0,3,3
018f2677-85af-df4e-c5e3-05e59e1a5dc3,3,0,3,0,3,6
01b3c46f-6a2d-8372-a395-3567bc0b4acc,0,0,3,3,3,6
01b61ed1-1e07-7d59-d987-f30c637d1c04,1,0,0,0,1,1
01d723f0-84af-87ae-9db8-c04198a73680,0,0,3,0,3,3
01e19cc8-f074-99a2-05f3-93a3ce407fc5,0,0,2,0,2,2
01f4d124-50f2-8b5d-ad97-f0478e2e7c40,0,0,3,0,3,3
020a5f16-26c2-95e0-517c-e683fce82fb7,0,0,2,0,2,2
022c8ea7-afd3-eb9a-3fbf-70ac1dfc6f38,0,0,1,0,1,1
023af9c1-7e85-8f56-7e38-a248a17b59dc,0,0,0,3,3,3
024716be-2580-ee81-360d-10731b5bbfb9,3,3,0,0,3,6
024a2f09-c31a-168b-f59a-e44698829089,2,0,1,0,2,3
024f81a9-a8fe-937f-c06a-0e75e421d402,0,0,2,0,2,2
024f985d-e95e-aebf-4e09-5f8a45d853b1,0,0,0,3,3,3
02712c62-1f38-ac52-f445-dc020ebe2b02,0,0,3,0,3,3
027e8a52-5289-1d7b-f9fb-7fdc46c9f3e1,1,0,0,0,1,1
02859015-cd6d-d63f-7b7c-4357d650ae88,3,0,3,0,3,6
0289a9bb-41b3-1bc9-6db9-4208b6001397,0,0,3,0,3,3
02904b4b-9adc-7f1b-28de-3c3c72d82a21,3,2,0,0,3,5
02dca67f-db66-f974-cd9b-fe2833c03af8,3,0,3,0,3,6
03110484-4945-fadb-5776-5cb955bc8249,3,0,3,3,3,9
0332d2c7-d475-2863-1e82-a044413605e6,0,0,4,0,4,4
033cb1d2-b377-7601-9024-6cf60d918397,2,0,2,0,2,4
034ee1d7-134b-1490-ce5a-0581e2daab60,0,0,3,3,3,6
035525dd-33c2-0d8b-14b7-9f3aa6330a1e,2,2,0,0,2,4
0363682d-dc4f-3658-4de4-5a16ca3c7584,2,0,2,0,2,4
036b9bf2-6176-19ce-ddf2-c527a1b6287f,0,3,0,0,3,3
0384a81c-e65f-7724-c47d-05d72748fd15,3,0,3,0,3,6
03cec3a8-bf2a-cc05-bfac-3173082609c4,3,0,3,0,3,6
03e2e68c-647d-5c84-34f2-3196e2e57cac,0,0,2,0,2,2
041e7683-2ed6-6752-9269-040d76ab6372,0,0,2,0,2,2
042db5f2-086b-2644-ee2b-417f5b8aa341,0,0,3,0,3,3
042dd5fc-37ff-6cf5-1c3f-29b6eefe9ab6,6,0,5,0,6,11
04301191-3fa7-9e1f-4a44-38d24a568b1c,1,1,1,0,2,3
0473d8b5-ccb2-747a-6d2a-74fca919c298,0,2,2,0,2,4
047af2a0-fba5-2e89-b3a3-a30e389741f7,0,0,3,3,3,6
04b06534-b21a-c8b7-7bb6-6e0afb467319,0,0,2,2,2,4
04b3507b-de0f-ba69-8713-e9ec520eceaa,2,0,2,0,2,4
04cc921d-f235-b5b3-6380-a8e6a656a27f,2,0,2,0,2,4
050d2ea0-c89a-ece5-18bf-4cd14c01924e,1,0,0,0,1,1
05188ee1-51b6-7b5f-dd95-5e9ba63dc8b1,1,0,0,1,1,2
0527d32a-cd32-c22b-5bb8-94b40fdaf490,0,0,3,0,3,3
0539e714-2a31-aef9-5940-4cb5d171a754,0,0,1,0,1,1
0539f9e7-c506-2084-f998-c84baa482a07,0,0,3,0,3,3
054f88e4-2758-4746-91cc-5d1fcc8fc37c,1,0,0,0,1,1
0553f506-6e30-5033-2f23-7fc09f7e8f1f,0,0,4,0,4,4
0571f372-e450-8764-234b-e19b7d3c2e85,0,2,0,2,3,4
05855b58-5688-630b-dec6-98dee92beee1,0,0,2,0,2,2
0594b0e3-103c-c5d7-7748-6fa8f789d7d0,1,0,0,0,1,1
05a4e555-c4a7-2735-6bb3-8342a5161d88,0,0,1,0,1,1
05cd83ed-388a-7162-f2d2-662c9a571ca8,1,0,0,0,1,1
05eaa360-5481-20a1-aaae-4ec977b24792,3,0,3,0,3,6
05f025f6-ef36-3575-2867-15718b32c556,0,0,1,0,1,1
05f1bf59-93de-fba3-0421-8bc4718ed54c,1,1,0,1,1,3
0634a7e5-b852-9281-3dfb-83e2d459019a,3,0,3,1,4,7
063831bd-8c7f-f0e6-d8e6-33fe30d7c6d4,0,1,0,0,1,1
063b179b-44e3-1888-1ce2-c842fa2f2e99,3,0,3,0,3,6
063ee0ba-2f0b-a732-ddfe-f8cbc33b91f0,0,0,2,0,2,2
064aa6df-344a-3a29-2485-ec1e8db894ac,3,0,3,0,3,6
0654e3ee-b643-23d2-f2a1-f2f26e413637,0,0,3,0,3,3
0681f64c-a884-3429-b9e9-c550ffaf2398,0,0,3,0,3,3
068821ab-877a-6403-e46f-90d5afb2ceee,3,0,3,0,3,6
069dc654-861e-4594-feb5-598f3259d421,3,0,4,0,4,7
06b20dcd-7bb2-f357-af97-04278807e17a,0,1,2,0,2,3
06b33821-cdd8-787e-7d2b-c8323ee3fbd5,0,0,3,0,3,3
070dc2c0-c88e-afd5-0bd7-0a88e58f338b,0,0,0,3,3,3
074396fa-212a-d305-b10b-d36b177d83ca,0,0,2,0,2,2
074cce1c-fc3d-72e9-8176-ae946a96fbd4,2,0,0,0,2,2
076938c1-4e35-2c9e-90f0-d5b4c7716684,0,0,2,0,2,2
078df233-e2cf-a728-0167-1d22736d6dc8,0,0,1,0,1,1
0798c5d3-f933-7b17-ba42-2b539e9ee0aa,0,0,3,0,3,3
079e3a31-1f0f-53f2-b061-014a9a6d7d40,0,0,3,0,3,3
07a43843-ae9c-5639-bbed-fe05e15f85c7,0,0,1,0,1,1
07b13667-57c0-0e8b-bb48-fcddda440f04,0,1,0,0,1,1
07bb4a64-95f1-71e2-278d-4d07fc341886,0,0,1,0,1,1
07cd2438-4046-cd39-fc28-60298815969d,2,0,2,2,2,6
07f1f1d9-3d5a-766c-f810-3982d12f5d7b,1,0,0,0,1,1
07fc6a57-1f36-b524-44f5-18d48b395420,2,0,2,0,2,4
0842ab3b-e689-b3f2-5fdc-899f7b4f20af,1,0,0,0,1,1
0845a29d-a4b1-a0b8-3fc7-3d1e15e2f984,0,0,3,0,3,3
0861c8b2-3427-7aeb-885a-7f1262f20430,1,0,0,0,1,1
08641591-4e42-af2b-82b6-44db9453acee,0,0,1,0,1,1
08724213-0a71-7bef-f367-477fc9626327,0,0,2,0,2,2
08a31d59-3172-ca9b-7439-2d62cff066b0,0,0,3,0,3,3
08d88a81-bbdd-889a-2bbf-37b03b3f3b67,0,0,2,0,2,2
09012d96-189b-4f6e-3827-c0a314c391b2,2,0,2,0,2,4
0919a039-fbf6-e51f-368c-75e6333580fd,2,0,2,0,2,4
0927374b-a9d8-7332-24ac-cd2649f14695,0,0,2,0,2,2
097a394f-b375-df1c-e683-c67b1861392d,6,4,0,0,6,10
098b605a-76f1-c851-f2be-94e829a37d88,1,0,1,1,1,3
0993df92-d62b-b02d-4f93-2eebecbe914b,0,0,2,0,2,2
099d4d81-224e-f014-99da-74be2d0c1694,1,0,1,0,1,2
09cc494d-19d2-7ae6-d39b-25a5ecb1484b,1,0,0,0,1,1
09cf7e00-c33e-880d-d48d-1fc6ffd01a15,1,0,0,0,1,1
09f8a2cf-900a-749f-a71a-aa0b1a705e44,0,0,2,0,2,2
0a0c3bea-89dc-aba2-a6e5-1cdbea99b599,0,0,2,0,2,2
0a350319-9bf2-315c-8439-b5feb848a75e,0,1,0,0,1,1
0a5ef6f1-da3d-a05a-b8f8-05306890fb60,3,0,3,0,3,6
0a621342-bb45-2c7e-be54-d86a2c61a3dd,3,0,3,0,3,6
0a683039-c126-5e16-381d-9210805b181c,0,4,0,0,4,4
0a6ea532-79d4-7699-fdf9-fd08575dbac9,0,0,2,0,2,2
0a892e9d-027e-f0b9-d2c6-f98efa122d42,0,0,3,0,3,3
0a960793-3968-5bfd-44ee-0e106bdb0d8e,1,0,1,0,1,2
0a977f6a-754f-02f1-a888-98618e81ec4d,1,0,0,0,1,1
0a97a9d4-ca5a-4248-7dcb-12f5a2a4b7ab,0,0,1,0,1,1
0aa039ad-920e-7fd0-5e1f-db4a05892251,3,0,3,0,3,6
0ac990ef-eb4c-98a0-7dd4-3b9861611e09,1,0,0,0,1,1
0acb18c8-0349-13f9-6196-f831990a9402,1,0,0,0,1,1
0ae1e128-a94b-3aa2-9e8c-d5f667d6f09f,2,0,2,0,2,4
0ae98044-9472-aa6c-f1e7-7a271f5c3d5d,3,0,3,0,3,6
0af660ef-0a1a-daa7-c7a9-1679772f60fa,0,0,3,0,3,3
0b0f6f48-fed6-bd9d-f764-65d5727a93b4,1,0,0,0,1,1
0b1bd31b-3730-e58b-4d03-17fd5fb85b76,1,0,1,0,1,2
0b236d14-4710-0915-006f-3288c2bdd9c4,6,0,5,5,7,16
0b366567-129e-198a-3fca-44667477c36b,2,1,0,0,2,3
0b43cb57-af84-51fc-5a91-4fa808297883,1,0,0,0,1,1
0b4d5f54-30e0-1419-f9a0-ccf7c416420e,2,0,2,2,2,6
0b609b76-0f55-01cb-28cd-1193214464c5,0,0,3,0,3,3
0b68629c-c2cb-f4d0-edfc-d772d75f1b15,0,0,3,0,3,3
0b729098-e30d-0e3b-ef3f-de12f45ce63b,0,0,2,0,2,2
0b86a8cc-7bad-6341-2543-0958194a528e,3,0,3,3,3,9
0bb7b919-3b48-c075-5710-3ba50e95f731,1,0,1,0,1,2
0bd0c153-1e07-439e-d000-6b994a0fff9b,0,0,3,3,3,6
0c369109-3302-a775-5ff5-825c54c31d8c,1,0,0,0,1,1
0c686e6f-feaa-db9f-419a-a4472f5c1230,2,0,2,0,2,4
0c8f9800-fb21-ca85-1dc4-4f6e2e942171,3,5,0,0,5,8
0cc06381-29eb-c272-095f-b3d363e0779a,0,4,0,0,4,4
0cff48dc-5ccf-9585-b970-d24045d9af7b,0,0,3,0,3,3
0d1acc63-9831-6df6-1c9b-d38060a8b20a,1,0,0,0,1,1
0d1e4305-355c-eff8-1850-e6b4bee79622,3,0,3,0,3,6
0d5bbcde-7467-1009-296d-5c9e544b1bc2,0,0,2,0,2,2
0d5d3313-0e9b-5dda-5a37-e2539dbfd864,3,0,3,0,3,6
0d6c8d61-9513-ff40-6fcb-ef0f532f1790,6,0,5,0,7,11
0d6cfcee-730f-d87a-5fcf-0b78a11f8edf,1,0,0,0,1,1
0d98da43-c298-eb63-4d23-dced6139e010,0,0,3,0,3,3
0d9c6aa6-f8a3-7c22-8dc8-b2fe4c761333,0,0,3,0,3,3
0da85025-1b34-07ec-860a-3ac2e17a6d3e,3,0,5,0,8,8
0ddef83c-0444-377b-e8b3-900b1dd90993,5,0,6,5,8,16
0e05cb15-c567-e9fd-c65b-c2fb3cb9709a,1,0,0,0,1,1
0e315d06-5a3f-3ed7-9d17-1c1b18ac2bb9,2,0,2,0,2,4
0e396fbb-5805-2010-89f6-e39808bc6ea6,1,0,0,0,1,1
0e3eae93-d2d3-c6ca-ce66-4c94139b9628,0,0,3,0,3,3
0e4b71b9-cbad-a64b-23c0-758fc75c4ea6,0,4,4,0,5,8
0e595bf0-70bc-b7ca-60a4-f40c73154978,0,0,2,0,2,2
0e5bb522-7f1d-11a3-e252-1a57b3328c74,0,0,2,1,3,3
0e774720-512c-296b-c2d1-5a7dc3311fa2,0,1,0,0,1,1
0e8dd730-0d16-22a7-0d53-5ab6cf7ab0a7,2,2,0,2,2,6
0ea38b9b-6ce3-4c05-bfc0-2e2e5e7496ed,0,5,0,0,5,5
0eabeafd-8583-2878-fa39-c2b661200cfa,0,0,4,0,4,4
0ecebfe3-578e-39e2-72e1-ae9a1530a5fd,1,0,1,0,1,2
0ee8e15b-2343-146c-fb07-631a9aaab424,1,0,0,0,1,1
0eea9ea7-70d3-4e92-f8c1-d68dbf28b6e8,3,0,3,0,3,6
0eebfce9-ccf7-379a-ef96-a24cac147a54,0,0,3,0,3,3
0f192881-2a97-871b-5a1e-03d21efc91ee,2,0,2,0,2,4
0f2ef947-3225-64d5-933e-ed229804e4e8,1,0,0,0,1,1
0f330c8a-a741-5597-cd61-e323776a2a36,0,0,1,1,1,2
0f3930db-fde9-57e6-744a-3c8002a7eb51,1,0,1,0,1,2
0f39c3ca-74ae-06ba-77a1-5912c88ce6d1,0,0,1,0,1,1
0f4f4a25-2b67-7dcf-9949-e8a275296184,0,0,3,3,3,6
0f6b90a8-6d22-341c-be6c-f15a2626b223,1,0,1,0,1,2
0f7f0c80-e24b-485d-439f-e6216790d8af,0,0,2,0,2,2
0f96058c-2e9a-16c3-2c03-e775dd0cd38b,1,0,0,0,1,1
0fac9515-fc05-24d9-066d-7c54e01ee5e7,0,0,2,0,2,2
0fce1b87-5c53-236e-c731-fb354acb1ca4,2,0,2,2,2,6
0fd94655-d364-3ff6-839b-86adfe197283,0,0,3,3,3,6
0fe44619-8786-fe70-6d26-ee9c5a2a2dd3,0,0,3,0,3,3
0ff15d10-5437-ba82-02c9-7fcae68904eb,0,0,2,0,2,2
102946fb-2587-a5a6-29c3-a6978fffb6c9,0,4,4,0,5,8
104df0d1-d93e-8a4b-4673-7837a1995918,1,0,0,0,1,1
1078a85c-76de-bc30-dfad-59d000f623f9,0,0,3,3,3,6
1079d9d7-8978-0f3f-aa29-4e1e659d8ea8,0,0,1,0,1,1
10af4507-0a12-7703-a91f-94bc01cbc7b6,1,2,0,4,5,7
11055cf2-428d-9027-00a4-ffd5d432baed,0,0,1,0,1,1
11362a01-07e6-afbe-a589-10f589a16c9b,3,0,3,0,3,6
114dfc3d-0006-34c3-83a5-4cd108757e0a,2,0,2,2,2,6
11683a10-178c-17bb-a51e-44904910d0b2,1,0,1,0,1,2
117f4596-e9e3-0a42-4d03-e01c0603557c,2,0,2,2,2,6
118c96ad-9104-cc58-3f54-fe16c2ebad5a,2,0,2,0,2,4
119265bd-17ed-eb14-34e8-6494a7151d87,0,0,2,0,2,2
11984211-3e9d-5b68-5108-7b72409f0404,0,0,3,0,3,3
11af69e4-4fda-8439-95a6-4c051421cfcb,0,0,0,2,2,2
11c893cf-0654-d94e-4c91-ced3bedef5f6,1,0,0,0,1,1
11d4f338-0df7-6c66-c059-770b66a07f17,0,0,2,0,2,2
11df74b3-8bf5-04f6-a3d5-ace508f6d37d,2,0,2,0,2,4
1219a028-5b1c-019b-5d18-4e61379cb109,0,0,1,1,1,2
1220b211-2748-0b61-0331-eb0a519c22df,1,0,0,0,1,1
1223bcc6-06a0-95c3-f2ba-6e934ab5426a,0,2,1,2,2,5
122fad53-1bf8-3186-0db6-5b890a5c3de0,0,0,3,0,3,3
1235125a-6bea-1004-793a-e1017699c4c5,2,0,2,0,2,4
1262fa51-bc68-8dd2-3a1e-2d1b433947da,0,0,2,0,2,2
127b85ff-2848-79ba-84b9-be4ed8d284c3,1,0,0,0,1,1
12af4bb9-f465-65c0-02cf-d1acc25f01bf,3,0,3,3,3,9
12c6972e-d44c-1973-76ec-b07625e11155,0,0,3,0,3,3
12f2fc77-7091-b078-eb36-427b92b4953d,3,0,3,0,3,6
1303899f-4e40-205e-39d2-0bed1b763dc7,0,0,1,0,1,1
1316a4b5-ca83-35c4-e481-6df4672aed12,2,0,2,0,2,4
132f32ad-6ace-20c4-b91e-1554932aa436,0,2,0,0,2,2
1339cd3a-b0d4-4158-076f-6c3d1439c39f,0,0,2,0,2,2
13590fd3-3676-db19-5e7c-7a4f7f6bcd93,0,0,2,0,2,2
137d85c4-620b-5f28-d5e3-bf02fec6df8e,1,0,0,0,1,1
1399f157-774b-b2d9-ab37-23f66d68b6d6,0,0,3,3,3,6
13b9e5cf-7e07-6c2f-85a9-859568de963a,1,0,1,0,1,2
13ba86b2-14da-44f1-0ac6-b87335f65f39,0,0,1,0,1,1
13bc2bee-b6a6-d52b-ec2b-41bb79aec921,0,0,3,0,3,3
13d0b8a9-e73b-56a6-b375-4fca4c4eb57b,0,0,3,0,3,3
13d3da44-b467-69e7-660b-c20b491d917b,2,0,2,0,2,4
13dcffa5-a5c4-8509-a30a-931b8821dbca,3,0,3,0,3,6
1407ad41-6986-66c2-7a94-d909e793612f,0,0,3,0,3,3
1409b9f1-2a2f-1d27-7918-3e74107c9307,2,2,0,2,2,6
140a19b2-d9dd-ad0d-6d20-c9029b449857,3,0,3,0,3,6
14244f87-0265-1f1d-a8fa-3f187eef8344,0,0,2,0,2,2
14276f25-7a62-8da9-c21d-f82854bb7412,0,4,4,3,5,11
142898f0-24d1-ba16-72c4-67b77a085b8d,2,0,2,0,2,4
14455429-8a76-4aa3-e7b3-ceee01261b8f,3,0,3,0,3,6
14577009-647f-3640-4971-ec458c4d62f6,1,0,0,0,1,1
146c3e68-0af4-2d14-109b-e616a0daf3eb,0,1,1,0,1,2
14783862-a62c-2bcb-92d1-d8bc6d7730ff,3,0,4,0,4,7
147a8058-8a29-2773-7bb5-7e4114adf596,3,0,0,0,3,3
14880e55-8e20-edc6-0479-113a3f433e13,2,0,4,4,4,10
14921704-c7f0-f7dd-2bc3-47370ceade83,0,0,1,0,1,1
14b5b9b9-1668-353c-a8dd-ac4eb02817c0,1,0,0,0,1,1
14d24829-2d9c-f88e-666c-65ce5c4d986f,1,0,0,0,1,1
14dbca34-a232-9838-c31b-99f66648ab51,3,0,3,0,3,6
14fc82c2-2b78-843b-48b8-a316e248da18,0,3,0,3,5,6
14fcb394-aee8-7109-9dc8-32123d05e4ad,0,0,3,0,3,3
150ec50c-766e-aea4-edae-3e0ca6398e82,0,0,3,0,3,3
1518208a-2d56-5bdc-2338-8f2b0b543d46,0,0,3,0,3,3
1526a75c-2659-a397-771d-767cccc97ff6,0,0,3,3,3,6
153d663c-f0b5-f388-f088-75a187afe7ac,0,0,3,3,3,6
15407c72-601f-a47a-9e2d-fca3c261f540,1,0,0,0,1,1
154770c8-d7d9-3811-71bd-d480aec879ca,0,2,0,0,2,2
15598054-be59-f41a-3d3f-927c078a69ef,0,0,4,3,4,7
15672b53-ff92-e90b-c79a-760d97a1ab24,0,0,3,0,3,3
156914c4-f567-5b5f-1886-92b4848cc8a7,0,0,2,0,2,2
15726976-1562-14cc-1b36-de9410fc0c97,0,0,1,1,1,2
157ec67c-4428-ac6b-b6f6-3d1ff31bab54,0,0,0,1,1,1
158952c0-2d53-ddb9-a64f-45cf85774db2,2,0,0,0,2,2
15949e27-1ecb-9201-2431-bb89d2441278,0,0,2,0,2,2
15b6b6d7-2c35-f20a-4674-2e00746892c7,3,0,3,0,3,6
15e03d98-83ab-726c-47cc-bcee1dbde6f5,0,0,2,0,2,2
167048bc-6dba-64e1-16bb-a18bc5d017f7,0,0,0,1,1,1
16c15f1b-e45e-3e8e-c6dd-4828b0ff4e41,0,2,0,3,3,5
16c34a72-dcf4-d521-ed52-2c8fe8180772,3,0,3,0,3,6
16cc3241-9819-cedd-5ed9-b465a0030e23,0,3,0,0,3,3
16d02586-b418-a761-5aa2-89786aa32cc2,3,0,0,0,3,3
16d97f72-4c9d-ece5-accd-c678f3689390,0,2,0,0,2,2
16de19c9-d0c6-322c-f266-f4f7d9f8a04d,1,0,0,0,1,1
16e625ec-7425-aa0c-8667-a5efc67cb0ab,0,0,0,4,4,4
170cd45a-b69e-6550-a960-4481712f6671,0,0,0,1,1,1
172c4aa2-156d-0b5a-ebaf-ed6b261d85db,1,0,1,0,1,2
17413715-06a7-e1ad-c7f0-c3c0f1541432,0,0,3,0,3,3
17666866-8959-0850-dd66-274b4c97d4a7,2,0,2,0,2,4
176ecbb7-bb46-09bf-9658-ac070a4fc0f2,1,0,1,0,1,2
17a24579-1503-7787-91ee-fd6dc85b6913,1,1,0,1,2,3
17d595b5-9d89-cf6f-69f1-8ccdbcd70ae1,0,0,2,0,2,2
17e62511-355b-d883-d7e2-dd6948d120a4,0,0,1,0,1,1
17ec7fd1-727a-0198-3cf1-f78d1b2b77e1,0,0,2,2,2,4
17f33750-6b72-60df-05fc-c608908b89ac,1,0,0,0,1,1
181b9c0b-4694-2465-0a89-baa7d0222e9a,2,0,2,0,2,4
18354458-9cb2-d748-0269-74995403bad6,3,0,3,0,3,6
184bb324-c4ca-4427-8851-37a1ef38733c,0,0,2,0,2,2
186bc45b-f364-7079-e84a-8bc35d7de5d7,0,0,3,0,3,3
186d4ed6-34a1-289d-bc8d-ef12ff3f9e99,0,0,3,0,3,3
18949b15-0df2-1dfe-aa25-f729dd4e9c20,0,0,1,0,1,1
189c816b-d011-a3a2-ace1-7c20631f863e,1,0,1,0,1,2
18bd9598-5b10-97b2-6595-6ae9469fd5f6,0,0,2,0,2,2
18e1eff9-a663-3fe1-75fa-a1f36370d1b2,2,0,2,0,2,4
18e36918-7c4c-26ec-cf7e-67494591a1da,0,1,2,0,2,3
18fb2c35-058c-cadb-c43c-9def336a7cc2,1,0,0,0,1,1
19105f96-c5fd-6f10-1326-4f13b35d7bc4,0,0,3,0,3,3
192815f1-cfd9-0727-f66b-7a69e97d0024,1,0,1,0,1,2
193158a2-43fb-a73f-964e-eef133568b24,0,0,2,0,2,2
196b1323-e2c8-ddb4-376e-d14162194853,2,0,2,0,2,4
198b6f0e-70cb-0d42-e445-88ccb02bebbf,0,0,2,0,2,2
19992b51-2be8-9e0b-82ba-769db89d4220,1,0,0,0,1,1
199ce36d-445f-b99a-a678-a90d206c65fc,0,1,1,0,1,2
19aeee3f-7e56-7726-1b36-12d480c97fac,0,0,4,0,4,4
19b8098a-3927-50d6-faa5-fde71afaa876,0,0,2,0,2,2
19c61ca9-a7ce-5f57-f87e-8763e0b13170,0,2,0,0,2,2
19ed73bd-7fb1-3c91-44f0-b4e32bc8850c,0,0,3,0,3,3
1a0a0ab0-5d3c-f2e1-f56c-879cfef4d92b,1,0,0,0,1,1
1a0b1f85-c11c-2793-bdce-56fe81718e15,1,0,1,0,1,2
1a177c2d-e35e-c6fb-7248-d32877d7e76a,0,0,1,2,3,3
1a4841ac-cf3a-27ba-3fa0-c7163ecd8c0b,1,0,1,0,1,2
1a6c6d64-54e5-1c2d-9a97-4401962fb413,0,0,3,0,3,3
1aa92783-0313-ac96-0c89-b917a7904a04,1,0,1,0,1,2
1ab94d1b-93ec-cdd3-2e7c-6336a564a4ef,0,1,0,0,1,1
1ab9dfc4-a347-2b98-f81c-9b1dba3c96e8,0,0,3,0,3,3
1ac1effb-6bd7-cb16-41a9-a8c084c72de6,0,0,1,0,1,1
1ae0b358-7887-c06a-c4bb-0c7ad7913e94,2,0,2,2,2,6
1aefa38c-b441-3d18-8ae2-4c6852c5ce7c,0,0,3,0,3,3
1af08440-95d2-b093-d6d0-745b6d177ebd,0,0,1,0,1,1
1b03cb66-ee17-ece1-3997-736455cd7fdf,0,0,1,0,1,1
1b13ec27-ff4c-b2f4-4185-6f600aae2577,1,0,0,0,1,1
1b196ee1-0fa7-f6e0-c1a6-06fd0ee6805f,1,0,1,1,1,3
1b52cdbc-4819-a3ca-742d-c4b743c0a86e,0,6,0,0,6,6
1baf8771-e334-e817-d926-0056df1b7130,2,2,0,2,2,6
1bb71a85-856f-845d-2374-55b54db8cfbc,0,0,0,1,1,1
1bc4ea14-f5d4-9ac1-f9a4-2227e928d9f8,2,0,2,0,2,4
1be2d674-16d6-e331-d9ca-39649d3e341d,0,0,2,0,2,2
1be79fdc-ba9c-c602-618a-46992a760f88,3,0,3,0,3,6
1c07ba6f-8b03-76d6-7683-58a428413b81,0,0,3,0,3,3
1c092738-a5a7-2214-1524-16891ccd6975,2,0,2,0,2,4
1c62239d-b665-d579-f610-4c6c25baf49e,3,0,3,0,3,6
1c7e1a6e-68aa-3342-1ab5-37121aca4c05,0,0,2,0,2,2
1ca77d46-97cf-3d6e-c862-dcd6bf82a62c,3,0,3,0,3,6
1cc3f56d-3971-2869-1f87-ac09fce6457a,3,0,3,0,3,6
1cd1233e-f362-fdf9-00f7-b7fd4a8a1aeb,0,0,3,3,3,6
1cd69e98-c7c6-03a6-a764-5b371ee2c811,0,0,2,0,2,2
1ce792e6-ab15-165b-b05e-b08e44ebba32,0,0,2,0,2,2
1d06e705-a9ea-1290-2984-94065a0d08d8,0,0,1,0,1,1
1d0a9b90-5be4-49f4-4d3b-8d8653613d4e,0,0,3,3,3,6
1d5079b5-a017-899b-60cd-ad7a880ad277,0,0,6,5,7,11
1d54a579-25df-bccd-f576-7c22e50abedf,0,0,3,0,3,3
1d565316-b10c-f0f1-43c5-7d4085a37b6d,3,0,3,0,3,6
1d8b8e9f-359c-3eff-8052-46759ec9018b,0,0,2,0,2,2
1d96f211-e664-8a89-7010-43e1a8bf1410,1,0,0,0,1,1
1dc41c8d-82d4-15d6-7d42-10ad9767145e,0,1,0,0,1,1
1dc97233-ee0d-faff-1815-aea58563ae7a,0,0,3,0,3,3
1e1e78a8-8053-acf1-cfcb-fd24f7f78016,1,0,0,0,1,1
1e1fab7a-625e-57e2-d2b2-d2d89473eb4d,0,0,2,0,2,2
1e27df31-0931-1d8c-73d4-987868aac7d1,2,1,0,1,2,4
1e39fb3d-1988-4c06-701f-0780198a4243,0,0,0,2,2,2
1e50b45a-5fb5-5387-b339-6b06651581e1,0,0,1,0,1,1
1e5a273a-97a4-c702-eefd-6b6b66db0988,0,0,2,0,2,2
1e894b43-350c-4202-5edd-82fdd696fe1b,0,0,3,0,3,3
1e93f69a-6654-5701-dafa-9bf2a814adf5,3,0,3,0,3,6
1ed2ba3b-1ca9-3e0f-1141-4be9b1bc65cc,1,0,0,0,1,1
1eddfdb6-9a0f-8384-ffc7-41514acb3196,0,0,1,0,1,1
1f03e2d4-f073-748d-468c-54e1bad538d8,5,0,5,5,6,15
1f0ec745-84f9-57a5-0969-45cc5ad9ede1,1,0,1,0,1,2
1f21daa3-a708-e725-2533-a44f19483431,0,0,3,0,3,3
1f557280-639d-5bf5-e7be-9c137ac2d6fe,0,0,1,0,1,1
1f59d714-95a5-ffdc-b112-5a7762405dad,0,1,1,0,1,2
1f7785ad-e9b1-b1e3-fd03-f493ba5ecef4,3,0,3,0,3,6
1f7aeb96-a2cf-6afa-0349-bffdcff95d7c,0,0,3,0,3,3
1f833654-3e04-5933-0d4b-e2a49ae3c64b,0,0,2,0,2,2
1f93f4ee-d1a2-6185-90aa-dd355ad23751,0,0,2,0,2,2
1fd71e6b-662a-c616-ab57-bab64158cf6c,0,1,0,0,1,1
1fe98e6c-c7c0-4140-8e09-d4230f10f05f,1,0,1,0,1,2
20412fd5-c8c0-db41-3dec-6d1d749d6f6d,0,0,2,0,2,2
205f18f7-f2f5-52bd-caa5-3198d25030ad,0,0,2,0,2,2
206906c2-a4ac-6228-0593-a762d2442dc1,1,0,0,0,1,1
20800099-53e4-5464-6145-1de4bb8e5889,0,0,2,0,2,2
2087e42d-ac69-cf47-4a5f-714ff7c07eff,0,0,2,0,2,2
208ba25c-fd90-38b4-c93c-955c3705782e,0,0,3,0,3,3
20b6adf9-5315-196f-3162-811c780fb8ed,3,0,3,0,3,6
2102bc28-e819-3551-b190-b4eda912109d,0,0,4,0,4,4
2118149e-85aa-0d16-686b-1dc703b2c4c4,1,0,1,0,1,2
21585ea9-1882-7887-aea1-3a8510c5d8b5,0,0,0,3,3,3
217216c5-db0b-88a6-8b84-0aff37bf9152,0,0,2,0,2,2
2196674b-7f0c-3661-4f07-e86c01a5adfe,1,0,1,0,1,2
219a77a0-286f-81bb-8b3a-c845deb02f90,3,0,3,0,3,6
219af055-0619-3bb3-a22b-65507697731d,1,0,0,0,1,1
21b805d7-ddde-0850-74c4-5498c719012c,0,0,3,0,3,3
21c72e2f-b6fa-9291-849e-a2f4d09fb759,3,0,3,0,3,6
21cf1d93-8687-2063-1d0d-b0d28493863d,0,0,2,0,2,2
21d7a75b-40a1-34b7-e72f-75ebac57fd58,0,0,0,2,2,2
21ddd56b-5ba4-2e40-d527-6f0339b3fbc5,3,0,3,3,3,9
21de80e0-d014-8e11-1eb0-e980ddf79f61,0,0,2,0,2,2
21ebb2cb-ef46-db7b-60e3-b4d6b492296e,1,0,0,0,1,1
22019119-a9f7-308d-15fa-e4530d2ec4b7,0,0,0,1,1,1
2216fc8b-87da-4af0-91df-ca53831f9e12,0,0,3,0,3,3
22283130-2e7b-c153-7fc0-ae48f7ee2a35,0,0,1,0,1,1
22466a09-afd3-b4ee-517d-cf86157b8320,0,2,0,4,4,6
22838cf2-84b2-af21-4285-f5069f2ba7ed,2,0,0,1,2,3
22a89c57-2d80-cd70-025b-0455c0193bde,0,4,0,0,4,4
22b40d55-216e-3bc6-0340-8ed58752c516,0,0,0,7,7,7
22bd2b62-ba15-3a28-7474-6f5dce645265,1,0,1,1,1,3
22c5650c-d278-1a2a-cff0-6ad7e952dc68,1,0,1,0,1,2
22ce4a6c-3a8e-cc2e-e596-cf9d97a11b52,2,0,2,0,2,4
22d2e7f0-6d6b-17f1-4cc3-99e1b0ffb1da,1,0,0,0,1,1
22f9b56e-6a00-d2db-cb35-4b854a52343e,1,0,1,0,1,2
23148c88-1131-8b54-cf1b-ad277b9083d2,0,0,1,0,1,1
23298f18-b863-6d78-5ad5-fd2d0f6d39ce,0,0,1,0,1,1
232ae544-f320-3d43-35c4-afec72233695,0,0,1,0,1,1
233cf8af-b59e-5eaf-98eb-867b4b3cd4b3,1,2,0,1,2,4
23490c6e-1a6c-7a8e-0d4a-12110cfebb0e,0,0,3,0,3,3
236a0849-0ba6-db4e-5e6d-4f15d10be192,1,0,0,2,2,3
2377337f-571e-a3c8-8436-ec246ef4868f,5,0,0,5,6,10
237840ac-27d0-7ebe-cdc8-c4b95b8ab91d,0,0,3,0,3,3
238bcfda-378b-5ddb-1360-9e29cc1ec3e3,0,0,1,0,1,1
239c70fc-7e9b-bc0b-e1db-dbed6e5ea8f0,0,0,3,0,3,3
2426b98d-7374-5e03-1a62-99d25cf392ad,0,0,0,3,3,3
2449e22e-3924-a90c-2066-a8f761531d3b,1,0,1,0,1,2
245f743b-6c5e-c1b9-147b-d275c40b99d3,0,0,1,0,1,1
246b6a86-43f6-a688-5ade-06e6830b14e6,0,0,1,0,1,1
24886deb-ebd8-e95d-5799-a0ed92b3ab85,0,0,3,0,3,3
24944398-dc60-6e75-9279-cc3f1dbe7e6e,0,4,0,0,4,4
2498e53e-e268-209e-13e4-94aa8302b288,1,0,0,0,1,1
24bc0593-bc19-2606-34f6-c786797bbc14,0,0,3,0,3,3
24ccd654-0267-2fbf-4fcb-b79dcb506df4,0,0,2,0,2,2
24d13219-c1f3-23f7-b15e-0b5bc616ad43,0,0,2,0,2,2
24ecdbcc-2092-811a-e261-88643fb53a45,1,0,2,0,2,3
250a3ce5-7d1e-27b4-b147-26a1ef6c029c,1,0,0,0,1,1
250c0e8a-3913-cc55-87d0-4e6924b719fd,1,0,0,0,1,1
2541bc75-ca30-305e-8c07-87ac2d61e7e5,0,0,3,0,3,3
25442993-a911-6008-ffcd-082a8e3f7a58,3,0,0,0,3,3
2553dfe9-6115-1f55-11f6-b98bb12f65ff,0,0,3,0,3,3
255b0d3a-0d41-d2ed-d770-38c332569186,0,4,5,6,6,15
25741c28-443e-ea13-9673-e0886de8298b,0,0,3,0,3,3
257d09a8-3a5a-52ad-f21a-0ecf29494b8c,1,0,0,0,1,1
257f5c7b-c737-ebc7-9fb0-e74f50bc5117,3,0,3,0,3,6
2595c0dd-4319-22d3-9b6b-b3fd631b4a31,0,0,3,0,3,3
25db5697-d3ce-020d-a86b-89df8ba97f11,0,0,3,0,3,3
260cb88a-3825-3132-c835-e23253e3ba80,0,0,1,0,1,1
260dc395-d2be-0d30-6a6f-fbcaf4b563ca,1,3,3,0,4,7
2612f18d-8660-ae99-8ab2-68ff85376abd,0,0,1,0,1,1
2644c4b9-0318-bb25-ffa2-92c86c0a98b4,2,0,2,0,2,4
2661dc78-1b61-c741-5452-939236aadddf,0,0,7,7,8,14
26905648-62c8-af80-0431-088fc2187904,0,0,3,0,3,3
26a899d9-3c6f-5b39-c101-696472ad44e8,0,0,3,0,3,3
26ce4b73-48d4-057c-3349-15175f593411,0,0,2,0,2,2
26cfe22d-8b85-1202-63d1-6423af634e8d,2,0,0,0,2,2
26dcaacf-f9c4-84da-01db-a9783891e35b,0,0,1,0,1,1
26df3441-9de6-ae65-1050-769aa63b2820,0,0,3,0,3,3
26f7b4fa-c92d-e821-dbf1-cb00995aab67,0,0,2,0,2,2
26ffb412-ae7f-afdd-d65b-a6614f8d54a6,1,0,1,0,1,2
27195dbc-3247-cc82-efbd-4d29205dfbc5,0,0,2,0,2,2
27216254-1eb0-2987-9823-513c3bf19255,1,0,1,1,1,3
27268b80-9d48-6f03-d074-bdd8c9384157,1,0,0,0,1,1
273c0a98-ef96-be16-e460-581e5da1b299,0,0,1,0,1,1
2746b16e-3d89-0c50-d37a-416f3312ed93,0,3,5,3,5,11
276ca074-9de3-dc09-1ad1-ee4c478105f6,0,0,3,3,3,6
2793cbbd-2f40-2c3b-b6ef-cfad69585cbc,0,0,2,2,2,4
27ad00c2-2711-f5e4-8e5e-fcd2010d10af,0,0,3,0,3,3
27b4578f-e1a9-445f-f468-472b634f6150,3,0,3,0,3,6
27c7f3f4-7e7b-5167-b5ff-ff8139f65d8b,1,0,0,0,1,1
27df2861-5af6-e9c8-1f20-7ef61dbfdc0e,0,0,2,0,2,2
280c89f2-ccd1-f86f-ea5c-0b5fe1da9481,0,0,4,0,4,4
2828e958-ae86-93be-6937-695bf36b1231,2,0,1,2,3,5
282e1d9c-3ed7-7bc8-efac-4cd24e962690,4,0,0,3,4,7
2830379b-c94d-a0d8-007d-3b1692fd0802,0,0,3,0,3,3
2834efbe-656a-f788-b358-b84bde4a1a14,1,0,2,0,2,3
283a5426-7ac9-120c-bed3-e3c36b783c34,1,0,1,0,1,2
2858459d-a762-d12f-03b1-3c8fb13d59f6,0,0,2,0,2,2
2861d208-ff3b-3e33-1177-a3035ea51e22,3,0,3,0,3,6
2880594f-a982-b4da-fb44-1d0f35878822,3,0,3,0,3,6
288f0822-2000-dc9a-a9c2-2c4016f0a3ce,3,0,3,0,3,6
291cc8fd-230d-5e31-d069-c9f70014aa92,1,0,0,0,1,1
29340cef-45c2-8808-c7de-69645fb2d0fa,1,0,0,0,1,1
2955bf30-e3cb-c740-0e1c-fe2026fdd19f,1,0,0,0,1,1
296395bb-d2fe-a458-a12d-66e1e2448cb8,3,0,3,0,3,6
2977b29e-88e6-46ca-19f5-9afef5880256,0,0,3,0,3,3
29a1ca95-3b0e-ae12-399c-c79af861fb85,3,0,3,0,3,6
29a3eb22-5d00-eace-572a-fa4dd29babe0,0,0,2,0,2,2
29c9cd21-217c-012c-1419-57a06e4091e5,0,0,1,0,1,1
29da72d0-5b0a-2b48-7919-ef7c74242a3f,2,0,2,2,2,6
29f1cc52-e6af-d4d3-3b8b-1759343d2842,2,0,2,0,2,4
2a182346-8b59-4b88-467f-afcccc639c0d,2,0,2,0,2,4
2a1fdd19-d0cd-34cf-15ab-cd20b42c40cc,0,0,1,1,1,2
2a260be9-08f7-8379-5baa-da42d4a3375f,0,0,2,0,2,2
2a31bfa7-e4b2-5975-bf35-99d4cbfe5f7e,0,0,3,0,3,3
2a38ea9c-8075-334d-c5f9-a97ccc32eb7d,0,0,2,0,2,2
2a3f60cb-190c-3607-0b42-196854860571,0,0,2,0,2,2
2a47eb98-3035-7972-5764-2c4c2aca25c0,0,0,2,0,2,2
2a72e8a9-e3d8-0e56-9269-68f83a549e4d,1,0,0,0,1,1
2a7c8c0a-69dd-a963-c6de-8579c68a070f,2,0,0,0,2,2
2a7ce4b8-6f38-fe83-6921-12e174f8b5a2,1,0,0,0,1,1
2a85678f-98f8-87e0-f666-49673238219b,3,0,5,0,5,8
2a933893-8e7d-9077-2aa5-74c0599e7478,3,0,3,0,3,6
2abb9730-b9d6-0cb7-7227-06d58ef8d54a,0,0,1,0,1,1
2abdd9d0-c7cb-1d20-c3b9-186417bcc7b0,3,0,3,0,3,6
2ac841ee-0ad6-abba-f5be-d381603e62fa,2,0,2,0,2,4
2ae916d2-4cfa-6505-643b-39564e8b628a,0,0,2,0,2,2
2ae9b06a-10a0-7189-030e-b3b48d421e8a,0,0,3,0,3,3
2afaa387-e17e-6334-4b41-94ebb04c5df1,6,4,0,0,6,10
2b123621-1bdb-2982-69e3-7cdebd3bfb1c,1,0,0,0,1,1
2b14a8a1-519c-f0a6-3178-4e7c5b038ff3,2,0,0,0,2,2
2b14f188-c9f4-8e82-a8cf-8b365d2e173d,0,1,0,1,1,2
2b4f8f16-fb06-f48f-d14a-0cbef342e516,1,0,0,0,1,1
2b527869-ae22-b2ea-166e-e38724c4c957,0,0,4,5,5,9
2b5e0aac-51e9-82b2-7397-f853cd25fd2c,1,0,0,0,1,1
2b7c6dc1-e221-16de-587c-9637f700704f,3,0,3,1,4,7
2ba157b1-1040-dc04-7145-da35cdf6312e,2,2,1,0,2,5
2bb5182d-e32e-2381-4b62-1d745908ee16,0,0,2,0,2,2
2bc26450-f0e6-eb29-6ee4-9dad1788daa1,2,0,2,0,2,4
2bc8aecd-6a78-2332-015e-008046a08e44,3,0,3,0,3,6
2beba6a8-a484-456d-bbde-54120f9e4c11,0,0,3,0,3,3
2bedda3e-96f0-e701-61ec-43a54208ec6d,0,0,2,0,2,2
2bfd5279-5775-0aa1-02c5-a92a58249358,0,0,3,0,3,3
2c00c21f-b728-4d52-91fe-59ba3725928c,0,0,0,3,3,3
2c0c3847-ff0b-f720-ee35-322019953077,1,0,0,0,1,1
2c4f9d73-288a-5751-94ef-26854dc9420d,0,0,0,3,3,3
2c80195e-4615-28b4-ef24-b8a5d62e7afd,0,0,3,0,3,3
2ca8244f-f0b5-775f-4bd0-c1443731564f,0,0,1,3,4,4
2cb3430a-4583-1599-7a7a-b4ff119aed2c,0,0,2,0,2,2
2cb76b4d-fb7c-48ef-d544-d696dcd8950e,0,0,2,0,2,2
2cc4b629-a347-7d20-cb7a-a7915f55a266,0,0,3,0,3,3
2cd7b0eb-f666-3b1a-7961-e60a7d8d484a,0,0,3,0,3,3
2ce042e0-29c7-142f-8228-e68a502d2e9b,0,0,3,0,3,3
2cf16164-a162-695c-0e70-9644d408444c,1,0,1,1,1,3
2d2b0646-f7ea-8e1f-13c3-9e3803136197,0,0,3,3,3,6
2d2e7390-34c9-6943-01ec-b6c7c489c45c,0,0,2,0,2,2
2d4a8639-158f-6e0c-c19d-1e664730019c,0,0,2,0,2,2
2d519d1b-8893-0f2f-75db-58c786e7c373,1,0,1,0,1,2
2d55221d-761a-1dc1-4b9b-714245f9fdc0,0,0,2,0,2,2
2d74e683-2b1b-c69e-f19a-3a23da0863f5,1,0,0,0,1,1
2da138f1-c8cd-c050-dfa5-328de1d5918e,2,0,2,0,2,4
2e5312c9-a250-5f8b-ed5e-fc126db29698,2,0,2,0,2,4
2e55b9d0-790e-6b47-5a46-4931dd1f6361,0,0,3,3,3,6
2e67d45c-8bc3-e49e-4f74-4e1318670463,0,1,0,0,1,1
2e78b5a6-bdd6-7ecd-04ff-8b8bff74502e,1,0,1,0,2,2
2e85b687-5c21-c619-6e23-d1b585e7d837,0,0,4,1,5,5
2ed7bdde-ca41-13ea-7319-854bbee8a583,3,0,3,0,3,6
2ee058a5-f098-0961-246d-ba699b635b84,1,0,0,0,1,1
2ee51bc9-1d0a-ce63-6ef7-681e253be320,0,0,1,0,1,1
2ee8ae82-f1e7-782e-18ce-4c851dd3c958,0,0,3,0,3,3
2eff1cf5-de56-0a89-d39a-765b4f32ee3f,0,0,4,0,4,4
2f156407-d40d-38a3-cb04-27f2e88438cf,0,2,0,2,2,4
2f2a944e-9598-7c13-861c-8b45449cc393,3,0,3,3,3,9
2f2ee10f-e469-390d-e66d-c970792ac9ba,3,5,0,0,5,8
2f3b6fa3-8086-daab-ce95-923b02591cd8,1,0,0,0,1,1
2f3ded1c-5fd1-019c-c408-d7c3f43965fb,1,0,1,0,1,2
2f5cafb7-9343-df2d-b716-138c6d53aa7d,0,0,3,0,3,3
2f777d06-364e-7505-85ad-0085e9ff2b59,4,2,0,0,5,6
2f7c215b-cdd1-c123-3940-0d15749d6780,0,0,3,0,3,3
2f914bf2-19ec-cc2a-3257-d951509dced4,0,0,1,1,1,2
2fad840d-f3a2-afe3-afa5-a31de5b5eb7b,1,0,2,0,2,3
2fbde77d-36b5-3e99-6280-eedb361508d6,0,4,5,6,6,15
2fcbb4ad-6516-2ab6-53b7-0bd5dbad070b,0,2,0,1,2,3
2ff615d5-e616-6ccf-6766-47ef1f199c96,0,0,1,0,1,1
301d16ea-44a0-c2aa-130e-d659ca145ed8,0,0,2,2,2,4
30422355-37c1-cf31-a78a-5383c6b6898e,1,0,1,0,1,2
30513036-0748-3e5d-de07-9a13e36d3aff,0,0,3,0,3,3
305462b9-27e0-6224-61d8-8c96f76ee0e5,0,0,1,0,1,1
306df780-de6b-6b0a-dae7-48e7eb2ac554,0,0,2,0,2,2
306f87fc-d31b-064c-ad93-9d43063463ab,1,0,0,0,1,1
308beebe-c9f6-088b-58d9-1a06ef676934,1,0,1,1,1,3
308f3f72-eb83-13fc-01b5-d18dd7ed452d,3,0,3,0,3,6
30a0db3b-1aa3-3e66-21e9-94ca2b451a0d,0,0,3,0,3,3
30a8d15d-587c-8942-a6aa-1a09938f13f3,3,0,3,0,3,6
30b5ae5a-44e3-9a97-f7fa-1f41c6921761,1,0,0,0,1,1
30cceb88-cb82-dcd2-d930-1250a97cba3e,3,2,0,0,3,5
30d1045b-679e-62a3-d774-c7a8e8a75379,0,0,2,0,2,2
310cfe77-ef11-26a0-8dcb-ba542da67f0b,0,0,3,0,3,3
3111c248-5442-c3c8-23bf-b50e29a87a99,3,0,3,0,3,6
3123b909-2d0f-d469-8788-5c93a5d2a2cb,1,0,0,0,1,1
31727e5f-3562-378e-7006-24fe719b11b4,0,3,5,3,5,11
31828a9c-39a0-9854-9fe2-2f9b82d19913,6,0,0,0,6,6
3196383e-bfcf-3610-5772-11a99bde454c,6,0,5,5,6,16
31b6775d-32b1-d35d-3319-8c595c6c2c68,3,3,0,0,3,6
31bcd562-fa0b-4f23-09b7-9ac56e8c055c,1,0,1,1,1,3
31e918c7-206a-5a29-8696-294a9d93b739,1,0,0,0,1,1
31ea6bbc-1137-274f-aada-6f9d76f4581d,4,0,1,3,5,8
31ebce66-81a4-803a-8cb2-6ae5fd1c6711,0,1,0,0,1,1
31ec0d5c-46f7-5901-f106-41b30e491523,1,0,0,0,1,1
31ecec69-956c-a546-6cb9-386a5bebdf14,0,0,2,0,2,2
3208b772-b924-2d0b-10bf-86e211bcb257,0,2,0,0,2,2
3210b102-cb63-8517-7908-cab2e425cdc5,2,0,2,0,2,4
3237bdf3-4b87-8bcb-94d2-0dc68dc8051b,1,0,0,0,1,1
323ae3d4-55d4-618c-08be-f2e504cee814,2,0,2,0,2,4
32d791b4-9e85-5f29-ea32-7f3426e9323f,6,0,0,0,6,6
32dca57d-6c41-8ac3-690e-87e2627cce68,0,0,3,0,3,3
32e11a09-c2fd-1694-2706-bfe1f114d21b,0,0,1,2,2,3
32ebfb2a-dd50-c3f2-d766-50566882f6c0,0,0,3,0,3,3
32fe864e-ee8e-be52-da26-d0b299486582,0,0,3,3,3,6
331132a2-919b-e5eb-44f4-f58afbd3fc1b,0,0,4,0,4,4
332192ba-54ce-cbb7-b0c7-3e8f8328cf90,0,0,3,0,3,3
33225d53-e91d-862b-afb0-710b0c2d818b,1,0,1,1,1,3
332aab71-4001-f373-63dc-4bedbb6f2c66,3,0,3,0,3,6
3334eb7e-d25b-9b02-c237-c0104dcece03,0,3,5,3,5,11
3337a8a8-10fe-648c-b515-9cb5f787560b,2,0,2,2,2,6
33456c72-e10c-3c76-626f-5b923cca423b,0,2,0,0,2,2
3362d1fe-98af-6708-91f0-ac58116fd2bd,0,0,3,0,3,3
3397cc66-8529-2ae2-4da8-f87858b6cbfb,0,1,1,0,1,2
33cfcb2a-d479-4923-e46c-8d48c81d3709,3,0,3,0,3,6
33df8c59-e4ba-09cb-1882-57107241391f,0,0,2,0,2,2
34118c1c-282e-c723-5e19-520f14255dc5,0,0,2,0,2,2
34174094-515a-487a-d8d9-a3d1128c3164,3,0,3,0,3,6
341caebf-18d1-8533-34d8-a9142e1cbbfa,6,0,0,5,7,11
341db25d-1cfb-eb01-8303-070a169d0c56,0,0,3,0,3,3
341ecf77-3861-0235-61e0-7b1b8d316d0e,0,2,0,0,2,2
3437b8c8-24ee-9798-2cda-3425fd4c787d,1,0,0,0,1,1
348caf34-d339-f1dd-4193-4b35e2572425,0,0,3,0,3,3
34944473-c432-62c0-b941-7c153fb11372,0,3,4,5,6,12
34ab978e-f329-3b39-cbad-f731841329bf,0,0,3,0,3,3
34f761fb-4f59-2a0a-b720-615a134046db,0,0,3,0,3,3
34f80dd9-ec7c-b938-d667-5d9dd0895deb,3,0,3,0,3,6
350718b4-a35f-daad-f613-0b10ce780688,0,0,3,0,3,3
3508dea6-def1-ff06-e2fd-ade00713e682,0,0,1,0,1,1
352a8b56-d224-873e-777e-42a2119f3488,0,0,3,0,3,3
3544706c-ce2f-9ce2-0e16-d3681c46bccf,2,0,2,2,2,6
354bc5da-2c78-2e4a-ba21-4cf28c2d301e,1,0,1,1,1,3
3574b44a-5ca8-a8b6-83cd-f6fc1aef2b57,3,0,3,0,3,6
35770d0d-05df-00c4-a6f5-56432fa75475,2,0,2,0,2,4
359d9492-6878-f959-b614-52033def9a33,3,0,3,3,3,9
35a6eacd-cfa3-1ae3-ca3e-2227479c66d7,0,0,3,0,3,3
35b6e1e3-9871-4765-96ac-476b38c4fcc0,2,0,2,0,2,4
35b6e218-8150-0e8b-3866-fb69ebfd2ac7,0,2,0,2,3,4
35e72cdc-270f-8fb2-2b6c-9e8160763c8b,3,0,3,0,3,6
36434357-d23c-4141-4177-f39e3dce178c,0,0,2,0,2,2
364ce185-babc-ec80-8ac2-e80241efe791,0,0,3,0,3,3
3663e3cd-1e48-bacf-e407-516684bb2997,3,0,3,0,3,6
3699fde2-d69e-3bfa-8a1d-4f039acb675a,2,0,2,0,2,4
369ac4a6-84b7-f66c-d74e-cf94950034ec,1,1,0,0,1,2
369fb403-3ab5-d0c1-1da0-bfe478813b6b,0,2,0,0,2,2
36ae3871-3dee-1d67-c259-461ec5938648,0,0,3,0,3,3
36c3079e-e437-cdee-bef5-b489e53077ab,1,0,1,0,1,2
36c9a60c-a5ad-47a2-2054-76046f145f3e,0,0,1,0,1,1
36dcfee5-f159-3017-87fb-5b4086f4d322,1,0,0,0,1,1
3709fa79-4e01-c3e6-9455-ca4c5ac4d3db,0,0,3,0,3,3
3746db65-4fd8-b192-de96-245d88434179,0,0,1,0,1,1
379837da-a19a-17c1-829c-cf765c557ac3,1,0,0,0,1,1
37cd1027-421b-341a-dbfe-4420dedc02f6,0,0,3,0,3,3
381a315d-7d19-6409-3334-32f5da8abd86,0,0,4,0,4,4
381aa96c-0f58-8d17-d840-8b3bc749966d,2,0,2,0,2,4
385a898e-3a5a-aeda-6d41-3285ba39a3f1,0,0,2,0,2,2
385f01f2-9bc9-1143-d09a-fe8ed1c5f4a1,0,2,0,0,2,2
388047de-1440-f767-f258-d28c4a0a0187,0,0,1,0,1,1
38815770-7751-9dc6-ece1-c6990836b814,2,0,2,0,2,4
3884d65c-9454-70cc-7612-61f465a44029,0,0,2,2,2,4
38910001-0bd9-fef3-7d19-ef03a768543f,1,0,0,0,1,1
38bcfa7f-703c-090c-73ba-0b0ec42307bf,2,0,1,2,2,5
38c0a673-1d7e-5158-444d-f521e573423b,3,0,3,0,3,6
38e5ec19-d2e2-d5d3-c3d5-5dcd8a181c63,2,0,2,0,2,4
39458fd0-62ab-15f6-0765-c6e4f43315cc,0,0,3,0,3,3
39927b71-25ef-9de7-f74f-2b882391486c,0,0,1,0,1,1
39934718-163c-40ce-676b-354600998ae4,2,0,2,0,2,4
39c1c876-772c-227c-4120-8a2e4653dd6d,0,0,3,0,3,3
39cbb41b-2869-3f6a-16cd-11a72656eeb0,0,0,2,0,2,2
39d35831-abb2-c858-3cb8-fd9ebde218dd,0,0,3,3,3,6
39ee37a5-a8ca-1036-51f6-90762eb55f30,2,0,2,0,2,4
3a0475f1-7707-1baa-d8dd-850f4dd10267,0,0,1,0,1,1
3a0e2d9d-0eaa-1bb8-4391-daa72141db2e,0,0,1,0,1,1
3a4c17d9-6c96-fe62-8716-b6a33948fafd,0,0,0,2,2,2
3a78d52d-e0ee-26f7-cf34-4675436e7674,2,0,2,0,2,4
3a7a0c71-4fba-85ae-07cd-a19cdab9f5dc,2,0,0,0,2,2
3a9b322a-8408-5a06-2a22-180b981fd568,0,0,2,0,2,2
3ad081c0-3cad-4406-47f7-b521206be120,0,1,0,0,1,1
3ad12811-717a-4aa4-1bbe-4e50752ed3ee,1,0,1,0,1,2
3ad3d115-7130-1687-3415-aa07a08d66aa,0,0,3,0,3,3
3b0021bf-c438-70b3-a839-808be87e6719,0,0,3,0,3,3
3b080b17-354e-b11c-f7be-4ff82dda8e69,3,0,3,0,3,6
3b1fa7a8-9495-bcee-6549-7ecd5f17ea19,2,0,2,2,2,6
3b6e6cbe-304c-9d66-a252-d2660a771117,0,0,3,0,3,3
3b8be865-406d-be41-a74c-c228ba2ec37b,0,0,3,0,3,3
3bcb0910-3e6a-8364-8d96-758a923f87de,1,0,0,0,1,1
3be47712-0f3e-e791-a7c7-b3d5acbb3cbd,0,5,0,0,5,5
3c1238dd-4bf7-b71c-6e30-3017f222d178,2,0,2,0,2,4
3c12bc8a-8e56-02bc-cafe-0cfa227ff3d2,0,0,0,1,1,1
3c294738-1135-db15-7d6e-0e30191ddb0c,0,0,1,0,1,1
3c4801a9-c509-5519-7dd3-42f6834059fb,0,0,1,0,1,1
3c528791-0cf8-4298-657e-e7c5bbdd9972,0,2,2,2,2,6
3c5c83da-5cd9-3a1b-6d15-7dc4c8ccfe0d,2,0,2,0,2,4
3c6fa83c-9d46-8489-bca1-42ed0620e703,1,0,1,0,1,2
3cb6b07d-cc9c-76db-09f0-19d507383e39,2,0,0,0,2,2
3ccd1df4-292a-d4f1-fc98-820e5f8ac11b,1,0,0,0,1,1
3cdd579b-1822-36f7-6cec-d3fe0a39b378,0,0,0,1,1,1
3ce3b875-08d1-de6b-6b20-62479bcc566a,3,0,3,3,3,9
3cec2d36-e813-b8aa-36b1-440721d7ebed,3,0,3,0,3,6
3ceec4b4-d2bf-55d7-2af6-38329d8051bf,4,0,0,0,4,4
3d097b7b-f515-bac8-ff30-a1f80a0b45ad,1,0,0,0,1,1
3d0e2881-31a4-4736-0c8e-4f49a14486e4,0,0,3,0,3,3
3d2c1537-b6b3-3591-61de-de55b656fa0b,1,0,0,0,1,1
3d354412-7b24-9d73-9fe1-e42ffe0ae183,1,0,0,0,1,1
3d433550-fae9-cbf1-4ed7-bd89562c8a4c,0,0,3,0,3,3
3d5f74a2-7a64-3c0f-605a-9882e5479348,3,0,0,0,3,3
3d7649f8-74c8-2023-f5dd-d338d4fa51e3,0,2,0,0,2,2
3d93529b-2f5e-c20d-9340-9a53fbdb76d7,0,0,1,0,1,1
3da1a289-365d-bec4-6d73-91ef1b603958,1,0,0,0,1,1
3db7f1b5-1f0b-4a49-b643-5a6dd91d361a,2,0,2,0,2,4
3dd9dcac-7658-fd6b-2143-c4183ff530df,3,0,2,2,5,7
3df2f724-1ee4-856f-7f49-e98f13cc9bbc,1,0,1,0,2,2
3e1c9602-2e38-100e-3b25-52ec8714ec94,1,0,1,0,1,2
3e22d8d3-a349-0317-3d64-c9c344cbc1d6,1,0,0,0,1,1
3e3ee3cf-5009-0ec7-9cb1-dba598640322,2,0,2,0,2,4
3e616485-598b-024a-2523-f4a2bafa3f02,5,0,5,0,7,10
3e6b068b-dac2-e8c5-2403-f61190df78c4,1,0,0,0,1,1
3e901991-5b43-10da-2d07-4976ae3b7b29,0,0,2,0,2,2
3ef21cef-92e0-baf6-d6b9-f16607a0a30b,0,0,1,0,1,1
3f0ad501-2d2b-44ae-0969-c0b3cb18cc24,0,2,0,0,2,2
3f10c587-e5d6-1950-c3df-e81694b96383,2,0,2,0,2,4
3f2d87ac-72f6-3b61-ed61-9f01e8f441a6,2,1,0,0,2,3
3f33b726-416a-d82b-14ca-cabc201f965b,0,0,0,1,1,1
3f3c8a29-ab77-e939-8afb-a2595e2bdba2,0,0,2,2,2,4
3f4fa368-3a41-a1c7-dcf6-f7e40bbd3132,1,1,1,0,1,3
3f76787f-5a8b-a49f-924c-b3fff90fb578,0,0,1,0,1,1
3f7beb4f-6912-1536-5ddb-2c57ab1be77e,3,0,3,0,3,6
3f8801f4-d2ec-c3eb-9cef-2b7a8d4a89c5,0,0,1,0,1,1
3fbad2ac-3703-272f-86d8-e383e6c1d4b6,0,0,3,0,3,3
3fd6a7f8-c784-41e4-1ac7-cff12299b836,3,0,3,0,3,6
3fe23744-7b5e-6109-0462-0bcef0eb3edc,0,0,3,0,3,3
3fe9771f-fd3f-da65-9a59-5bfe72513868,0,0,0,2,2,2
3ff85f67-b578-edb5-0af3-fa6b13661065,0,0,3,0,3,3
401a8865-3b9e-8f9e-a430-aedc7bbad68a,3,5,0,0,5,8
402ad128-ce6f-105a-3c5f-632ff898277e,1,0,0,0,1,1
40304f29-ab0c-50a2-1f2d-6daa3883d2c4,3,0,3,3,3,9
40918dba-0af8-5010-dbb8-eb515795e8da,0,0,2,0,2,2
40c14830-a311-b98c-95b6-5a62490fd8de,0,0,2,0,2,2
40c8d59a-089a-7dfb-ac38-d83411016323,0,0,1,0,1,1
40dc925a-91dd-c8d8-256f-63c26e3f2d91,2,2,0,0,2,4
40e6267f-ff3f-5b4d-a62e-4fd95c97117e,1,0,1,1,1,3
4108fe5d-ffe2-d7c6-c8dc-e8e435d9c601,1,0,0,0,1,1
410c15c3-f71f-ed86-819d-732f5855e162,3,5,0,0,5,8
411e15f7-554f-aa7c-0dd4-585cf4b319fc,2,0,0,0,2,2
412f24ab-5928-1b6f-4eaf-e33396580117,2,0,2,2,2,6
413e02bd-776e-5bc9-7a34-0550202c0ed3,0,0,3,0,3,3
41441db1-0709-0049-efbe-a84c46e9732c,0,0,3,0,3,3
415b7ccf-c010-85a7-1c6b-8556fd44ba92,1,1,1,0,1,3
41691a21-8fd9-f351-43b0-d90820c11a40,1,0,0,0,1,1
4174cc6d-ce67-33d0-52c0-aace52abf0aa,1,0,1,0,1,2
41751bf2-3027-91d0-597f-29b54d2e0ff0,1,0,0,0,1,1
4175296f-5ef5-4aaa-034f-4857223f4e03,0,0,2,0,2,2
41ab9506-de3d-82de-3327-4e0e2d7abdda,1,0,0,0,1,1
41b1cc61-f468-a80d-2603-c13e2c0e6098,1,0,0,0,1,1
41b4a042-2329-ddd1-9b47-c1c2127c849c,2,0,0,0,2,2
41ba0986-bf44-832f-2af1-e1028b1ef291,1,0,3,3,4,7
41d584d3-1401-77f9-a22e-af19770035bc,3,0,2,0,3,5
41db8501-2a3e-f19b-96cb-674c025035fb,3,0,3,3,3,9
42268f09-e4bf-2c7d-77a8-7f7e1b8c9b07,1,0,0,0,1,1
424c7a20-e78b-3fcc-6f3c-5755bccde13c,0,0,2,2,2,4
4253ab97-e004-e1f4-6ad8-76c3c87e40bb,0,4,0,0,4,4
4262f4df-2766-4c56-036d-d442ba497c51,0,0,2,2,2,4
42829cec-6165-3367-184d-99963d91579d,0,0,3,3,3,6
42912564-287d-0894-3e3f-f1b508f4f501,0,1,0,1,1,2
42a58ad2-0122-4999-2cde-c94bf7ca2e45,3,0,3,3,3,9
42b5fb76-961a-26ac-fcd3-53739803e826,0,1,0,0,1,1
430d6df5-27da-b2b4-d82a-0ae5e1e7f8a1,0,0,3,0,3,3
431006f7-9287-2c15-4b63-38e7a6f3fa16,3,0,3,0,3,6
43144f21-3f78-da48-2bee-cd832d3557fd,2,0,2,0,2,4
432480e0-80d3-efb9-d27e-5bd2d1d14db8,3,0,3,0,3,6
433e5db7-cae4-1ade-2e0d-0e2f7eaf24c2,0,0,1,0,1,1
435bd509-2505-54e7-6858-0231aa65ae99,0,0,0,4,4,4
43780354-b4da-c2d5-1caf-d8783b8be690,1,0,0,0,1,1
438913dd-e4b7-0980-b7f7-b92b3efd3b9e,1,2,0,1,2,4
43c54c84-2e65-e418-71f8-23fe2b126781,0,0,3,0,3,3
43c8779a-22af-08bc-ede1-71664456f194,0,0,2,0,2,2
43eb7e12-e056-9812-b411-dca568fada38,0,0,3,0,3,3
43ed20f7-7278-9364-0461-0354c7c96547,0,0,3,3,3,6
43edbd41-2b83-cfde-8361-76bd91b577ed,1,0,1,0,1,2
44216268-87d4-1ef2-573b-48b3773bf97d,3,0,3,0,3,6
44275d3c-ace7-8839-cb59-a8e3c2c33d4c,0,0,2,0,2,2
44cd9f7f-133c-184d-64f9-9b53f5a52dad,0,0,3,0,3,3
44d18fa4-3b93-5d67-7360-19f11b997fd5,6,6,0,0,7,12
44d9aa65-602d-f562-5b5b-206218e63c83,0,1,1,0,1,2
44e5789e-1f1b-3496-62a9-9b313414937a,1,1,1,0,1,3
450e8ceb-692c-57c5-d444-bd9533e768c5,1,0,1,0,1,2
453005c8-635d-4b40-8f2c-8d26f8882c19,0,0,2,0,2,2
457622f5-7c18-2b35-5507-1902d994e4be,0,0,1,0,1,1
458016d1-0b43-5395-48f9-4e91ae02c144,0,0,3,0,3,3
45cdc1db-7bbd-a20d-2d49-031825e3398a,3,0,3,0,3,6
460c1852-1fe9-941b-7e3b-599d95c07fea,1,0,1,0,1,2
460f51e9-74b0-b337-3c53-4f76b516921d,5,0,5,0,6,10
4610e781-ddbc-1b7d-c3e4-87a3a520a0b3,0,0,1,0,1,1
46324b08-7e5b-ce4a-b163-f42306a73c60,0,3,0,4,5,7
4644d8ee-f49d-51aa-ed31-a7865553b35b,0,0,3,0,3,3
46646fec-b108-ab25-fbf4-0eeb1d7d6f25,1,0,1,0,1,2
4668692f-abb4-38e1-2999-4b1d189a5424,3,0,3,0,3,6
467788fe-58b3-92ad-4fdf-29e6bbc613a5,0,0,0,1,1,1
46828a9e-3059-53c7-a42f-0458de13bd49,0,0,3,0,3,3
46a6c1c5-1bc9-0efe-93bf-5140200e5eae,1,0,0,0,1,1
46b0062f-a153-bc3a-35b1-696ae119bd2c,0,1,0,1,1,2
46c1893c-8ece-73ec-2e38-aa867abd172e,2,0,2,2,2,6
46c89f48-34c6-7893-ce05-a34076660ca0,0,0,3,0,3,3
46d8b929-9e29-72e3-ef77-0427260eb15e,3,0,3,0,3,6
46e1e176-4519-2789-0e48-055788ccd08b,2,0,0,0,2,2
46f31401-d100-07b7-a25e-58a1600fd003,0,0,2,2,2,4
471753da-b9e3-fd2e-ecb6-5faf5de809c0,2,0,2,0,2,4
47209918-289f-84d0-13e0-5d200befa123,0,0,3,0,3,3
4733d724-87c1-6d53-d872-4d275d4ad04e,1,0,0,0,1,1
4737c082-1ea7-0982-e2a9-b942ed1a8e4c,1,0,0,0,1,1
47668930-b7c1-0efe-af55-3bd0fe83047b,0,0,2,4,4,6
478708fe-a8a2-7ff3-cbf8-849f92f81189,0,0,3,0,3,3
47a7f775-ae89-ec6b-82df-df7ebd5101ef,1,0,0,0,1,1
47ab2de3-c902-cbff-093a-0c11323807f6,2,0,2,0,2,4
47af5213-14e1-4725-c3a6-08667da32efa,6,0,0,0,6,6
47e5ca85-bae4-92d8-1f2c-1afdaad969bb,0,0,3,0,3,3
47f74ab7-9091-6f74-e42d-8f7394c1e706,0,0,3,3,3,6
48021c72-3c2d-2eb8-f6bc-6e2573920856,1,1,1,0,1,3
48126c3a-7c2d-5a13-db53-a47db11be54b,0,0,3,0,3,3
482af54f-750e-0374-a4aa-ca54cf9a3172,1,2,1,0,2,4
4839c5b4-b0d2-200a-872a-cf6ac7b3f768,0,0,1,0,1,1
48d591fb-06cd-ba45-9f00-38a5a6ee9b95,0,1,0,1,1,2
4903a187-ee37-8fd0-d86e-93ec5fad5136,0,0,2,0,2,2
4919b850-643d-3bb0-afdb-ab5c68a46e62,0,0,3,3,3,6
4929bba0-46dc-1d5d-df78-15db3ab8fd15,0,0,1,0,1,1
49546e64-86fc-6d21-879c-fca61a774e82,0,0,2,0,2,2
49564202-da93-0785-bd89-2eb02da191fb,0,0,3,3,3,6
496ae01e-3c2d-fdf8-141d-f93e7c7a90a3,0,0,1,0,1,1
4970dd7c-5720-b6b2-9cff-28357d3fcc74,0,0,2,0,2,2
497b133c-ef11-b897-39f6-6779a5edda1c,1,0,1,0,1,2
49a8d8cd-454a-0c66-d7e1-33fbc91de50d,2,0,2,0,2,4
49d34dd3-3d0f-8388-0527-2cc83eac8b2d,0,0,3,0,3,3
49d9b6f2-d9ad-357d-764d-5e9120e5750e,3,0,3,0,3,6
49ea9c51-5590-eca1-9c96-f903cfbb21a7,0,0,2,0,2,2
49f1619c-9c00-a061-7e0b-28a1155cfd63,0,0,2,0,2,2
4a144c0e-387d-8103-d065-16a105909e40,0,0,1,0,1,1
4a17b82b-100e-6aa1-93b7-88c46d000b88,0,0,1,0,1,1
4a3089e6-c11e-a79d-c5be-46b5ae054353,0,0,2,0,2,2
4a3639ff-557a-1e08-43fe-c3c81d490a1c,2,0,2,0,2,4
4a5448b2-abbb-b507-5a6a-7f95d53ad63a,1,0,0,0,1,1
4a792a59-2ac0-8d0f-92dd-2a6ea79bcb3e,3,0,3,0,3,6
4a854c02-7fdd-0b0d-877b-008b9083f684,0,0,1,0,1,1
4a97e294-f547-7cbf-671c-e81b64a1a8d0,0,0,1,0,1,1
4adacead-39b4-7f61-d5e5-8e4a4ef26633,0,1,0,0,1,1
4adefdd7-43fd-5d7e-ff25-bed92262c941,1,0,0,0,1,1
4af1164f-a276-e545-4402-d2463d964c47,0,5,0,0,5,5
4afdf90e-8331-17fe-789b-04cc05f62e8c,1,0,2,0,3,3
4b34d7b7-2afe-f9a6-1964-3c57c6c84cf8,0,0,2,2,2,4
4b572431-c20e-ca78-a881-532185fd8d78,2,1,0,0,2,3
4b6045c7-6bab-e705-8607-d2c8d5b79c99,2,0,0,5,7,7
4b8672b6-e269-ca44-8bbb-644818ab7c8a,2,0,2,0,2,4
4b8c4194-309f-a59d-5710-d3885230ac61,3,0,0,1,4,4
4b95d1cc-d64f-5234-5942-ab44c4097c16,0,0,2,0,2,2
4b9c83ae-69fe-6826-6c62-bae53913ea33,0,0,1,0,1,1
4ba00e7a-3878-d936-8746-f134fece02c3,3,0,3,0,3,6
4bafd986-41dd-fe81-7b6b-e6d0a3c8b939,1,0,0,0,1,1
4bafe504-631e-c1a3-abca-6e4680826f5a,0,0,3,0,3,3
4bbbb7cc-62a8-c50c-a662-b1b3cf35af86,3,0,3,0,3,6
4bbf1f9b-7e47-a635-787f-74776c9a106a,1,0,0,0,1,1
4bc8a978-e141-3a15-f1a3-1c749f69f934,0,0,3,0,3,3
4bc8d28f-0062-d915-1b02-f165d2182dad,2,3,0,0,3,5
4bee45a6-1fa3-8a3e-573a-9ea94752d58b,0,2,1,2,2,5
4bfc99f2-5662-5006-1e2a-9837b7dc630d,0,0,2,0,2,2
4c196a31-051b-b761-9ebb-5181c5be56fc,0,0,2,0,2,2
4c1ba6b6-e6ee-068a-b029-11943e6559ef,0,0,2,0,2,2
4c3f9d97-c297-c673-9b78-f5d2c2a15f02,0,0,3,0,3,3
4c48871c-5199-58e5-cdb3-e80639e84791,0,0,3,0,3,3
4cb91cbe-4ea9-bf84-edb8-42241426fd48,0,0,3,0,3,3
4cd8f7c5-7149-6cd6-500d-0ca38a2bffa3,1,1,1,0,1,3
4d023b2c-0944-38f4-8a9a-c40382aab588,0,0,2,0,2,2
4d172131-838b-96c0-f8d6-66214d083841,1,0,1,0,1,2
4d22680f-8e87-c865-eaf5-f5ea8c8e117f,2,0,2,2,2,6
4d2f8142-3d54-1c4d-e231-a94bbc73a296,0,0,2,0,2,2
4d340ed7-2a8b-1f6b-1519-86717a930c7c,1,0,0,0,1,1
4d512aac-2714-e99f-0c80-4ce96c0bff9a,0,0,0,4,4,4
4d5c2a8f-c9b8-34f7-732f-401edcb0e76c,0,4,0,3,4,7
4d63d04e-c423-a863-89f8-b4c575c2ebc5,1,0,0,0,1,1
4d868dc6-1d52-0115-d48f-9d4b7a8c6678,0,4,0,0,4,4
4d906bea-7fc1-9d29-c944-2a29a3b7468b,0,0,2,0,2,2
4d9c0134-652e-8380-8a6c-952801ad92e3,0,0,1,0,1,1
4dba46f6-284b-8be8-a920-6df27d420c26,1,0,0,0,1,1
4dbc5178-98f4-1106-4c29-8d6e9c79ee3d,0,0,6,0,6,6
4deacb0f-e35a-0a34-df44-7a5c5d3bf8e2,3,3,0,1,4,7
4def5f5c-5c42-1e46-1238-0e23360170df,1,0,0,0,1,1
4e1ac1e6-bdd8-a7d9-6b77-e6fee57c13a3,0,1,0,0,1,1
4e28a728-c41f-0c9a-8163-163b0b620a76,3,0,3,0,3,6
4e332acf-02fa-d04b-c674-296c9b582c8c,3,6,0,1,8,10
4e4bb8d2-48a6-d572-fa75-4f9d9e595d4f,2,0,0,2,2,4
4e82572b-d02b-6b68-fcc6-51f8943a7a86,1,0,0,0,1,1
4ea54ee0-b4c2-5cc3-a09e-01d395f5821a,0,0,1,0,1,1
4ea6658e-50b0-ab72-0dfc-477368008a63,0,0,2,0,2,2
4eeecb8a-bfd5-1e39-ca4a-e5efacc193e5,3,0,3,0,3,6
4f19cffb-e265-4431-b473-ef01c9bc51cc,0,0,1,0,1,1
4f1c55e3-c2fe-8cc4-5a44-9e53cb242cc8,0,0,1,0,1,1
4f4335a4-ec60-ac34-9ce2-38dea94226e1,3,0,3,0,3,6
4f690f72-2d24-e0d8-c3b2-91bb06e091b1,3,0,3,0,3,6
4f787f50-b98f-4be3-16e5-e4c825e3c9c4,0,0,3,3,3,6
4f828342-2b8a-1495-c119-a05fe2382234,3,4,4,0,5,11
4f8bb307-56ea-d774-6f1d-c7ee79bba39c,0,0,3,0,3,3
4f95a24c-0ff3-1942-cfc0-7081c43c6fcc,1,0,0,0,1,1
4fb64dad-ff1b-921a-34f8-158bfa992d09,0,2,0,0,2,2
4fbf6bc3-b15d-c64f-f24f-9da9449aca57,1,0,1,0,1,2
4fd53fa4-8827-9442-d452-fd3dbd9d8ca5,2,0,0,0,2,2
4fd70f47-15ba-b585-c67d-5d4b449fd92e,1,0,1,0,1,2
501731e3-f757-a87b-30fe-20f7aa3c2913,0,0,2,0,2,2
50405592-421e-246e-fdfe-a8d0fb0d6898,2,0,2,0,2,4
50532267-208a-e517-5cd4-d3142736e064,1,0,0,0,1,1
505c3b5e-c6b1-2a6f-617c-a7263c7073f6,0,0,3,0,3,3
50fd67cb-bdaf-21e6-de17-c8ef9bca3ef9,0,0,3,0,3,3
510923eb-57da-e60e-e195-4d34ffb3d724,1,0,0,0,1,1
513378aa-0213-a44a-0a06-ba6dce3e2407,1,0,0,0,1,1
5135d74e-0a38-24d2-294f-610f2fe31843,1,0,1,1,3,3
515a3a99-d475-3005-50ea-ab2bde916a8d,0,0,2,0,2,2
516a5073-5f61-bb85-21f2-773938d1b753,0,0,3,0,3,3
5176bf51-dcdb-de5c-aba4-f76108ae79b5,2,0,2,0,2,4
517fe025-a7f8-56f8-d71d-baf0e8c060c4,0,0,1,0,1,1
5181e42d-d033-1f71-9cd4-129c06bf1ba7,2,0,2,0,2,4
518250ab-0559-cacf-f890-b2779db4b158,1,0,0,0,1,1
51a60f96-2c3f-c430-fb16-fcf4d90b280f,0,0,3,0,3,3
51bd44c7-8a00-4f3f-84f4-63a6a931c0eb,0,0,2,2,2,4
51e335e8-f19a-02c6-efad-c7355cb9bf32,0,0,3,0,3,3
51f33b20-dcc0-b672-2e42-9fdf1a038d91,0,0,3,0,3,3
5201a33a-147b-a0de-1bfd-c246d7a6d71e,1,0,0,0,1,1
522ee334-90e1-783c-87b8-25ae79fa58b7,0,0,3,0,3,3
524d91bc-4be2-9e5b-61a7-a0980f6d7376,0,0,2,0,2,2
52a2501b-4f02-3243-ff30-a2027ef6802d,0,0,4,0,4,4
52b401df-e911-805e-a4dd-396c24ceed5d,2,0,0,0,2,2
52b4d21f-e639-9f4e-9161-51e572d61673,0,0,1,0,1,1
52b681e9-dc91-ea27-d4ee-0469092f22ab,0,4,4,3,5,11
52d90b1b-c043-8cf2-c4a7-f3ddd2964380,0,0,2,0,2,2
52f8b5d6-6b57-6b8d-9196-e9094a85ed6a,0,0,3,0,3,3
531f89eb-10b4-3bec-da85-0ae7379bc896,0,0,1,0,1,1
533a5bc4-5a84-e2e3-b9c6-4fc567e9da1a,3,0,3,0,3,6
535ddc1e-8d3b-73c3-5cc5-a8f1d6e87779,0,0,2,0,2,2
537f1ff3-a37d-58f0-0710-8bcab9a62440,2,0,0,2,2,4
539c16d6-4293-ec38-8d52-35b4311cf882,1,0,0,0,1,1
53b70fd0-aa7f-2a8f-39f1-d0a3c80a4100,1,0,1,0,1,2
53ba95a5-d0aa-d8ce-69c1-0d7625b04f1f,0,0,1,0,1,1
53f7cb55-9307-7ef1-1c89-274fc8f5821a,0,0,2,0,2,2
5407ba90-1b08-b0c7-c780-e8f1cacec217,3,0,3,3,3,9
540e2eec-981c-8e9b-0acc-5bed8bbbddf4,3,0,3,0,3,6
5412c2d8-64ee-6c28-7ed4-9a1e899c37b2,0,0,2,0,2,2
542e6ee4-d572-87b7-da1b-9b841f6dfcaa,0,0,1,0,1,1
5476561b-fc8e-8761-7fa9-a6810fca3d7a,1,0,1,0,1,2
548eef5a-396d-d275-ac26-6d7782a130a7,0,0,3,0,3,3
5491338b-f0bc-777f-aa77-c05a6faea18b,0,2,0,0,2,2
5492d9c0-8ba5-a915-d0e8-211781571960,0,4,0,0,4,4
5496a904-a284-a0d7-6d42-b150ba637e90,3,0,2,0,3,5
54a9cad0-5bb7-fa75-b9eb-7f6093862663,0,0,3,0,3,3
54ba41f2-d14d-5848-f062-608791c870c7,3,0,3,0,3,6
54c33357-6ce0-514c-8930-8c237be17901,0,0,2,0,2,2
54d105ed-e054-7bac-83db-fcfface0f935,0,0,1,0,1,1
54d77c25-39bc-62d1-e4a7-d4470fb93113,0,0,1,0,1,1
54e77557-5969-980f-ff13-98c907a80068,2,0,0,0,2,2
5500f891-1e85-58d4-5f3d-6037d430da5d,0,0,2,0,2,2
5520b3bf-8c13-181a-08bf-6d6801d46cfd,0,0,0,1,1,1
5522a0c1-ed0e-7800-e050-abb56af30006,1,0,0,0,1,1
55686284-788a-1ff9-bb89-e9319b1a5ea9,0,0,3,0,3,3
558d91f2-3ab3-0a61-a1cc-920552cd59c4,0,0,3,0,3,3
55a190f2-fede-0c9a-6746-499c9e38d4bf,0,0,2,0,2,2
55a4e028-38ab-d529-5239-7fc11245fc39,1,0,1,0,1,2
55b2a2e3-338b-9c3d-7292-158287530041,1,0,0,0,1,1
55bab12e-4d7c-a58a-f8b5-f7171881c4e7,0,0,2,0,2,2
55c2adbb-12e1-aa44-6859-802499dffd8a,1,0,0,0,1,1
55d05268-e09a-31f6-985f-005187d70523,0,0,3,0,3,3
55d8359e-fede-69d5-81de-8ede0bac8106,0,0,3,0,3,3
55e464c8-1f58-7548-9168-029cb240db94,3,0,0,0,3,3
55f3f063-3e8f-849f-511b-dfd1b012c32c,0,0,1,1,1,2
560cf012-6235-80e2-02a3-9f6af922a142,2,0,2,0,2,4
56298efd-6d8e-c958-6005-238c28c92c39,0,0,1,0,1,1
563e87e0-d331-f2e8-4a64-d175d0c0bcda,0,2,0,0,2,2
5649977c-9016-b14e-31f1-de185bded0eb,1,0,0,0,1,1
564c53b9-4c02-aadc-afa0-8dfef259ec2e,0,0,3,0,3,3
565bf52e-f8fe-5a6e-c579-cd51302c5eeb,0,0,1,0,1,1
5668ddbc-3055-55db-c628-125f00c91859,4,0,0,0,4,4
567b313d-39d5-3514-d8d3-ff16fb1f01ae,2,0,0,2,2,4
569b37f4-1138-2be7-362d-c1374bfd08a4,3,0,3,0,3,6
56a9b0e1-840e-f133-a0f3-25a41cbb9fb3,0,0,2,0,2,2
56e4e803-899b-4f7f-ebfc-06d0a711c103,3,0,3,0,3,6
571cfb42-b2b7-52ee-721d-73f8148f574f,3,0,3,0,3,6
5731b4ce-391e-4fcd-809f-0ed82b28542e,0,0,1,0,1,1
573bd223-7ce5-7239-ee14-635521e5dfd7,0,3,0,1,4,4
57490bc8-1891-95fc-0d13-dfed4fc6b458,0,0,3,0,3,3
574b0f35-cd52-cfc1-4be3-5b893e173395,0,0,2,0,2,2
579dd0f8-8f9b-04b5-1534-366ef9b65106,1,0,0,0,1,1
57e70429-8911-e4f2-4603-8835a3600397,0,0,1,0,1,1
57f356b5-90c8-a3cc-fec4-35f3f382e1ce,3,0,3,0,3,6
57f65c7d-cd43-4453-63c4-58faa0eaed3d,0,0,2,0,2,2
58172dca-8762-4780-eea1-7b6762f5ee11,0,0,3,0,3,3
581789d9-62c4-14f4-3460-bd6d5242378b,2,0,2,2,2,6
583556e5-b427-0762-e49d-9c1326e354e4,0,0,0,1,1,1
583ab107-5bde-caf0-b87e-3ae6ed005f82,0,0,3,4,4,7
5849018c-be59-dee3-14b6-4dc65c64faf7,1,0,1,0,1,2
585cc122-4d69-3901-dc08-29702335f7a4,2,0,0,0,2,2
586fd939-6f85-3383-599f-56d25b095baf,0,5,0,0,5,5
58985d87-3534-72fa-5625-31e39da51203,0,0,2,0,2,2
58be6719-6610-5cc5-a3ff-01eac80f59c2,3,0,3,0,3,6
58c7d225-ff6e-4239-cb96-dea256c255cf,1,0,0,0,1,1
58ce91c8-95e6-2ef7-97e6-20eb897d4d2c,1,1,2,0,3,4
58da3abb-1540-40f9-6b9a-01130165d284,0,0,1,0,1,1
58e5d836-fb77-4272-fa90-9f74b29cd36f,5,0,5,3,7,13
58f42a53-873e-2714-6bc6-39047451f733,0,1,0,0,1,1
59031439-85d2-3dfc-e3f1-f32a764eb117,1,0,1,0,1,2
591260d1-805e-4943-531a-c16247790609,2,0,0,2,2,4
5936daad-f753-cc1b-7227-afee59a14d27,1,0,1,0,1,2
59376176-5cb9-9215-55c0-e790d99ef766,0,2,0,0,2,2
595b587f-bfe9-93c1-9176-4b78d6de672a,2,0,2,0,2,4
5963eb9c-3ad9-aa2d-14ef-ad58cd0fd393,0,0,3,0,3,3
5965b78c-bc41-ba54-7469-c9388132cd68,0,0,1,0,1,1
59680286-296a-4858-90ed-3f1244658fd5,0,0,2,0,2,2
5994f8bd-324a-f652-7ec8-f1d79138d7c5,0,0,5,0,5,5
59c4d074-f791-4700-eae7-2fb4917ab8dd,1,0,0,0,1,1
59c862b5-9270-e518-0dfa-398a11e63fa8,3,0,3,0,3,6
59ce2a05-c0a5-b3fa-cd99-e3bf432dc80d,0,0,3,0,3,3
59d10ff7-4214-6a28-a513-579f5263de5d,0,1,0,0,1,1
59f1cb10-3354-2427-63b9-77cb8758393a,2,0,2,0,2,4
59f58bc1-67aa-7ba1-af93-030db012a0b7,3,6,0,0,7,9
5a139fd4-9c20-3b2d-5e2c-f4f152987232,2,0,2,0,2,4
5a172151-a593-a30d-36e5-15a25a390a1f,1,0,0,0,1,1
5a1a2f83-ce43-7660-5c88-1cd840e0588b,0,2,2,0,2,4
5a2989ce-1568-807d-187b-d616d6ddcc8c,0,0,2,0,2,2
5a3397bd-b8aa-2d4b-e53c-74f1724cb9f1,3,0,0,0,3,3
5a4bad4e-0b43-b756-bd47-287707c4ce6d,1,0,1,0,1,2
5a4e4809-1760-7939-9b31-2b9ce9225a16,0,0,1,0,1,1
5a710587-72de-2706-07b4-8ecf431e3e48,2,0,2,0,2,4
5a794b55-cdd5-67b6-daf7-a80037436285,3,4,4,0,9,11
5a7eabae-96fd-55bf-5412-8da97f7eb462,3,0,3,0,3,6
5aa54a16-c916-d660-eab4-c31ffceae9c3,2,0,2,0,2,4
5adea882-8fd4-2858-b7e6-c7893c7e7286,1,0,1,0,1,2
5aea8d39-3252-702c-42c5-66e4287089dc,3,0,3,0,3,6
5b0439cb-4392-a744-c998-b912ea090128,0,0,2,0,2,2
5b09d836-b5eb-37f7-746e-40b7c81deefc,1,2,0,0,3,3
5b0aaf8b-48e7-9363-3b91-3080c6b9d134,2,0,2,0,2,4
5b162b6a-ba5e-13e8-b94f-d751a806725e,1,0,0,1,1,2
5b26ada2-a2cb-7b53-e573-ea19d104137d,1,0,0,0,1,1
5b27150a-cf3a-be3e-6492-9455b28bbee0,3,0,3,0,3,6
5b442851-b6f1-95c9-9e82-ba0edf558b0f,1,0,1,0,1,2
5b457d98-5ba6-7244-f141-8e8fd99e1909,1,0,1,0,1,2
5b51fa7d-f5fd-ae7d-89f7-b0bced7a79a2,2,0,2,0,2,4
5b5bea27-a8f2-0c39-0d49-46212bd691d6,3,0,5,0,5,8
5b6ddc44-e386-de2c-5792-acf040eda5a8,3,0,3,3,3,9
5b93288d-be31-f656-5bd8-a642bbdd886d,0,0,3,3,3,6
5ba9449f-f53a-55eb-5fdd-351a8f1b62c3,1,0,0,0,1,1
5bd5b83c-661e-6238-8f64-00144a42c606,1,2,0,1,2,4
5bf93455-7881-b7f3-17fb-5968b5127866,3,0,3,3,3,9
5c126895-0945-33c9-e0d5-d05e39a758d6,3,0,3,3,3,9
5c184cf0-3adf-5e33-ff62-3ac7b71df85c,1,0,1,0,1,2
5c1b2b22-c4cd-d6f4-a87c-61c3afc898e7,0,0,2,0,2,2
5c2b06f9-cbd0-bc2f-cab0-966188c487f4,5,0,6,1,9,12
5c3231f6-3477-72e6-14b0-6713daadf0ef,0,0,2,0,2,2
5c514b2f-c804-aab1-9594-3dac80baaa6f,3,5,0,0,5,8
5c6c52d9-5e1d-b11a-f551-f096789f2f25,3,0,3,3,3,9
5c7495c2-193d-102b-9c24-31e12794f46f,6,0,0,0,6,6
5c81863f-0a75-79be-74e3-180302ec8105,3,0,3,0,3,6
5cb07141-d159-3e17-4558-b36389faaf9d,2,0,2,0,2,4
5cda32e4-43ac-2069-5c94-02ba91ea4888,0,0,3,3,3,6
5cdb43b3-cfc1-15a0-8c4b-b34156059263,0,0,1,0,1,1
5ceafed9-9b29-0e95-d82e-ae6fb08b1296,0,0,3,0,3,3
5ced5905-bfc3-b7be-9db9-2aff423bc1c3,2,0,2,0,2,4
5cfd9207-91d8-9426-6aca-a8b2b7c69735,3,0,3,0,3,6
5d04e5f3-7ec6-b586-bcb1-0a8e3ff27bbe,0,5,0,0,5,5
5d0c6849-3ccc-47aa-b991-8c8e45147984,0,0,3,0,3,3
5d1d384f-c2f0-28cf-7ca7-d5998bade2fd,0,0,3,0,3,3
5d28767a-6a6f-97a5-8896-4bad5fa72cae,2,0,2,0,2,4
5d301991-811b-2e10-36b5-3623b697586f,2,1,0,2,2,5
5d373c63-def0-44e8-b970-d1f307dc1f81,1,0,1,0,1,2
5d486cfd-67ac-e670-5d51-791250e208ac,2,0,2,0,2,4
5d65aa9e-4371-6ae1-b832-0fecb0c527b8,0,0,1,0,1,1
5db7e63a-0b73-00f6-6fda-77b1adfb1cf4,0,0,2,0,2,2
5dbd2e32-aa30-194f-2d86-d4f9dabdfd64,3,0,3,0,3,6
5dbfe2fc-11d3-49ae-0493-56681b004493,0,0,3,0,3,3
5dc72f6a-83f5-57c9-0479-10847de85038,1,0,1,1,1,3
5dfd6324-b8e8-319f-0f4b-2cdedf2a1785,1,0,0,0,1,1
5e00b4f5-6fa6-3011-5f23-f88fe5eb6b90,0,0,1,0,1,1
5e16ddf3-c241-7558-ccff-dff37023b281,0,1,0,0,1,1
5e20780f-3cd9-239d-fd2f-2ff023635f9d,0,0,1,0,1,1
5e3c5c3b-9ec3-f914-b581-b02ab6094ca3,0,0,1,0,1,1
5e50b557-ccfb-a8d0-11a4-adf38066b982,1,0,1,0,1,2
5e794fb0-d895-f7ed-62d3-9e6e142dc4fd,0,0,2,0,2,2
5ea702b5-b40d-4cc9-28d6-1c27a17b23d5,1,0,0,0,1,1
5eaf3a26-ec8c-27f6-7150-06dc1d61ffe5,1,0,0,0,1,1
5eb0dbf9-1d34-d86d-720c-66802b4697f2,1,0,0,0,1,1
5eb7034a-f3f9-90b8-8f83-0d33cabfc35b,0,0,3,0,3,3
5ebcfbbe-7460-9c9d-1692-266007283189,3,0,3,0,3,6
5ecf914e-016d-5d4a-2e02-528902dbc27e,3,0,3,0,3,6
5ed43f90-c2d9-a851-1ad2-679ebb1829c1,6,0,5,5,6,16
5eee71c8-ea68-9b09-0982-47bd616996ec,0,0,2,0,2,2
5f06c971-30ce-94d2-7d8a-063de0e97609,0,0,3,3,3,6
5f2aaab0-253c-3f5d-5e77-b8c2deefdd1c,3,0,3,0,3,6
5f470598-beeb-93ab-afb3-6eb1381a6b0f,0,0,2,0,2,2
5f628908-6671-0dc6-bbb0-ff4b6c9c8eae,1,0,0,0,1,1
5f7c350e-913b-807e-f098-a87a88d70533,1,0,1,0,1,2
5faef5e2-5801-2329-6e19-67ae9f933570,0,0,1,0,1,1
5fb4b9e9-867e-d687-a1e0-b67343783564,2,0,2,0,2,4
5fc0492d-58b2-1516-32e5-3604bfbb1b7d,0,0,3,0,3,3
5fd124bd-e199-d10a-681d-548e4b8e6368,2,0,2,0,2,4
5fd989b5-64e6-70e1-79e7-2eb3735724bc,0,0,3,0,3,3
5ff5dcac-671f-7511-0292-17801b294333,0,0,1,0,1,1
5ffb28ba-9c96-a7e0-86ac-9d7a597b224a,1,0,1,0,1,2
5ffc73ca-0aa5-d76d-3c3b-c69a4c11e929,3,0,3,0,3,6
6010d0db-7e2e-2a2a-5a0a-8dd229bfbf49,1,0,0,0,1,1
60187577-4a4d-aa69-8c58-0becf2b81cdd,1,0,0,0,1,1
6018fa7d-5c0a-c016-6956-93bc0df12ef4,3,0,3,0,3,6
6029d956-4a2d-b613-baea-e36a27dccd94,3,0,3,0,3,6
604856ef-56aa-d272-3998-c8312d07f96d,3,0,3,3,3,9
6074bb33-f78a-aaa9-048e-15050d49d124,0,0,0,3,3,3
607d4023-9f45-6308-ea8b-1468e8559e8d,0,0,2,0,2,2
607e223a-4b7b-d5cf-10cd-ac3ce9da6a68,2,0,2,0,2,4
60876263-058d-fed0-ad0a-e59a6471f64a,2,0,2,0,2,4
608b43ac-229f-c33a-ab04-012658ea7328,2,0,2,0,2,4
6097cbe8-15fc-bcb4-2ca6-3e07088f4e7b,3,5,0,0,5,8
6099ffba-f800-be39-ce3d-a290210a574c,0,2,2,0,2,4
60b1d7c4-0314-332d-be74-77b027714b0d,1,1,0,0,1,2
60c24c0d-5a47-d7db-3e6d-c3f3b4b42184,0,0,3,0,3,3
60e2aeee-8d4e-2a32-2a57-25924789e2cf,3,0,3,3,3,9
6115a147-31a7-a266-a8d2-052b5653c5d9,1,0,1,0,1,2
613d66dc-4f65-ead5-4985-32063aa3998a,0,0,3,0,3,3
6172c912-db55-898f-a40e-76993867c59e,0,5,0,0,5,5
61801738-31ed-0b01-0665-50c8cccf0cd2,3,5,0,0,5,8
61a7c5b0-28d0-c96d-8deb-052f8bf50295,0,0,2,2,2,4
61ac04d5-0ab9-ee89-9bed-80292294868b,3,0,3,0,3,6
61ee330b-e5a4-8552-7b18-346dcaad903c,1,0,0,0,1,1
62010fc2-d62a-a63b-3de3-d8fcd287843b,0,0,2,0,2,2
620ea054-d527-3400-da30-6dece5bf1efc,0,0,3,0,3,3
6225fc03-cc5e-98d8-8389-1a0873aaa87e,1,0,1,0,2,2
622a966d-9fd5-ce29-3787-a62547f9127d,0,1,0,0,1,1
622ac9cc-a4da-ed0c-103a-4bc64211b63a,3,0,3,0,3,6
622f636a-b979-5981-9a4d-d3a231f8f021,0,0,1,1,1,2
6239f848-3364-b8a3-5653-4fc7be8cb1ed,0,0,3,0,3,3
624ece25-338c-5f7f-b5a1-1ad6d1c9bd6f,0,0,0,2,2,2
62900884-61bc-670a-141e-823c20d92090,0,0,3,0,3,3
6331ae29-24f9-001d-d9f6-6a6c78bc2743,1,0,0,0,1,1
633953f6-c8df-dac3-4cbf-38ceac18148b,3,0,3,3,3,9
635ac959-e144-ab61-db08-9a638574f34a,0,0,5,5,6,10
63711efc-f3b7-58a9-b3f9-bfd42ef6bd87,0,0,2,0,2,2
637d3ae2-3126-c5a4-cf5d-1aa9a78b76b8,0,0,3,0,3,3
638dd043-5066-746e-5dba-269b7f96843f,1,0,0,0,1,1
63b4c879-3dfa-2a5f-f6c1-c2f17cfd5c56,0,0,3,0,3,3
63b6cdfe-8f22-0552-c872-2ca2430d60d9,1,0,1,0,1,2
63c4ba1e-af42-7941-7943-60f8bf124f38,5,0,0,0,5,5
63c756eb-4fb8-7033-41f9-fc7ef345e0f6,0,0,3,3,3,6
63cc87cc-8fc5-9a33-e710-3f37046ce8c6,0,0,3,0,3,3
63e7043f-0d9b-3965-6fda-236b6e94af7a,1,0,0,0,1,1
63f45871-0590-e403-5740-bc41c2b76bde,2,0,0,2,2,4
6418c5e9-9b97-a3e5-356d-c3dcf0cae60d,1,0,1,0,1,2
6419c8ce-2987-6355-2943-906c673fa754,3,0,3,0,3,6
6430bafa-c2b9-87ab-16f4-15bdd126fa07,1,0,0,0,1,1
646aecdf-4499-c1d9-f060-d6a1e8452c50,0,1,0,0,1,1
647bfed0-5782-00d0-c3a7-8b6937f31184,0,0,2,2,2,4
647e4de4-3734-93fa-0815-98fe05e0a4be,1,0,0,0,1,1
6484453b-612b-7a42-6609-21f583f60180,0,0,2,2,2,4
648db147-e565-36d9-481e-77e78b29ece9,0,6,0,0,6,6
6491d997-b523-87f3-8d2c-ea459d87b44b,1,0,0,0,1,1
64a0a9f7-7745-a681-a764-18c2d4684034,0,2,0,0,2,2
64b53ebc-d4b7-dc0b-e842-2a61e0171918,0,0,2,0,2,2
64c3dfb3-bba3-2814-d7ef-d22007256d29,3,0,3,0,3,6
64cc1bc9-49c1-08c2-a8c2-a679566dae53,0,0,4,5,5,9
64d0e320-d31b-da98-a562-7755702591ab,1,0,0,0,1,1
64de3e34-1930-1068-5fee-ccc64e03789a,0,0,1,1,1,2
64ee2934-1959-dea8-4a66-4364af300d03,0,0,3,3,3,6
650c1f50-ba4e-e2bc-5a6c-44f46c6278e9,1,0,1,0,1,2
6519de70-16ea-836a-d687-268b35f4cd74,0,0,5,3,5,8
651c500d-bf67-19b5-26c8-700a1dbf3a9e,0,0,3,0,3,3
656a300b-7641-7d44-e5b8-f9365ca7b50e,2,0,2,0,2,4
656ee64b-8c48-786d-8073-a7c2cf2e2b9d,0,0,3,0,3,3
6599a9c4-4cca-89be-171c-9fc7e0692009,1,0,0,1,2,2
65b9d346-dc79-5a7d-db6b-c7cc1c7b6b43,0,0,2,0,2,2
65bb5e4e-a8fb-ab5f-ffbc-2554f6e3bda6,3,0,3,0,3,6
65e0ddbc-aa3c-b3c6-2d0a-4fbac800f1c9,0,0,1,0,1,1
6640fdae-aea8-754b-0195-a07e422c765e,2,0,2,0,2,4
665873a7-37d0-50a7-3cdb-98ddd6b8a5fa,0,0,1,0,1,1
665a5346-8a02-e71a-5caa-ce7c445ac352,3,0,3,0,3,6
6660c469-0b10-6647-29aa-84c56ab1b241,0,0,1,0,1,1
6675e8e5-bae1-3cff-4bee-2552701c5684,1,0,1,0,1,2
667960ae-740c-b82d-d1fd-ebc6799750ac,0,0,3,0,3,3
66827a79-1cb2-b825-331e-c027ab403924,0,0,3,0,3,3
669f7a7d-07df-d9d3-cf3d-7c10f6a7611c,0,0,2,0,2,2
66be4c4b-1532-92a8-46f3-51ef5e5d60d4,1,0,0,0,1,1
66f3dec5-d425-70c0-4c73-3ccacf6c8667,0,0,2,0,2,2
6712cddb-cf2e-06d8-1d83-18252c890e7a,2,0,2,0,2,4
671839f0-fa33-89ef-6c22-ed064df718b2,0,0,3,1,4,4
67347fc0-773f-b412-a65b-54191319e6ad,2,0,0,0,2,2
6769e879-f573-41b2-0e1f-043c125b220f,0,0,3,0,3,3
676a3855-5a5a-8b58-cf49-3b7fdee2f84a,3,0,3,0,3,6
677196d1-8102-d179-c915-4245455a303e,3,0,3,0,3,6
677ccf10-985e-07f4-a0d7-7481bd835323,0,0,3,3,3,6
67891d17-26b9-2a0f-fd66-88f68d5fa40f,0,0,2,0,2,2
67b61084-9d8d-5607-beb0-f25922b2f00f,0,0,2,0,2,2
67c469f1-f897-995d-0471-e7abd39656f1,1,0,2,2,2,5
67c6dc09-5283-a835-d376-fb0b5f04fdcf,4,0,0,0,4,4
6833ce36-4d99-5bd6-5936-026ccb682792,1,0,0,0,1,1
684ec835-247a-5b55-c352-b3efcad889fc,0,0,1,1,2,2
687b85ef-5292-0322-3424-6bab32cbc1ba,2,0,0,0,2,2
687db697-2a64-7854-1c3b-ba2219e7af4c,3,0,3,0,3,6
688d92a6-f1d3-d67e-3376-d396c646ae05,2,0,0,0,2,2
688df0b2-3454-d0c5-35c0-fb01681a7b48,0,0,3,0,3,3
6892a8ec-b531-7af4-74cf-9adc5ead2afa,1,3,0,0,4,4
68b55791-f592-4c28-029f-6ed6819d1868,0,0,3,0,3,3
68cbc7b5-7704-e14c-4198-8ae8f0ca61dd,0,3,0,0,3,3
68dd035d-217a-8fa0-405c-141362875461,1,0,0,0,1,1
68fed5ec-c899-9b12-b87d-f78cefe19ba3,1,0,0,0,1,1
6907bb03-3c96-1fe9-c6e6-f5496d3f01a8,1,0,0,0,1,1
690d3688-bf53-3773-fc98-c77bc32ba2ae,2,0,2,0,2,4
694670ab-4825-3a50-def2-c1c114ca8c02,1,0,1,0,1,2
694d8ae9-ee24-4d53-f2d0-228444a600b9,1,0,1,0,1,2
6953fd49-b1f7-f81f-3a28-ff09c5a0f856,0,0,2,0,2,2
695715e7-fc8b-d922-cf12-6dd82b51bcf3,0,0,3,0,3,3
69b14473-ff29-7822-79d7-a32cf9a431fc,0,0,3,0,3,3
69ef20ab-3fa3-9b24-4424-0f6f82accf49,0,0,2,0,2,2
69fb647e-c7f6-32b1-4cec-d2e69a80aa64,0,0,2,0,2,2
6a010182-6aac-697a-32d2-4b2dd0039267,3,4,4,0,5,11
6a03735c-3420-86de-d3ec-16c39c8fa823,2,0,0,0,2,2
6a2565f4-e6c0-c156-38a6-c1b7237e89b0,1,0,1,0,1,2
6a3f333a-3c13-961d-7fb7-fe909dd86555,0,0,4,3,4,7
6a4626d8-8291-d4e6-6c6a-52fbe1a6c705,0,0,3,0,3,3
6a5728e5-6318-31f5-f74a-63108d018bf5,3,0,3,0,3,6
6a59f0e1-124b-3db8-11b1-ad852abd87f2,0,0,3,0,3,3
6a9d2302-7522-dbd5-d1dd-307919874f30,1,1,0,1,1,3
6a9fed5a-aa8f-8918-5056-3bcb738ee15b,1,0,0,0,1,1
6af31a69-56b2-c897-8bc2-e1359ee88bd7,0,0,1,0,1,1
6b2da0c8-6d0d-f6cc-917e-1d08b7aa7a49,2,0,2,0,2,4
6b32c01f-ff47-1bad-8958-e4ba5457c627,3,0,3,0,3,6
6b3c10c1-36bb-1ea3-0335-9d841577353b,3,0,3,0,3,6
6b8bfe78-d4d7-79dc-a356-ac09a2953074,3,0,3,0,3,6
6bcc2e0c-4dc8-fad9-ccee-02f00bdf5605,0,0,2,0,2,2
6bdc34b0-c624-e48b-a504-96a45a055706,2,0,0,1,2,3
6bf96ea3-1c9d-26df-ddc8-392a47fe28d0,0,0,3,0,3,3
6bfeec3b-3bc7-5cd0-955b-bc6474c79cbe,0,0,1,0,1,1
6c132eff-e167-ba8e-755c-7034a693319e,2,0,2,2,2,6
6c2eea63-720e-3dfa-d99e-0532119e7c0f,0,0,1,0,1,1
6c2fab2b-9986-6635-bb73-af093d3070ab,0,0,1,0,1,1
6c3903e8-a6e8-712b-01de-1752198f1d46,0,0,1,0,1,1
6ca3307e-3ef1-3f98-edab-857ca9dc4f6e,3,0,3,0,3,6
6ca52b45-a80a-9077-718a-bf9b10627327,3,0,3,0,3,6
6cc04feb-8a71-6ac0-74b0-2e73940e192b,0,0,2,0,2,2
6cc81a65-4f0d-7852-6fee-63bf550e9feb,0,0,1,0,1,1
6cc9b37c-bb32-64ff-b7ae-96843f35ebc7,0,0,3,0,3,3
6cee479b-e490-f561-2a4c-6112e218ae73,0,0,3,0,3,3
6d1d07ea-5715-4d18-ea02-535c34b64d13,3,0,0,0,3,3
6d200235-e126-ad27-cf48-9b94c286c1f8,1,0,1,0,1,2
6d329448-8884-b8ce-36af-f6c127f608a6,0,3,0,3,3,6
6d5af445-bca6-f6f4-07c0-5ba79ce6c530,2,0,2,0,2,4
6d90faab-6118-1b16-7cff-f821b4567fbc,5,0,5,1,8,11
6d9ffda1-6a2c-ec47-6657-c8d6691b5ed6,6,6,0,5,8,17
6db44df2-6804-bf6f-0fa3-f98f4023d3a2,0,0,2,0,2,2
6dc1275a-3590-436c-1cc9-4dd381f3376d,3,0,3,0,3,6
6dd46827-4349-3d4d-c9b9-6bc38b0c957e,0,4,4,3,5,11
6e1485fe-ae84-801d-31d6-7b5ad71ce4b4,0,4,4,0,5,8
6e271730-d517-5776-667a-778c39aafbf8,0,0,0,2,2,2
6e3385e1-ff1d-279c-cd7b-9721b41d669c,0,0,0,1,1,1
6e5046ed-3218-7e21-2599-b33aaac4e725,3,0,3,0,3,6
6e63afd0-0c19-1fb3-9a99-46baa7983d1e,2,3,0,3,3,8
6e65e7e7-a70e-0dfa-4bae-1b125b6a2a08,2,0,2,0,2,4
6e8487f9-a3d8-fb23-8c49-48292c514dd9,0,2,1,0,3,3
6e8578f6-cf3d-631a-c120-c565d6493b74,0,0,2,0,2,2
6e939b66-9b47-5880-6b79-5bb51fe70915,0,1,0,1,1,2
6ea0e903-d746-521e-6587-de5414d94178,1,0,0,0,1,1
6ea52f33-59fb-074a-a9f4-2721929e2708,0,0,3,0,3,3
6ed9a4a2-b275-0b56-03c5-1c192b048c0b,2,0,2,0,2,4
6efb7c50-3fc4-5e90-c2ce-85957bb9ff3b,0,2,0,1,2,3
6efbf635-4535-f3f7-fa9b-d044632ba255,0,0,3,0,3,3
6f26927f-f9e3-db49-3f88-ac25e735f6d7,3,0,3,0,3,6
6f3f9af7-f015-e0e0-972a-e1e39fc3ea77,1,0,0,0,1,1
6f3faead-9357-c07f-1233-100be1f4b81f,0,0,3,0,3,3
6f4ca37b-ff16-6a0e-4604-f88b1ff0c022,0,0,0,4,4,4
6f4d4e38-4a41-93f5-6dd3-aa5a2aaa4753,0,0,1,1,1,2
6f87dc5f-09e5-0073-95bf-6601887bc3bc,0,0,1,1,1,2
6f91f8a8-d726-b9b1-ce2a-8e0927947a2d,1,0,0,0,1,1
6fb761b3-7c87-5c28-75e0-d0cb2a6a6eba,3,0,3,0,3,6
6fc2e6e6-7753-e4dd-cd98-f1ef57a2c641,0,2,0,0,2,2
6fcfcac5-548d-b07c-d782-a6532f0768c7,0,0,3,0,3,3
6fea9e12-d7e6-3abf-93da-93ffc61e3959,1,0,1,0,1,2
6fedb2d5-6d74-7726-2492-2e08d5ad070c,1,0,0,0,1,1
6ff8fbaa-55de-ea67-6812-e901a843403c,0,0,1,0,1,1
700587f9-a9a2-49fa-97e7-e0055a7ded60,3,0,3,0,3,6
700eb364-ed73-36d6-f6d6-3331190c40fe,0,0,2,0,2,2
7023d681-d0f1-2e65-d145-1434d5733b51,2,0,1,0,2,3
704d2957-028b-09d3-eed2-3905c83a09e6,0,0,3,0,3,3
706102f5-856f-279c-6407-5d56078b66b4,0,0,3,0,3,3
707e962d-8767-55c7-a104-c44674ef3a4f,0,0,2,0,2,2
707fea60-cbfb-2005-1af0-bec9b99b8783,0,0,2,0,2,2
708c315e-a406-d2bb-cbd9-446f935cf42f,1,0,2,0,2,3
70cde181-edaa-e3a0-4c34-320da94c846f,3,0,3,0,3,6
7103af7c-faca-3898-8461-1759d5cbcb5e,0,0,3,3,3,6
712ff41e-bd1d-c136-aa69-f89fff19ab89,0,0,3,0,3,3
71323512-e1f0-9ba0-3ce6-4f87d64f3788,1,0,1,0,1,2
7139a3c8-8e91-d160-e815-6c602a07eda0,2,0,2,2,2,6
7163cde9-b69d-d56f-ad7f-304044451f0e,0,2,2,0,2,4
71a2d44f-da4a-1ae5-d5d1-69757ad864f1,0,0,1,0,1,1
71b1e114-4f5a-9dca-25d5-a73543722813,0,5,0,0,5,5
71be64fa-7778-7dbe-6c08-5fa10cb1a307,1,0,0,0,1,1
71e05d76-5319-9b80-d4cf-350478af85d5,0,0,3,0,3,3
720902c3-5319-b4f0-7faa-605d1e6f7914,3,0,3,0,3,6
721d0042-3bee-919a-dfa2-97db707c48d9,3,0,3,4,5,10
721d7716-a05c-cbc2-78ca-e263aa0afa53,0,0,1,1,1,2
72217ef6-e0b1-c2af-69ce-c82cbb84888c,1,0,0,0,1,1
723b6c07-7c98-2bc6-d91e-5d77d3d9c3e0,3,0,3,0,3,6
723dd56c-cbdd-aedb-25f9-5d88c09e6b7a,1,0,0,0,1,1
728c2c93-43bd-40f0-fa09-e4bfe7e3cef6,1,0,1,0,1,2
72a02606-9fb6-36be-7768-c7709b5a4c8b,1,0,0,0,1,1
72a7439c-b072-e523-4c3e-3e4fc250f0e9,1,0,0,0,1,1
72d4b709-b2be-a3e5-86e7-705b142aee96,0,0,1,0,1,1
72f23a0e-2717-b710-f99b-6e7cba6a9f8a,2,0,2,0,2,4
7301c0b2-4cbf-edf3-3999-8ab7e0102ebd,0,0,3,0,3,3
731e5d67-3b83-c8b0-c6bd-6fe0c056ee2b,3,0,3,3,3,9
732d681e-f994-b9bc-4099-f9b1df4106d1,1,0,0,0,1,1
73558511-7a0e-5094-4ab5-e15413aaaa6c,0,0,3,0,3,3
736deb21-1064-d80d-656d-f55d47e61b93,0,0,1,0,1,1
737ab237-4400-5197-e029-f1c019d2c8fa,1,0,0,0,1,1
737d0901-3aec-4f22-b141-00aea39e490f,3,0,3,0,3,6
73a4cb73-3390-4080-e7ae-a3665bb5946f,1,0,0,0,1,1
73af219c-0b40-0d83-697d-44376d5789ab,2,2,0,2,2,6
73bfd2c9-cb9f-ef0f-1911-9fa426f44475,1,0,0,0,1,1
73ce6768-27af-814b-76f9-e51261707650,0,0,3,0,3,3
73f69e0f-066c-f529-5533-74e13fc1370b,3,0,0,2,4,5
73fbaacd-99f2-84ec-2275-0aeed7d80dbf,1,0,0,0,1,1
740daf2c-6f17-3495-ade6-46285e5487fa,1,0,1,0,1,2
741d6fa4-9e24-1f08-60d4-0e8c841c7b48,1,0,0,0,1,1
74445ba9-c8c4-185f-8de6-15d951d7276c,0,0,1,0,1,1
749eb413-1010-a3ee-33b1-2ccdca916f87,0,0,3,0,3,3
74a9d11d-95e6-66f2-02d1-96ee70df64b4,3,0,0,0,3,3
74e68313-7ed9-1b47-537c-ba22d93894a5,0,0,2,0,2,2
750c4f5c-16e5-45c7-16e6-5614b157fa28,0,0,2,0,2,2
750e43c1-afaf-fe27-c43b-55507ffe5933,2,0,2,0,2,4
75535e05-40ec-083a-a6d1-28ea92f8718c,1,0,1,0,1,2
758d1268-dbd1-1cd3-3a22-9df0c8d56b7f,0,0,2,0,2,2
75907c5f-3f14-f821-1456-2c3453f6ff07,1,1,0,2,2,4
7598999b-3c60-999d-f0a7-e57a4c39657f,0,0,1,0,1,1
75c980ab-71f5-a995-76d2-d858d13bd51c,1,0,1,1,1,3
75d8ee02-0083-1ce8-490b-eb0bba0508e3,3,0,3,0,3,6
76185c03-862e-5c35-f8c0-ad4fe209362c,0,0,3,0,3,3
762e5f8a-8876-c008-e36b-e8a5953c70ee,0,0,1,0,1,1
76360965-5dd1-5052-7b8c-373cf7b7b2bf,2,0,2,0,2,4
765fc67f-b808-1e85-09f7-f76c7388a0ef,0,0,2,0,2,2
7677860a-477e-3d3a-d7bb-7434a682ff3d,0,0,1,0,1,1
7683711c-012d-d82f-7fbe-8668cdb6d7cc,0,0,2,0,2,2
76bc2b2c-ad52-aec7-c15e-51553e00a974,0,0,3,0,3,3
76cd64dd-8ad4-2073-3e9f-22ec69c46c16,2,3,0,0,3,5
76f63916-01d3-40a0-4bae-d1d87674097e,0,0,3,0,3,3
76fdee0f-8cf8-ae67-369b-e61a91cbdc61,2,0,2,0,2,4
7704a5ea-4868-e850-2549-33dcbe2e5508,0,0,3,0,3,3
770d103f-605e-937f-11f4-80c9a7e2894a,1,0,0,0,1,1
770ea2a1-0da8-ac9e-dc44-8348abb0d4ed,0,2,0,0,2,2
771caf65-f86b-a59b-f584-050e9a3e9934,1,0,1,0,1,2
772fac2e-aeb1-e200-da4a-7438b34a84e9,0,2,0,0,2,2
772fbbfa-b47b-3bf6-d905-9024acfd2d1d,0,0,3,0,3,3
7734e2a2-602b-3526-8f2f-b60b5bb0018f,3,0,3,0,3,6
773926fb-7a15-6918-83f0-7ba0fa2a095a,3,0,3,0,3,6
77606ff6-ce87-afd1-1e51-bcca359f3dcb,0,0,3,0,3,3
77660f8b-0912-2d64-7c7c-33796d1b896e,0,0,3,0,3,3
776b5051-6605-f640-0a12-28a54fcda6a3,0,0,1,0,1,1
776c9089-2426-d41b-c2f3-2a320d8a2f23,1,0,0,0,1,1
77907535-899a-e7e5-6544-39a35cd875a0,3,0,3,0,3,6
77b26ebc-8e03-0a18-5350-ec7b1bf9b3f3,1,0,1,0,1,2
77b9c948-dee9-ea28-b9da-c4f0eda0eaa9,0,0,2,0,2,2
77bd9b72-cb05-acef-06d0-25548fb5fa75,1,0,1,0,1,2
77e2bfff-bbed-29bd-fdb3-a5ec7e8711d5,0,0,2,0,2,2
78032b8e-727c-86bf-9f4c-07fdf14b488f,0,0,2,0,2,2
78081ba2-5f8e-45f5-718f-f4343bc273e2,0,0,3,0,3,3
783171b5-96c4-4ad7-653e-6795b8b6a278,0,0,3,0,3,3
7835404f-544f-ac73-dcd2-9059e2c0dc22,3,0,3,0,3,6
783e581a-bdb3-c7fa-7a58-bb512138ed08,1,0,0,0,1,1
78555791-381a-b146-d8ee-359b06f9d7a0,0,0,3,0,3,3
787e647c-3182-8162-f5ff-9c1fb2e7ec32,0,0,1,0,1,1
788509f4-b1da-b72c-329f-d83876346604,0,0,2,0,2,2
78b003f5-38d1-b1c9-c649-e5b850ef76f5,0,1,1,0,1,2
78b5e3b6-f702-00d8-803b-31e3bab3a78f,2,0,2,0,2,4
78bf4bac-902a-baa3-3bb8-985276e93df5,0,0,0,1,1,1
78cfb036-76fe-2d57-717c-d1b094fa8868,4,0,0,0,4,4
78d1600c-a756-aee4-61f8-49c1228877a6,0,2,1,2,2,5
78d38fbd-8d62-67e2-0c02-7c997ca6140a,1,0,0,0,1,1
78d4ff98-afae-453b-599e-99845d24e4ba,0,1,1,1,2,3
78f3d527-557b-39f7-03cc-0355c10334b1,0,0,3,0,3,3
78fb6501-05f4-e1d1-1753-8014f5804209,1,0,1,0,1,2
7918f7a0-4e80-b4ec-5d04-e22f4273cf6b,0,0,3,0,3,3
79252b76-ee41-f565-345f-c017230034e3,0,0,2,0,2,2
792b642f-248e-8c97-c4c1-53ec21ed2395,2,0,2,2,2,6
793ee374-0966-f478-e2da-761338fcfc90,0,0,3,0,3,3
795a1110-80ba-0438-d6b3-e4d6ff7b2446,0,0,1,0,1,1
7971a5c2-ef55-3826-dcf9-c1d8ffb297f8,0,0,5,6,6,11
7972c35d-80be-98e8-7d9f-bc7eb80120b3,0,0,3,0,3,3
79831795-1215-411c-59ec-7f008d1c083d,0,0,1,0,1,1
79849bc6-2b9c-72a3-2b78-79952d5ef74a,1,1,0,0,1,2
79b4e5de-68a9-e4af-e7d4-f8d84a1a02d9,0,0,3,0,3,3
79f1c7fd-26e1-1253-00ad-c1ed0b55aeed,0,0,3,3,3,6
79fbd02e-8f17-c7e6-fc29-a75f3b129525,1,0,0,0,1,1
79fe5ec8-114d-2477-df19-968ba19a03d8,0,0,3,0,3,3
7a12302b-cae3-ff51-e4cf-6b1f13a53d1e,0,0,2,0,2,2
7a17d21a-f4a0-30dc-f621-475ec0613cc6,2,0,2,0,2,4
7a2f120b-5250-04ef-8fdb-65d27b2d3bff,0,0,2,0,2,2
7a5e3823-731d-6f64-5d97-b491caf45dfa,2,0,2,0,2,4
7a693f95-771b-705a-29c6-1ed760511668,2,0,2,0,2,4
7aec6042-3ce0-91c7-e9c9-88e8acba1fe0,0,0,2,0,2,2
7af1c7cd-28f2-8ea9-289d-375809ad01b0,0,0,2,0,2,2
7af53bab-7bec-e402-21d5-8c9b46d61cbc,0,0,3,0,3,3
7b09dbd1-035e-9f16-1abe-3e953448a8e4,1,0,0,0,1,1
7b0f8923-0c9c-cf3a-6abb-bf113a39cb18,0,0,2,0,2,2
7b14bacc-451b-0c41-01e6-27becc195867,0,0,1,0,1,1
7b46de7c-a80b-4e85-b8f4-2aa91d842895,0,0,1,0,1,1
7b71e190-95fc-8459-c12b-331d20b88bc3,1,0,0,0,1,1
7b9ddb60-95c9-f09c-5778-6e3668d3a332,0,5,0,0,5,5
7bca50b4-fa7f-3d93-4932-6f9f1394d2b0,5,0,0,0,5,5
7bde76ad-de74-cbd3-94b7-26b9e496426e,1,0,0,0,1,1
7bebd4e7-226f-7769-dd8f-b848922192e0,1,0,0,0,1,1
7beffb60-63c1-56e1-e7df-84835e99f1a5,0,0,3,0,3,3
7c09e5c3-f826-855a-7096-eea6fa0ea4cf,6,4,0,0,6,10
7c19dae4-61dc-55b6-373a-efbf5e9c39b3,0,0,4,0,4,4
7c1cc93a-0d7a-9ecb-88d1-17000d70dd5d,3,0,3,0,3,6
7c26438e-741f-6b51-cc7f-fba96ed3a44b,1,0,0,0,1,1
7c54adb5-247c-aa66-f958-214374dd2f4b,0,0,2,0,2,2
7c95c3c0-b6a0-1c0e-0b0c-c65bdf7adf1a,1,0,0,0,1,1
7c9ec71a-8341-891c-2194-742f445f4756,2,0,2,0,2,4
7ca8c10d-890f-0564-3358-b989514294a9,2,3,0,3,3,8
7ce99fb8-23d9-0c44-b5d6-3fab868346af,1,0,1,0,1,2
7d25bee9-d78b-1f27-7aa7-3aef7745cfb4,0,0,3,0,3,3
7d35950c-e3d3-89f9-ad64-65b3fe81d13d,0,0,2,0,2,2
7d4029ed-d41b-c43c-ecf5-14af309eeb73,0,2,0,1,2,3
7d5b4364-7384-7e69-4eae-908663cc03b4,0,2,1,2,2,5
7d7e72ed-eb61-16a7-f0c8-a47ff94c83ee,0,0,3,0,3,3
7d89f958-937d-878a-9046-c0db605bb044,2,2,0,2,2,6
7dbe3a33-9669-b222-f45b-d3b535eae559,1,0,0,0,1,1
7dbfda77-f015-487f-c7a1-2d2fcf7fbcfb,2,0,2,0,2,4
7dc673c5-cabd-f32e-aabe-a6fc1e17eb45,3,0,3,0,3,6
7ddb2fc7-6ebf-0c30-ead6-c541ce772996,0,0,3,0,3,3
7de603a2-cb43-8c86-5203-d5cfad031301,0,2,2,2,2,6
7def9d38-af54-c593-211c-4443fee1835e,1,0,2,0,2,3
7e09aea2-eec1-3b50-00c1-cc866d95865c,3,0,3,0,3,6
7e0a7f21-bc03-508d-f425-db59f05b9373,0,0,1,0,1,1
7e3370a1-b885-8f21-2fc7-7ec71980860b,3,0,3,0,3,6
7e570431-3b31-b616-74b4-a55145090764,0,0,3,0,3,3
7e585055-75c0-d3e6-73df-d2608a347328,5,0,5,0,7,10
7e6c41ee-6d08-d0d0-6cfc-dbca196912c9,2,0,2,0,2,4
7e82773c-7c5f-484a-4820-872a5ae5c1f2,3,0,3,0,3,6
7e9f913c-9a2c-6ffc-5183-4451c6a18297,0,0,2,0,2,2
7eac08e6-2b0d-1a11-496c-bf7d16c9e57b,2,0,2,0,2,4
7ecc088c-99be-37b8-31fa-fa363cb99fe2,0,0,4,3,4,7
7ed1781a-a0ac-5de4-3ab0-10b2c98157bc,3,0,3,0,3,6
7eea09af-e44e-893c-8d98-c12eb5467e48,0,2,0,2,2,4
7f2c3046-79a1-abb8-d68e-89814f4fd2c2,0,0,3,0,3,3
7f2f1f17-9e6e-781f-f65f-92c4b854b955,0,0,3,0,3,3
7f67c77e-02f8-f48b-d85b-740402a8e9b8,1,0,0,2,3,3
7f6c8c65-04be-1541-a39b-84175e743509,1,0,1,0,1,2
7f6d564f-c207-1673-35d5-571ee2ad87e8,0,0,3,0,3,3
7f73f5b4-06da-37fc-8fc7-327f5e45af76,0,0,2,0,2,2
7fcdecfb-c727-360b-873f-ed7aac59c431,3,0,3,0,3,6
7fda3b3d-03d2-4c4e-c1f0-40463657906c,1,0,0,0,1,1
800d5e36-ee98-ac2a-8cd6-e5c52e15349c,3,0,0,0,3,3
802094ae-4b1e-3cc2-c846-be83f7278534,1,2,1,0,2,4
803ccb13-bcef-7547-0652-f5c206c8a502,0,0,1,0,1,1
8045f1e8-aa02-0ea7-01dd-394216dd6104,0,0,2,0,2,2
804840b4-6de6-a095-23d9-2a44237962ed,0,0,3,0,3,3
806e8281-8e2c-4a83-3873-a7969fc80655,3,0,3,0,3,6
80a52372-c692-9008-d47a-c16c1ec2baa6,1,0,1,0,1,2
80a5958d-ec30-3096-89b6-5994cb28a293,0,0,3,0,3,3
80b56186-0788-1831-fc88-d95d589a006e,0,2,0,1,3,3
80b8245a-5fc4-32f2-1213-5316c1096d24,0,3,0,0,3,3
80c8f6ec-11bd-132f-3bf4-e6b30bc676b8,1,0,1,1,1,3
80d065bf-0078-eb38-c9ba-bc8187595470,0,0,4,0,4,4
80d52d09-69d7-f741-ebff-89196c160474,1,0,0,1,2,2
80d76b2c-dd8d-ebae-4fe7-2c74b7b48c6f,0,0,3,0,3,3
80e3d991-be41-f0f9-4b3a-65dce8c30ba3,1,0,1,0,1,2
81008a18-8fda-8ef6-09b1-2d122c160a95,1,0,1,0,1,2
810d9b01-6bf6-8d36-e271-9f0b338847a7,2,0,0,0,2,2
810f1d96-a593-f2d9-10d8-20402e7f2ffa,3,0,3,0,3,6
810f64c4-d17f-8eac-e56a-767d4cd4a570,2,0,0,2,2,4
8110cf0f-8f25-5a79-3d3f-d10df0bb5fcf,2,0,2,0,2,4
8117d60c-d1df-df00-6bc6-84b7e50cd099,0,5,0,0,5,5
8137a924-547d-2178-419f-b90ec512e627,0,2,0,1,2,3
817fb4d5-f3ee-c8b5-152a-f3e2301a049a,0,0,1,0,1,1
81afceb4-85c5-7a8f-0b34-cb4e948d44ac,0,2,0,2,3,4
81b078b5-aedf-41c0-311d-03e08c2012cc,3,0,3,0,3,6
81b55f1d-92a6-97c7-99b7-97ba7481541c,0,0,0,2,2,2
81c2efd2-f7d3-975d-ff9e-367ccc43211a,0,0,3,3,3,6
81fa8ee9-3c74-d3d2-3b97-056d17c26567,0,0,3,0,3,3
821a1eb6-17ab-6b19-4232-b7aac6aa7e57,0,0,2,0,2,2
8221b553-b8c4-5e68-461d-4a6ddd5aa86b,0,0,3,0,3,3
825a7fbb-f5bc-6e12-def8-09bf017616bc,0,0,0,3,3,3
82705bdc-ca2c-a4e1-32c2-824cfa53f5f2,0,0,2,0,2,2
8280fbe7-49e4-7721-a226-2ef303948b9b,0,0,3,0,3,3
829b47c8-e15e-749f-4566-615c1f2215f1,0,0,3,0,3,3
829c3713-6483-5f8e-3a4f-f3dbd19e3704,2,2,1,0,2,5
82a3bfb5-7ed5-e7f7-db2b-473b76e76cc9,0,0,3,0,3,3
82b10860-3fc8-ab08-a748-43644979d6d5,0,0,1,0,1,1
82d1ffdb-d6dc-c9a7-ade1-ebb90c9f9023,3,0,3,0,3,6
82e7d1a7-e0c2-29fb-f8db-11740e937e8c,1,0,0,0,1,1
8315dd51-7f8a-bbbe-5e70-d2130381ea81,3,3,0,0,3,6
831943f1-6307-a482-e79c-bb6c64fd3404,2,0,2,0,2,4
83319d8e-b534-8449-58ee-9f442c16abb6,0,0,2,0,2,2
8332aa28-3f8b-3037-0aec-bc140b039c41,0,0,2,0,2,2
833f41b5-df41-94be-feac-a4e4d37104d9,3,0,2,0,3,5
834fad12-6b0b-dfe3-63ee-81d430806f28,0,0,0,1,1,1
836497e5-0181-c9fa-fbbc-37378a9204bd,0,0,2,0,2,2
836d1627-f3d8-d60b-7759-7db217457760,1,0,0,0,1,1
83890e98-d65d-2aa4-70dd-dd915574d2e8,3,0,3,0,3,6
838f135e-e0e4-1b55-d3f8-537b345d25f2,3,0,3,0,3,6
8398c30a-d71a-8130-8d05-36ba8b7c5265,1,0,0,0,1,1
8399be67-5d76-4c78-0b35-f3818ad31311,3,0,3,0,3,6
83a049d1-7890-79b3-f2f6-4dfc1eea908f,0,0,7,0,7,7
83b473f8-4835-b09d-b046-ff856beb2cc7,0,0,3,0,3,3
83d1050c-3bf1-ee88-b196-9ad653ab915f,1,0,0,0,1,1
83db3d8d-fa18-e793-6a93-051076df8400,2,0,2,0,2,4
83f8a837-e40c-5f31-77d0-198ef2964292,1,0,0,0,1,1
83fada6b-b6a1-c696-098f-716673b66f44,3,0,2,0,3,5
83fb9908-3d9e-58b6-1f18-d1e2520e3d1e,0,1,1,0,1,2
840b4018-e8da-83c0-d7fe-2da83e9afc55,0,0,2,0,2,2
8414ac01-ac5e-c4b2-c559-624462eac926,1,0,0,0,1,1
842c7781-16dd-17ae-269f-c2b5eb44cb37,1,0,0,0,1,1
84475eee-b664-efb2-f9fd-76b494cfaf47,2,0,2,0,2,4
844db487-cf31-f718-c746-06e0cc691c4f,3,0,3,0,3,6
84b227ee-1134-6e30-45f9-bfcf09056280,1,0,1,0,1,2
84eb1077-9719-514d-5e36-fce91ce76a1b,0,0,2,0,2,2
84f107c2-f68e-5a67-7f89-df14f83bcaab,1,0,0,0,1,1
8508e778-1732-7933-abc4-a7841ee868cb,0,0,1,0,1,1
8519f41a-71bf-c2b9-c9bb-ec54373b2d00,3,0,3,3,3,9
85308173-a513-2e14-ae21-b3ef948acf19,0,0,2,0,2,2
853ef55a-83a0-dc42-305b-1c6e5c30beb4,3,0,3,0,3,6
85423119-1329-f1b0-4fa2-e6f5f0fe140a,3,0,3,0,3,6
8542efe2-6531-183b-939d-d180869b197a,6,0,0,5,6,11
8547178a-d3cc-c227-13ec-673e79c89d11,0,0,1,0,1,1
8547f2d7-327d-8fd4-4092-74a88999fd12,0,0,1,1,1,2
857a2f6f-dfea-1a23-d5e2-b79e5c099fb1,1,0,1,0,1,2
85d69bdf-af99-2af0-5a35-8b6be9f678e7,0,0,4,0,4,4
85dd4f49-fcac-9389-d8f1-f6afa9c964a7,2,0,2,0,2,4
86080194-10a0-89f9-14db-0059b716f506,0,0,2,0,2,2
8613c94c-f257-f218-1c51-3e0dca1d72b2,2,0,2,0,2,4
86160662-4c1c-c0ae-c86a-0a1a28dcc7dc,1,1,0,0,1,2
86592017-60e5-a428-bcb8-920b22e0a883,0,0,3,0,3,3
86593596-892b-4b9c-c27e-f3368cbdc04e,0,0,3,3,3,6
8670208a-8b6d-0b1b-5f63-b7c35e58782f,3,0,3,3,3,9
8675c47c-79f0-785f-6099-c0165c81ea07,3,0,3,0,3,6
868a956e-79e8-0329-b47b-2c71a756febf,0,0,3,0,3,3
86a304e2-81b4-19dd-649b-edb892481c5d,0,3,0,4,5,7
86cd4a20-fc40-def8-60e8-924aec93c579,0,0,2,0,2,2
86dff5dc-9554-b8a6-aada-28e9318a7f1e,3,0,3,0,3,6
86ec6009-a3f3-8782-b20b-61b02fb5864c,0,0,0,1,1,1
86efacb9-970d-962f-a927-1721cec7a05a,1,0,1,0,1,2
871bfbc1-d822-15ef-8b3e-0c32677300b7,0,0,3,0,3,3
87733c04-88f5-825e-7d14-a8168b71f5d7,0,0,3,0,3,3
87986194-a03f-3de3-5c33-647e53b8e70d,2,0,2,0,2,4
87a2a76f-9d18-a635-57f8-c0919992ca13,0,0,3,0,3,3
87a89e6a-e8a6-0019-fb47-71f603b8e382,0,0,3,0,3,3
87aacf4c-fd9e-27ee-b15c-5b4067d32f14,0,0,1,0,1,1
87ae6616-6f67-ea94-061c-8c4e57a064cb,0,1,1,0,2,2
87c69abe-77e0-d1ac-e79c-f65df62d8bf6,1,0,0,0,1,1
87d1ef65-b3fe-113f-5b0c-5b2ad33711b8,2,1,0,0,2,3
87d48976-5610-8d08-dae8-aec430fd0993,2,0,2,0,2,4
87f0b333-3a55-8bb5-0bd8-4a7585d297c2,0,0,1,0,1,1
87f1a337-a68d-ea34-4fda-4deef30e5094,3,0,3,0,3,6
88092503-b89c-26ec-dadc-a47cf477a484,0,2,2,2,2,6
883806eb-a48b-647a-5eb4-c92a4170a0f5,0,0,2,0,2,2
887d2ce8-835f-1e84-1fc3-c730468eafab,3,0,3,0,3,6
889a62a2-a1be-6151-6740-255863a524d4,3,0,3,0,3,6
88da7325-911d-a08b-f531-8b316743855e,0,0,2,0,2,2
88fbc515-e083-23dc-cf4c-d7f1a54068d1,2,0,2,2,2,6
89159781-44e2-36dc-2d63-5a305610a5d9,0,0,2,0,2,2
891ca2c4-974a-d00f-94d8-c663a048aec0,2,0,2,0,2,4
89296f34-7f24-d9bc-721f-5ac939ba5002,6,6,0,5,8,17
892dae0f-7687-ccf6-0dc1-c23f76569a02,4,0,0,0,4,4
89530acf-a696-2ca8-ee3e-49034a2fc6c7,1,0,0,0,1,1
8969bec5-c09e-1042-a3f1-e4331bbef897,0,0,0,1,1,1
897a07ef-4492-0128-6095-70e7d13ae8e8,1,0,0,0,1,1
897ad477-4d22-3f50-c539-35a2f17e17a7,0,0,3,3,3,6
89ef498d-77d5-d989-d006-e5dc68d7b9fb,1,0,1,0,1,2
8a1499b9-ce13-ecef-ae27-b77dd433dfab,0,0,7,7,8,14
8a41ce2f-2b58-6ba3-a59f-8e3939da87ca,1,0,0,0,1,1
8a5ccfb2-3961-bfd5-ee1a-93b164442a38,0,0,3,3,3,6
8a5fe406-5c72-df17-110b-836a687fc9c4,1,0,1,0,1,2
8a6f1f61-cc60-6c6a-3436-d47592b25f03,0,0,1,0,1,1
8a73231b-b5df-4718-02c1-ac590dac5ebb,0,0,7,7,8,14
8a827f91-07c2-b88d-ed29-e57cdc1c76eb,1,0,0,0,1,1
8a8cc1e3-101c-aa71-a297-91438c7af7b4,0,0,2,0,2,2
8aae551d-e28c-4aa8-cd67-019d3b989bb7,1,0,0,0,1,1
8acc8b88-d0ba-8167-372e-1a6c3a4814c3,2,0,2,0,2,4
8ae6812b-4951-ccd9-2174-39699d3cbd3e,0,0,4,4,8,8
8b005526-8f03-da83-7f8d-ae492a787b6e,0,0,4,3,4,7
8b107547-b501-2c31-c100-a8b28c9329df,3,0,5,0,5,8
8b18b123-5492-b631-a427-5a7f7b03ef4b,2,0,2,0,2,4
8b8bd704-3d29-6edf-e3a2-179836514759,0,0,0,3,3,3
8b922d59-0353-8a4a-a700-0c7d80383f7e,0,0,3,0,3,3
8bc77cad-0759-4950-81c0-d81275acb663,0,0,3,0,3,3
8bef446a-4564-6dc2-bc32-6cba8a731bdf,3,0,5,0,5,8
8bf97408-29ee-7c14-3d90-2c70fbc0ba35,1,0,0,0,1,1
8c047715-75e0-12de-e6ca-4ded149b5d32,0,0,5,1,6,6
8c2877c8-0ef3-ba8d-5f8f-3acf0aa4c109,6,0,0,0,6,6
8c2bc8b0-1cea-e4c4-cf4f-b7bbf5658987,0,0,3,0,3,3
8c6c3612-a17e-1a19-3d65-f0e7b20b62ec,3,0,3,0,3,6
8c77afe6-1423-90a0-7cfa-76e7a1cfe98e,2,0,2,0,2,4
8ca58bf1-2d1c-6496-6e8d-c897d9fa3937,0,0,4,0,4,4
8cb6db97-8e1e-e872-0fd1-40774a90078c,0,0,2,0,2,2
8cd89327-11db-5c2f-ada9-5aaa7369d4ee,2,0,2,2,2,6
8cd9cfcd-3053-6e84-9515-b33eca25e0c1,0,0,3,3,3,6
8ce04ee9-2c19-9842-382c-3c87debd7a8a,1,0,0,0,1,1
8d1a3882-b836-ccb2-570e-9286a04b95ac,1,0,0,0,1,1
8d20d64c-2f54-a964-fa3d-8adaa3df59a0,0,2,0,0,2,2
8d26e20b-ae27-0286-102f-479817bfd77d,0,0,3,0,3,3
8d36e105-2b5c-9be0-b22b-5855c5727013,1,0,1,0,1,2
8d5fe72c-17c4-83e6-27de-87def4d463c0,0,0,3,0,3,3
8d8fb1e1-5740-0fe5-2317-2613a7fa4149,1,0,1,0,1,2
8d96a090-683a-cd15-1fee-cab124200de9,3,0,3,0,3,6
8da96c6c-3bd8-6dad-4f88-f5246ca7a2c0,1,0,0,0,1,1
8db720b7-2715-3edd-d14b-91958308d149,2,0,2,0,2,4
8ddbd082-3928-961a-af50-4b8250a38009,3,0,3,0,3,6
8e015f26-703c-9d2a-b177-5beee545a8f6,0,0,3,0,3,3
8e308d1e-139d-a777-f2ad-df62ff853de7,2,0,2,0,2,4
8e382ef3-e21e-0ac6-60b3-d90a89c9453e,2,0,0,0,2,2
8ea9257a-e9b4-4534-27b0-ca0bf08ca6f1,2,0,2,0,2,4
8eb2c03f-ec53-2d3c-82d1-e086b2c31370,2,0,0,0,2,2
8ec55f34-8af8-c146-7130-6f784a72c818,0,0,2,0,2,2
8eed4194-6430-24b0-4c4d-93b96ef37255,3,0,3,0,3,6
8f2b3cd9-1e34-ae53-4190-2968a150431e,2,0,2,0,2,4
8f355adb-0d85-06c7-700b-09536d1ac352,0,0,1,0,1,1
8f3df3a5-43a9-7e13-612e-78e2b367247c,1,0,0,0,1,1
8f48b9b7-275e-a0c7-d5fb-1835df1615b2,3,0,3,0,3,6
8f4a0a72-fd2e-0986-6f84-d245ccbcb3ce,0,0,2,2,2,4
8f5401ef-8c11-a9a8-7ea4-1f6bc2f3d1f8,0,0,3,3,3,6
8fa0d6a2-b657-07f9-9c72-ccf82367c472,0,0,2,0,2,2
8fb15cd4-fdb6-4ee0-0209-9f9e6710376c,1,0,0,0,1,1
8fb51dba-99e5-118d-7b27-2bcf29bedaa6,1,0,0,0,1,1
8fba2d4d-1b86-7e63-8955-8b33f9128b05,2,0,2,0,2,4
8fedcd1f-73f1-a57f-aa73-11d1b5f32e91,2,0,2,0,2,4
9039fcf5-779d-064a-6946-2f5282d918cd,1,0,0,0,1,1
907c6e72-c65a-7c22-bb9d-a12b4f9c6426,0,0,1,0,1,1
9089e453-4ac9-0eee-9086-892b6c547809,1,0,0,0,1,1
909de98f-2e58-3477-743b-90337085ca82,0,0,1,0,1,1
90b94e57-10eb-77dd-40bc-1ef30e0d81b0,0,1,1,0,1,2
90ec3de6-44cc-a525-3c5d-58a1bae66dd1,0,0,2,0,2,2
90ed2a42-f871-8437-7428-64cd3c2a0ccd,3,0,4,0,4,7
90f6be59-20fd-2c1c-73e0-adff1542ea06,3,0,3,0,3,6
90f8dab9-05da-0729-7543-836881ae071f,0,1,0,0,1,1
90fec733-ad17-459b-dd4d-b38e232601f8,2,0,0,2,2,4
9113f6ee-ecdf-669a-c94e-0764850d7f59,3,0,3,0,3,6
91176834-0554-d3e8-0788-d80e9df3159e,1,0,0,0,1,1
91546eae-2ef4-03da-c86a-776c5aaf48bd,2,0,2,0,2,4
915f81a5-e235-6d9f-8afa-a0a0c806a1f9,0,0,2,0,2,2
91a2b903-568c-41f1-6bb1-31d66fee5441,1,0,0,0,1,1
91df858f-2adc-e90e-9d50-6e49656c67b9,1,0,1,0,1,2
921504f0-7d3d-123d-4f5f-ee60083fb62c,2,0,2,2,2,6
92295cac-eeb0-ce5c-05a0-ab8d8a5eb226,1,0,0,0,1,1
92508a88-5f4a-7de2-bd53-bc4ca0a3f1c2,0,3,3,0,4,6
9257fd08-c155-ec0a-e40b-06eb87376ee1,0,0,3,0,3,3
928875cd-deac-bbf7-dce6-c95a90e918eb,3,0,3,3,3,9
92c43f17-1a12-234d-6087-cffaa78dcdb9,1,0,0,0,1,1
92c844ea-0495-7dec-9108-7adb4f6e944d,0,0,0,3,3,3
92da2aad-0246-0c8d-9e2e-6b202c6cd02a,3,0,3,0,3,6
92eb2d9c-796a-79ae-f401-3f21ccb3c26f,0,0,5,5,7,10
931a62ab-968d-a3f8-ce77-7b9620439c60,0,0,3,0,3,3
93667701-f214-0fbe-d1b8-9721d96c6739,0,0,1,0,1,1
93681704-5476-62e4-f15d-c8dd70456659,0,0,2,0,2,2
936a27ce-cec2-4d09-3256-5c8c54b5425c,0,0,1,0,1,1
938c08be-a615-6706-2662-a44c6ef9c7da,0,0,2,0,2,2
9398dd21-2b72-4c05-ba59-928005907d89,2,3,2,0,3,7
939f5964-549b-aaee-4d99-3af2b9137dee,0,0,3,3,3,6
93afa8c9-46e6-407f-4ac4-cf1f939fa4b2,0,0,3,0,3,3
93c91c12-a566-bca6-27a9-5dc7b4f76529,1,0,1,0,1,2
93d25e7f-4c55-d2d1-257d-2c9210330e58,0,0,0,4,4,4
93d74b39-783a-ed84-9349-4d57f7d5d264,1,0,0,0,1,1
93dd5131-7c71-f14a-dbd3-4be5e416fea4,2,0,2,0,2,4
9411b0b9-254a-0fd5-3907-3acdb922c88b,3,0,3,0,3,6
94226df2-bbc8-616b-ae01-6de71c44a866,0,0,1,0,1,1
9423b654-f6e0-a90a-b347-85d879acb933,0,0,0,2,2,2
943ef402-e800-1f20-fca6-dd00ba79f4f3,3,0,3,0,3,6
9446018e-f9a2-cc88-612f-c012a88fee66,0,0,3,3,3,6
944cf881-9f6f-f02b-cdb0-0e770e4d791f,1,0,0,0,1,1
9468c154-60f3-0614-c1c0-5c887a2dd890,1,0,0,0,1,1
9496589b-8815-a517-fa9c-4ec6d32adb13,3,0,3,0,3,6
94985b0a-7970-520d-0184-748dfcc6a937,0,0,1,0,1,1
94a17ba6-2822-6dda-f511-a6f34632bdba,1,0,1,0,1,2
94a587a9-4b8f-fcfd-70a7-b14c7e8db610,2,0,2,0,2,4
94b30a1f-302f-3a49-1a96-5f2ef9d64bec,0,0,3,0,3,3
94bb194d-9702-2d8a-9b71-7039991fc961,0,3,0,3,5,6
94d7831e-00a2-a6f3-2836-9b512db2e1fa,2,0,1,0,3,3
94d78345-fb97-3138-1abd-5ed023f8496e,4,3,0,0,5,7
95066bd9-7fa4-014f-f542-056c6945a762,0,0,3,0,3,3
950f0230-86d8-d88e-5767-0cc257591291,2,0,2,0,2,4
9513cbce-cffb-5522-7ff3-4a212924f36c,0,0,5,0,5,5
95160518-446e-ccd5-1c9a-94df4222d0a6,1,0,0,0,1,1
95505a7d-a291-8a2c-de99-875aa01772a5,1,0,0,0,1,1
956bb2ac-888a-d32b-d46b-ea8faa72c751,3,0,3,0,3,6
9578f722-b6e9-f05d-2cab-9de59f8262a3,1,0,1,0,1,2
95821934-0289-f947-de2b-37ae17fa875c,3,0,3,0,3,6
959913a0-c175-bd6e-881c-123ca298a634,3,0,3,0,3,6
959cf29b-2719-9ade-b470-510041f40176,0,0,3,0,3,3
95afb437-12b2-2643-1dff-4666c536d97c,0,0,2,0,2,2
95e0224c-39d7-accb-1aec-130545abe97d,0,3,0,0,3,3
95fb71c8-71d7-a9a7-49c7-5bda5c612b70,1,0,0,0,1,1
962ddb6b-7bed-dbaf-0605-f4c383925cc1,0,0,1,0,1,1
9657d00a-20b1-e174-ad4a-9e57bf5ff34b,2,0,2,0,2,4
965cfe83-de40-d495-8975-90a16233a3ce,1,0,0,0,1,1
9668f5ec-79b6-1285-06c2-e96c7cf809a0,0,1,0,0,1,1
966b5687-3c6c-25b1-f040-9eec72de8d6d,1,0,0,0,1,1
96760df0-5073-3160-e0c3-0eb6028d6a98,0,0,3,0,3,3
967746c7-77f6-5e6c-f267-05712a316fbc,3,0,3,0,3,6
96853ebd-2413-1237-532f-924a225a195a,3,0,3,0,3,6
9690a559-db56-71e7-a065-68355edf03e4,3,0,3,0,3,6
96a8fa5f-e02c-63ba-f5c4-b1439f015cf8,0,0,2,0,2,2
96b28226-9424-8994-2677-5651918e7f25,1,0,1,0,1,2
96b5d262-260e-9b91-3427-0994bf14929e,0,0,3,0,3,3
96b98c15-5551-508a-dcc4-da927b963cdc,2,0,2,0,2,4
96d1c90c-41a8-0052-3e70-e279867ac882,3,0,4,0,5,7
96f1c726-2818-a660-79a4-9879e7872700,1,0,0,0,1,1
971b579e-12cf-756f-eb75-4d70b5230f00,0,0,1,0,1,1
9778abfb-8d94-0b46-22b7-5fe0b700e9f9,2,0,1,2,2,5
9783ee03-a7cd-e702-bc9d-d9d7d4689e6d,1,0,0,0,1,1
97a8263f-697c-4cb0-a40c-bf5d3d1578d5,0,0,3,0,3,3
97ab36cb-32e2-e237-b756-2690271c9365,0,0,4,0,4,4
97cd81c7-1ba9-1b94-56d8-85de69503aa0,0,1,1,0,1,2
97cf52d4-63f6-ddac-3b93-924d981f4e8a,2,0,4,4,4,10
97d11444-769f-cea0-d983-28b0139701e3,0,4,0,0,4,4
97e4acc9-cb93-9cd2-0859-a14dd180a977,0,0,1,0,1,1
97f65237-046e-1433-ab17-5df9b2c81f64,1,0,0,0,1,1
97f7c60a-25fb-749c-2d9f-6354e30eac15,0,0,3,0,3,3
98076d78-0e41-e48f-7cf9-9e3b23cbfe01,0,0,1,0,1,1
981bd803-fec0-9e24-aef4-37ad8ad53bb9,3,3,0,0,4,6
981e888f-b0f1-6fe8-1f1d-661c37ab2537,1,0,1,1,1,3
98327acd-0df2-0f4b-d90a-2ec0a208ffac,1,0,1,0,1,2
9835be86-b223-64ce-ca2c-c3a6e06e8da6,0,0,2,0,2,2
983e865c-32e5-6b99-f525-f7c3780afa93,3,0,3,0,3,6
985ae321-e0cf-fe85-f01f-f03f60853757,3,0,3,3,3,9
988216b4-a696-804c-6259-6037c85f32dd,0,0,2,0,2,2
9899e762-0cd1-acab-0f57-20d448911d67,0,0,3,0,3,3
98b17727-9316-a3b4-b4ee-b6cfeba80c13,0,0,7,7,8,14
98b7c45e-8d4c-e3ad-3574-b69ade069776,0,0,1,0,1,1
98bb57dc-58c9-6ddc-fb11-f927d9fd679c,3,0,3,0,3,6
98be6ab3-2b3c-fc37-d31d-b4736ba11840,0,0,1,0,1,1
98c19254-9bc7-a456-8c39-c08b4bd05e2d,3,0,3,0,3,6
98c555bc-2bd9-18b2-4154-9b6424158672,1,0,0,0,1,1
98d71c1d-1b83-0f93-91dd-ba6ee9ed2798,0,0,4,4,4,8
98de045a-891e-9201-680d-624bd7c64f5d,0,0,3,3,3,6
98f22b5e-56c5-1671-ea8e-7882951473ae,2,0,2,0,2,4
99178aee-cfe9-10d0-228f-abeab144d9bd,0,0,1,0,1,1
991c3a42-6a44-a0cf-26ab-86ceb74ab0ef,0,0,1,0,1,1
9925c628-2616-4e1c-d608-afcbef14a08c,0,0,1,0,1,1
992eac99-af2c-bf5d-8fea-4fa8ac40157d,3,0,3,0,3,6
9940ca56-6b11-11b1-490d-f51704b7ac7e,3,0,3,0,3,6
994ce730-ec0c-982b-51a6-ffe0c04ebb39,0,0,2,2,2,4
9978b8a1-d823-4a52-0674-39342446b1d0,0,0,1,0,1,1
999c5e8b-31e8-a7bb-40c6-47e4055d40b5,5,0,0,0,5,5
99c72411-28e6-035f-0dd4-8226a47403fd,0,0,3,0,3,3
99dc02d8-1039-bc92-49d4-4e81716a415f,1,0,0,0,1,1
99fcb98e-578a-5626-61f2-af7d4b4f43f4,1,0,1,0,1,2
9a0341c4-057a-f36a-298c-f2e9187a76fa,2,0,2,2,2,6
9a087efb-1e36-74ab-5173-7082f6fc8116,1,0,0,0,1,1
9a12d8a9-88c0-5c93-14b1-252d16a3dd27,3,0,3,0,3,6
9a201a5c-b0d3-6d74-1dd7-24d1eb1177de,1,0,1,0,1,2
9a4b2070-fff1-28bc-65ff-cd42e38f1ee5,3,0,5,0,5,8
9a4da67f-0fd6-59c9-ae4d-d92f79ace2aa,1,0,0,0,1,1
9a5ba450-4928-ec05-3563-ec902260b6fc,0,0,3,0,3,3
9ab7d7ed-2d7b-e4b9-90e7-f9bdab816e2c,1,0,1,0,1,2
9ae73601-da31-2288-5208-31f4b91dbb7c,0,0,3,0,3,3
9b5f5cdb-28eb-ac81-142c-ddc8b105997c,0,0,3,0,3,3
9b78a9e8-48df-f120-cb7c-a8ce7ca82550,1,0,1,0,2,2
9bb5381c-f983-b32c-2805-b7fb393458ae,3,0,5,0,5,8
9bc750e4-eb16-98a0-f66d-361f71c31b2f,0,0,1,0,1,1
9bed637d-816b-3779-38ae-f4ed4d4fb03e,0,2,0,2,3,4
9c031946-6156-6d69-6788-f44773af897e,1,0,0,0,1,1
9c057022-825c-1397-8c6f-2e1b010777e8,0,0,1,0,1,1
9c15453e-867b-6467-1814-978813f8a47a,0,0,1,0,1,1
9c1c0c4e-f597-8b87-c024-9c6ff207b234,0,0,1,0,1,1
9c38178c-c253-d3fb-f201-eefaa4d89ced,0,4,0,0,4,4
9c4e3064-1983-7f90-3c40-d8dda34d03c1,5,0,0,3,6,8
9c6853d6-f4c4-2ae4-1424-6a0c66812c3f,0,0,3,0,3,3
9c6925a0-4344-0cdd-550c-83f4bdaf1a3e,3,0,3,0,3,6
9cb4280f-1ec2-e839-1aac-a25f71915908,0,0,3,0,3,3
9cf079f7-d413-ca42-ba4c-a1bdeb9edac4,2,0,2,0,2,4
9cf44206-7cec-add4-aead-a855da57f910,2,0,1,1,2,4
9cfa8094-7feb-cf4a-1c87-50c404e33822,1,0,1,0,1,2
9d143a07-0fb1-15ee-1f9b-40d5116df1b9,0,0,3,0,3,3
9d20d38e-9100-d903-ebe7-69fac1f6b882,0,0,3,0,3,3
9d2d0b7b-3ea8-4758-1b7d-f05f89d99daf,0,1,0,1,1,2
9d69dcec-3c31-a8cb-69c6-808694c4917b,1,0,0,0,1,1
9d6e763c-1f9c-0b80-4b4b-c871d94ad0fc,0,0,3,0,3,3
9d84df7e-c202-e814-a583-acf142c893c2,0,0,1,0,1,1
9d84e08c-8979-348d-33ba-d8dae12ccb12,1,0,0,0,1,1
9d97e45c-97aa-177e-57a5-14d5d500d404,1,0,1,0,1,2
9dab239e-48aa-5562-1751-a6363c9e51a7,2,0,2,0,2,4
9db540f0-95d0-2057-6037-48644f43f9df,0,0,4,0,4,4
9dbf07ec-431a-474b-caa7-947c8d3d1068,1,0,1,0,1,2
9df90ba0-c40d-3dd3-3d09-0b2c8c553091,0,0,3,0,3,3
9e32fb86-c79d-03b2-b22f-3ec88588bacb,0,0,2,0,2,2
9e6e940a-9733-4e76-8471-daa154251df0,2,0,0,0,2,2
9ea99883-4290-d079-fd40-f01d5f2788c9,1,0,1,0,1,2
9eb32279-0fde-d3eb-22e2-b6c64529df36,2,0,0,0,2,2
9ebeca68-a00f-05e6-f281-95e50e2360bc,0,0,1,0,1,1
9ed19f1b-1139-b8d2-71a0-17d0b570c4a4,3,0,3,0,3,6
9ed780f3-c020-2496-2832-378fa385a994,0,0,1,0,1,1
9eda3e73-46c2-c6d6-f86d-38ad14bb5b68,0,0,3,3,3,6
9ee1131e-b7a7-b71c-2957-6f8bca185fe5,0,0,2,0,2,2
9f06de0a-7ce7-c507-57b0-8123be8629df,0,0,2,2,2,4
9f0e3cc4-7a51-b420-21ac-725ccc741b32,0,0,3,0,3,3
9f4bdf27-8be9-f743-31a1-863d560b3303,0,0,0,5,5,5
9f7a6836-e268-b8f8-98e7-e874cfbaea37,0,3,3,0,4,6
9f83c390-9257-019b-68db-18282eaa34c0,1,0,0,0,1,1
9f8a641b-12db-663a-ff62-be3a615edd42,5,0,1,3,7,9
9fb175e8-a784-4fce-0919-993a8ff67bdf,0,0,3,0,3,3
9fc6c8be-7f78-a2ef-53af-82231682b5cd,0,4,5,6,6,15
9fcbfb47-6c82-34a3-77ef-ad49602db43f,1,0,0,0,1,1
9fef676f-4ab9-3216-3ea4-fffec11aed38,3,0,3,3,3,9
9ffe6ad8-c048-c9c7-7b58-3cbb032bcd15,1,0,0,0,1,1
a00f739f-0c58-dc61-c53f-62bda84d324a,1,0,4,0,5,5
a027ad07-ea5c-eda3-031a-48dd8429aac9,0,0,2,0,2,2
a0343a34-7be1-d61f-82aa-4a625384fe6f,0,0,1,0,1,1
a07f19cb-efd0-34d3-e8e4-1d1b01365d19,3,0,3,0,3,6
a0b48564-9327-a30f-1972-89b3142c50c3,1,0,1,0,1,2
a0b66836-1d70-5cd8-5452-4f26861919dc,0,0,0,1,1,1
a0b7a3fe-1240-0a08-0c13-82e5e39d43d9,0,0,3,0,3,3
a0b90bc9-842d-0bf7-89ee-b4898b643ae7,0,0,3,0,3,3
a0dad7c8-4ac8-a65d-cc0d-fd530542414c,0,0,1,0,1,1
a0e01431-4f24-4964-81c6-63eb6bb2b74f,1,0,0,0,1,1
a1175ea9-94e9-beeb-84c2-3b123a966666,0,0,2,0,2,2
a1191af0-e7c3-5c93-97c1-ee5420942a38,0,0,2,0,2,2
a11e3775-0b55-4011-9666-b0b843c68c37,3,3,0,1,4,7
a14d6d0e-3e82-1108-c3bb-44ef1b2090c0,0,0,3,0,3,3
a1546976-43c6-fc90-898e-0e9d0ed20287,1,0,0,0,1,1
a15c8cec-82dd-ec70-075c-630ca9451c59,3,0,3,0,3,6
a161a6c0-edc2-d27e-bf78-703fd76e4b7a,0,0,1,0,1,1
a1bad06f-8512-f73c-a991-968b3e64e5ce,1,0,1,0,1,2
a1cc5081-192e-2895-42ff-91dbde642565,0,0,3,0,3,3
a1d90540-fc8c-5f03-be0a-9a730ba19c7c,1,0,1,0,1,2
a1f68a49-576a-d3f0-60ec-7f76e0be1125,0,2,0,0,2,2
a1fae9be-324b-1662-2e7e-f1724681e9fc,3,0,5,0,5,8
a225f5ad-a9e7-ccbf-dcac-4772655bbcfe,2,0,2,0,2,4
a2364a7c-2981-6010-5a4b-44312e35cabc,0,0,3,0,3,3
a2661291-ec66-311c-1d07-bd334c6b7d4a,0,0,3,3,3,6
a2676a43-ea16-eef9-7416-1e322c04549a,1,0,0,0,1,1
a271e25a-685e-bb00-c220-5cabfc533b40,1,0,0,0,1,1
a27ddbd9-7fc9-4041-7120-3ed079474c77,0,0,2,0,2,2
a2896bc5-44c6-34bb-4286-c8a58df74188,0,0,3,0,3,3
a2ad5f0f-cb3e-12cc-28e2-f79362c24f73,3,0,3,0,3,6
a2f80cdb-8a38-e9b5-157f-c8a047ec1f4b,3,0,3,0,3,6
a3112641-7817-d3bd-196d-f3815fb2eca8,3,0,3,0,3,6
a311b9cc-eb47-e66e-0056-0a0ad8e15860,0,0,1,0,1,1
a3141a94-2f38-e66b-5e67-58d63bf831e9,1,3,3,0,3,7
a33030eb-b5dc-44de-04a5-a446694399ca,2,0,2,0,2,4
a33bda41-080f-d64e-8891-4e135176643e,3,0,3,0,3,6
a34707ea-eb53-d87a-bb71-ffdc0c05eaae,0,0,2,0,2,2
a3f838bf-92cf-ace8-a545-5bd76ec1111c,0,2,2,0,2,4
a3fdf99b-428e-b9de-2a97-425657d8be5b,1,0,0,0,1,1
a40975c8-45b4-1320-9b64-7f6f3f6a1ffc,1,0,0,0,1,1
a4170fd8-7b0e-dee0-d9fd-b69a5ed11bee,1,0,2,0,2,3
a41db46e-0d8f-6cfc-4c02-296316aa2136,1,0,1,0,1,2
a4245265-c4e3-da87-80d0-256deb037c2a,0,0,3,3,3,6
a4303eea-8053-6b9f-4a8e-fa9814fddf1b,0,0,2,0,2,2
a44328da-d780-46e5-5007-e101874a85a9,1,0,0,0,1,1
a47ca73f-fb89-54e4-9060-9dd3a1dcb071,1,0,0,0,1,1
a4889f35-01dc-8a9a-bbe1-cd946f3a1e85,0,0,3,0,3,3
a48a09f6-46df-2ae1-eb13-724512c878c3,3,0,3,0,3,6
a4a870fe-e588-fe8c-38d6-a8ac39a746c5,3,0,3,0,3,6
a4b3b672-e131-3ad6-3e47-2263a21b53a2,1,0,0,0,1,1
a4cfd9ef-0332-5ae1-d916-8b5eb140d2da,0,0,1,0,1,1
a4e19615-f93c-f1fd-9253-fa1f0184fcef,0,0,2,0,2,2
a4e621e7-0d84-3f99-c224-5c4f90ca839f,2,0,2,0,2,4
a4ea417a-3d0e-4e4b-a719-7e648ae4a7c5,0,0,3,0,3,3
a4ec8329-2c74-fb47-cbf0-2d5a577de3cf,0,0,2,2,2,4
a50047c5-ef1e-8aa6-806b-ff9055dc9f00,2,0,2,0,2,4
a50744fb-d531-21b5-fb6c-28c73d3276ed,0,0,0,3,3,3
a50de2ca-940b-62cb-55dc-2178fcacb9c5,0,0,2,0,2,2
a511c47c-d4cd-36d1-079e-237a2fb78b7c,3,0,3,0,3,6
a5268969-c8f7-56ed-fbd2-d90a1bf363fd,1,0,0,0,1,1
a54f2ff6-f5e8-10a3-1716-e196eb6cf280,2,0,2,0,2,4
a55692f5-86af-a7d6-ff42-3d1fe8d9ebd0,0,0,3,3,3,6
a562b93b-d978-2e7f-c236-6668cbc3c8ae,0,0,1,1,2,2
a56f7d83-68bd-c619-695e-90f80263700c,3,0,3,0,3,6
a57a6747-a5b9-3a19-734a-38eae75721e3,3,0,3,0,3,6
a581abba-fc1e-9785-65b9-04384f40a3be,2,0,2,0,2,4
a5be31d7-c9bd-268f-9d03-9fca06f87669,2,0,2,0,2,4
a5cbee1f-1848-7eb2-26dc-a8a2d47c6ebe,0,0,1,0,1,1
a5d02745-cd4c-c325-d2b6-7982ffc06741,3,0,3,3,3,9
a5da025f-ffaf-a54a-b9a2-11660c8ec5af,0,0,3,0,3,3
a5ebebd2-660b-f101-d88a-e3c806a82f7f,0,0,3,0,3,3
a5fb71e0-0356-2628-3081-cd89927d03d1,3,0,3,0,3,6
a62faefa-e2f2-b1dd-0470-63dd6c3b1fc2,0,0,3,0,3,3
a632557f-d284-7615-ac8b-2ff22b70c6c1,1,0,0,0,1,1
a67ff05c-6414-4e0e-05d2-24b84fa3e8f5,0,0,1,0,1,1
a6caaa04-5df2-2d95-e3cd-c4cf8a6a1ce5,1,0,0,0,1,1
a6d403db-a641-3307-d787-c73b37c4784b,1,0,0,0,1,1
a710a950-23c9-98f1-bd25-ab2f065f1694,1,0,0,0,1,1
a71eec3f-98c0-749f-154b-ad5efc8491bb,2,0,2,0,2,4
a74588a3-e22b-930c-5be2-b4e8ad91d8ee,0,1,0,0,1,1
a747a4be-0683-e9fe-a8bf-cff44b5ce26e,1,0,1,0,1,2
a748eff1-8ef6-518d-beeb-e7c06fed74ef,0,0,1,1,1,2
a75cb5f4-1f19-74d8-0d02-3a105d053f6c,0,0,3,3,3,6
a769eea1-2179-6271-7573-01471b41d04f,0,0,3,0,3,3
a76b5190-33ea-4a5b-d51a-7c8986cf8294,0,0,2,0,2,2
a781f044-d4a4-c958-8272-a29dd298b556,0,0,2,0,2,2
a7c60bfb-ebd5-5acd-bca0-6d10834043e7,0,0,1,0,1,1
a7d5365e-ffa7-b5a4-0c4e-f9f6aa097973,3,0,3,0,3,6
a7e3db46-8706-0315-f238-b9e2c0ec996e,3,0,3,0,3,6
a811802c-9b38-df21-1813-aebdff659cdb,3,0,3,0,3,6
a817b4a4-80a2-b145-ecb4-3d0b8ecdbeb3,1,0,1,0,1,2
a8250ade-bd45-5cb8-9162-79fb230d7e16,3,0,3,0,3,6
a8256ad9-a01e-5337-d572-03a8de5a267c,0,0,1,0,1,1
a8260f6b-1e38-7c48-389f-50dd478c07f2,0,0,1,0,1,1
a8348861-f5d3-8595-71b8-1ce0d8947fa9,1,0,0,0,1,1
a8394a9a-4bfe-bb3a-da0d-c8ab42081f14,0,0,4,0,4,4
a8474c9e-3628-8879-44cb-38cb5ca902b5,6,0,5,5,6,16
a864e5d6-a2d2-19de-34fe-1f8651e57d5f,3,0,3,0,3,6
a872e0d0-1ada-46b9-67ab-c54c13c18c02,0,0,0,3,3,3
a87b8a2c-f0e7-7b5b-824e-e78f0f8d89fe,0,0,1,0,1,1
a88eb391-fc72-8140-dac8-8437cc1b7df5,0,0,2,2,2,4
a8953964-4612-712d-581e-3002313ebf56,3,0,3,0,3,6
a897d58b-19fa-79b4-7139-4e1676e2409f,3,0,3,3,3,9
a89ee372-1ec9-8ac8-2efe-a89f9f812f43,0,0,3,0,3,3
a8a7f2b1-a32c-0e06-51eb-d912b276da6c,5,0,5,5,6,15
a8a9f0d9-c699-dd59-1090-44fc646ce3bb,1,0,0,0,1,1
a8b8bf20-4c48-1dfe-add8-61120f096666,0,1,0,2,2,3
a8c761f9-f393-37d8-2aae-4da5d203aacf,1,0,1,0,1,2
a8cfa80a-9501-ed89-7405-c752a5087911,0,0,0,3,3,3
a8edad7e-4cb0-bf39-842b-055a49c0b210,2,0,2,0,2,4
a9012667-0b6a-31ed-ff7c-7414e7dd9ce4,2,0,0,0,2,2
a911876b-ee19-7e9a-b8d2-1309a65bd22c,0,0,3,0,3,3
a92cc34d-8384-be53-9654-d4d189196358,2,0,2,0,2,4
a9307032-5a5f-cf67-0fc0-4bd0fa1f482d,5,0,6,5,8,16
a9424371-d598-d40a-b0ea-334e566b7205,0,0,1,0,1,1
a95e2e85-b797-6e39-4601-03b405539756,0,0,3,3,3,6
a96a56a8-bdbd-f3e5-9dfd-38f2b1881e90,0,0,3,0,3,3
a9734f27-7936-521c-dca3-cdb4881ac29e,2,0,2,0,2,4
a97dbd71-cbf6-442c-68f0-989d469ad551,0,0,3,0,3,3
a97ebb53-93e6-8d04-f221-1f44177ca968,2,0,0,0,2,2
a984883a-0bdf-11b7-bd95-c9efab3155c3,0,0,1,0,1,1
a9c0dfe4-8207-9e2b-10f4-50803966aff3,1,0,0,0,1,1
a9cc12aa-ad63-419f-5524-6d4d9e3687d8,0,0,2,0,2,2
a9cce4e4-2ad1-aed5-566d-8d915225c7f3,1,0,0,0,1,1
a9d06530-36db-00e2-005e-47bae624b3c2,1,0,0,0,1,1
a9da3890-2248-7636-a4b3-b70098fe9ce8,0,0,2,0,2,2
a9de0e62-68be-0786-98ec-1fd6a1390b48,2,0,2,0,2,4
a9dee838-2328-4ac5-fb1d-1a736d853d05,1,0,0,0,1,1
aa09ebb3-7875-edfd-ebb9-19811dfcfe8e,0,0,2,0,2,2
aa1c223b-1df3-7ed2-07cd-73502170a96c,0,0,2,0,2,2
aa3fcbf7-ece2-4958-d29c-2502978c63bd,1,0,0,0,1,1
aa5323e0-71bd-c399-cd13-fe61b2f92c9c,2,0,0,0,2,2
aa6228ec-ccbb-f76f-8f7b-0adc4e469bc5,1,0,0,1,1,2
aa806d14-66a0-f8c0-0cde-b57d413125c7,0,0,2,0,2,2
aaa7d145-2389-64cf-a073-e6beffeebd57,5,0,0,0,5,5
aab0081f-47ba-318f-f72b-6cbc8dd1ba22,2,0,1,0,2,3
aab95677-9f61-f7fc-7009-71bfb26fe4a0,1,0,0,4,5,5
aad3780c-a68e-2850-b699-7c61e068d3a7,1,0,0,2,2,3
ab150861-ba64-0b6c-80fd-7b91c321e194,2,0,2,0,2,4
ab187692-202f-5a8b-7316-da0431a44f2e,3,0,3,0,3,6
ab257a32-6c11-e8a0-e374-5fe4ffdf7a07,1,0,0,0,1,1
ab5f0063-88ae-a5d1-32c6-78b12f8e53ae,1,0,4,4,5,9
ab5f43c6-6778-7354-c14a-5b595036c0d3,2,0,2,0,2,4
ab684087-ecb9-5247-3e26-55e053637db5,3,0,3,0,3,6
ab7cc2cd-2381-0d03-e7a1-2eb4e87eb892,2,0,2,0,2,4
aba445e0-bbee-483b-6492-979c5f1fa300,1,0,1,0,1,2
abc610fb-c8df-6778-1d3c-8f1f9c6a62a2,1,0,0,0,1,1
abcde7a2-826b-11ae-a2fc-ee9407334c51,0,0,0,2,2,2
abd7ebf6-a56d-ef1c-c8f4-e7e0487d345f,0,0,3,3,3,6
abe8bc86-8740-b0db-a2a7-ee74a278d9fe,0,2,0,0,2,2
abec6878-f740-4ef3-ae2a-b618fd7a766b,3,0,3,0,3,6
ac36ebe0-1a2d-191e-d6ce-75b1ba3ef02c,3,0,3,0,3,6
ac397e3a-8b3f-68fd-839d-3fa484cd28b3,0,0,0,1,1,1
ac42ea96-0bb4-2c88-94a5-5cf6adc303d8,2,0,2,0,2,4
ac60ccf5-1e1c-0af0-004a-9d55a27dbe83,0,2,0,3,3,5
ac98b2b8-e1d8-e91b-b830-6f850ef1a2b2,2,0,2,0,2,4
aca01114-7bae-a337-0400-f21032130821,0,0,3,0,3,3
aca8e36e-b7cc-8296-2457-3958c519d0c6,0,3,4,5,6,12
ad1b402a-c354-e74c-3ff5-1a1c97f51b62,3,0,3,0,3,6
ad35433f-3c25-7bbc-04a6-b031d5df9591,0,0,3,0,3,3
ad4dd35d-1666-6527-db73-71d3a7db4998,0,0,2,0,2,2
ad75987a-d62c-5ae1-4cd8-d62eefbc6a33,0,0,2,0,2,2
adafdc2f-69f4-040e-d9d6-13619d86da11,0,0,1,0,1,1
adc794dd-5074-625e-a4b3-6428f6d95780,2,0,2,0,2,4
add813af-81c5-11b3-6b4d-6e0f6b2b2e4c,0,0,5,6,6,11
ae1218e2-56a6-028b-e3d0-86731c30fdff,3,0,3,3,3,9
ae1302fd-0434-71bb-2cc9-aa961948ee16,5,4,0,2,5,11
ae5c5609-cc88-3d3c-5999-14e618bca503,0,0,2,0,2,2
ae77d0e9-cfe4-4b00-7bad-cd31b44a390e,0,0,2,0,2,2
ae89bc99-11e7-e118-6a96-32998b705cf2,5,4,0,0,5,9
ae9df6e7-badb-a909-ff3a-235240c60ba3,0,0,1,0,1,1
aef77121-fa2c-35dc-9326-0e308e178762,2,0,2,0,2,4
aefaa64d-8ea6-8b95-265b-08510d6a7143,0,0,3,0,3,3
af10a8e0-437d-6ea9-99d8-6c143971b442,2,0,0,0,2,2
af118243-caf6-6832-de84-a3ee1b96527e,0,0,3,0,3,3
af2f4531-443c-8401-fe1c-d581936aa84f,0,1,0,3,4,4
af3a8fe6-4983-9c11-5731-68be0b240563,0,0,2,0,2,2
af583b0a-70f9-fc19-8d64-59d95b6c87c3,1,0,0,0,1,1
af58d8bc-28ce-ecd4-f619-4b0bae9ce5e6,1,0,0,0,1,1
af98c203-dc82-b2b9-af68-672bfb52729a,3,0,3,0,3,6
afd0e64b-25c0-6eab-c83b-f1d263a10399,0,0,2,0,2,2
b000d069-f908-dcdc-ff30-849ea950671a,0,0,0,1,1,1
b00724f1-0c48-0958-febb-146c27196ea5,0,0,3,0,3,3
b018fa59-7b91-1edd-26cc-773700afe4ef,1,0,0,0,1,1
b0355048-d11e-3290-ce16-195905bd1dd2,1,0,0,2,2,3
b066d342-3857-28bc-1c45-6971295f72b7,0,0,3,0,3,3
b068bc1a-32ac-b1e1-b3bd-2558596b1504,0,0,2,0,2,2
b07be2ec-5f23-80ed-ccd7-dec5150648ad,1,0,0,0,1,1
b0a3889a-8d76-0284-3010-16fde053e2c4,0,0,3,0,3,3
b0ad7414-7b18-7845-4f24-002691a2a1e0,0,0,3,0,3,3
b0b14a10-a1e9-2105-49bd-9d13ab2af3fc,1,0,1,0,1,2
b0b6cfd7-38cb-8613-7138-57f1efb1127d,0,1,0,0,1,1
b0c97407-191b-b288-bdd6-8c7b7633a187,1,0,1,0,1,2
b0c9e242-d6fb-cf35-94c3-aed352cda886,3,0,3,0,3,6
b0e4fd68-0fa2-ebbf-ca5c-20a7f432a1e5,0,0,3,0,3,3
b0ecc2ed-d4ee-0b4b-45bd-ef403d151856,1,0,1,0,1,2
b0f0a128-3c5a-2506-ed1e-3aa44f7e54cd,2,0,2,0,2,4
b0f1f3b9-038d-0ae4-c122-909c48ea0482,3,0,3,3,3,9
b0f53d86-3c86-7448-71b1-7d90e969c053,0,0,1,0,1,1
b1054599-dd57-4586-f795-ff0c00178bfd,0,0,2,0,2,2
b10f702d-41b1-204c-a952-52733c86b3ea,6,0,0,0,6,6
b134a1dc-57fd-76a4-952d-211bc42c60b8,0,0,3,0,3,3
b13afe4a-0de3-93cd-c04c-2d2906356d41,1,0,0,0,1,1
b1510a65-2861-5c38-c953-8c68495ae66d,0,0,3,0,3,3
b15905ad-2ab2-49b7-0dd1-95ca94b2d4af,2,0,2,0,2,4
b16afe30-8a76-54f9-95f0-bcefdfebca7e,0,0,0,4,4,4
b1741586-9e91-690f-b1b0-76d0a2586595,0,3,3,0,4,6
b1bfcd2c-18fe-b791-a056-07a470d5175b,1,0,0,0,1,1
b1c15981-b42b-c409-2868-2bdc5eabf106,2,1,0,0,2,3
b1cd8e86-d11c-7471-af07-22957223fc9d,3,0,2,2,3,7
b1db7d87-d489-9a6c-1e12-93c94e775278,1,0,1,0,2,2
b22c4e8c-2171-1f01-af83-3ec49f2c020b,1,0,0,0,1,1
b236bb21-8033-62f3-c25b-0769f1802904,2,3,3,0,4,8
b2c51ccd-c0df-672b-ff84-673be16bc7c5,0,0,1,0,1,1
b2ce0ff3-338e-6d11-f90c-f64a57b6d384,3,0,3,0,3,6
b2d06ed9-f639-76f8-b52c-5acba1f2a37e,6,0,1,5,8,12
b2d81266-5ec3-6556-a912-46f21918e99c,1,0,0,1,1,2
b2d9b069-0182-0933-0495-94e84a77cc29,3,0,3,0,3,6
b2f6ce13-94c5-8a81-4426-c084ec713782,1,0,0,0,1,1
b326d769-5b27-cf90-cef4-2412942c8219,0,0,0,4,4,4
b3478605-aeba-6ff8-7e39-0cbd67c5a220,3,0,3,0,3,6
b39dc3eb-445d-f7c0-0d99-dd2ac7baca55,1,0,1,0,1,2
b3c3de6f-fcf7-b6d2-9475-3b85e6cfc13d,0,0,3,0,3,3
b3f2c1b0-a9ae-7585-f677-8b697982cdd1,0,0,1,0,1,1
b41bb6ff-a48a-f423-ee73-ad3b51f49a4e,1,0,1,0,1,2
b4381a76-d4bd-72e1-b69d-ba9a3f9219a0,2,0,2,0,2,4
b44a6ba8-5941-6a42-ed21-151977432646,0,0,2,0,2,2
b46d723c-0c21-e62c-888f-ea685b0b328c,0,2,0,0,2,2
b47e7cd6-a260-83a6-4ab5-75c0440f0344,0,0,3,0,3,3
b499697c-1627-3d05-9b98-70345e07d83c,6,0,0,0,6,6
b4cd9e17-a7bc-fda5-529e-0b42322ae4cb,1,0,1,0,1,2
b4ee39cd-55f7-74a0-91f9-4aa1a684e846,2,0,2,0,2,4
b5023b14-2ef3-8aa7-a061-daa0cd3dc832,2,0,2,0,2,4
b50dadb3-c3fd-4cda-801c-e2d2065fbfde,2,0,2,0,2,4
b514cbc8-eae9-c677-44e8-75ed8e20428a,1,0,0,0,1,1
b5332c8f-a8dc-c17e-4456-79fa44f34f31,0,0,3,0,3,3
b560c891-5a92-f956-10ea-46689b2a863d,0,0,2,0,2,2
b56de129-c2a0-2f66-6b5a-fb702c2b88da,3,0,3,0,3,6
b57f8d5a-2bf0-f772-1cf6-8a2e2acd8e54,1,0,3,0,4,4
b57fa5b0-ad64-79c3-3810-2f66e754a7a4,0,0,2,0,2,2
b5a2472e-4fad-8330-47bd-81b59797c03c,1,0,1,0,2,2
b5cfab26-a2f3-1031-1e5b-aded67b19e96,0,0,0,3,3,3
b5f46fb3-b9fe-375b-d3ae-530dbb32293f,0,0,2,0,2,2
b6012079-358e-bcab-b163-f86533ff0dbd,0,1,0,0,1,1
b62dfbee-812a-2e6b-6a7a-e9eaa95c521d,3,0,3,0,3,6
b665ccba-cd22-b9f8-9eb5-3f5dc8c32a1f,0,0,2,0,2,2
b68f9863-ac36-e0bf-94e5-ea350719b4f9,0,0,3,0,3,3
b6bce73d-6093-3d9d-be66-c4ec8dc1fcc9,4,3,0,0,5,7
b6e714f0-ca37-fee2-4143-8b2242ebb9d0,0,0,2,0,2,2
b6ebe30b-3dae-2c32-8986-986e5835c12d,3,0,2,2,3,7
b6f24fcf-0fc9-d056-d44f-a82f29e716fe,1,0,1,0,1,2
b708f3ec-23ce-6fcd-c186-846a761d1e69,0,0,1,0,1,1
b7533537-8147-d9db-f54c-45fbb878e26d,3,3,0,0,3,6
b7534289-5ac4-4a33-8856-b268ae644581,2,0,2,0,2,4
b755c9fc-c6ae-0e53-3c4e-733bf4724ca4,0,0,2,0,2,2
b759a504-0654-53f6-b008-653d52a88bfb,1,0,1,0,1,2
b75ba64c-0242-8a8a-606c-75c34148ee22,1,0,0,0,1,1
b77c0474-1d93-0471-5c6e-9e7a5e740ae3,0,0,3,0,3,3
b7899c95-c1b4-b4d4-d49f-c16c75e188f2,0,1,2,0,3,3
b7953dad-1f35-a8f9-9cf3-64ccd9f7cb3b,0,2,0,0,2,2
b7a3fdab-70a1-d935-ac7e-ba82e38f244e,0,0,2,0,2,2
b7b466ed-da30-28af-ecdc-141bbe79e454,1,0,0,0,1,1
b7c6cba5-774a-bae7-1c36-c86348d8c882,3,0,3,0,3,6
b80a3f7f-7b0b-f6e7-094e-301cc5845ec2,0,0,1,0,1,1
b82763da-6731-9f5c-6ed9-0a4e946c4ed5,4,3,0,0,5,7
b85178a3-9c17-3dc4-c7a0-c20016767f04,0,0,1,0,1,1
b8701555-343e-317d-5474-18f4d4aa6874,0,0,3,0,3,3
b8c7e657-f2f7-3689-f23b-fcf759689177,3,0,3,0,3,6
b8cb8e37-655b-f64b-788f-27cf947670c9,1,0,0,0,1,1
b8ef6ccf-847a-3028-766e-d5ac5eb6692b,0,0,3,0,3,3
b937cd87-37ce-b1be-2c33-c19b7ac33d35,0,0,1,0,1,1
b94076df-baff-ad84-f5e4-b832ede90d55,0,0,3,0,3,3
b94502dd-31a8-5d3d-5de9-9be47cc085ab,1,0,0,0,1,1
b94618d9-e121-fc71-0475-995461333d9e,6,0,5,5,6,16
b957cf41-f921-9649-f522-6b50b1de8af8,0,0,1,0,1,1
b98fc62e-2976-f412-22ff-2bc4f3535bf5,0,0,2,0,2,2
b9adc7e0-d775-8959-2bc1-4c8b3a879de2,0,1,0,0,1,1
b9bbd90c-58d3-78c3-653f-29a5a463ad68,0,0,0,1,1,1
b9c0558e-4ba4-c026-8193-39f90ae9d503,1,0,0,0,1,1
b9eb05d7-d8b2-c252-f7e0-8fa2e1f28453,1,0,1,0,1,2
b9eb81e7-6fd0-9b48-cb0a-01e3c111b908,3,0,3,0,3,6
b9eed905-bb9a-3cbb-aca1-e363e3f9f788,3,0,3,0,3,6
ba0ac708-9fd8-2b78-408a-f89990891686,3,0,3,3,3,9
ba14264b-4cca-5cb9-8e00-23e00923aef6,3,0,3,0,3,6
ba1a43b9-6d12-ac59-c546-732a3fd9f94d,0,0,3,0,3,3
ba2151ec-1bda-4b1f-7713-0ee2c3e0ee25,0,3,4,5,6,12
ba2725ca-ba38-d153-9263-517c9addfda6,0,0,0,3,3,3
ba525813-e36a-157f-9e5f-0a963d3eeaf3,0,1,1,0,1,2
ba56f94c-1772-3baa-44ab-8a4db83f1ab5,0,0,5,0,5,5
ba64d88a-4133-4f74-7835-0a295b904e1b,0,0,3,0,3,3
ba666ca6-e1c9-1396-5264-f88fcafe108d,0,0,2,0,2,2
bab172e7-37e7-5cfe-e6da-43103abfa97d,3,0,0,0,3,3
bac2aefd-e277-383e-fcb0-fb300b118c17,1,0,0,0,1,1
baed5dbc-6bb1-6a1f-e416-91e3935f774d,0,0,2,0,2,2
bafa5bd7-362c-51a6-e718-310bd83a4d71,0,0,3,0,3,3
bb07cbf2-5495-e1a4-56bd-c79bb2d3678a,0,2,1,0,3,3
bb1efa73-3ac9-cb01-a2e3-71e86472459b,0,1,0,0,1,1
bb211b37-82cf-21d0-4baf-97c98f62aca6,1,0,1,1,1,3
bb2b2ea0-b192-39dc-b1e9-aca82a6c480c,2,0,2,0,2,4
bb32ce0f-46d5-eb9d-80e0-e3e43cdf5633,3,0,3,0,3,6
bb35cd4f-a621-f0c6-ef05-32045ae8a318,0,0,3,0,3,3
bb8055ff-b23b-fb52-08af-cf709700efd2,3,0,3,0,3,6
bb8968b6-005b-7eb1-0c4f-c5a60a24e070,1,0,1,0,1,2
bb942bae-c9b5-e64c-b477-05c2d1b66f6f,2,3,3,0,4,8
bb978f38-9a03-2b9e-62c5-40e55dc215d0,2,0,2,2,2,6
bb997e22-d9cf-2fce-4da7-17df40e6529e,0,0,3,0,3,3
bb9ecd25-7ffc-85a1-6fee-a8fa3194ca35,0,0,1,1,1,2
bbc91289-a933-30f2-a63b-2013307ce7d0,2,0,2,0,2,4
bbc99c6e-1552-a677-ca8f-61a2e541e6c8,0,0,2,0,2,2
bbcb9c63-87f0-bf8b-0fa3-31df9e4a51ea,0,0,1,0,1,1
bbd6937f-35d8-ae14-7fe9-50119d1f1d46,3,0,3,0,3,6
bbfde5e9-c972-1fca-1b54-39caa06531f7,0,0,3,3,3,6
bc077e1f-2cfb-5ee1-d6e9-dd984682b4ed,0,0,1,0,1,1
bc0d4f01-99e0-c01a-5ed0-47a15999005d,0,0,2,0,2,2
bc21c91f-6787-4ccc-bd14-ddb96c217714,1,0,1,0,1,2
bc33e9eb-ef8a-86fa-1aed-49256a15c7da,0,0,1,0,1,1
bc405721-de8b-331f-30c1-f43058f6b2f1,0,0,1,0,1,1
bc60bb52-81c0-16e7-4954-59e465f2eb2e,0,0,3,0,3,3
bc644b39-0300-b75b-2217-ced5685cbcef,3,0,1,4,6,8
bc74e269-2ed1-3d3f-4c11-6b73dc0545a2,5,0,0,0,5,5
bca74918-9ea9-1d99-41c2-75e5ce64813b,0,0,3,3,3,6
bcc45951-ac9c-98a6-aefd-4aa71d6015f2,3,0,0,0,3,3
bcd23017-5d26-0255-8de8-a1b37f17b756,0,0,2,0,2,2
bd274adc-1d3c-e9ad-d1fc-4b0c258961c0,3,0,3,0,3,6
bd33fe99-e561-c04d-2ee0-179145172f21,1,0,0,0,1,1
bd68f3a6-e32c-3ae4-ffd4-7ba46e4c99ac,0,0,1,0,1,1
bd70a815-23fd-b1c0-b6f8-4711463e682b,2,0,2,0,2,4
bd8f1691-7173-b09a-b129-0a7df049b436,0,0,4,0,4,4
bd997955-a7db-ba15-534b-a17cc46c827a,1,0,1,0,1,2
bdb271bc-6596-0268-1f08-cae25a699c1e,2,0,2,0,2,4
bdbacf8f-83cd-fcb1-9ffa-f03f6366fd01,1,0,0,0,1,1
bdc13495-7e1c-69cf-e3fb-877cb536f403,2,0,2,0,2,4
bdc82241-23b9-af4d-be0a-89acc7917189,2,0,2,2,2,6
bdc9b457-30f8-4efe-2e00-1a157de2b996,0,0,3,0,3,3
bdca9398-23af-c879-a578-eda2dfafc66d,0,0,2,0,2,2
bdcbb9d2-2844-034f-4fc0-f58662e0b7fe,0,0,3,0,3,3
bdd2146a-ca84-0856-1583-7dc34336716d,1,0,0,0,1,1
bdd353ae-9696-e1a8-4141-936d18675e07,0,0,3,0,3,3
be0b4684-938c-ab6c-f805-78e4fe914714,1,0,1,0,1,2
be58a5b8-bb60-7714-e667-43e8a434e470,1,0,0,0,1,1
be654af0-9eeb-1568-37cb-c36f65f94cc2,1,0,3,0,4,4
be67a0a2-8fc0-7360-2f61-7e0fb44978ff,0,0,1,0,1,1
be7690dc-e3f0-bbc4-edc6-2ab49ebbf661,0,0,3,3,3,6
be86135e-d491-f407-ae77-ca485d629888,0,0,7,7,8,14
beaad25f-502a-9021-4531-ba0746df4461,2,0,2,0,2,4
bee03944-dfd4-cfee-6885-864903a825f9,0,2,0,0,2,2
beff667d-fb84-af75-ba61-4d888ab02a37,1,0,1,0,1,2
bf0d0ce3-318d-6fba-4ccc-c820854ee7d3,2,0,0,0,2,2
bf108ea3-3d44-064c-ed6e-3fe2bc54fc70,0,2,0,2,2,4
bf199080-d8a9-0be2-ee91-7336277ebf17,3,0,3,0,3,6
bf61a667-79b2-9bc9-3fae-780228e527e4,1,0,1,0,1,2
bf71a8ba-70b7-954f-672a-a31d5ac41904,0,0,0,1,1,1
bf907078-e179-1a15-51f4-39666217203f,0,0,3,0,3,3
bfa1cb35-4b7c-c32a-212d-a8f8cc7661d5,0,0,1,0,1,1
bfa3e0fb-398b-99ff-4413-d9f603694f6c,0,0,3,0,3,3
bfb5c3cd-898b-883b-7e7c-5ec94a6782aa,0,0,3,0,3,3
bfbf3615-df75-5e64-cb87-b8484c619c7f,2,0,2,0,2,4
bfc75d98-e2aa-43a8-1707-eeb0d9b78394,1,0,0,0,1,1
bfd0dfc1-f984-3c38-f9c0-9c494aadfcad,0,0,3,0,3,3
bfd8778b-4219-625b-3d5b-db78f6ea75f4,0,0,3,0,3,3
bfeedb06-86dd-822b-a12e-96bf1032b983,0,0,3,0,3,3
bff5732b-6005-ea49-999f-9de7b77de1db,1,0,0,0,1,1
c009aa06-a06e-6dda-7254-9b6031261685,0,0,1,0,1,1
c018b194-5d92-8ab3-e34b-f2f8f6035b73,1,0,0,0,1,1
c01bf821-2ca2-406a-a708-6bd6b58ba1f3,0,0,2,0,2,2
c06d7907-f040-dfed-3987-996a98a30b41,0,0,2,0,2,2
c079c69d-7865-813b-94a5-fea9df1c6978,0,0,3,0,3,3
c093ac85-8ee1-a0ca-d4d7-af537b67698b,1,0,1,0,1,2
c0a5aced-97ba-392a-2cf0-39f39df4127d,0,2,3,0,3,5
c0a8696f-773c-288f-ab24-53875ea225cc,1,0,0,0,1,1
c0b00290-7306-9cfc-7411-8b431aab0aa5,2,0,2,0,2,4
c0d6355a-f85b-a600-ac61-1dd60c0cb149,0,0,2,0,2,2
c0d722f7-32d0-05d6-5cd6-6c3ac88157b1,3,0,3,0,3,6
c0e3df9a-e7c3-23c3-44be-e870757fc37a,3,0,3,0,3,6
c11f17c7-f8ce-e719-851a-c71a4996ed45,1,0,0,0,1,1
c12981d3-7d4a-6992-283f-55a4ba8bd9ec,0,0,3,3,3,6
c13ba770-ca2c-9479-993c-7d637dbe6727,6,6,0,0,7,12
c14dbbd5-0dcc-14ad-0910-51acc65f9de4,1,0,1,0,1,2
c14de82f-01f6-8edb-bd6c-e417d5681bcf,0,0,2,0,2,2
c14f11eb-712a-9e78-0597-8e345924cd7d,1,0,1,0,1,2
c152db59-473e-743a-e6f8-929566098cee,0,0,2,0,2,2
c1ad3b0e-8844-b644-5e9a-e9d1a7e74965,1,0,0,0,1,1
c1ae550a-6b7e-5068-2d28-5c84bb284435,0,0,1,1,1,2
c1e2120b-2d52-4afd-6b45-e336a50b395e,0,0,2,0,2,2
c23b3c6a-7565-50d5-c9bd-4cd79f3a8ada,1,0,0,0,1,1
c2474c1b-0a7c-705a-f994-30b22e058e3d,2,0,2,0,2,4
c25e0f48-b07f-8348-2755-edf70ef393d9,0,0,1,0,1,1
c268c33c-fe54-61e3-f770-dfb4693cde1b,1,0,0,0,1,1
c2745f54-607d-546c-d16c-41375cd8ab94,0,0,3,0,3,3
c2958c02-6d60-4fe1-10cc-1d25a8c4a623,1,1,0,1,1,3
c2cbfab6-7426-c22d-1dac-cc3984b40a47,0,1,0,1,1,2
c2e0e701-6fc7-c6fb-0c07-cdacf97889e7,0,0,2,0,2,2
c2e811cd-4e36-e5db-fd4f-d8edfa5d4e1f,0,0,3,0,3,3
c2eb62ff-1c94-d845-8e78-a5a6cc9f8429,3,0,3,0,3,6
c2ec6587-d132-c3cd-f868-ad44eab439b6,1,0,0,0,1,1
c2f81084-c0fd-12c6-0d89-0fc726b68654,2,0,0,2,2,4
c2f9a17a-c80a-1d1a-451a-de4a5529515a,3,0,2,0,3,5
c32376ca-5287-c1c8-f83d-15fe246506d2,0,0,3,0,3,3
c3267c5c-c86c-0376-3dda-94997e8841a4,2,0,2,0,2,4
c3351240-4598-2106-37b0-7e00ade24ca1,0,0,1,0,1,1
c3370145-9638-0314-a246-c8502f3d288b,1,0,0,0,1,1
c3442774-3750-d861-4557-c5ad7d333259,1,0,1,0,1,2
c344d0eb-aae9-f952-d3e2-475b1cb88eaf,0,2,3,0,3,5
c36b405c-2d34-be3e-42c0-bdb4f570ec84,0,0,3,4,4,7
c397a933-1697-f5a8-99f9-b11c206e1207,0,0,3,0,3,3
c3c65424-3f63-3a4a-5660-dd661d14e780,0,0,1,0,1,1
c4180016-be64-633f-627a-8539925b1f64,0,0,3,0,3,3
c42cd050-a3f2-ce62-76b5-211fd3dc809d,0,0,2,0,2,2
c43861a2-2074-1928-21e9-9fd14d2f96d6,1,0,0,0,1,1
c44292e9-7966-fcc8-43d8-89e142076e1d,3,0,3,0,3,6
c44e7f02-ce12-88a5-33a7-3da212a44bd9,0,0,1,0,1,1
c4933fa1-4f42-4410-6eea-e89c44365613,1,0,1,0,1,2
c4946aef-3ff5-93c0-3a71-7757697ececc,0,2,3,0,3,5
c4a309cb-bafa-1684-0dc7-954be8c6dfe1,0,0,3,0,3,3
c4f40ac9-312d-02f0-727c-05c8d82a7851,0,0,1,2,2,3
c50f3b7d-d868-db5b-62a2-9a5833b3765f,0,0,3,0,3,3
c51b5c47-86d7-41c3-22b9-f7c38bb7e08c,0,0,3,0,3,3
c5278605-47a7-1163-3a7d-4c6d98fed258,0,1,0,1,2,2
c54730e9-d2a0-c4f1-8f94-c05bcc1722d6,0,0,2,0,2,2
c55c5bd9-5338-172d-d624-1dd4be410f51,0,0,5,3,7,8
c58942ed-644e-91fa-c027-63b8ce5fa91a,3,0,3,0,3,6
c59595bb-8558-e5e2-d281-b4a1ca5bae32,0,2,0,1,2,3
c5a0c4a8-46e0-d709-1a56-87e82022a896,0,0,2,4,4,6
c5bbf8d5-0e9d-f37b-7d31-f30bc1c574a5,1,0,1,0,1,2
c5c791fd-c6dd-a1f3-41b2-45f0b14465bf,1,0,1,0,1,2
c5cb38f6-7435-8e59-ed61-027fe7648bee,2,0,2,0,2,4
c5d7a601-c6ba-25c0-16b9-95ebde515d03,0,0,2,0,2,2
c5fa83f8-d5eb-b93c-6a37-98ef0641a031,0,0,3,0,3,3
c64491cc-3c0c-04a7-c828-1b0a40d102fd,2,0,0,0,2,2
c6571b4f-258c-f578-8d79-c5e8343468f3,0,0,2,2,2,4
c671f7ec-0de0-5494-1232-403b2e2d4f11,0,0,3,0,3,3
c6a123dd-7720-8688-c7cd-79250dbb01ec,0,0,1,0,1,1
c6afd0f4-cd81-338b-2988-ac14120efed4,0,0,2,0,2,2
c6b90842-d8c8-f047-5f47-790d10440a76,0,0,3,0,3,3
c6c408dc-2f09-0827-bd02-70fbeaec353e,0,0,3,0,3,3
c6ebcb1c-a538-7ba9-7e52-38dceb8923bc,0,0,3,0,3,3
c7044591-2c22-72ee-1d9b-67db0d02f0ff,1,0,1,0,1,2
c71d4bf1-8700-d53f-4920-a55de232c6bb,0,0,3,0,3,3
c72206b3-61d9-8744-d3a7-3c9b6b35955b,0,0,1,0,1,1
c72ee791-1fc9-11b3-7429-96dddb9177dc,0,0,3,0,3,3
c73df008-239c-93ad-43a8-6c24feb5cf09,0,0,1,0,1,1
c73f5e57-2165-0cc1-4bae-243a0193e0ef,1,0,0,0,1,1
c754eed5-8bdc-527c-65a8-91c689c27d85,1,0,0,0,1,1
c78a3eef-ae07-d6d1-9892-fbc1bf227451,0,0,2,0,2,2
c79e8695-9fa5-f66a-2090-d957e2d738e9,0,0,2,0,2,2
c7ad275d-cebf-8544-370b-ac5b273a6493,0,0,2,0,2,2
c7ada6ff-421e-2e2e-fb5d-07e4726fdbdf,0,0,2,0,2,2
c7b07609-f8f9-8946-5f3d-c98efee0f4dd,2,0,0,0,2,2
c7b496fe-f967-df51-1309-5d5014751f65,0,0,3,3,3,6
c7c6378c-ee29-d50a-1f09-6a73769ffc55,1,0,0,0,1,1
c7daec01-ace0-fa06-dfc6-ac00aed4f087,0,1,0,0,1,1
c7f7527f-5894-2fea-5cd4-be72533463ee,1,0,0,0,1,1
c807df25-ed5e-27a6-32a1-be2753305196,3,0,0,2,4,5
c80cfeff-e2a4-b689-8a26-2c7cbfd4f9f3,2,1,1,1,4,5
c8101251-5a9c-e5f0-f7a2-5ca9f34e4b41,0,0,0,1,1,1
c8352cea-4da1-dd77-60b4-2e4d70ada3bd,0,0,3,0,3,3
c854348d-f49d-580f-28a5-eb35abfd631d,2,0,2,0,2,4
c856e8e3-0a37-29d7-44ad-7fef869a8379,0,0,0,1,1,1
c8a22356-58f5-50d9-834b-fb5045c44a46,0,0,2,0,2,2
c8a3fe43-6902-40e6-05b0-92a724e96483,0,0,3,0,3,3
c8d41b9f-ade4-8eb3-d8d3-908b2efdf54e,2,0,2,0,2,4
c8e80caf-ffbe-c5ba-fdd6-3f99f6633a15,0,0,1,0,1,1
c910b73e-eef1-cc09-b581-dc1db1a6611a,3,0,3,0,3,6
c9174475-154e-9e7a-b783-40797a12c457,0,0,3,0,3,3
c9293162-345e-0a0a-02a0-f640d3923340,0,0,1,0,1,1
c92c8599-fe19-25c3-0c83-8b30c40a953b,0,0,2,0,2,2
c9ab0221-655e-405b-8e57-cbb85dde5edb,0,0,2,0,2,2
c9b2e98a-17d9-3a87-e5b5-d35f3d58e831,2,3,0,3,3,8
c9ba003c-0899-9aa0-6d57-3be182961c51,1,0,0,0,1,1
c9ca2b61-e0d3-0eb4-4ceb-8fb5a5fedd2e,0,3,5,0,5,8
c9e13502-a15a-635f-a164-77c80fcc3ae4,0,0,3,0,3,3
c9fec4cc-ea68-eb0b-5e41-25d7e812a214,0,0,3,0,3,3
ca063294-527a-3264-d939-2fba926fd819,0,0,3,0,3,3
ca0d1a59-3e68-7526-a852-e57409a991ca,0,2,2,0,2,4
ca14bffb-4d60-ec05-5fdc-2dd452fd13ea,0,0,3,0,3,3
ca1b852c-ad02-6fad-ced1-30b7a470e8c4,3,0,3,0,3,6
ca2de37e-b916-1ce6-9fc7-e23c6b1a81a5,2,0,2,0,2,4
ca507db4-b72c-be07-294a-4aad0b33d76f,0,0,2,0,2,2
ca564a63-5c94-c99a-8909-f301c6424e79,1,0,0,0,1,1
ca5ca9e9-3986-09a2-74e7-dbf8baf432b1,1,0,1,0,1,2
ca641db5-ee12-73df-072d-35f45f5cfd46,3,0,3,3,3,9
ca6818e2-6b34-c0d4-9a47-54bb2a38f9c4,0,0,1,0,1,1
ca879237-900e-f88f-1280-70f11261be2a,0,0,2,0,2,2
ca8e5e74-7b5e-ae2b-22c2-6d07631077ac,2,0,1,2,2,5
ca9e395b-e214-0902-a076-d9e0502e6f04,3,0,3,0,3,6
caa20506-c83a-7999-418a-e8c474939f58,0,0,3,0,3,3
caa72a7d-5873-3c6e-e5c7-d47797b3f814,0,0,3,0,3,3
caa80d35-a5db-efac-818d-c95dbc77d759,2,0,2,0,2,4
cab66e2d-9a68-9cfb-2eec-b4a890afa6eb,0,0,1,0,1,1
cac9dbde-6cb2-76b3-e89b-6fdc873cca9b,0,0,3,0,3,3
cad56d51-ebb5-e510-9363-aa6cd797613e,3,0,0,0,3,3
cadf6459-b023-bcdf-7ce2-b78a36314287,0,0,2,0,2,2
caf5c559-2859-b5e6-1ca6-c0973f655822,3,0,3,0,3,6
cb0118c8-e7de-949d-b108-a9fe56dbe585,0,0,0,1,1,1
cb6d2e52-89ab-93f4-f4f7-367eed1c6eb8,0,0,6,5,7,11
cb715e40-a6c5-5030-23d2-343dfbbc3a78,1,0,1,0,1,2
cb883c4b-eca5-9acc-7b65-b71dc3b271b5,3,0,3,0,3,6
cb89567a-957d-3c56-205d-156e98ec0b3d,0,0,2,0,2,2
cb94c4a6-e07e-e027-ff6d-7646ca0befac,2,0,2,0,2,4
cba56c35-a3f2-bcd9-9549-dc3e277f10ad,0,0,3,0,3,3
cbadd895-c3a5-21d8-dc39-daaa7e4e82cb,6,4,0,0,6,10
cbb6d63f-7d96-cad8-e574-dffdbe1a12d9,0,0,2,0,2,2
cbd09f85-205c-3a05-3ac6-c2f5bcfb8ed3,0,0,3,0,3,3
cbe03520-78bf-5eda-dc1a-5f49ecf29bbc,1,0,0,0,1,1
cc0acdf3-34cd-6031-29c6-9054e63cb4fd,4,0,0,0,4,4
cc3c639d-5ea7-b72d-3e0d-dcfa5295406b,3,0,3,0,3,6
cc438284-0b43-7ef2-ed5c-1d7a3f70b025,3,0,0,0,3,3
cc652b31-4f27-b182-1e45-6d997a7e4416,0,0,3,0,3,3
cc8772b7-7858-5804-7f78-731c4051085e,3,0,3,0,3,6
ccdb479a-4403-d8d3-0833-3d5b209097db,0,3,3,0,3,6
ccdee1d7-3c12-71da-ce0a-28c5d03458c9,1,0,0,0,1,1
ccfa1037-14e7-b45b-8e88-5d29052ff65a,0,0,2,0,2,2
cd0e707a-7ed1-b77b-902e-cd76f8d7845e,0,0,3,0,3,3
cd0eb838-1cfd-91d3-6632-4d274e6ab519,1,0,0,0,1,1
cd1fec08-8057-f144-fd98-ef7c0a7080bb,1,0,1,0,1,2
cd3032fa-4a72-c6e0-0590-cdfc26f593c0,2,0,2,0,2,4
cd4d2157-6e80-24b7-8023-8b185608f0ad,1,0,0,0,1,1
cd5c7ea2-f095-c17a-5c74-4561cd239016,2,0,2,0,2,4
cd75c9ff-60a2-83ad-135b-efc2eedc4a32,3,0,3,0,3,6
cd8271de-cfa4-0f02-21a7-dc9cbef1bd15,0,0,3,0,3,3
cda0b9e6-4e4c-77e8-acb5-cbd25fffd12c,0,0,1,0,1,1
cdb3f18c-460f-d0cb-52db-bf92f848d35b,5,0,0,0,5,5
cdc67bc0-f928-0efb-6c80-3c2a74d39f33,0,0,1,0,1,1
cdfffe93-88a1-6bed-fced-85f083f81f27,0,0,3,0,3,3
ce00b941-81a8-026a-4a18-399fa53382a9,1,1,1,0,2,3
ce03de13-5a20-13ba-4266-98bb2780002e,3,0,3,0,3,6
ce1d1a57-1e71-22c7-9584-73bb92913ab5,2,0,2,0,2,4
ce205d49-660a-e3b6-33a3-75aeadd46530,3,0,3,0,3,6
ce23bb43-ccc3-6bc2-7ff4-803d679beb55,2,0,2,0,2,4
ce31b181-1a25-692d-4981-4177bcf12804,0,6,0,0,6,6
ce36096e-3d11-56e3-fb7f-df9b1139c3f6,0,0,2,2,2,4
ce3a3f99-f7c1-3b47-9336-c7abce3c0ada,1,1,0,1,1,3
ce3eee7a-3b41-3336-cde9-3834a2c34799,0,0,3,0,3,3
ce4540f5-2e03-548e-55b1-52331d46cdd6,0,0,1,0,1,1
ce53c268-7c1b-d93d-41a9-e78bdf46c153,2,0,2,0,2,4
ce62b7c4-f996-de87-417d-9c516822d517,6,4,0,0,6,10
ce7e6bb8-547e-9864-6cc1-fc807807ad54,3,0,5,0,5,8
ceb33d99-7f9f-bc71-f284-e61dc21ed3c0,0,2,0,2,2,4
ced6e13c-cd34-83ff-20fa-e326a7fbdc93,0,0,4,0,4,4
cf2b7f11-5b1a-1c9d-33f2-632aa5f8388f,0,0,3,0,3,3
cf3602bc-84f8-2100-49b9-e14a548d29e7,0,0,2,0,2,2
cf484f49-628a-3033-a616-4a9727cea3b7,0,0,3,0,3,3
cf69d5b9-cb7c-9e6e-88b7-c03ea2ac1b40,0,0,2,0,2,2
cf84bd36-41cb-11e6-9221-4ea1de223642,3,0,3,0,3,6
cf8cd4ed-353f-a2b8-2695-46d3e0929ab6,2,0,2,0,2,4
cfaa57ff-fa24-8b35-12ae-d8f636d14d7e,0,0,1,0,1,1
cfc4d19e-dc82-93c8-fc3f-233ded0bb733,0,6,0,5,7,11
cfcefc64-2b8e-30ec-17e8-a437da8e0e38,0,0,3,0,3,3
cff6b910-536f-20c8-2fa1-e4e8109a984e,2,1,2,0,2,5
cff8a1bb-2baf-d86c-3308-d5de9189ffba,0,0,1,0,1,1
d00a8629-3708-0ab5-7b2e-4e3e63d11732,0,1,1,0,2,2
d020a156-b4b7-a35f-9bf2-eea9482d1364,0,0,3,0,3,3
d02415fe-65f0-ed2e-169d-5c4101211978,3,0,3,0,3,6
d0494ff6-8ade-e464-4a5c-baea010d1e11,0,0,2,0,2,2
d0550a4f-f67a-d353-0867-2211c4e7239c,0,3,3,0,4,6
d05930a4-55a1-2d80-0272-0e793492d90c,3,0,3,0,3,6
d0878df6-7fb4-32e3-5e3b-c21d918d61bb,0,0,0,3,3,3
d08ecac6-762b-8958-1c25-aee7747898f6,0,0,3,0,3,3
d0a07ece-1d97-cfc4-8d80-ae537018222c,1,0,0,0,1,1
d0a7fc47-6a88-35d8-0d65-a624641fdae4,2,0,0,0,2,2
d0ceeacf-a07f-ca8a-0ddb-3f3c21327872,3,0,3,4,5,10
d0d2d70b-fa70-f1dc-aefd-b884629d9a16,0,0,3,0,3,3
d0d687bb-3403-4a8b-4a2e-5b8afd99c9e2,3,0,3,0,3,6
d0e031e9-4c97-d75c-3301-3b9f6cb00a05,0,0,3,0,3,3
d112e1ed-d6c6-fc49-b2e7-f3a41711928e,2,1,0,0,2,3
d1205b96-29d6-7cd2-48a7-6acf926bdc33,1,0,0,2,3,3
d131c215-6657-d318-da9f-79d4d2db490a,0,0,3,0,3,3
d1536b7a-8efd-703c-de95-a561db29d99c,0,0,0,1,1,1
d15fc290-b7f8-9f50-3edd-37d7090f8db0,1,0,0,0,1,1
d167505d-5e8a-10b8-77cd-52efaa2fd251,1,0,0,0,1,1
d17f1ab9-1602-0a3d-0db1-ae6f6f594122,0,0,1,0,1,1
d1a32354-bedf-ebf2-f6a9-b3ba185d8b21,0,2,0,0,2,2
d1b3ece7-c615-9cd3-951d-8fbd4f3b1cf2,1,0,0,0,1,1
d1e1a475-f0a3-084d-4f37-e4fe6253d940,3,0,3,0,3,6
d1e980d6-8abf-ca9c-37e9-6e0c4dec1cdf,1,0,2,0,2,3
d1f23674-2dd2-6e59-fad6-82663ead1d19,0,0,3,3,3,6
d1f31a90-5fa3-d873-3a4b-8e98e653be8a,0,0,3,0,3,3
d1f757dd-a7db-bada-609d-df7b636c5eb8,0,0,1,0,1,1
d1f7c363-6c4f-7d5a-54ae-5bd34be7ec5c,6,0,0,0,6,6
d202853a-70ee-856d-fdff-afd98e30e369,2,0,2,0,2,4
d2609b6e-4e22-3b2d-f52e-6ae75d26865e,0,5,0,0,5,5
d2635cf6-7255-ff5d-f0bf-692006932060,0,0,2,0,2,2
d268fe81-7220-6a76-b48b-c613f219df71,0,0,2,0,2,2
d2906ec9-40d8-33c3-77b4-44dec730a318,3,0,3,3,3,9
d2925c08-a4b0-1dc4-0a26-596ec9c7f52d,2,0,2,0,2,4
d2b0c55d-4aa5-36cd-8181-7dc73644a8b9,0,0,2,0,2,2
d2ced13a-8e52-f2da-deea-4a7ad61ea4c4,0,0,3,0,3,3
d2e76e94-f4b0-9d26-9cda-142d67c80625,0,0,0,3,3,3
d2ea6af9-487c-c1e1-50f7-ec63aa26f523,0,0,4,0,4,4
d2ec1f08-6c21-3ed4-2430-b794a8ec060c,1,0,1,1,1,3
d3044b3f-e608-6f3c-93fa-60a386ff3c8a,6,6,0,5,8,17
d3094188-d199-4cc9-c7b6-9f36a6940609,0,0,2,0,2,2
d3110009-fde0-7354-27ec-c58fec008c99,6,0,5,1,8,12
d3464063-4b6e-c705-1b14-ebd26c09af11,0,1,1,0,1,2
d3544d4d-cdcc-3129-101f-634e55f776b9,2,0,1,2,2,5
d35c7af9-4083-f884-6050-8f0e1b082928,4,0,0,3,4,7
d3722a26-86f6-50d3-1329-75d041c5484e,3,0,3,0,3,6
d3b98568-952a-49f7-99db-9ed676f306ed,0,0,3,0,3,3
d3d27db8-e22b-23fe-149c-70624c99dbef,0,0,3,0,3,3
d3d4997e-bf70-6235-4833-5e2b94c36da4,1,0,1,0,1,2
d3e002eb-9327-64df-da20-94821e271a4e,0,0,2,0,2,2
d3f81f5b-7310-2da1-5984-e2831bf42b0b,0,0,0,1,1,1
d41d491c-691d-8aff-6086-4ce26c855860,3,0,3,0,3,6
d45748b5-7d8d-ad48-c10f-dac287dc3eb0,0,1,1,0,1,2
d4640310-0ba9-51c7-9b16-1f134b77e5a4,0,0,2,0,2,2
d4762889-8c95-1b2e-2bfe-b4c3c058c796,0,6,0,0,6,6
d48418a1-8b9d-d0c8-d07c-4f457773e653,3,0,3,0,3,6
d49289d8-9db2-bbd9-3483-ee91cf74ced8,1,0,1,0,1,2
d49ba4e2-85ee-5587-4598-28b3335c3b91,1,0,0,1,2,2
d4a7a889-1229-2857-863f-4988025e2b0c,5,0,0,0,5,5
d4ceb733-90e0-bfd6-2c29-be5e76e81e5b,3,0,3,0,3,6
d55d8637-4670-ce1c-2b33-2ab2d41cf280,0,0,1,0,1,1
d55e54da-3b6e-70ba-2e6c-03a6413cffdb,0,2,0,2,2,4
d5617fd5-f286-4793-2442-8f9b4553bd49,5,4,0,2,5,11
d56d3f34-3fd9-01f4-81f3-f796d1244553,1,0,0,0,1,1
d56ff2af-0088-2319-fb61-9f03924939d8,0,0,3,0,3,3
d581fdf8-bce9-d6ef-bf2d-15be2c86ca4e,2,3,2,0,3,7
d589e373-3705-02cf-5323-88813b6aaff9,3,0,3,0,3,6
d5eec9cc-efbf-381f-124e-21cb3bb94397,1,0,0,0,1,1
d5f89f85-a844-d24f-19a4-1a3240c9c1a8,6,0,5,5,6,16
d63464d7-8169-7832-15d7-42accf3118ad,1,0,0,0,1,1
d64ceb3a-6cfe-fbde-f9fc-a6ddd36e2702,1,0,1,1,1,3
d65d7b27-6170-4a58-c43a-54c6ef4e154d,0,0,2,0,2,2
d6670f53-b747-75b1-b787-21bd12951a5b,3,0,3,0,3,6
d66b7844-491e-e07d-9fc0-3b8a27d50e3a,1,0,0,0,1,1
d69e03c7-09fa-4793-0575-7c05c2cbd717,0,0,3,0,3,3
d6cef71d-5a15-559b-c34a-7932a241ece3,0,0,1,0,1,1
d6dbbcef-41e1-ccb0-cb52-2b9c74172126,3,0,3,0,3,6
d6e0954c-b363-c125-9964-7ecf6c86c66d,2,2,2,0,3,6
d6e670a1-578f-1232-08fc-8c21c82f91a2,0,0,2,0,2,2
d6eddc87-cc3a-f666-1af3-00d3d361565c,3,0,3,0,3,6
d70cc8fa-937c-832e-51b2-c13adb2d4f25,2,0,2,0,2,4
d7106dac-d437-02ad-4056-51dc4fcf588d,1,0,0,0,1,1
d7122532-2b52-c837-7559-f477ab28ec11,2,0,2,0,2,4
d71e117f-e647-342f-80ed-3a131ad990f0,0,0,2,0,2,2
d720880a-8da6-07da-9037-650c5d704587,3,0,3,0,3,6
d7209710-ecb6-7a6f-3bea-52940c216087,0,0,3,0,3,3
d739a882-f820-2851-91e0-31da3f824e73,3,0,3,0,3,6
d7562b98-9440-f589-1b74-9f979abbabd6,3,0,2,2,3,7
d7587fe3-89f7-95c6-0fc4-617a09d53dfa,0,0,3,0,3,3
d76ff8bb-679a-6d98-b7f2-61a7cb1c069e,3,0,3,3,3,9
d77c08bd-5b94-df0b-eb2e-cfc31fc73ed7,5,0,5,5,6,15
d79c4bdb-209c-b89d-222d-cc8a23c99e8e,0,0,3,0,3,3
d7adb303-751e-e620-6ccc-96b4724cfe2d,2,0,0,0,2,2
d7de8428-ccae-3f2f-1208-4792cce0ecb0,0,0,3,0,3,3
d7e928cd-c412-7ecd-01bc-cf92fdbf5e1c,1,0,1,1,1,3
d85c0266-8501-ec7c-055a-8b79bf664626,1,0,0,0,1,1
d860af6f-848c-7b06-81ad-94b72df04446,0,0,2,0,2,2
d8745a4b-6ace-0ddd-8bf2-2e5b054a833d,1,0,0,0,1,1
d87df8c9-4af8-9158-39f3-ca63769f4119,0,0,2,0,2,2
d89333c2-db41-1fda-2664-ad9173fa45e5,3,0,0,0,3,3
d8c1771c-2815-2079-0b8e-a5dbd4fe82a2,0,0,3,0,3,3
d8d90ff8-af35-cb5c-64c3-4e58c4c3ced5,1,0,0,0,1,1
d8e039ab-e090-cdaa-17f6-f8c1e1fb445a,0,2,0,0,2,2
d8f1aceb-fd3b-0026-d1a1-75b18cf42358,4,0,0,0,4,4
d8f79dee-15de-16db-a4af-d9d24cc970c0,3,0,3,0,3,6
d92a885a-b501-d68e-2c98-50758c9ab979,3,0,2,2,3,7
d95aaa14-ce2b-0148-e834-2e3efd98f36b,0,0,1,0,1,1
d990abe9-d408-eecd-d634-aa264f1e956d,0,2,0,4,4,6
d99e91df-d248-9b05-08a4-2c939266f6f9,0,0,0,3,3,3
d9aa1bcd-8953-91c6-7cd9-4705b705cfb3,1,0,1,0,1,2
d9c68cf7-1a2d-562c-9ebd-9f9fc9390454,0,0,1,0,1,1
d9fb038e-f427-e5ad-d39e-f9ffb71a29fd,0,0,3,0,3,3
da178e3c-e854-1ee6-d419-ff5c88fe12ad,0,0,2,0,2,2
da2a7b98-a181-60f9-fcd7-529333c9d447,3,0,3,0,3,6
da2d9126-d14e-40f0-54b7-93038a2d394a,2,0,2,0,2,4
da355c97-8275-28b9-8f0e-6f94588f6632,3,0,3,0,3,6
da39038a-4b71-29d2-cdb1-27eb61cf7612,0,0,1,0,1,1
da4729af-b6ad-022e-f5c6-18f2129302db,0,0,3,0,3,3
da846059-4c06-4fbb-bc7d-a2d0d6f255dc,1,0,1,0,1,2
da90afe8-635d-8023-d85e-3f5420a8bef4,0,0,3,0,3,3
dac89842-f8cc-96c9-c77e-9cf9af69a428,0,0,5,0,5,5
dac90de1-5896-776d-b969-e77264d55233,0,0,2,0,2,2
daddd7f2-d351-4c04-6b94-020fc9c99082,0,0,1,0,1,1
daeca954-bb75-cc18-6032-2a0000b13c09,0,0,1,0,1,1
daf49601-c614-5560-07a2-24b779621224,1,0,1,0,1,2
db022c62-daec-1de4-99ac-505e9ae24f01,3,0,3,0,3,6
db0660cd-d415-39ee-f30e-61f88fa7b8d2,0,0,3,0,3,3
db144e94-ec3e-d5cc-0945-0d89d3fc736b,1,0,0,0,1,1
db151c32-9055-125c-2aa8-bdecdf1c9f07,1,0,0,0,1,1
db5d8996-2f86-5326-e1e1-9a8c501ee1b0,1,0,1,0,1,2
db64abf0-2a29-58ae-9aeb-068d03542f7a,3,0,3,0,3,6
db72a16b-98e3-bf72-3e9a-d97e8fccfa4f,2,0,0,1,3,3
db78436a-e0f4-cd73-70d0-0f62033f767f,2,0,2,0,2,4
dba785fb-c859-0969-32c1-3c06c339ac9c,6,0,0,0,6,6
dbb55542-a7e9-07f5-14b7-b9b272b67c15,0,0,2,0,2,2
dbf36cfe-7bd9-2169-ba80-d5849885fae9,0,0,2,0,2,2
dbf6ea94-6f31-3099-40c9-0a8650c7062e,0,0,0,3,3,3
dc07ecf8-8403-01b0-8c68-2f77914129a9,2,0,2,0,2,4
dc1ab8ed-3737-03ea-cab0-02dec595525e,2,1,0,0,2,3
dc1cf48e-fe84-3c12-80a5-2d7de789cac3,3,0,3,0,3,6
dc373aa1-7651-0a98-0525-1e019dfbb39c,1,0,0,0,1,1
dc44699f-fbc3-77d5-cf1a-ef7366b0b1d2,5,0,0,5,7,10
dc542683-7635-8475-5d2c-c58ffe765c43,3,6,0,0,7,9
dcd1e399-846c-6442-12b8-4a5608c20a44,0,0,2,0,2,2
dcecc542-4868-0054-0938-3b08776afc08,0,0,3,0,3,3
dcfb2417-91a7-d603-5f82-e8bba4fc40e6,3,0,3,3,3,9
dd046e0a-830e-9969-fdfa-41e4f3d85178,1,0,0,0,1,1
dd467d0b-be96-6ed9-4d04-969700ebde57,0,0,3,0,3,3
dd673b09-65f5-5524-a708-41e3eaf5437e,2,0,2,0,2,4
dd6f3151-753e-8d35-7b87-33c4e0a99e29,3,0,3,0,3,6
dd7ac862-a41b-a154-5276-603e842c5fdb,1,1,2,0,2,4
dd88dcf0-d974-4dbe-8a73-9c29d60613f3,0,0,2,0,2,2
dda2d943-3816-489e-97fe-4ce528ecc869,0,1,0,0,1,1
ddae8f55-44b3-c959-65d7-71500812f968,0,0,3,0,3,3
ddb77aca-615b-bc45-f621-2828429d595d,2,0,2,0,2,4
ddb7a1e4-2fdc-b9e5-b7ef-e999eac1a1e2,1,0,1,0,1,2
ddc447ef-dd09-219c-6835-a761c0c8e9cf,0,0,2,2,2,4
ddee4314-7448-bbd5-1ba8-0dc73a57af14,1,0,1,0,1,2
ddf85889-57ef-b78e-29c1-be13722271a4,2,0,2,0,2,4
ddfca660-7773-9f1d-ba3c-3153d5ec39fb,0,0,2,0,2,2
de0ae43b-1e9b-edbd-7866-7b86964a255f,0,0,2,0,2,2
de306892-c92b-dd5b-6703-760b84363df4,0,0,1,0,1,1
de652c09-6e85-2bb9-a2a9-b55e6a930e85,3,0,3,0,3,6
de8dc6d1-5e68-73ac-e12e-252404843cfd,1,0,0,0,1,1
de950ba2-220f-4119-ef8c-7d9ab6f73921,0,0,2,0,2,2
de9a652e-9cab-8ca4-2a32-bdf894affbf7,2,0,2,0,2,4
dec11364-d0a9-3dff-8cca-4e0bb74013e1,0,0,3,0,3,3
dec2b1ca-6e9b-a0df-d177-adbcb117c178,0,0,2,0,2,2
decf7e77-7f2d-5cc4-7ffd-ffe6ee5f6782,2,0,2,0,2,4
defb9953-6137-2f0a-aeeb-3037e364b4d7,0,3,0,0,3,3
df021fb9-0018-26f1-caa0-55e13903f5aa,0,0,1,0,1,1
df1c1cd5-aa3e-9c5e-a480-3b8e8cc65791,1,0,1,0,1,2
df2a5cdd-a3f1-6318-9319-2cffd396295b,5,0,0,0,5,5
df3ca7be-98ba-2567-c9b0-8e8e71d9a65b,0,0,1,0,1,1
df4726cc-6623-1ca5-2687-500188e6f2b5,1,0,1,0,1,2
df47a8de-0313-b325-7fba-8377e4fe0b3e,0,0,1,0,1,1
df6c8a17-aa87-0a0a-4441-526a581cddb4,0,1,0,1,1,2
df74c3d9-44de-0e1d-447d-e45a9f2d33a7,2,0,2,0,2,4
dfa953b5-73ed-92dc-0004-6b273472fde7,1,0,0,0,1,1
dfc64d66-f77c-a0f9-f420-d5fe07371ad7,1,0,0,0,1,1
dfe6b5c6-dad2-f32d-46ad-dc4562e7fa26,0,0,3,0,3,3
dff0f615-4dfb-0fcd-15a0-92074fff03a0,1,0,0,0,1,1
dff766fc-6127-10e3-50c8-be2ac0589d0d,1,0,0,0,1,1
dffa1b0f-9414-23e8-d0a4-b964edec214b,0,0,1,0,1,1
e021abb8-fae5-0b4e-a12f-83fa693b8a63,0,0,2,0,2,2
e021e222-68e4-8c0e-4472-8883f92c5ef6,3,0,3,0,3,6
e027348a-944f-6e65-82f9-b65d2c80b072,3,0,3,0,3,6
e04e2392-7a4c-0aaf-0a40-493407e0ba9a,3,0,0,1,4,4
e06d85b1-9be3-d590-c482-8fbe3b393915,0,0,1,0,1,1
e0738a53-2399-86b5-c9f5-bac41b3b4ee2,1,0,1,0,1,2
e0794e65-3000-cd1c-19f3-0bac2fdf70fd,6,0,5,5,7,16
e084b521-1a86-2d3a-34a8-cb0f3a92952e,3,0,0,0,3,3
e092c63c-e305-36df-5b46-98754a8e1fc9,3,0,3,0,3,6
e09e0ed9-d9a1-b940-2775-d7788e61ff2e,1,0,0,0,1,1
e0b9a1cd-0352-a83d-947a-98e3df44ed7e,3,0,3,0,3,6
e0b9dede-375a-074c-83f4-1b34101e3c66,1,0,0,0,1,1
e0c5af72-4172-5844-f362-c4c59a521284,0,0,1,0,1,1
e0d6631b-70ec-41f7-8a9b-de81d40e2d04,1,0,0,0,1,1
e0e6bdc8-b22c-fad4-9feb-a9334e43a7bf,0,0,3,0,3,3
e123d8f2-a14c-6381-335a-7437eb170e5f,0,0,3,0,3,3
e12955df-a89d-5321-007b-d7670e4f5e21,3,0,3,0,3,6
e12a127f-7d03-6618-2331-01023949f926,0,0,2,0,2,2
e16b8841-c90d-57ac-b744-c771264173f6,3,0,3,0,3,6
e16d9a45-f7ef-e80f-52cd-8e78b5933b33,0,0,0,1,1,1
e1715383-9253-53b2-1761-2dd13c7f534d,0,0,3,0,3,3
e17db8f0-2252-c1c8-c632-06f370553be3,0,0,2,0,2,2
e1997d4b-fb09-a04f-54a1-3f0699c1f300,0,0,1,0,1,1
e1b391db-c9c9-25bf-dd93-f798f835ca10,1,0,0,0,1,1
e1cdd860-ddab-35f2-bf15-196d5894dede,0,0,2,0,2,2
e1dc3a55-1109-0c6b-e454-c1ee2721565b,0,0,3,0,3,3
e1e055a2-01d9-bc90-8f0c-8876cd5b6b64,0,0,1,0,1,1
e1f281f1-5d69-2301-9168-d8ec1a51ab34,0,0,2,0,2,2
e1f79901-e502-fe73-e783-4e0d99b13c7a,3,0,4,0,4,7
e2024c4f-dbb1-a4c1-e6d1-87efcf3e1689,1,0,0,0,1,1
e228c296-f0b9-127f-62f3-086b2c4a4e95,0,3,0,0,3,3
e2293491-6fb4-4d88-f245-eabd388dd7a3,0,0,3,3,3,6
e280b5a0-f3c0-dd39-53fe-0af6caa91758,0,0,0,4,4,4
e28db867-3de9-3eec-1482-4bb3393553fe,0,0,3,3,3,6
e2a92897-fcf9-984f-d4d9-80cef1150658,3,0,3,3,3,9
e2acdf94-7497-0efe-05fd-74506916f060,0,0,3,3,3,6
e2b27e0a-71fb-61cc-eaf2-fdbd84030756,2,0,2,0,2,4
e2c474ca-6dc6-f490-48c7-be52e498b8a2,3,0,3,0,3,6
e2daded6-0e77-0448-d620-7f6a2d9e2c5c,1,0,0,1,1,2
e2f66e21-3161-cf28-0715-262bd131bbec,0,0,3,0,3,3
e315ce05-c44a-fa5f-97d7-280b231c1937,1,3,3,0,3,7
e317d9e2-2de5-2e9c-a45a-8f09224b95b0,0,0,1,0,1,1
e32cb1ee-8087-d69a-da07-91259734228a,0,0,3,0,3,3
e3564267-0bbb-89c0-deaf-404f8e66cce4,0,0,1,0,1,1
e379f38c-8def-ab38-a001-a2b747fead4b,1,0,0,0,1,1
e38476d0-bf42-863b-04e6-5019eb7aec1d,0,1,0,0,1,1
e3a5f8e1-9197-0cb6-f0ca-fa426aeb27e1,0,0,2,0,2,2
e3aef13c-06d2-aa20-efb9-f70c45291f9d,0,0,2,0,2,2
e3b66d17-d313-fdbe-5fdb-29ca1efc824f,0,0,2,0,2,2
e3bc43d8-05dc-3550-475a-4abc01651570,0,0,2,0,2,2
e3c42a7e-a63d-381c-330f-d70729bdc40b,1,0,0,0,1,1
e3cdc6b6-2779-b995-ca2a-c78759df7677,1,0,0,0,1,1
e3de7dd5-3969-e9e8-5737-2bf8b9da5a8f,0,0,2,0,2,2
e3eef750-430c-6016-91f3-1593b7d412db,0,0,3,0,3,3
e43a9a4a-c88f-363f-de5c-497138246c7a,0,0,3,0,3,3
e44018ff-d6c5-2a9a-0e27-c69ed4d1cebd,0,0,1,0,1,1
e448b149-f713-0f9e-9bb8-142d0ef9a83a,0,0,3,0,3,3
e457dd74-b8c0-8515-2cb4-fdc515f887cd,0,0,2,0,2,2
e49448ab-5c55-4aed-07ef-e8bb22bab7d8,0,0,2,0,2,2
e4b43d8f-18ac-62e1-8860-06a4cc0bc8b1,0,0,2,2,2,4
e4d472cc-0d76-5475-990b-9a97a4a600b7,0,0,4,0,4,4
e4dc2516-74e0-abc2-afd7-0829a520202d,0,0,3,3,3,6
e4fecdbe-acfc-9487-e416-931d4ce78534,0,0,2,0,2,2
e504d2ac-d0b4-fba4-0e15-af3742d1f76f,1,0,0,0,1,1
e50c69d2-e358-66b3-480f-16f1cb4b1eba,1,1,0,1,1,3
e51089d7-c61d-237b-c2d9-807566ccaf52,0,0,1,0,1,1
e51dcdab-6b58-7dc7-6ee8-8811325cf100,1,0,0,0,1,1
e545f868-26f9-38f9-69be-b0de9539bb4d,1,1,0,0,1,2
e54ec2fe-29d2-aa3c-b999-5033a9f898ae,3,0,0,0,3,3
e5a38421-8bc3-1a76-b1b1-639bb7173b32,0,0,3,0,3,3
e5a907ee-8ca1-24c0-489f-96469a9125ab,0,0,0,4,4,4
e5b79f19-c694-7605-f35b-8d0f46c70e32,2,0,2,0,2,4
e5c1e366-7fda-533a-32f9-acc0dd0902db,2,0,2,0,2,4
e5c4e0bb-69c1-4e84-b28f-f300281056cd,1,0,0,0,1,1
e5da4b74-9978-17a0-53e5-2cd242b539a7,2,0,2,0,2,4
e61f7017-b202-accd-90e2-f4f7cf0ad168,3,0,3,0,3,6
e66cfdff-d825-f567-dcb9-ea1c2062ad20,0,0,2,0,2,2
e6a817bc-0539-cca1-87a9-1d24828df496,0,0,3,0,3,3
e6ec871a-8a12-e94a-4816-75624e63f9ef,2,0,2,0,2,4
e7120aa8-3db6-82de-cfcf-9a4f458192e3,1,0,0,0,1,1
e7177b0f-8bbb-8302-f9d8-ef34950168ac,0,0,2,0,2,2
e72685b6-2837-c3e0-1114-b6aa68bd7446,3,0,0,0,3,3
e7456100-ff79-f980-d9c4-a5987b7899d6,1,0,0,0,1,1
e74b38bf-105d-bc78-e740-8e2de074fbe6,0,0,1,0,1,1
e75e1d97-10bc-35f4-bd98-bd504856ac7b,1,0,0,0,1,1
e7c67d21-fb36-ed1e-075f-6a535ba9dd54,3,0,3,0,3,6
e7e0b04f-ad75-7543-b7ac-07b4c97624d3,1,0,1,0,1,2
e7e5b742-ffff-ec1c-4133-d8c064aa7c88,0,0,3,0,3,3
e7f66055-9d1d-f938-e31f-2d38ad9b3a66,1,0,0,0,1,1
e81af244-d4d3-1e7a-10e0-64a0e75b2137,0,0,3,0,3,3
e827bcad-9c2a-2137-93ce-fdd8d1d27186,1,0,1,0,1,2
e84e4bed-0dd9-9813-b419-24b12810697a,1,0,0,0,1,1
e85ab1a1-f217-c682-5de7-8f0148b4aba5,1,0,1,0,1,2
e85f6b0e-e38d-29fa-d33a-a4b956fcbc4a,3,0,3,0,3,6
e8622fd6-4281-4de5-bd7c-3f72a71fc94b,2,0,0,0,2,2
e8674147-d3ae-c0cc-5028-b2f4af1420ce,2,1,0,0,3,3
e8ace5fb-4b0e-3285-72c0-87070ae9d8a5,6,0,5,5,7,16
e8d36c32-3f6c-716e-1c0a-98879c5a42a0,1,0,0,0,1,1
e8f0e689-7b10-e8ed-3212-72f1362f9d2a,1,0,0,0,1,1
e901dfc7-a01f-42cf-a64d-6ce186100db5,3,0,3,0,3,6
e9084d63-ee5b-eea7-dbeb-443427c0933d,1,0,1,1,1,3
e908fd13-8fa8-b96b-aa29-8f644eb33fc9,0,0,3,0,3,3
e92ca545-4a49-0bfc-3f1c-2c67168d2625,0,0,3,3,3,6
e9363652-f432-5460-9d6a-73d467635826,0,0,1,0,1,1
e947d3b4-6e3f-fd26-a267-db2a57ca8cf0,1,0,0,0,1,1
e9541e96-5486-dc05-e5ac-3bc34ffe6954,3,0,3,0,3,6
e9731ff3-8601-a5c1-51e9-7d4680537cab,0,0,1,0,1,1
e9a64a3e-763a-a236-62c0-cbbda4349fb1,0,0,3,0,3,3
e9cf2f64-2af7-b459-0760-108b1c5aaec6,2,0,2,0,2,4
e9ec1b35-8f63-b339-b5f6-857ad154a5b8,2,2,2,0,3,6
ea2833db-30e4-4f90-761e-5f68dfb21501,3,0,3,0,3,6
ea6ee268-1416-5e11-d4a7-cee8f1e56723,0,0,1,0,1,1
ea79fd27-ceab-abd8-dc54-b64260fdca5c,0,0,3,0,3,3
ea82d6e5-881c-9e9c-f1f1-94fedea589cd,3,0,3,0,3,6
ea869593-12d9-5704-3f71-83f0093cb3bc,1,0,2,1,3,4
ea8d78ad-b94b-8644-b1f5-27c2718bb5b7,2,0,2,2,2,6
eaa4a01f-3319-5710-084d-1b1d9153742e,0,0,2,0,2,2
eac2d5d4-879a-b3d9-0316-92dc5aaf1b92,0,0,2,0,2,2
ead0dae1-5abd-cce5-023e-15e6bfb69f03,0,0,2,0,2,2
eae836a4-b414-1d82-e87c-c70dda0e4cb4,0,0,1,0,1,1
eb08cba5-e3c1-0300-d960-0dd579121af4,0,0,2,0,2,2
eb618d79-2b06-f413-e2bb-1ede3cb49ff4,0,0,3,0,3,3
eb73ae18-e414-be2b-4f60-571fd89dcd04,2,0,2,0,2,4
eb8e58e4-5636-5b70-6239-d6310f66c00a,0,0,3,3,3,6
eba5ff25-50e6-61b3-b28c-9df094648839,1,0,0,0,1,1
ebc3b608-1e1e-fbc6-e814-6d003ff4691c,3,0,3,0,3,6
ebe7d92e-a382-7117-65b3-7fd26cc5740c,0,0,3,0,3,3
ebfe3cba-6443-7485-0142-d35abef4993f,0,0,2,0,2,2
ec040c34-e898-035b-1bcd-e2c0dae75299,3,0,3,0,3,6
ec0eee42-187b-2331-53ad-7cade18d2823,3,0,3,3,3,9
ec16d6b6-485e-a757-84bd-fa67ef8b5937,1,0,0,0,1,1
ec4059b7-b620-0fd9-59e8-0a2dd5536f0e,2,0,2,0,2,4
ec8f4a1c-f14d-b012-1722-57b511e1579d,2,0,2,0,2,4
ecd10c0d-4149-8cf3-93b1-a49dc9ef26bd,1,0,0,0,1,1
ecd5b3b8-f1a5-b532-c9ca-24edd2788df7,0,0,2,0,2,2
ecdecb19-5f14-5d42-b54d-9194390d500d,0,2,4,0,6,6
ece4165c-4b4b-9883-d641-eccf6c596377,1,0,1,0,1,2
ed0421f7-a429-946b-cfa3-a99ba3e2eab0,0,0,3,0,3,3
ed0a14af-8d99-daa3-dc34-8f234d637af5,2,0,2,0,2,4
ed199c41-3758-a745-22ee-a7f8dec5be0b,3,0,3,0,3,6
ed64d537-78cc-2fcb-55b9-d061c2187c1a,0,0,3,0,3,3
ed7ae7e2-b61f-5b1a-47e6-04f07881530f,1,0,0,0,1,1
ed883dbc-566b-ad39-c174-a1a2cb4ef9a3,1,0,0,0,1,1
ed90b06a-5271-bc59-3b1a-81cea4255811,0,0,2,0,2,2
ed9e680c-506c-bb74-bed6-71422b77db1f,0,0,1,0,1,1
edb5e928-adc4-3ee0-32cd-5b1882dd2caa,0,0,3,0,3,3
edba8ebf-bdd8-22fe-3a2b-bd9bc54e4a19,0,3,0,0,3,3
ede6822f-1c8f-618c-ba78-b3dd97b8e83f,0,1,0,1,1,2
ee0fa4db-b0c1-bf90-b5b5-3f1e010a9539,3,0,3,0,3,6
ee1b701c-03b0-61f8-5506-b360e7a0ce9a,2,0,2,0,2,4
ee27f4c7-e8c0-3c56-1cb1-8b45089e4edb,3,0,2,2,3,7
ee3d06fa-7640-b09f-3cfd-57c285eb2f12,5,4,0,2,5,11
ee53ceb9-5d8b-aff5-87aa-b23322419df2,1,0,0,0,1,1
ee582644-8377-1c60-fe55-2c33df1c5f51,3,0,3,0,3,6
ee5c9d7d-3b4c-99ee-ea3f-bf1c6545b291,1,0,0,0,1,1
ee5cfd82-8782-d6ba-4378-f55dd2f909d1,0,0,3,0,3,3
ee6f5745-b214-e7bf-cdd5-9122dab7b4e7,0,0,3,3,3,6
ee7c44fe-5265-7f30-dbc5-1705da807bad,2,0,0,0,2,2
ee85b9ed-d07b-f0b6-38a2-57d7fdf59a94,1,0,1,0,2,2
ef0f45fb-7b5f-d728-303d-88ebeab18f90,0,0,3,0,3,3
ef13e1d8-29e1-7964-2ea0-9a1a95bc84ec,0,0,3,0,3,3
ef1fb3f4-2c07-ad8b-9a60-7bbbaa8933e1,2,0,2,0,2,4
ef3d9751-5517-e5d5-578c-f2c68cbabe6c,0,0,1,0,1,1
ef3eb2be-fa30-d929-325b-e5ec9f8bfd20,0,0,7,7,8,14
ef7b4455-3293-2fb1-a51d-1aec24d72a6b,1,0,0,0,1,1
efa24434-d902-66e1-c098-a9e9b38dbcce,0,3,0,4,5,7
efb3b1e5-0c13-a8b4-3927-e93fa66da8ab,0,0,2,0,2,2
efba1b2a-657d-1a2e-6861-cd458dd0f6ab,0,0,1,0,1,1
efc38bf3-7dde-e6b3-91a5-b90a5c814130,0,2,0,3,3,5
efcb6fd8-c797-5874-00a2-5bb868cab03e,1,0,0,0,1,1
efce703d-15df-18df-d780-ea65ec725b87,0,0,0,2,2,2
efd111f8-a037-3ff1-c24b-33769bba7529,1,0,1,1,1,3
efd17672-ccfb-0260-37e2-7b8d0cff61b0,0,0,3,0,3,3
f01a9835-38ae-f72f-9a68-234f0f4f4bb7,0,0,2,0,2,2
f01b43b9-ae2e-c861-3495-94597264b8d2,0,0,2,4,4,6
f028102f-1d1c-5863-a778-82027c14e011,0,0,3,0,3,3
f081ed1a-4c71-268c-447a-7123b5946ccc,1,2,0,1,2,4
f08aac2b-6269-e8c6-c6df-4bcea7684a29,2,0,2,1,3,5
f099d7c5-0726-3896-3282-bd6124a42ff9,3,0,3,0,3,6
f0af440e-ffeb-8633-65cb-0561365999bc,0,0,0,3,3,3
f0c1ccd0-ac5c-4541-d573-e4178e458338,0,1,0,1,1,2
f0e30163-01a6-ad6c-b19f-d90316b0bbd7,0,0,7,7,8,14
f11080df-0483-f330-f2e8-13285585ac40,2,1,0,2,2,5
f12cd017-2680-7ddb-1064-7df070e9d564,1,0,0,0,1,1
f13b2cad-1f2c-38a0-70a3-878fc0b41fd5,3,0,3,0,3,6
f144a863-23a5-2f6b-1464-17eb71cddbce,0,0,2,0,2,2
f15b42af-45eb-0475-1d3c-beca468519f2,3,0,3,0,3,6
f1863d45-85bf-ae30-6af9-74c934fe7661,0,0,2,0,2,2
f1a6c3cc-44e7-72af-ad5c-880b4a965fa3,1,0,1,0,1,2
f1c1b47e-44ad-7bad-419e-f98f3e74de79,0,1,0,1,1,2
f1c626c2-107d-28c8-ee9a-61e0928de88c,1,0,0,0,1,1
f1e5b433-db9e-90f6-153b-71a28dd276e1,3,0,3,0,3,6
f1f98dc6-6bc2-01dc-a5a6-716330a49ea8,0,0,2,0,2,2
f21240b9-b516-dc19-3321-1b45e9feed32,1,1,1,0,1,3
f22cdb70-230d-535b-a281-dddd39772d3e,3,0,3,0,3,6
f2496894-7fee-1546-70d7-7606f99a7486,3,0,3,0,3,6
f24b2c09-1491-248f-6bf6-af364b6c9be6,0,0,3,0,3,3
f272cb6c-55d5-f620-fe66-4f1ed5e296e1,1,0,0,0,1,1
f28ac55b-8e70-2909-9a3b-faa2d743d014,0,0,3,0,3,3
f2a919fc-943e-edc2-8a4a-a0a6d37e40e7,3,0,3,0,3,6
f2c6fbd7-419e-9f05-c0c9-c4636f342c0c,1,0,0,0,1,1
f2cb9f3c-c7d6-1cd0-f331-e4da4d4dc268,0,0,0,2,2,2
f2d43d9e-b65d-62f5-f173-cd0144773b6e,1,1,0,1,1,3
f2e8bf38-f087-92c2-10c6-225f04b2a109,0,0,1,0,1,1
f2e8d294-4659-4b51-0bf0-4a4dfc37270e,1,0,1,0,1,2
f307669c-08fb-3d19-f430-0ad036aa7987,1,0,1,0,1,2
f3094584-3ecc-62dc-b61a-d131212e9691,0,3,2,0,3,5
f349fa82-96cd-6050-1090-c809dc5544ba,3,0,3,0,3,6
f366bcfd-a82a-992a-87ac-9058955761b7,1,0,0,0,1,1
f37ce322-c490-3dd1-8d65-56424444edcd,3,0,3,0,3,6
f3852d22-f8b9-b6d4-3a0c-4306c14d7f49,3,0,3,0,3,6
f3b1c1fe-be1b-3598-d786-10753b67a07a,0,0,3,0,3,3
f3c0691f-a427-7c75-6988-04b5bb458200,2,0,2,0,2,4
f4028a0a-692b-9fc5-9f03-55be064f9882,0,2,0,0,2,2
f4051aa0-aecb-31f5-2644-b6a3520dbf12,5,0,5,5,6,15
f410df80-da86-dc3f-305a-85576118c4c0,2,0,2,0,2,4
f431f91b-4775-a82d-b16f-d843053ea45d,0,0,3,0,3,3
f4665adb-ab39-d696-3c8c-46d9903d11ec,1,0,1,0,1,2
f476212e-9189-20d9-25d2-8537e955b49c,3,2,0,0,3,5
f477bec1-12db-4e8e-cc14-5e078b0f2120,3,0,3,0,3,6
f47d0f30-114f-5ef4-630f-1a6743126098,0,0,3,0,3,3
f4a4f3d3-d5dd-f126-0d87-d390ea461600,3,0,3,0,3,6
f4b4f641-6a8b-f711-bef7-d5124f3a34ea,3,0,3,0,3,6
f4cea453-759a-faeb-5dae-65ee753b05af,2,0,0,0,2,2
f4d4bc11-1f11-db9e-fa9a-741c2d40f77f,0,0,3,0,3,3
f4e565ff-3e82-d665-01d9-89f7b9ca38f3,0,0,2,0,2,2
f4ec2cc0-16f9-057b-22e5-ed8548238242,1,0,1,0,1,2
f4ed13ab-88e5-92a9-f3e9-84a01daafc98,0,2,0,0,2,2
f51bac09-3f12-cefd-fb2c-260abba93126,1,0,0,0,1,1
f522fbd5-420e-c52f-91ab-ff5d01d815bd,2,0,2,0,2,4
f52ba785-5bc1-4e5d-a5a1-79685f5889bc,3,0,3,0,3,6
f53b8f8e-c971-6c6d-03c9-49c16a73c74e,2,0,2,0,2,4
f546a943-4b0e-ca69-90d8-254fdf33f286,3,0,3,0,3,6
f549f4d7-7a0e-db4b-d10c-e4b8d9e42328,0,0,3,0,3,3
f55b4afd-ab15-c38c-e843-aeb5ea430839,3,0,3,0,3,6
f569f7cc-8993-a95a-5d1f-aa92883a4524,1,0,0,0,1,1
f5a55413-797b-703d-95cb-5892459082bf,3,0,3,0,3,6
f5a67ec5-2ac2-20c1-d889-99426e5af8e4,1,0,1,0,1,2
f5b2e6dd-d6fb-28cf-2ba7-a970bafb50a6,1,0,0,0,1,1
f5b4f7f0-ad84-f14d-36a9-ec386fbd8a8d,0,0,2,2,2,4
f5b97c52-a162-5971-e605-d8a145871fd0,3,0,2,0,3,5
f5da089b-098b-3145-3231-40161a6b24ed,0,4,5,6,6,15
f5dd2797-0bc9-fbe3-adf9-d51020fe0665,2,0,4,4,4,10
f5de6c9a-8783-3c25-af65-3b086a7609db,0,0,1,0,1,1
f5e28abe-6b18-a073-2e1e-a45ff0a6303f,0,0,3,0,3,3
f5e3034a-d710-20b7-6f76-2e6baa0b0ebe,2,1,2,0,2,5
f6094cc9-0d6d-d0cf-41ca-aaffd1e98876,0,0,2,0,2,2
f61a5e45-4093-bcd9-ca57-c0e0284617a3,0,0,1,1,1,2
f64a0bec-3736-ee66-891d-ebf08f30349c,3,5,0,0,5,8
f6576aa2-f398-5887-f588-a938a470d842,0,0,2,2,2,4
f66a201c-f124-a538-313a-db27f0e33d13,0,0,3,0,3,3
f6a18985-7660-c600-bbdb-f7b667ae633c,0,0,3,0,3,3
f6b76ed6-829b-c979-c069-d0f84e0aa7ce,0,0,3,0,3,3
f6bfd73c-24c0-6bde-9d56-1fa0dd235b0a,0,0,0,1,1,1
f70f3071-5f2a-417d-085a-b1f28fc59baf,0,0,2,0,2,2
f7499649-7f50-0ee8-f717-39a088abdabf,0,0,2,0,2,2
f74cb7e4-32c4-c609-f3a4-8ec08336329e,0,0,3,0,3,3
f74d13fd-53aa-b4f1-3437-60a37d89b724,0,0,2,2,2,4
f754727f-82fb-dbaa-9953-4851ee25514e,2,0,2,0,2,4
f76c1823-4602-eb0c-a291-82609d80f6fb,1,0,0,0,1,1
f7a46a83-bcbc-96d0-4061-aa7b1b13092f,1,0,1,0,1,2
f7d2508c-64e7-e226-aa2c-08e8bbf26ef7,0,1,1,0,1,2
f7e78666-da49-d295-479f-22c51fc2cc61,0,0,1,0,1,1
f7f4cb59-441d-167f-24c5-4b59af10653c,1,0,0,0,1,1
f817a29f-6309-0612-1d09-e9785e2343be,0,0,1,0,1,1
f81b90d9-cc7f-e1fa-6639-a001a7c168b3,1,0,0,0,1,1
f82fc382-0028-99fc-fffb-f6813a70d2fa,3,0,3,0,3,6
f845b033-ec83-db5a-69d3-7b80356810b9,0,0,3,3,3,6
f85f62a0-1d69-4459-8b63-ed1ff218b809,2,0,2,2,2,6
f870dfbd-5d16-428d-07e2-918e852999d0,4,2,0,3,5,9
f879f056-ea38-e067-e560-a33f99e3a5fb,0,0,2,0,2,2
f887ee52-47bb-97a9-ff26-040c71afe37d,1,0,0,0,1,1
f88d1dcb-a20a-a737-61e6-a785a6e3e15c,0,0,3,3,3,6
f891a1cc-443c-8d49-a1fb-89190b359869,0,0,3,0,3,3
f89f7ea0-b835-aeef-fbb9-dd3c5dc943cd,5,0,6,5,8,16
f8b5b256-28c9-5e68-e3d0-2856f34c583e,1,0,0,0,1,1
f8e0adb0-8e88-5ce4-f466-eaaaae888c09,3,0,3,0,3,6
f8e5399a-14c8-0c37-58fb-12dcfa344508,2,0,2,0,2,4
f8e81f38-1789-3a39-9f65-f73b80253e4f,0,0,2,0,2,2
f8f4efd0-f02a-a3be-9c7a-abd18bdaa288,0,2,0,0,2,2
f8fb28b4-3a02-f769-c72d-1a8144291848,2,0,2,0,2,4
f8fd2476-539d-f987-8dc4-3f54d7f591e9,0,0,3,0,3,3
f9386414-4a2b-46ff-d6d2-f9473d0384f7,0,0,2,0,2,2
f98c40c5-195c-c405-df66-e31a83c01701,1,0,1,0,1,2
f9ad085d-a2b5-0661-7d44-376e261cadb7,3,0,0,0,3,3
f9b9c9ec-fc0c-b138-fa45-e86b9c36235e,2,0,2,2,2,6
f9c1036f-7848-431c-df61-051ccd345fb1,1,0,1,0,1,2
f9c9ad04-1df9-7522-a233-02f5f7fa2420,0,0,2,0,2,2
f9cc3fc0-596d-438e-554d-5831d4a06b54,1,0,0,0,1,1
f9fdbf74-86fd-ccb4-f9d0-39b14c7eb9a9,3,0,3,0,3,6
fa0220c4-79f4-e248-1287-d759160d1df6,3,0,3,0,3,6
fa073504-9c3e-fb0e-fc70-88cfb4207fa9,0,4,0,0,4,4
fa126e62-ce36-203a-cffe-1e7ca939c3bd,2,0,2,0,2,4
fa18e8fb-f1ff-04c4-00e1-740aee0e7cb4,0,0,3,3,3,6
fa3174d7-1ebb-f8eb-87c2-4fa7ddc758d6,6,6,0,5,8,17
fa64ee0d-e5dd-d9a8-f152-9d0bf974dc34,1,0,1,0,1,2
fa89b405-0d60-612d-4425-256dbd558609,0,0,1,0,1,1
fa9b0078-88f3-8eae-9124-6557a285248f,1,0,0,0,1,1
faad890f-09cd-f856-ce80-92130d146f52,2,0,2,0,2,4
fab7d86f-742e-f22e-beff-2a3ea9315fa8,0,0,2,0,2,2
fabf8904-0113-6713-32c9-ce3fd8f4fef3,2,0,2,2,2,6
fac5e346-5630-acfe-6c91-5719e0e27c7c,0,0,2,0,2,2
fafc0914-8f46-61a5-337d-4d7a2eacf615,0,0,4,0,4,4
fb62d7a5-34f9-2ea7-d019-dc8f06a438ac,3,0,3,0,3,6
fb6da93f-64f4-b925-ebbc-c5eab96e6e9f,0,0,2,0,2,2
fb78df87-61b3-3938-818e-bf1d294ff2bf,0,0,3,0,3,3
fb860a91-0c98-2bb5-5221-8fd0364bcb98,0,0,2,2,2,4
fb8aaabf-f325-e0d4-6529-51021ad088ee,2,0,2,0,2,4
fb983239-ff15-9d6c-9f3d-bcbe6e1d98c2,2,2,0,2,2,6
fbab6215-7268-c5c0-5684-9c84fb04c813,3,0,3,0,3,6
fbcc56a6-cc6e-6849-b4eb-1b742c72a472,0,0,0,2,2,2
fbd1441e-67e6-7305-c1e3-21f923af65f1,0,2,0,1,2,3
fbd6c87b-bd2d-328f-2a74-98201a161e3e,3,0,3,0,3,6
fbde2bac-bbf0-9622-7a1f-c538feea391c,0,0,3,0,3,3
fbe1418d-80e7-f9e1-8071-7986703d00e6,6,0,0,0,6,6
fbe35c25-6ce5-1f15-ef05-34f7af500837,3,0,3,0,3,6
fbef7a42-b00d-e295-9f1a-d1e6c99afe0c,0,0,3,0,3,3
fc0cab2f-c8a7-4b47-d296-484e15c2e433,3,0,2,2,3,7
fc160621-aed0-7f3e-9385-bc6ce390889a,1,0,0,0,1,1
fc1eddbb-2784-e36a-a968-00d9c29cc378,0,0,1,1,2,2
fc7bc954-de70-a34c-2a91-f277b47c8555,3,0,3,0,3,6
fc7f6a6f-21c0-1b30-5981-db95d8b16183,0,0,3,0,3,3
fc926020-ce02-2bf2-ffab-7e279bbb3d3e,0,0,2,0,2,2
fca68303-dccd-d83e-97ca-d0cc42c57e79,1,0,0,0,1,1
fcf71aff-1622-42ce-0ea9-b17aaee9698f,2,0,2,0,2,4
fd035a0e-664c-f427-0c69-8286820f476b,0,0,0,2,2,2
fd194e26-1425-dc02-d392-e65ec03294d3,1,0,0,0,1,1
fd243167-8bd6-43cd-2103-53ef1dfd69d6,0,0,2,0,2,2
fd2865e7-128c-7371-cafe-4557ea7b3415,3,0,3,3,3,9
fd296236-5e06-c734-c9e5-715bfb5f24f3,3,0,3,0,3,6
fd795639-4ded-d2c6-5924-87df5f8e4f6a,0,0,3,0,3,3
fd8eb906-7aba-eba0-3d47-1a5bd90a8589,0,1,0,0,1,1
fda96f0f-7b21-62a0-93f0-edbea958dd20,0,0,2,0,2,2
fdbb64f4-2639-fafa-7a00-aa6bbcfa7757,1,0,0,0,1,1
fddebf90-aa66-9ef5-c233-9a461d4e87a6,3,0,3,0,3,6
fe12c8e3-af67-7237-5628-b3b2f130a39b,0,0,3,0,3,3
fe191243-5d99-9fb1-e046-fdec7f80ebd4,5,4,0,0,5,9
fe333ea7-dd6f-9f34-0b54-d282ea05e90e,3,0,3,0,3,6
fe3ca27c-0aff-6720-e9c9-8a1f1f38de86,2,0,2,0,2,4
fe3ee476-c960-1bcc-ed4f-c6b724afff0a,1,0,2,2,2,5
fe523432-ed9a-59e9-d101-9ed49c982308,2,0,2,0,2,4
fe64e63d-4ef7-ab75-6a77-12c7ff2c5273,1,0,0,0,1,1
fe651d0e-37b9-d209-e7b7-6d9b74c972a1,0,0,3,0,3,3
fe6995bf-12b5-70ff-9255-27efafa0d7af,0,0,3,0,3,3
fe6e9c36-112a-4aea-3e35-9fe8054828be,3,0,3,0,3,6
fe8d23b8-49d9-c708-e7e3-1c9130c803c8,0,0,3,0,3,3
fe95e1c8-bc2d-0337-2a10-96b66f5a9ec3,1,0,0,0,1,1
fe97394f-e917-637f-03f6-4ac05d7328fe,0,3,0,0,3,3
fea618aa-bd5f-b510-bce4-05adcf5c4d06,0,1,0,0,1,1
feab0a24-7f5d-f668-486e-20d20626bfdb,3,0,3,0,3,6
fee5c07c-adf9-5507-4aa0-6c8fd4c95b0a,0,0,2,0,2,2
ff03afcd-3b67-4b0d-9d68-9c9709b845d1,0,0,2,0,2,2
ff072d90-7f18-1687-2de6-604e85872889,0,0,2,0,2,2
ff874606-7f4b-a1be-3e84-075ff3509125,3,0,3,0,3,6
ffa17c3e-a188-e32c-89cf-077e81da6d32,0,0,1,0,1,1
ffa92a35-d1a0-e026-e1a8-d631b8762a1e,1,0,1,0,1,2
ffe0d1a2-6fa1-0e96-f177-bd34fd5911b1,3,0,3,0,3,6
