customer_id,full_name,date_of_birth,ssn_like_id,annual_income,credit_score,account_open_date,account_tenure_days,is_synthetic_fraud,ring_id,group_id
fd4f22f0-78c8-b3f5-3481-3fbd47625e1a,Anna Henderson,1996-06-19,SYN-321-61-1589,47326,746,2025-10-07,266,0,,fd4f22f0-78c8-b3f5-3481-3fbd47625e1a
ca2de37e-b916-1ce6-9fc7-e23c6b1a81a5,Jason Love,2007-09-06,SYN-503-51-8957,39166,600,2026-05-27,34,0,,ca2de37e-b916-1ce6-9fc7-e23c6b1a81a5
49ea9c51-5590-eca1-9c96-f903cfbb21a7,Joseph Beltran,1990-05-29,SYN-649-31-3687,35131,584,2026-05-03,58,0,,49ea9c51-5590-eca1-9c96-f903cfbb21a7
72205860-3195-5890-7d22-632c0b4fb96e,Kelly King,1983-08-11,SYN-678-26-9077,81560,717,2026-02-09,141,0,,72205860-3195-5890-7d22-632c0b4fb96e
ee3bc129-0b34-3cdd-4a48-ed641ef37b9b,Daniel Campbell,1989-08-25,SYN-953-23-1925,48024,694,2025-10-27,246,0,,ee3bc129-0b34-3cdd-4a48-ed641ef37b9b
12081321-4103-9996-ad7b-603a52c972ae,Ashley Santos,1970-09-10,SYN-701-36-1036,70823,787,2025-12-21,191,0,,12081321-4103-9996-ad7b-603a52c972ae
7e030d79-aed9-6a9b-4f00-f811366262d3,Lisa Reed,1979-05-07,SYN-697-11-6229,90569,691,2026-03-28,94,0,,7e030d79-aed9-6a9b-4f00-f811366262d3
d010b82a-f1b6-6392-e3b8-cfc74803b8b0,Anthony Armstrong,1985-10-02,SYN-910-25-7297,30695,593,2026-05-26,35,0,,d010b82a-f1b6-6392-e3b8-cfc74803b8b0
f5b2e6dd-d6fb-28cf-2ba7-a970bafb50a6,Kelly Donovan,1983-12-22,SYN-475-97-1965,80251,819,2025-09-09,294,0,,f5b2e6dd-d6fb-28cf-2ba7-a970bafb50a6
46296bb3-ccc6-dbd4-47c0-f2da545aa84c,William Esparza,1986-04-18,SYN-748-63-5316,47892,741,2025-05-08,418,0,,46296bb3-ccc6-dbd4-47c0-f2da545aa84c
ed4d1d83-3bea-7fe3-a110-a420623f2c98,Richard Rodriguez,1984-02-11,SYN-525-13-5298,25964,724,2026-06-20,10,0,,ed4d1d83-3bea-7fe3-a110-a420623f2c98
71be64fa-7778-7dbe-6c08-5fa10cb1a307,Melody Ochoa,1976-10-18,SYN-712-82-3834,61723,560,2026-01-24,157,0,,71be64fa-7778-7dbe-6c08-5fa10cb1a307
78951d26-2042-b443-e201-0bdcbd47d545,Derrick Perkins,1969-01-17,SYN-267-32-2732,30337,729,2025-12-12,200,0,,78951d26-2042-b443-e201-0bdcbd47d545
76b48a25-1de0-5422-ec68-a265c0c72fc8,Margaret Erickson,1991-03-28,SYN-836-48-4316,53905,643,2025-05-07,419,0,,76b48a25-1de0-5422-ec68-a265c0c72fc8
897a07ef-4492-0128-6095-70e7d13ae8e8,Lauren Jackson,1994-12-09,SYN-994-91-6442,53320,706,2025-12-03,209,0,,897a07ef-4492-0128-6095-70e7d13ae8e8
1d565316-b10c-f0f1-43c5-7d4085a37b6d,Richard Dawson,1990-03-28,SYN-299-49-4040,201160,665,2025-05-01,425,0,,1d565316-b10c-f0f1-43c5-7d4085a37b6d
8d9b3fca-a3c6-08e0-c657-d06011dcd564,Gail Moss,1980-08-15,SYN-931-66-1222,31315,649,2025-01-25,521,0,,8d9b3fca-a3c6-08e0-c657-d06011dcd564
11fe9a84-5dd1-7666-2e30-375e3cf05dec,Christopher Klein,1979-05-19,SYN-560-39-7662,108422,713,2025-07-25,340,0,,11fe9a84-5dd1-7666-2e30-375e3cf05dec
999c5e8b-31e8-a7bb-40c6-47e4055d40b5,Jose Franklin,1986-08-12,SYN-189-80-7328,48443,654,2025-08-10,324,1,ring_0167,ring_0167
05e5a546-1ae7-1df4-2d5b-5aa514c4946e,Ashley Stevens,1976-09-27,SYN-237-25-3740,30946,703,2025-09-27,276,0,,05e5a546-1ae7-1df4-2d5b-5aa514c4946e
04c3b5ae-75b2-d3da-01db-fec77179302f,Sydney Smith,1981-06-14,SYN-844-64-2392,28083,667,2026-04-28,63,0,,04c3b5ae-75b2-d3da-01db-fec77179302f
e86519dc-3d20-8624-ebd7-84aeac2bbaef,Paige Meyer,1987-11-09,SYN-505-91-8192,32418,776,2025-04-20,436,0,,e86519dc-3d20-8624-ebd7-84aeac2bbaef
61ee330b-e5a4-8552-7b18-346dcaad903c,Rebecca Nguyen,1989-12-13,SYN-507-78-7369,38622,828,2026-04-19,72,0,,61ee330b-e5a4-8552-7b18-346dcaad903c
2359291e-ed2c-3f94-33b2-fe479373d2d6,Anna Higgins,1988-03-30,SYN-266-46-1683,52708,629,2025-07-16,349,0,,2359291e-ed2c-3f94-33b2-fe479373d2d6
06510cb4-c009-d116-dc43-b9a6eb1f343b,Patrick Faulkner,1992-02-04,SYN-465-39-7165,26982,703,2026-05-03,58,0,,06510cb4-c009-d116-dc43-b9a6eb1f343b
dbb55542-a7e9-07f5-14b7-b9b272b67c15,Michael Flores,2006-03-21,SYN-466-68-4125,79479,743,2025-06-19,376,0,,dbb55542-a7e9-07f5-14b7-b9b272b67c15
87853f8c-b88d-f49a-548e-2427e3a3c116,Melody Castro,1997-03-03,SYN-251-98-2782,179674,603,2025-08-05,329,0,,87853f8c-b88d-f49a-548e-2427e3a3c116
b11391bc-2cae-950c-f0dd-450999e77d81,Andrew Holder,1990-05-20,SYN-307-99-4570,24005,586,2025-07-30,335,0,,b11391bc-2cae-950c-f0dd-450999e77d81
cf6d33a5-43f1-4c99-3bc1-b055240b90ae,Lacey Graves,1992-06-14,SYN-107-30-7329,61555,567,2026-03-10,112,0,,cf6d33a5-43f1-4c99-3bc1-b055240b90ae
52b4d21f-e639-9f4e-9161-51e572d61673,Amanda Campbell,1990-03-31,SYN-588-59-5792,26229,605,2025-02-16,499,0,,52b4d21f-e639-9f4e-9161-51e572d61673
5af9f370-808b-0afc-b94e-a9be2768db0b,Elizabeth Oliver DDS,2007-09-09,SYN-481-20-9881,54423,665,2026-06-17,13,0,,5af9f370-808b-0afc-b94e-a9be2768db0b
48c58331-ef9a-1c9c-41e0-7408ceb0716c,Alisha Watson,2004-04-14,SYN-590-19-1693,99017,659,2025-08-14,320,1,ring_0163,ring_0163
247ec99d-2e6a-27a7-2cd9-4c528a6cd5f0,Katherine Stone,2001-09-03,SYN-169-46-5313,27465,629,2025-03-17,470,0,,247ec99d-2e6a-27a7-2cd9-4c528a6cd5f0
9e43e220-975b-faa5-5c90-fb2736907897,Matthew Roberts,1994-01-21,SYN-388-53-5393,74103,523,2025-03-13,474,0,,9e43e220-975b-faa5-5c90-fb2736907897
04b3507b-de0f-ba69-8713-e9ec520eceaa,Jim Skinner,1974-02-16,SYN-781-98-8090,109029,706,2025-12-07,205,0,,04b3507b-de0f-ba69-8713-e9ec520eceaa
79700f11-3bab-3c98-3930-f459c9070ccf,Matthew Williams,1992-10-31,SYN-490-87-7052,99392,694,2025-02-26,489,0,,79700f11-3bab-3c98-3930-f459c9070ccf
c7b07609-f8f9-8946-5f3d-c98efee0f4dd,Brandon Maldonado,1996-09-29,SYN-476-40-2971,50323,649,2026-02-21,129,1,ring_0213,ring_0213
e54ec2fe-29d2-aa3c-b999-5033a9f898ae,Todd Garcia,1983-03-11,SYN-354-75-6432,128611,733,2025-07-17,348,1,ring_0214,ring_0214
f65bf8c4-2129-772c-f3ad-8291c54be478,Sara Lawson,1989-05-09,SYN-353-86-6446,55651,538,2025-11-28,214,0,,f65bf8c4-2129-772c-f3ad-8291c54be478
cde132d7-a922-cc7c-d9ac-54b25a0f1712,Lori Patton,1995-04-17,SYN-840-83-1948,156482,726,2025-12-02,210,0,,cde132d7-a922-cc7c-d9ac-54b25a0f1712
4bafe504-631e-c1a3-abca-6e4680826f5a,Anthony Washington,1987-05-01,SYN-487-36-4535,155643,780,2026-03-21,101,0,,4bafe504-631e-c1a3-abca-6e4680826f5a
05850b0d-6803-7692-db83-d0a62183bcac,Nicole Barker,1998-02-14,SYN-948-61-1697,77418,604,2025-10-23,250,0,,05850b0d-6803-7692-db83-d0a62183bcac
bd60351a-8df5-666f-55bb-0039c04f5315,David Murphy,2002-05-20,SYN-555-37-7261,84285,612,2026-02-17,133,0,,bd60351a-8df5-666f-55bb-0039c04f5315
73af219c-0b40-0d83-697d-44376d5789ab,Travis Sharp,1991-09-06,SYN-374-23-6466,132970,659,2026-02-15,135,1,ring_0108,ring_0108
184bb324-c4ca-4427-8851-37a1ef38733c,Crystal Mullen,2008-05-02,SYN-462-44-6092,67756,693,2026-02-04,146,0,,184bb324-c4ca-4427-8851-37a1ef38733c
fd801507-e43f-82ea-d1e1-4c99e1d79b6f,Claudia Rice,1977-12-06,SYN-715-25-2041,63380,591,2026-02-05,145,0,,fd801507-e43f-82ea-d1e1-4c99e1d79b6f
f7c7f36b-3480-0c8a-b41e-1bd1b8b96a8c,Nathaniel Lee,1995-03-30,SYN-733-59-9814,32819,801,2026-05-03,58,0,,f7c7f36b-3480-0c8a-b41e-1bd1b8b96a8c
b5c973db-ba9c-6bbf-f938-7e441385fffd,Rebecca Clark,1986-11-19,SYN-116-76-2986,83059,750,2026-03-13,109,0,,b5c973db-ba9c-6bbf-f938-7e441385fffd
57e4d3f1-8c56-5990-80af-2ce821cca2e5,Phillip Kelly,1978-06-06,SYN-628-95-8941,57188,688,2026-01-24,157,0,,57e4d3f1-8c56-5990-80af-2ce821cca2e5
d5414809-25af-baa5-ea7d-9f0faf4b81ca,Michael Wood,1989-02-19,SYN-892-81-9595,38136,609,2025-04-11,445,0,,d5414809-25af-baa5-ea7d-9f0faf4b81ca
024f81a9-a8fe-937f-c06a-0e75e421d402,Joseph Smith,1977-11-11,SYN-880-17-9701,82624,640,2025-10-07,266,0,,024f81a9-a8fe-937f-c06a-0e75e421d402
95861846-36ec-a0bf-c90f-bdb6d56f47c4,Justin Freeman,1976-06-10,SYN-982-21-9137,56681,633,2026-05-08,53,0,,95861846-36ec-a0bf-c90f-bdb6d56f47c4
87a89e6a-e8a6-0019-fb47-71f603b8e382,Tina Wilson,1982-12-05,SYN-174-21-3054,48619,568,2026-05-10,51,0,,87a89e6a-e8a6-0019-fb47-71f603b8e382
3cd5f1bf-84c4-5fea-6821-3253378eae0e,Nancy Jones,1989-07-23,SYN-292-28-6148,128409,644,2025-12-27,185,0,,3cd5f1bf-84c4-5fea-6821-3253378eae0e
56a9b0e1-840e-f133-a0f3-25a41cbb9fb3,Julia Cole,1992-06-04,SYN-182-89-5797,62981,681,2026-02-13,137,0,,56a9b0e1-840e-f133-a0f3-25a41cbb9fb3
2bc26450-f0e6-eb29-6ee4-9dad1788daa1,Kevin Christian,1985-11-28,SYN-127-89-3496,66468,785,2026-02-26,124,0,,2bc26450-f0e6-eb29-6ee4-9dad1788daa1
feb2b8b2-fd37-9460-a4f0-76e8ab320435,Robert Tapia,1998-01-06,SYN-882-58-1004,183141,658,2025-12-06,206,0,,feb2b8b2-fd37-9460-a4f0-76e8ab320435
0af660ef-0a1a-daa7-c7a9-1679772f60fa,Alexandria Carrillo,1995-07-04,SYN-579-22-1550,104856,658,2025-07-07,358,0,,0af660ef-0a1a-daa7-c7a9-1679772f60fa
0bf893ae-edcb-a106-77b5-915fa80ec18d,Amanda Watts,1987-01-29,SYN-294-64-3118,81952,751,2025-01-14,532,0,,0bf893ae-edcb-a106-77b5-915fa80ec18d
f4051aa0-aecb-31f5-2644-b6a3520dbf12,Arthur Henderson,1975-01-14,SYN-216-75-7779,16344,709,2025-11-22,220,1,ring_0039,ring_0039
cfe982bb-31eb-3d53-b334-fce16a7216f9,Tony Ramsey,1993-01-26,SYN-799-49-5327,61973,788,2025-04-19,437,0,,cfe982bb-31eb-3d53-b334-fce16a7216f9
677f22f3-b94e-f10c-d305-6c2df767c531,Kimberly Smith,1981-01-14,SYN-644-88-1629,21641,616,2025-11-01,241,0,,677f22f3-b94e-f10c-d305-6c2df767c531
465a4265-5b62-d8d8-908d-2e6d234959b3,Stephanie Stone,1975-10-09,SYN-337-47-1721,36443,631,2025-06-10,385,0,,465a4265-5b62-d8d8-908d-2e6d234959b3
10370558-b682-a01b-ae19-5f64db241a99,Sean Morrow,1991-08-03,SYN-620-67-9608,34106,631,2025-09-09,294,0,,10370558-b682-a01b-ae19-5f64db241a99
0d2dae5c-4272-299a-a9c1-978ece30c14b,Sarah Pittman,1984-08-13,SYN-951-24-7549,21369,603,2025-05-22,404,0,,0d2dae5c-4272-299a-a9c1-978ece30c14b
5931942b-1fcf-13d9-40b6-3553c97aafa5,Robert Miller,1981-04-25,SYN-285-33-2693,126582,701,2025-08-17,317,0,,5931942b-1fcf-13d9-40b6-3553c97aafa5
9fef676f-4ab9-3216-3ea4-fffec11aed38,Yvonne Chambers,1997-09-07,SYN-768-79-3133,30377,669,2025-02-10,505,0,,9fef676f-4ab9-3216-3ea4-fffec11aed38
235b102a-35a0-e968-e72e-0f92c07a7380,Joshua Moran,1994-07-19,SYN-704-82-4131,70126,721,2026-02-25,125,0,,235b102a-35a0-e968-e72e-0f92c07a7380
9899e762-0cd1-acab-0f57-20d448911d67,Tiffany Ray,1992-09-27,SYN-231-36-2929,118980,674,2026-03-07,115,0,,9899e762-0cd1-acab-0f57-20d448911d67
564c53b9-4c02-aadc-afa0-8dfef259ec2e,Jorge Stone,2005-01-17,SYN-566-31-1812,79262,802,2025-07-18,347,0,,564c53b9-4c02-aadc-afa0-8dfef259ec2e
d068b459-1a21-2941-f8ca-0b7a9ae186e5,Tiffany Hood,1990-05-23,SYN-153-65-3828,58521,631,2026-05-03,58,0,,d068b459-1a21-2941-f8ca-0b7a9ae186e5
11e8d711-8d8b-2be2-bcea-c4568eed7a36,Ronnie Johnson,1984-12-07,SYN-154-33-7535,38938,605,2026-01-19,162,0,,11e8d711-8d8b-2be2-bcea-c4568eed7a36
4bc8a978-e141-3a15-f1a3-1c749f69f934,David Peters,2007-09-09,SYN-447-96-1912,106587,630,2025-07-22,343,0,,4bc8a978-e141-3a15-f1a3-1c749f69f934
53ba95a5-d0aa-d8ce-69c1-0d7625b04f1f,Jerry Johnston,1956-07-01,SYN-997-53-7043,19495,752,2025-06-09,386,0,,53ba95a5-d0aa-d8ce-69c1-0d7625b04f1f
0d1acc63-9831-6df6-1c9b-d38060a8b20a,Joshua Harris,1980-05-29,SYN-197-56-6395,43189,760,2026-06-30,0,0,,0d1acc63-9831-6df6-1c9b-d38060a8b20a
f1c1b47e-44ad-7bad-419e-f98f3e74de79,Heidi Bryan,2008-05-15,SYN-336-97-6068,31126,776,2025-04-03,453,1,ring_0011,ring_0011
92968eb7-2278-57c3-b818-404f16cd7694,Austin Osborne,1983-04-29,SYN-769-56-7817,54304,681,2025-03-03,484,0,,92968eb7-2278-57c3-b818-404f16cd7694
e4d472cc-0d76-5475-990b-9a97a4a600b7,Bradley Nunez,2000-01-31,SYN-895-83-3288,63550,696,2025-08-23,311,1,ring_0111,ring_0111
cb6f474b-448b-a892-ef0f-25a2ac3e8fdd,Victoria Deleon,1989-10-02,SYN-919-65-1885,86513,751,2026-01-24,157,0,,cb6f474b-448b-a892-ef0f-25a2ac3e8fdd
3705e9d4-eee2-6811-8fc5-0caf8f708b55,Bradley Duncan,1975-07-01,SYN-697-59-5997,69960,654,2025-06-26,369,0,,3705e9d4-eee2-6811-8fc5-0caf8f708b55
65b9ac8a-c2dd-ebec-41e8-cbaefc2c2fbc,Janet Parker,1973-06-18,SYN-664-23-5983,17143,751,2025-05-20,406,0,,65b9ac8a-c2dd-ebec-41e8-cbaefc2c2fbc
a9d6a489-8f30-8dc2-11b9-3f9ab5d3d720,Jeremy Dalton,1983-05-14,SYN-944-19-7555,27696,621,2026-04-19,72,0,,a9d6a489-8f30-8dc2-11b9-3f9ab5d3d720
158952c0-2d53-ddb9-a64f-45cf85774db2,Joshua Adams,1992-08-08,SYN-556-19-9571,86006,653,2026-04-22,69,1,ring_0005,ring_0005
eb98e6ae-6e3a-c96a-ca33-5c915482c2ac,John Oliver,1973-11-19,SYN-276-14-4786,94943,733,2025-10-15,258,0,,eb98e6ae-6e3a-c96a-ca33-5c915482c2ac
01e9b282-6b5e-60b9-5f06-90a8c8c7242e,Wesley Bowers,1989-06-04,SYN-889-41-6424,43358,740,2025-09-14,289,0,,01e9b282-6b5e-60b9-5f06-90a8c8c7242e
c48dc87f-d3c5-69dd-d078-2c113d022313,Brenda Mendoza,2007-03-07,SYN-906-12-2000,100617,607,2026-02-10,140,0,,c48dc87f-d3c5-69dd-d078-2c113d022313
ce2ddb6e-8415-499b-186e-39f8ef6bc8e5,Maxwell Whitaker,1995-06-10,SYN-726-16-1156,85793,711,2025-10-12,261,0,,ce2ddb6e-8415-499b-186e-39f8ef6bc8e5
ad9093d7-9a86-8b38-c9b6-efb0fa3f6007,Tony Cooper,1983-07-23,SYN-474-81-2876,85954,789,2026-05-21,40,0,,ad9093d7-9a86-8b38-c9b6-efb0fa3f6007
0ceab33f-e334-0911-507c-043efaa39988,Betty Pollard,1978-08-06,SYN-927-42-1092,43596,673,2025-03-10,477,0,,0ceab33f-e334-0911-507c-043efaa39988
ba0ac708-9fd8-2b78-408a-f89990891686,Jeremy Brown,2004-04-13,SYN-629-70-7014,63816,627,2026-06-08,22,0,,ba0ac708-9fd8-2b78-408a-f89990891686
1ceebed7-1f9f-fadc-1882-2aee56f9a01a,Nancy Rice,1995-07-23,SYN-424-66-6082,77902,716,2026-03-24,98,0,,1ceebed7-1f9f-fadc-1882-2aee56f9a01a
7dc673c5-cabd-f32e-aabe-a6fc1e17eb45,Kimberly Holmes,1980-12-16,SYN-462-59-2174,60479,624,2025-12-31,181,0,,7dc673c5-cabd-f32e-aabe-a6fc1e17eb45
98a7ce7a-e0c9-c520-7ebf-4f7b1e3ca042,Catherine Davis,1965-05-22,SYN-443-70-5401,62386,624,2026-01-13,168,0,,98a7ce7a-e0c9-c520-7ebf-4f7b1e3ca042
b67e02b9-fe0e-fa34-a9be-3cd431f49453,Christine Powers,1965-05-26,SYN-282-34-5423,35455,646,2025-10-11,262,0,,b67e02b9-fe0e-fa34-a9be-3cd431f49453
7753f4cf-c55d-9043-6d4c-406eb5590f93,Jordan Peters,1976-04-06,SYN-371-92-5103,53553,625,2026-05-02,59,0,,7753f4cf-c55d-9043-6d4c-406eb5590f93
4e27145c-f476-4dd3-db37-51e3f3cb77fb,Benjamin Mosley,2003-11-07,SYN-432-82-8938,34279,627,2025-08-01,333,0,,4e27145c-f476-4dd3-db37-51e3f3cb77fb
a1fd23b4-604e-c166-1dc2-5282c4d53223,Allison Floyd,1985-04-07,SYN-559-53-4453,44280,747,2025-12-07,205,0,,a1fd23b4-604e-c166-1dc2-5282c4d53223
6e5046ed-3218-7e21-2599-b33aaac4e725,Michael Brooks,1999-03-09,SYN-780-72-5400,65350,502,2025-07-12,353,0,,6e5046ed-3218-7e21-2599-b33aaac4e725
326eea18-61dc-fab0-1318-ddc3004e597c,Tara Thomas,1988-03-02,SYN-740-19-9395,46891,707,2025-05-05,421,0,,326eea18-61dc-fab0-1318-ddc3004e597c
61f959ad-b24a-bbec-0e1f-5d32307fe036,Robert Woods,2003-06-03,SYN-128-24-7922,44496,735,2025-08-04,330,0,,61f959ad-b24a-bbec-0e1f-5d32307fe036
de1f1e66-ff94-fb6e-6b92-f93c6447ab6b,Daniel Mercado,2007-03-27,SYN-790-91-1861,122409,667,2025-03-01,486,0,,de1f1e66-ff94-fb6e-6b92-f93c6447ab6b
8472cb70-4d8f-0b5b-b113-8ee297f0414e,Marcus Blair,1981-05-02,SYN-363-36-4449,70358,712,2026-06-30,0,0,,8472cb70-4d8f-0b5b-b113-8ee297f0414e
dba785fb-c859-0969-32c1-3c06c339ac9c,Angela Thomas,1972-01-01,SYN-221-42-7824,39658,712,2025-02-17,498,1,ring_0197,ring_0197
8ab8c4ae-1d40-7e2b-880a-2af0dd64e548,Matthew Watts,1978-06-19,SYN-996-62-2931,60383,750,2026-03-09,113,0,,8ab8c4ae-1d40-7e2b-880a-2af0dd64e548
38e5ec19-d2e2-d5d3-c3d5-5dcd8a181c63,Keith Gonzalez,1994-10-21,SYN-976-79-6829,36488,679,2026-03-05,117,0,,38e5ec19-d2e2-d5d3-c3d5-5dcd8a181c63
d66b7844-491e-e07d-9fc0-3b8a27d50e3a,Carol Fisher,1991-09-11,SYN-851-37-5995,53828,674,2025-12-29,183,0,,d66b7844-491e-e07d-9fc0-3b8a27d50e3a
cd75c9ff-60a2-83ad-135b-efc2eedc4a32,Tiffany Williams,1996-08-11,SYN-496-94-1095,29648,786,2026-06-16,14,0,,cd75c9ff-60a2-83ad-135b-efc2eedc4a32
8a1620bb-99fc-bbaa-88f4-5e1eb4e5157f,Dr. Steve James,1996-02-22,SYN-805-95-9783,51512,751,2025-05-02,424,0,,8a1620bb-99fc-bbaa-88f4-5e1eb4e5157f
208f843b-7fe9-7b5e-7681-dca18b8b434a,Ryan Adams,1993-06-26,SYN-764-34-6970,124099,625,2026-04-05,86,0,,208f843b-7fe9-7b5e-7681-dca18b8b434a
114cd01d-6dc0-8f85-dc10-e12ec51f7869,Daniel Garcia,2000-11-29,SYN-914-94-2900,39448,547,2025-05-27,399,0,,114cd01d-6dc0-8f85-dc10-e12ec51f7869
5950cc6f-b3c2-8d26-089d-189295bd3402,Jordan Chambers,1992-03-23,SYN-786-25-9884,32986,571,2026-01-14,167,0,,5950cc6f-b3c2-8d26-089d-189295bd3402
23f57581-5921-3954-56fa-07b34ed4896c,William Leblanc,1977-03-07,SYN-828-46-5588,89545,642,2025-04-11,445,0,,23f57581-5921-3954-56fa-07b34ed4896c
3d354412-7b24-9d73-9fe1-e42ffe0ae183,Eduardo Booth,2007-09-22,SYN-336-34-7900,26619,530,2025-09-28,275,0,,3d354412-7b24-9d73-9fe1-e42ffe0ae183
3884d65c-9454-70cc-7612-61f465a44029,Michael Burke,2008-02-07,SYN-293-23-2008,87344,641,2025-07-16,349,0,,3884d65c-9454-70cc-7612-61f465a44029
c6c2779d-00e4-3a07-e4af-b6c10c7dcdce,Mitchell Jones,1976-06-28,SYN-247-73-3878,118784,697,2025-01-12,534,0,,c6c2779d-00e4-3a07-e4af-b6c10c7dcdce
fa073504-9c3e-fb0e-fc70-88cfb4207fa9,Carly Zuniga,1989-09-09,SYN-441-90-6635,35348,805,2025-05-16,410,1,ring_0199,ring_0199
c046f434-1fab-1467-fcf6-e9cda170bd93,Chelsea Lewis,2002-04-30,SYN-502-71-4245,43233,696,2025-11-29,213,0,,c046f434-1fab-1467-fcf6-e9cda170bd93
a62faefa-e2f2-b1dd-0470-63dd6c3b1fc2,Sandra Lee,1972-09-30,SYN-786-66-2150,47117,710,2025-09-14,289,0,,a62faefa-e2f2-b1dd-0470-63dd6c3b1fc2
b8c982cd-3763-7957-3ec4-27a0a8622698,Ryan Riley,1993-01-08,SYN-324-59-3093,64123,642,2025-08-10,324,0,,b8c982cd-3763-7957-3ec4-27a0a8622698
a88eb391-fc72-8140-dac8-8437cc1b7df5,Andrew Boyd,1959-12-13,SYN-367-91-8067,15000,656,2026-02-19,131,1,ring_0194,ring_0194
d37040d1-a0f8-4406-fc99-785bfda4eb02,Kathryn Mccann,1985-01-30,SYN-385-48-4306,93298,763,2025-06-11,384,0,,d37040d1-a0f8-4406-fc99-785bfda4eb02
86efacb9-970d-962f-a927-1721cec7a05a,David Maxwell,1993-04-30,SYN-963-11-6165,42654,690,2026-04-24,67,0,,86efacb9-970d-962f-a927-1721cec7a05a
7cff7624-fc35-f17f-b5cc-476d10164690,Michael White,1990-03-27,SYN-709-27-1690,145065,729,2025-11-15,227,0,,7cff7624-fc35-f17f-b5cc-476d10164690
37ad4a32-f13a-7198-5947-c5f5acc5c2a3,Robert Mccoy,1997-08-13,SYN-405-36-3528,69126,685,2025-06-21,374,0,,37ad4a32-f13a-7198-5947-c5f5acc5c2a3
5f628908-6671-0dc6-bbb0-ff4b6c9c8eae,Steven Davis,2007-02-23,SYN-880-22-3348,32119,676,2025-11-14,228,0,,5f628908-6671-0dc6-bbb0-ff4b6c9c8eae
1bb71a85-856f-845d-2374-55b54db8cfbc,Kyle Craig,1993-07-09,SYN-913-93-5017,44698,679,2025-10-09,264,1,ring_0086,ring_0086
be5a42db-2dca-2fcd-2b4f-ebe4439db606,Lindsey Chen,1981-01-13,SYN-369-74-8129,48282,742,2025-03-13,474,0,,be5a42db-2dca-2fcd-2b4f-ebe4439db606
971ec2dd-a0e8-cb90-5313-cce1af4b6e9a,Robert Peck,1967-03-16,SYN-817-83-9603,109491,681,2026-06-27,3,0,,971ec2dd-a0e8-cb90-5313-cce1af4b6e9a
35b6e1e3-9871-4765-96ac-476b38c4fcc0,Aaron Boyd,1977-03-13,SYN-842-43-2738,78063,568,2025-08-28,306,0,,35b6e1e3-9871-4765-96ac-476b38c4fcc0
206e616e-e570-f436-3687-5f622070bbfa,Emily Brady,1996-12-26,SYN-259-35-7734,19304,737,2026-03-17,105,0,,206e616e-e570-f436-3687-5f622070bbfa
00da2fe5-a6ca-9501-7803-3572cc359f48,Susan Baker,2001-04-16,SYN-355-62-1428,109689,639,2025-12-03,209,0,,00da2fe5-a6ca-9501-7803-3572cc359f48
ee582644-8377-1c60-fe55-2c33df1c5f51,Kathy Adams,1978-03-18,SYN-696-54-4346,106850,651,2025-10-14,259,0,,ee582644-8377-1c60-fe55-2c33df1c5f51
a9fa3c4e-5d42-7f23-d9e7-b82c8221f88b,Joshua Cunningham,1995-01-07,SYN-299-92-3781,44776,697,2025-06-23,372,0,,a9fa3c4e-5d42-7f23-d9e7-b82c8221f88b
60f4a927-3460-ffbf-a05d-8b87804cd83c,Pamela Walker,2003-10-27,SYN-809-22-1567,27896,691,2026-05-18,43,0,,60f4a927-3460-ffbf-a05d-8b87804cd83c
9a27256a-2872-1b30-5dd4-1d4d8f7cd82d,Brian Shaffer,1981-09-20,SYN-315-35-9925,52314,785,2025-11-20,222,0,,9a27256a-2872-1b30-5dd4-1d4d8f7cd82d
399e2a7e-d113-9d22-09cf-877e73cebc4c,Sharon Boyd,1969-05-03,SYN-602-84-9225,67102,653,2025-10-16,257,0,,399e2a7e-d113-9d22-09cf-877e73cebc4c
f42e9cf9-102c-4a4d-e177-71fc29ce4588,Alicia Warren,1987-05-14,SYN-958-24-8823,52093,655,2025-03-30,457,0,,f42e9cf9-102c-4a4d-e177-71fc29ce4588
33fa27de-d095-c4a0-405b-d636669871c8,Corey Mooney,2007-06-29,SYN-636-35-9679,91387,833,2025-06-10,385,0,,33fa27de-d095-c4a0-405b-d636669871c8
ef0f45fb-7b5f-d728-303d-88ebeab18f90,Eugene Fritz,1982-06-03,SYN-694-35-4391,70769,608,2026-04-14,77,0,,ef0f45fb-7b5f-d728-303d-88ebeab18f90
de6f8dab-3861-90f6-7323-f29135af93fe,Heather Guzman,1992-04-10,SYN-999-78-6632,152553,654,2026-02-08,142,0,,de6f8dab-3861-90f6-7323-f29135af93fe
9f868cd8-ae6f-164f-e148-18afca18e24d,Kimberly Alvarez,1976-09-02,SYN-921-75-4957,26128,657,2025-04-19,437,0,,9f868cd8-ae6f-164f-e148-18afca18e24d
b13afe4a-0de3-93cd-c04c-2d2906356d41,Matthew Mueller,1985-01-31,SYN-290-89-6568,85359,768,2026-06-23,7,0,,b13afe4a-0de3-93cd-c04c-2d2906356d41
2d545e98-5c0b-bd60-a328-1ac3f7b203a3,Tammy Rowe,1984-11-24,SYN-701-95-4227,42703,704,2026-04-01,90,0,,2d545e98-5c0b-bd60-a328-1ac3f7b203a3
635836eb-24e6-31ea-ad4b-482268f1b32a,Robert Morgan,2001-06-11,SYN-312-17-4707,82047,839,2025-09-25,278,0,,635836eb-24e6-31ea-ad4b-482268f1b32a
f76c1823-4602-eb0c-a291-82609d80f6fb,Elizabeth Foster,1981-02-27,SYN-378-83-5237,30424,623,2025-03-23,464,0,,f76c1823-4602-eb0c-a291-82609d80f6fb
0a5ef6f1-da3d-a05a-b8f8-05306890fb60,Cassandra Harrell,1972-11-30,SYN-116-55-2432,36848,629,2026-03-11,111,0,,0a5ef6f1-da3d-a05a-b8f8-05306890fb60
39bcfa67-b101-70aa-9a52-b1a5917914fa,Pedro Greene,1980-02-18,SYN-145-50-6882,154388,804,2025-01-15,531,0,,39bcfa67-b101-70aa-9a52-b1a5917914fa
1c5c0b80-dc22-3573-aa72-0896fcb45c55,Eric Foster,1982-03-16,SYN-341-23-8755,93522,654,2025-05-07,419,0,,1c5c0b80-dc22-3573-aa72-0896fcb45c55
5773df9c-f3ea-7194-0cea-dfdce1e90cc8,Tina Hancock,1985-07-21,SYN-858-36-8139,39621,688,2025-07-29,336,0,,5773df9c-f3ea-7194-0cea-dfdce1e90cc8
3bc0323f-97eb-c737-222a-ba0ce9fa2035,Anna Chavez,1972-05-15,SYN-593-38-7089,88090,602,2025-03-08,479,0,,3bc0323f-97eb-c737-222a-ba0ce9fa2035
3af65c29-82d3-f748-c48f-684e9b360ac6,David Fitzpatrick,1997-12-19,SYN-677-37-8973,135224,672,2025-03-26,461,0,,3af65c29-82d3-f748-c48f-684e9b360ac6
385f01f2-9bc9-1143-d09a-fe8ed1c5f4a1,Donna Lewis,2001-09-15,SYN-408-99-3229,75394,684,2025-10-11,262,1,ring_0142,ring_0142
cb94c4a6-e07e-e027-ff6d-7646ca0befac,Maureen Cross,1995-02-04,SYN-902-43-1743,95706,686,2025-12-21,191,0,,cb94c4a6-e07e-e027-ff6d-7646ca0befac
dc3f4e87-c382-8e4e-5724-0c44eabc00ad,Debra Reid,1980-12-16,SYN-843-77-7757,40631,712,2025-05-06,420,0,,dc3f4e87-c382-8e4e-5724-0c44eabc00ad
60187577-4a4d-aa69-8c58-0becf2b81cdd,Michael Phillips,1985-05-25,SYN-490-65-7120,28332,610,2026-02-22,128,0,,60187577-4a4d-aa69-8c58-0becf2b81cdd
1d8c70d9-4456-696c-4505-522878a60699,Richard Rios,2000-01-17,SYN-480-33-8354,52088,649,2026-01-11,170,0,,1d8c70d9-4456-696c-4505-522878a60699
00752313-c207-e330-0c58-0848e625b4e4,Richard Hale,1978-09-07,SYN-892-35-6048,53961,665,2025-01-29,517,0,,00752313-c207-e330-0c58-0848e625b4e4
a947358c-93db-1e1d-5cec-cd452a425820,Jessica Kelly,1986-12-22,SYN-842-74-5198,61815,588,2025-06-11,384,0,,a947358c-93db-1e1d-5cec-cd452a425820
3201aa55-0f73-2bf4-2ddc-cc92f8501820,Michael Walters,1984-10-05,SYN-968-59-4587,64798,650,2026-02-22,128,0,,3201aa55-0f73-2bf4-2ddc-cc92f8501820
41f5d8c9-c644-31dd-a12f-f2ce2b7901e7,John Golden DDS,2007-07-30,SYN-774-70-6828,92982,682,2025-03-13,474,0,,41f5d8c9-c644-31dd-a12f-f2ce2b7901e7
30a8d15d-587c-8942-a6aa-1a09938f13f3,Kristen Ramirez,1986-06-25,SYN-404-88-5953,35556,768,2026-03-08,114,0,,30a8d15d-587c-8942-a6aa-1a09938f13f3
59cf571c-767a-96c5-c7be-f4ed0c673012,Joel Smith,1979-11-03,SYN-449-30-7757,52617,682,2025-02-12,503,0,,59cf571c-767a-96c5-c7be-f4ed0c673012
857cedc1-5d17-3fb1-bcd5-389fbe40d86b,Samantha Harris,1967-08-30,SYN-325-90-6610,124361,703,2025-03-28,459,0,,857cedc1-5d17-3fb1-bcd5-389fbe40d86b
5e6a7659-31a2-3ba4-1f43-28400efcce0c,David Aguirre,1974-02-23,SYN-694-76-9566,47507,782,2026-01-27,154,0,,5e6a7659-31a2-3ba4-1f43-28400efcce0c
bb32ce0f-46d5-eb9d-80e0-e3e43cdf5633,Melissa Oneill,1981-07-19,SYN-876-23-8246,34430,809,2025-08-23,311,0,,bb32ce0f-46d5-eb9d-80e0-e3e43cdf5633
f90ee15e-7a2e-e2d7-70a1-2ca3a30ded49,Eugene Baldwin,1996-07-22,SYN-222-97-7794,67689,561,2026-06-27,3,0,,f90ee15e-7a2e-e2d7-70a1-2ca3a30ded49
815f055a-ac24-384f-f911-0bbbe4865274,Charles Weaver,1998-06-13,SYN-217-52-1631,31684,605,2026-04-08,83,0,,815f055a-ac24-384f-f911-0bbbe4865274
6ed9a4a2-b275-0b56-03c5-1c192b048c0b,Derek Jones,1993-04-21,SYN-632-24-6683,25095,762,2026-03-09,113,0,,6ed9a4a2-b275-0b56-03c5-1c192b048c0b
7c9b80a3-a16f-8c45-d839-411895a7847d,Jacqueline Figueroa,1961-04-06,SYN-861-63-6479,70857,703,2025-03-12,475,0,,7c9b80a3-a16f-8c45-d839-411895a7847d
63ce31e3-ed6f-08ad-74f0-0f023462fd57,Curtis Taylor,1997-12-17,SYN-391-35-6074,25870,709,2025-02-14,501,0,,63ce31e3-ed6f-08ad-74f0-0f023462fd57
6d62ec21-bc99-d899-6314-add62f406ef6,Melanie Brown,1988-04-14,SYN-173-76-9176,66220,574,2025-08-15,319,0,,6d62ec21-bc99-d899-6314-add62f406ef6
104a4586-9595-f7c7-989b-c85739c22ebd,Raymond Clements,2000-06-08,SYN-922-30-8554,41279,612,2025-12-04,208,0,,104a4586-9595-f7c7-989b-c85739c22ebd
f74d13fd-53aa-b4f1-3437-60a37d89b724,Tara White,1992-06-19,SYN-742-39-3748,89790,562,2026-06-06,24,1,ring_0194,ring_0194
d4adac03-d711-5880-7286-fe8179132e07,Alan Davis DVM,1988-11-03,SYN-591-99-8004,53825,630,2026-03-14,108,0,,d4adac03-d711-5880-7286-fe8179132e07
687db697-2a64-7854-1c3b-ba2219e7af4c,Dorothy Boyd,1988-02-11,SYN-955-35-7650,35806,622,2025-07-25,340,0,,687db697-2a64-7854-1c3b-ba2219e7af4c
c673fc35-32b0-7868-224c-2b1519458a52,Mark Reeves,2004-08-21,SYN-458-79-7392,25734,662,2025-06-13,382,0,,c673fc35-32b0-7868-224c-2b1519458a52
ffabb4e9-86d9-7b97-09b5-19ebb9665858,Erica Johnson,1972-07-06,SYN-860-73-3086,21446,738,2025-07-18,347,0,,ffabb4e9-86d9-7b97-09b5-19ebb9665858
31fa5c17-9cda-966b-3dab-ee9620814da1,Steven Small,1965-03-11,SYN-734-34-6755,37290,626,2026-02-06,144,0,,31fa5c17-9cda-966b-3dab-ee9620814da1
35628a5e-255e-a273-df95-c32cef718d11,Keith Kennedy,1996-04-14,SYN-314-91-2666,90925,727,2025-07-14,351,0,,35628a5e-255e-a273-df95-c32cef718d11
959913a0-c175-bd6e-881c-123ca298a634,Alexandra Dominguez,1994-05-25,SYN-731-51-8930,22095,778,2025-03-12,475,0,,959913a0-c175-bd6e-881c-123ca298a634
114dfc3d-0006-34c3-83a5-4cd108757e0a,Kathryn Brown,1991-12-15,SYN-728-87-9067,51656,692,2025-04-07,449,0,,114dfc3d-0006-34c3-83a5-4cd108757e0a
594450a4-3c00-d8c4-06b8-5f7507972000,Becky Parrish,2000-05-11,SYN-380-18-8389,15000,693,2025-06-09,386,0,,594450a4-3c00-d8c4-06b8-5f7507972000
79d376d7-10ee-c970-e918-c10824bfe2a0,Bradley Walker,1971-01-31,SYN-980-44-7234,64053,703,2025-12-10,202,0,,79d376d7-10ee-c970-e918-c10824bfe2a0
75535e05-40ec-083a-a6d1-28ea92f8718c,Linda Smith,1996-03-01,SYN-246-45-6069,26311,669,2025-05-08,418,0,,75535e05-40ec-083a-a6d1-28ea92f8718c
5f6bef17-8540-57de-8616-6c330b1aa8c8,Scott Nunez,1967-08-07,SYN-382-56-8454,52269,746,2025-06-24,371,0,,5f6bef17-8540-57de-8616-6c330b1aa8c8
fba168d9-37ab-5c7b-0702-8fb4d2d7975a,Dwayne Joseph,2007-07-28,SYN-795-12-8406,88829,674,2025-09-10,293,0,,fba168d9-37ab-5c7b-0702-8fb4d2d7975a
3889ebdf-e102-9917-6f22-1bfa2778af76,Felicia Matthews,1988-11-04,SYN-847-52-4923,33230,643,2025-11-15,227,0,,3889ebdf-e102-9917-6f22-1bfa2778af76
44f56885-c131-7215-8a15-715475e4b6ed,Christian Garcia,1985-04-06,SYN-896-92-8310,29160,628,2026-04-21,70,0,,44f56885-c131-7215-8a15-715475e4b6ed
24f440ef-3a12-b099-b335-da4b38aebd24,Sarah Meadows,2004-09-03,SYN-214-48-9999,34617,540,2025-12-19,193,0,,24f440ef-3a12-b099-b335-da4b38aebd24
29340cef-45c2-8808-c7de-69645fb2d0fa,Courtney Baker,1973-07-22,SYN-120-23-5495,88658,792,2026-01-20,161,0,,29340cef-45c2-8808-c7de-69645fb2d0fa
94bd30f0-edf7-5c2a-ecde-b944f2acba8d,Cassidy Bailey,1978-01-25,SYN-351-44-4303,123386,663,2026-06-06,24,0,,94bd30f0-edf7-5c2a-ecde-b944f2acba8d
01b93a7e-05ae-762e-fb24-9de3d64f9b3c,Cassandra Gaines,1960-11-24,SYN-614-95-4746,36429,702,2026-04-23,68,0,,01b93a7e-05ae-762e-fb24-9de3d64f9b3c
c64491cc-3c0c-04a7-c828-1b0a40d102fd,Shannon Perez,1999-04-19,SYN-919-90-6492,71939,666,2025-01-24,522,1,ring_0196,ring_0196
bab4bece-5d84-5844-5575-2af4afb4e154,Carla Gray,1990-09-02,SYN-495-35-1194,31437,530,2026-05-28,33,0,,bab4bece-5d84-5844-5575-2af4afb4e154
2f3ded1c-5fd1-019c-c408-d7c3f43965fb,Shannon White,1980-01-07,SYN-341-50-6033,58558,647,2026-06-20,10,0,,2f3ded1c-5fd1-019c-c408-d7c3f43965fb
54895edc-4ccf-9e9d-927a-57734b57744f,Lori Green,1987-01-27,SYN-694-85-3896,63986,728,2026-01-22,159,0,,54895edc-4ccf-9e9d-927a-57734b57744f
66ef67c6-dc66-95b0-60fa-e6413d2bda39,Patricia Mitchell,1992-11-16,SYN-786-40-8551,62000,748,2025-03-18,469,0,,66ef67c6-dc66-95b0-60fa-e6413d2bda39
05b14029-3478-f3d5-d047-da066e21aec8,David Chapman,1985-05-03,SYN-877-70-5142,67465,590,2025-05-14,412,0,,05b14029-3478-f3d5-d047-da066e21aec8
641e186a-b1d2-88d6-4e9d-5c9e0f691c22,Matthew Houston,1992-08-08,SYN-902-44-3888,76996,663,2026-03-09,113,0,,641e186a-b1d2-88d6-4e9d-5c9e0f691c22
5ef33a0e-96e3-1cb1-1e4c-91d87b68b2a1,Charles Shah,1988-06-18,SYN-845-90-7465,15000,715,2026-05-07,54,0,,5ef33a0e-96e3-1cb1-1e4c-91d87b68b2a1
0fac9515-fc05-24d9-066d-7c54e01ee5e7,Richard Murray,1977-06-27,SYN-836-69-8909,39008,730,2026-03-11,111,0,,0fac9515-fc05-24d9-066d-7c54e01ee5e7
bce8589e-1579-a78a-aec6-8f2d9f83a30d,Nancy Larson,1986-10-11,SYN-815-82-4541,42045,712,2025-03-29,458,0,,bce8589e-1579-a78a-aec6-8f2d9f83a30d
8ca58bf1-2d1c-6496-6e8d-c897d9fa3937,Tyler Stevens,2007-11-30,SYN-946-13-8643,24356,720,2025-02-15,500,1,ring_0101,ring_0101
e7051f56-e17b-1470-a856-8fc1e5ee2a94,Jeanette Brown,1987-01-15,SYN-762-57-1013,94139,701,2026-06-04,26,0,,e7051f56-e17b-1470-a856-8fc1e5ee2a94
a7c917e5-caaf-9783-39cb-2512edf2af91,Brenda Schmidt,2004-04-16,SYN-851-85-7707,33949,604,2025-12-29,183,0,,a7c917e5-caaf-9783-39cb-2512edf2af91
186d4ed6-34a1-289d-bc8d-ef12ff3f9e99,Joy Zimmerman,1988-04-04,SYN-681-32-8868,85402,801,2025-02-27,488,0,,186d4ed6-34a1-289d-bc8d-ef12ff3f9e99
f968c9c0-d47d-1a34-43e5-4c3f03c0d886,Stephen Hoffman,1982-12-21,SYN-885-39-5807,60394,597,2026-01-13,168,0,,f968c9c0-d47d-1a34-43e5-4c3f03c0d886
68ae9264-df7d-c8d8-4e8f-562870254d40,Mary Lewis,1983-03-27,SYN-581-53-7541,61954,653,2025-06-05,390,0,,68ae9264-df7d-c8d8-4e8f-562870254d40
d9aa1bcd-8953-91c6-7cd9-4705b705cfb3,Brian Hunt,1998-04-19,SYN-833-46-8560,57693,706,2026-05-06,55,0,,d9aa1bcd-8953-91c6-7cd9-4705b705cfb3
cb22ffed-f6a5-424f-6a7a-5b1854e2097c,Cindy Harrington,2007-10-10,SYN-722-78-3163,45009,623,2026-06-13,17,0,,cb22ffed-f6a5-424f-6a7a-5b1854e2097c
caa20506-c83a-7999-418a-e8c474939f58,Sonia Reyes,1972-12-08,SYN-121-62-3077,40177,608,2026-06-06,24,0,,caa20506-c83a-7999-418a-e8c474939f58
41ab9506-de3d-82de-3327-4e0e2d7abdda,Rebecca Rich,1980-01-12,SYN-617-49-8074,49074,620,2026-06-30,0,1,ring_0147,ring_0147
da3e4cd6-a4fc-9178-c84b-40ac865d8f56,Jennifer Smith,1980-06-13,SYN-120-61-9313,68241,650,2025-01-16,530,0,,da3e4cd6-a4fc-9178-c84b-40ac865d8f56
0ae1e128-a94b-3aa2-9e8c-d5f667d6f09f,Elizabeth Jones,2004-05-12,SYN-703-90-5259,28135,765,2025-10-24,249,0,,0ae1e128-a94b-3aa2-9e8c-d5f667d6f09f
e431a250-bd7f-ce52-d93e-fd2971375848,Brandon Kelly,1986-03-07,SYN-355-71-4042,60494,670,2025-10-30,243,0,,e431a250-bd7f-ce52-d93e-fd2971375848
3ad47dd6-2d23-fc39-26c5-b50a651ec337,Lucas Jackson,1991-03-18,SYN-976-72-3766,84177,661,2025-02-08,507,0,,3ad47dd6-2d23-fc39-26c5-b50a651ec337
8b0d809c-56b7-b6fa-3fd9-608eb809b71a,Sharon Reynolds,1991-07-17,SYN-304-50-1331,61666,737,2025-06-22,373,0,,8b0d809c-56b7-b6fa-3fd9-608eb809b71a
0b321b74-ba02-59b1-408b-e00e01f2e4a1,Kimberly Thompson,1980-11-13,SYN-501-25-1668,79713,568,2025-10-10,263,0,,0b321b74-ba02-59b1-408b-e00e01f2e4a1
ebf56511-364a-e7ef-ce37-0d3da4477d04,Steven Knight,1974-08-18,SYN-411-34-7017,50918,727,2025-10-15,258,0,,ebf56511-364a-e7ef-ce37-0d3da4477d04
fbe9a349-8acf-03d7-86cd-e67f06023dc1,Matthew Perez,1995-03-10,SYN-548-12-8192,70832,663,2025-04-25,431,0,,fbe9a349-8acf-03d7-86cd-e67f06023dc1
8f2b3cd9-1e34-ae53-4190-2968a150431e,Stephen Smith,1980-04-06,SYN-726-50-8827,126842,682,2026-05-04,57,0,,8f2b3cd9-1e34-ae53-4190-2968a150431e
8db720b7-2715-3edd-d14b-91958308d149,John Alvarado,1990-11-01,SYN-740-89-2542,31909,568,2025-10-20,253,0,,8db720b7-2715-3edd-d14b-91958308d149
01342a7a-33b8-76db-59c0-7c2f0842a98f,Gregory King,1997-04-01,SYN-184-40-8775,28051,639,2026-05-31,30,0,,01342a7a-33b8-76db-59c0-7c2f0842a98f
1d5079b5-a017-899b-60cd-ad7a880ad277,Lynn Horton,1991-12-03,SYN-746-21-6825,118305,745,2026-04-10,81,1,ring_0105,ring_0105
464c805a-8d3b-05a6-ff0d-a076d379e928,John Vaughn,1996-08-02,SYN-710-26-1974,127605,699,2026-05-27,34,0,,464c805a-8d3b-05a6-ff0d-a076d379e928
48a33df1-3101-c199-8cfe-75289e42b1a1,George Weber,1977-05-11,SYN-123-48-3820,44139,560,2026-06-01,29,0,,48a33df1-3101-c199-8cfe-75289e42b1a1
0072e52e-657c-723c-2aa1-75503211276c,Andrew Freeman,1971-05-28,SYN-219-10-9634,42724,697,2026-02-21,129,0,,0072e52e-657c-723c-2aa1-75503211276c
0ff74091-12f5-273d-26d3-e88fb89f834d,Janice Petty,1978-08-28,SYN-257-17-2698,61564,588,2025-05-14,412,0,,0ff74091-12f5-273d-26d3-e88fb89f834d
6675e8e5-bae1-3cff-4bee-2552701c5684,Emily Morris,1989-11-13,SYN-685-52-5276,34620,664,2025-05-03,423,0,,6675e8e5-bae1-3cff-4bee-2552701c5684
e228c296-f0b9-127f-62f3-086b2c4a4e95,David Palmer,1978-12-26,SYN-703-97-9152,209476,688,2025-12-13,199,1,ring_0002,ring_0002
8baddcd7-32f6-ea7b-17db-41edcb2a2573,Derrick Ramirez,2005-02-03,SYN-351-18-7553,86129,646,2025-08-17,317,0,,8baddcd7-32f6-ea7b-17db-41edcb2a2573
dfa953b5-73ed-92dc-0004-6b273472fde7,Pamela Sullivan,1992-10-17,SYN-944-15-8378,71683,670,2025-05-12,414,0,,dfa953b5-73ed-92dc-0004-6b273472fde7
cc8772b7-7858-5804-7f78-731c4051085e,Seth Curry,1983-04-05,SYN-633-33-5328,45778,659,2025-07-18,347,0,,cc8772b7-7858-5804-7f78-731c4051085e
86b66f6f-8f57-832c-ccc0-5d279aa7893e,Virginia Davis,1990-10-07,SYN-443-33-3158,18963,769,2026-06-05,25,0,,86b66f6f-8f57-832c-ccc0-5d279aa7893e
fd42cb8a-f840-bdc9-3ce9-1e40961d9a6c,Richard Adams,1999-10-19,SYN-895-39-2222,35511,626,2025-07-25,340,0,,fd42cb8a-f840-bdc9-3ce9-1e40961d9a6c
5d3fd404-4186-3ebd-ee32-53a20b5b0d3b,Jeffrey Howell,1960-04-17,SYN-954-76-2009,35374,740,2025-01-21,525,0,,5d3fd404-4186-3ebd-ee32-53a20b5b0d3b
f64a0bec-3736-ee66-891d-ebf08f30349c,Molly Ellis,1993-07-01,SYN-223-22-6807,41658,689,2025-04-27,429,1,ring_0040,ring_0040
199649b7-331a-fa43-7f3c-dc68aefda437,Crystal Anderson,1998-12-23,SYN-641-63-7532,43340,817,2025-10-01,272,0,,199649b7-331a-fa43-7f3c-dc68aefda437
68df8d63-ed33-394b-daf2-0e6145423ecd,Erica Walter,2007-09-30,SYN-973-69-1625,52386,678,2026-02-15,135,0,,68df8d63-ed33-394b-daf2-0e6145423ecd
67512275-600f-d96a-de6e-5bad56f0dbaf,William Christian,2004-01-24,SYN-101-30-9210,16515,604,2026-04-12,79,0,,67512275-600f-d96a-de6e-5bad56f0dbaf
ade9413a-db31-1f22-38ec-112c31f531eb,Gabriel Wilkins,2007-09-17,SYN-342-57-6400,41681,628,2025-08-19,315,0,,ade9413a-db31-1f22-38ec-112c31f531eb
d26b9146-ef7b-beae-c61b-233c4716897c,Lisa Hernandez,1982-11-16,SYN-382-75-5535,36173,723,2025-09-18,285,0,,d26b9146-ef7b-beae-c61b-233c4716897c
6899575a-3e63-3e3d-8df8-aaadaada8992,Michael Rodriguez,1997-04-12,SYN-373-72-4488,27553,629,2025-12-27,185,0,,6899575a-3e63-3e3d-8df8-aaadaada8992
909de98f-2e58-3477-743b-90337085ca82,Timothy Delacruz,1985-10-12,SYN-528-14-5348,33490,749,2025-12-07,205,1,ring_0166,ring_0166
ee53ceb9-5d8b-aff5-87aa-b23322419df2,Christopher Casey,2000-02-22,SYN-505-16-6184,69713,616,2025-09-10,293,1,ring_0201,ring_0201
69022c87-c808-abce-ce27-763637169daa,Bryan King,1981-09-24,SYN-250-96-9608,116817,672,2025-03-28,459,0,,69022c87-c808-abce-ce27-763637169daa
bbef2b67-120e-9058-41a3-bfd448fd5573,Aaron Scott,1989-01-21,SYN-647-92-8542,69922,632,2025-08-23,311,0,,bbef2b67-120e-9058-41a3-bfd448fd5573
bc0c474c-b8a4-3547-265d-95e0cd56a70d,Samantha Gardner,1957-07-17,SYN-253-99-4831,113666,806,2026-04-25,66,0,,bc0c474c-b8a4-3547-265d-95e0cd56a70d
6ea0e903-d746-521e-6587-de5414d94178,Katrina Jimenez,2003-01-29,SYN-380-26-6136,26818,662,2025-04-27,429,0,,6ea0e903-d746-521e-6587-de5414d94178
3cb3b089-79d8-4785-cd4a-d61fea134677,Mark Wilson,1991-01-31,SYN-971-90-8047,34899,520,2025-11-04,238,0,,3cb3b089-79d8-4785-cd4a-d61fea134677
896cf784-463c-98fa-4324-8bd4ccddc090,Timothy Olson,1970-07-07,SYN-502-54-6053,51667,684,2025-06-23,372,0,,896cf784-463c-98fa-4324-8bd4ccddc090
257d09a8-3a5a-52ad-f21a-0ecf29494b8c,Shelby Rodriguez,1997-01-31,SYN-990-27-5290,57546,700,2025-03-13,474,0,,257d09a8-3a5a-52ad-f21a-0ecf29494b8c
8fd97db3-032f-67fa-cec6-e0f5ed0fa098,Christopher Bowen,1973-03-29,SYN-879-48-8739,63099,693,2025-03-18,469,0,,8fd97db3-032f-67fa-cec6-e0f5ed0fa098
f0fd12c4-0850-0e66-b347-902d785bf605,Denise Maxwell,2001-10-04,SYN-544-32-4679,33994,745,2025-04-17,439,0,,f0fd12c4-0850-0e66-b347-902d785bf605
4b23ebe2-6425-03c0-9a25-e927f166297d,Heather Woodard,1969-08-01,SYN-966-70-1584,36536,700,2025-11-21,221,0,,4b23ebe2-6425-03c0-9a25-e927f166297d
6c3903e8-a6e8-712b-01de-1752198f1d46,Timothy Gibson,1974-10-06,SYN-255-44-2381,71078,761,2025-09-18,285,0,,6c3903e8-a6e8-712b-01de-1752198f1d46
21c72e2f-b6fa-9291-849e-a2f4d09fb759,Gary Gilbert,1964-05-30,SYN-699-52-4142,83801,629,2026-02-16,134,0,,21c72e2f-b6fa-9291-849e-a2f4d09fb759
b7534289-5ac4-4a33-8856-b268ae644581,Kelly Phillips,1970-06-28,SYN-840-95-1744,58413,742,2026-03-09,113,0,,b7534289-5ac4-4a33-8856-b268ae644581
f106f39e-aabe-ca0c-4a3c-962aa66d5b09,Margaret Johnson,1975-12-27,SYN-279-70-4295,90068,680,2025-07-17,348,0,,f106f39e-aabe-ca0c-4a3c-962aa66d5b09
67119026-a415-f0ec-9afe-6dd6f1cc58fe,Nancy Bradford,1990-05-15,SYN-297-87-8760,32302,631,2025-11-06,236,0,,67119026-a415-f0ec-9afe-6dd6f1cc58fe
d56dd90e-7b75-5230-5e5d-bb11d3f8b0ae,Breanna Lopez,1969-12-05,SYN-860-56-3361,71311,627,2025-07-07,358,0,,d56dd90e-7b75-5230-5e5d-bb11d3f8b0ae
7fb58fc0-78de-8f6b-8b69-411b31c18289,Michelle Schultz,1998-06-22,SYN-386-37-3252,60524,661,2025-08-31,303,0,,7fb58fc0-78de-8f6b-8b69-411b31c18289
f7fbd178-4eef-1974-ba38-f3d3e11a123f,Rodney Gilmore,1978-11-28,SYN-391-69-7798,76431,542,2026-02-16,134,0,,f7fbd178-4eef-1974-ba38-f3d3e11a123f
d8e0616a-7048-1d0e-b27f-937f96c9356c,Jason Rocha,1987-12-19,SYN-220-80-6101,84653,671,2025-02-20,495,0,,d8e0616a-7048-1d0e-b27f-937f96c9356c
1bc1ffd1-64ed-4cd4-689a-269dada9045f,Molly White,1996-12-19,SYN-495-65-6466,24518,764,2025-02-24,491,0,,1bc1ffd1-64ed-4cd4-689a-269dada9045f
48702740-ffd5-beca-0fa9-c39563b2a8c8,Christina Walters,1976-09-01,SYN-528-95-9952,66957,709,2026-04-23,68,0,,48702740-ffd5-beca-0fa9-c39563b2a8c8
3ed27df8-fa91-b64d-34c9-907ffa8ab0fc,Adam Woods,1984-02-13,SYN-156-80-4041,139262,674,2025-01-12,534,0,,3ed27df8-fa91-b64d-34c9-907ffa8ab0fc
7683711c-012d-d82f-7fbe-8668cdb6d7cc,Daniel Shaw,1979-06-22,SYN-233-45-3549,86868,792,2025-03-12,475,0,,7683711c-012d-d82f-7fbe-8668cdb6d7cc
90336670-09e2-494c-a9f5-7ae09b90ad43,Jennifer Richards,1971-08-24,SYN-809-25-3261,64573,685,2025-08-05,329,0,,90336670-09e2-494c-a9f5-7ae09b90ad43
1449f6a0-8c23-7628-6da5-8392c1434df0,Cassandra Wood,1974-10-19,SYN-475-37-8266,35883,817,2026-01-17,164,0,,1449f6a0-8c23-7628-6da5-8392c1434df0
18103356-5883-e4ee-cc6e-d7efc66b40c3,John Browning,1972-10-25,SYN-369-74-4900,47891,678,2025-10-12,261,0,,18103356-5883-e4ee-cc6e-d7efc66b40c3
b9cd4ef1-8274-42f8-61aa-3f1c0fbdedc3,Randy Griffin,1991-12-19,SYN-300-18-5617,48816,719,2026-05-08,53,0,,b9cd4ef1-8274-42f8-61aa-3f1c0fbdedc3
d4510a24-ee76-b8af-c1d4-672f809df64b,Rickey Hall,1995-07-14,SYN-600-47-2806,97975,710,2026-01-16,165,0,,d4510a24-ee76-b8af-c1d4-672f809df64b
907c6e72-c65a-7c22-bb9d-a12b4f9c6426,Amanda Wilson,1978-05-26,SYN-443-24-9552,90347,688,2026-04-13,78,1,ring_0216,ring_0216
c860a14b-a15d-b042-35b3-5e7baacad51c,Angel Smith,1998-01-09,SYN-665-58-6435,81599,660,2025-06-14,381,0,,c860a14b-a15d-b042-35b3-5e7baacad51c
aeed6df6-b4dd-13de-dbdf-294608963274,Nathan Maldonado,1961-04-09,SYN-312-99-7714,100521,673,2025-07-24,341,0,,aeed6df6-b4dd-13de-dbdf-294608963274
ccfb7b68-b2e6-b629-7241-b418dd903b69,Charles Thompson,1977-01-19,SYN-707-45-1978,31859,690,2025-03-08,479,0,,ccfb7b68-b2e6-b629-7241-b418dd903b69
7a609d39-6803-45e1-027a-921532840695,Derek Mckinney,1983-02-08,SYN-321-14-4990,91232,661,2025-01-23,523,0,,7a609d39-6803-45e1-027a-921532840695
f67d6eb2-7e08-e172-08f9-6a2ef1c8c762,Candace Soto,1978-09-06,SYN-918-47-5465,42460,646,2026-03-24,98,0,,f67d6eb2-7e08-e172-08f9-6a2ef1c8c762
83b473f8-4835-b09d-b046-ff856beb2cc7,Terry Oconnor,1980-01-28,SYN-404-70-8586,60841,715,2025-07-14,351,1,ring_0058,ring_0058
ddbbb278-2010-f364-7686-5e19dcd2b76d,Penny Gomez MD,1987-11-03,SYN-145-82-8020,54391,660,2025-04-09,447,0,,ddbbb278-2010-f364-7686-5e19dcd2b76d
4f46b70f-b603-b535-4aa5-160115fb8b38,Dr. Isabel Smith PhD,1976-09-22,SYN-850-23-1520,21830,707,2026-03-16,106,0,,4f46b70f-b603-b535-4aa5-160115fb8b38
0e4b71b9-cbad-a64b-23c0-758fc75c4ea6,Derek Navarro,1990-08-20,SYN-863-27-6238,20460,682,2025-01-28,518,1,ring_0118,ring_0118
e962d4a9-0348-223d-b14e-926243eea1a5,Ruben Charles,1998-01-24,SYN-676-31-6330,84022,635,2025-09-06,297,0,,e962d4a9-0348-223d-b14e-926243eea1a5
b1741586-9e91-690f-b1b0-76d0a2586595,Brandi Jefferson,1982-11-25,SYN-241-75-3829,53806,636,2026-05-06,55,1,ring_0031,ring_0031
cf4f7ead-f9a1-d8f5-9886-b5468dab9b57,Melissa Martinez,1984-07-23,SYN-104-48-9874,28832,614,2025-06-13,382,0,,cf4f7ead-f9a1-d8f5-9886-b5468dab9b57
75d6b3ce-5a3d-79c6-3ae2-6e687b43bf88,Lisa Archer,1979-05-24,SYN-268-99-8701,167539,692,2025-08-20,314,0,,75d6b3ce-5a3d-79c6-3ae2-6e687b43bf88
5fc55ccc-5c86-fcb8-45c6-025d871aae24,Sara Thomas,1981-03-30,SYN-318-24-8468,46275,725,2025-05-05,421,0,,5fc55ccc-5c86-fcb8-45c6-025d871aae24
a12b856b-661c-b56b-51fa-c2cd379f5a8c,Kristin Andrews,1998-11-14,SYN-380-26-1484,67424,542,2025-12-01,211,0,,a12b856b-661c-b56b-51fa-c2cd379f5a8c
9cf7afe8-b117-d023-3171-d02c0235193b,April Turner,1994-05-31,SYN-830-57-2051,46114,606,2025-03-06,481,0,,9cf7afe8-b117-d023-3171-d02c0235193b
157ec67c-4428-ac6b-b6f6-3d1ff31bab54,Laura Mcknight,1995-06-24,SYN-198-61-8977,88036,783,2026-02-06,144,1,ring_0068,ring_0068
b5e8b031-dd82-d154-229c-f7aadd1a0149,Annette Lewis,1991-02-13,SYN-730-44-5355,68336,578,2025-05-09,417,0,,b5e8b031-dd82-d154-229c-f7aadd1a0149
8d5fe72c-17c4-83e6-27de-87def4d463c0,Michael Saunders,1975-07-25,SYN-256-82-5223,41118,560,2025-07-03,362,0,,8d5fe72c-17c4-83e6-27de-87def4d463c0
b8d54924-c1c1-ecb3-1b94-c10e6d6d85f8,Adam Robinson,1990-07-15,SYN-705-66-7233,110229,593,2025-06-14,381,0,,b8d54924-c1c1-ecb3-1b94-c10e6d6d85f8
f55995e8-3bb4-9934-521e-e4575f45a27a,Christine Greene,2002-04-14,SYN-221-19-7968,134492,603,2026-03-19,103,0,,f55995e8-3bb4-9934-521e-e4575f45a27a
63b17382-8d2b-a34a-cfc5-6ac8cfd4f141,William Turner,1973-06-04,SYN-857-50-7255,44237,618,2025-08-31,303,0,,63b17382-8d2b-a34a-cfc5-6ac8cfd4f141
53a21506-3f1d-daff-095f-2208f4ae3684,Stephanie Manning,1967-11-08,SYN-755-20-9789,59826,634,2026-01-10,171,0,,53a21506-3f1d-daff-095f-2208f4ae3684
1c69f6a8-a595-bd84-e63a-a59e30e9013b,Albert Nguyen,1976-11-06,SYN-980-94-4265,46652,774,2025-06-25,370,0,,1c69f6a8-a595-bd84-e63a-a59e30e9013b
e5da4b74-9978-17a0-53e5-2cd242b539a7,Nicholas Humphrey,1994-01-27,SYN-321-70-8296,49761,626,2026-01-04,177,0,,e5da4b74-9978-17a0-53e5-2cd242b539a7
9f83c390-9257-019b-68db-18282eaa34c0,Brian Sloan,1977-10-31,SYN-491-58-5882,62032,750,2026-03-02,120,0,,9f83c390-9257-019b-68db-18282eaa34c0
669c0d73-3657-4f46-d74a-2579a42037aa,Randy Cannon,1979-07-20,SYN-470-36-4619,41381,553,2025-10-23,250,0,,669c0d73-3657-4f46-d74a-2579a42037aa
a50047c5-ef1e-8aa6-806b-ff9055dc9f00,Miss Tina Gordon,2008-02-05,SYN-319-98-4377,16706,778,2025-09-17,286,0,,a50047c5-ef1e-8aa6-806b-ff9055dc9f00
a196c56e-4e74-2ab0-cb77-8ebf422ecf07,David Oliver,1992-09-22,SYN-520-61-4245,53452,777,2026-02-09,141,0,,a196c56e-4e74-2ab0-cb77-8ebf422ecf07
33225d53-e91d-862b-afb0-710b0c2d818b,Heather Becker,2008-02-03,SYN-243-34-7748,40416,780,2026-03-24,98,0,,33225d53-e91d-862b-afb0-710b0c2d818b
732d681e-f994-b9bc-4099-f9b1df4106d1,Emma Owens,1982-08-13,SYN-792-45-4628,61124,696,2025-04-24,432,0,,732d681e-f994-b9bc-4099-f9b1df4106d1
1a0a0ab0-5d3c-f2e1-f56c-879cfef4d92b,Amanda Conley,1977-07-20,SYN-709-65-8225,72832,702,2025-07-25,340,0,,1a0a0ab0-5d3c-f2e1-f56c-879cfef4d92b
d0f32c22-be88-cb5a-d79d-4eaa3b8e2e1d,Shane Short,1980-04-05,SYN-253-27-2017,61685,509,2025-04-21,435,0,,d0f32c22-be88-cb5a-d79d-4eaa3b8e2e1d
85d69bdf-af99-2af0-5a35-8b6be9f678e7,Amanda Walters,1994-10-10,SYN-196-47-1449,78988,777,2025-12-11,201,0,,85d69bdf-af99-2af0-5a35-8b6be9f678e7
a1546976-43c6-fc90-898e-0e9d0ed20287,Chris Lewis,1963-02-03,SYN-294-25-8300,91725,684,2026-03-11,111,0,,a1546976-43c6-fc90-898e-0e9d0ed20287
cfd94aa0-c739-5d5d-a547-cde1e99b656e,Grace Green,1958-08-12,SYN-555-52-3431,54588,673,2025-06-02,393,0,,cfd94aa0-c739-5d5d-a547-cde1e99b656e
b4ca2e37-5350-4554-ca99-74543816160f,Mr. Don Flores,1995-01-26,SYN-416-92-3329,32175,684,2025-04-24,432,0,,b4ca2e37-5350-4554-ca99-74543816160f
84ca2540-fa9b-a6dd-7551-355ca56c6c03,Karen Hart,1979-02-14,SYN-983-80-1273,50716,660,2025-09-07,296,0,,84ca2540-fa9b-a6dd-7551-355ca56c6c03
dff0f615-4dfb-0fcd-15a0-92074fff03a0,Heidi Graham,2001-12-17,SYN-358-56-2234,18941,639,2025-04-27,429,0,,dff0f615-4dfb-0fcd-15a0-92074fff03a0
9fb721cb-14fb-ab2b-da53-cc4c0dacd4ec,Derek Zuniga,1991-01-27,SYN-412-65-6318,121153,596,2025-03-20,467,0,,9fb721cb-14fb-ab2b-da53-cc4c0dacd4ec
c3267c5c-c86c-0376-3dda-94997e8841a4,Cheryl Blevins,1975-02-08,SYN-102-55-5006,67273,735,2025-03-17,470,0,,c3267c5c-c86c-0376-3dda-94997e8841a4
22f13963-dd89-6c89-dc35-353a1f0cf8d9,Wendy Chavez,1984-05-21,SYN-161-24-1281,32749,509,2025-05-09,417,0,,22f13963-dd89-6c89-dc35-353a1f0cf8d9
1a0b1f85-c11c-2793-bdce-56fe81718e15,Christina Weber,1986-04-08,SYN-384-77-6113,22066,646,2025-12-24,188,0,,1a0b1f85-c11c-2793-bdce-56fe81718e15
3e6b068b-dac2-e8c5-2403-f61190df78c4,Shelley Miller,1992-03-08,SYN-325-33-1535,60132,605,2025-04-12,444,0,,3e6b068b-dac2-e8c5-2403-f61190df78c4
8ce04ee9-2c19-9842-382c-3c87debd7a8a,Jim Rodriguez,1998-06-14,SYN-576-47-8043,42419,700,2025-12-03,209,0,,8ce04ee9-2c19-9842-382c-3c87debd7a8a
47594f9d-30e0-9124-a716-40ede2431ad0,Brenda Payne,1997-03-08,SYN-184-41-7015,32555,626,2025-03-26,461,0,,47594f9d-30e0-9124-a716-40ede2431ad0
5d151dd1-1c85-c310-6a26-cc1e7090ede5,Nicholas Franklin,1980-05-23,SYN-637-15-3587,34247,619,2025-03-12,475,0,,5d151dd1-1c85-c310-6a26-cc1e7090ede5
6af53bc8-8066-0ecc-fcf9-84988cd63735,Bryce Francis,2001-02-17,SYN-391-83-3573,83297,777,2025-04-23,433,0,,6af53bc8-8066-0ecc-fcf9-84988cd63735
715c6dde-c8eb-f466-d979-e03039ed21bc,Tara Jones,1982-10-06,SYN-314-10-1921,67859,524,2025-08-19,315,0,,715c6dde-c8eb-f466-d979-e03039ed21bc
f6b76ed6-829b-c979-c069-d0f84e0aa7ce,Steven Hull,1977-04-01,SYN-604-57-7824,35470,684,2025-05-02,424,0,,f6b76ed6-829b-c979-c069-d0f84e0aa7ce
11920c38-a5f4-49dd-63c6-59ecbeefe980,Mary Mathews,1997-08-11,SYN-579-66-4512,66962,672,2025-06-20,375,0,,11920c38-a5f4-49dd-63c6-59ecbeefe980
e7d1c5cb-8438-a14d-7e78-57f88772b988,Bryan Thomas,1991-04-03,SYN-339-91-2390,15833,598,2025-12-02,210,0,,e7d1c5cb-8438-a14d-7e78-57f88772b988
c85921e4-012a-c868-7e94-c24dcc445876,Christina King,1987-05-12,SYN-225-99-7730,22133,736,2025-01-24,522,0,,c85921e4-012a-c868-7e94-c24dcc445876
b57fa5b0-ad64-79c3-3810-2f66e754a7a4,Lydia Pham,1972-07-11,SYN-618-88-2958,17806,640,2025-08-30,304,0,,b57fa5b0-ad64-79c3-3810-2f66e754a7a4
b9ded8d8-73ac-e46f-476d-46fe1e3c76e2,Patrick Potts,1989-05-17,SYN-361-36-4184,41620,639,2025-11-29,213,0,,b9ded8d8-73ac-e46f-476d-46fe1e3c76e2
a1a067ff-6da4-a4c6-f8cd-b6f8896de011,Jason Mcdonald,1972-01-28,SYN-868-32-8136,30639,688,2026-03-01,121,0,,a1a067ff-6da4-a4c6-f8cd-b6f8896de011
ccfa1037-14e7-b45b-8e88-5d29052ff65a,Stacy Adkins,1983-12-11,SYN-826-88-6121,111949,791,2026-02-09,141,0,,ccfa1037-14e7-b45b-8e88-5d29052ff65a
160c99da-d9ac-61c5-a9c0-d66b365a9c34,Janice Bailey,1999-05-02,SYN-379-16-5332,36008,612,2025-10-17,256,0,,160c99da-d9ac-61c5-a9c0-d66b365a9c34
982daf0e-ec83-8b38-6c57-bafc23bba181,Molly Rodriguez,1985-10-23,SYN-813-74-5489,80278,620,2025-05-27,399,0,,982daf0e-ec83-8b38-6c57-bafc23bba181
ea400865-b108-989b-2c41-57d5f914be11,Vincent Reyes,1969-11-05,SYN-582-79-6431,57739,635,2025-10-11,262,0,,ea400865-b108-989b-2c41-57d5f914be11
85b25f85-dae6-1194-8b8a-76c7d77b68a0,Joshua Jacobs,1980-02-21,SYN-102-41-5853,66331,695,2025-07-11,354,0,,85b25f85-dae6-1194-8b8a-76c7d77b68a0
8c307d5c-60f7-d3ad-c0fb-248adda2dcc3,Joshua Russell,1981-06-30,SYN-331-40-1850,59059,691,2026-03-05,117,0,,8c307d5c-60f7-d3ad-c0fb-248adda2dcc3
840b4018-e8da-83c0-d7fe-2da83e9afc55,Jeffery Nelson,1988-11-23,SYN-433-93-5842,69636,631,2026-03-03,119,0,,840b4018-e8da-83c0-d7fe-2da83e9afc55
e04e2392-7a4c-0aaf-0a40-493407e0ba9a,Hannah Price,1979-07-26,SYN-196-26-1148,15359,689,2026-03-31,91,1,ring_0214,ring_0214
3bb33db4-9d46-7a13-3ab3-046766187746,Jonathan Graves,1978-01-05,SYN-570-71-7863,27540,610,2026-06-22,8,0,,3bb33db4-9d46-7a13-3ab3-046766187746
b6ccd093-e5fa-d15b-bac9-adaa6a8e9e68,Daniel Murphy,1973-09-24,SYN-669-44-9340,109353,609,2025-02-26,489,0,,b6ccd093-e5fa-d15b-bac9-adaa6a8e9e68
bf10e787-0c04-d482-2686-8711bd3a2515,Rose Mclaughlin,1982-06-30,SYN-432-90-7551,25239,606,2026-03-01,121,0,,bf10e787-0c04-d482-2686-8711bd3a2515
f0fb4382-4179-e269-06ca-c8b830740c0b,Justin Dalton,1984-06-27,SYN-316-81-9503,50399,674,2025-09-14,289,0,,f0fb4382-4179-e269-06ca-c8b830740c0b
937f25ab-a63f-210a-e0e4-7f274563300e,Jessica Warren,1999-01-16,SYN-535-71-1222,113188,735,2025-10-12,261,0,,937f25ab-a63f-210a-e0e4-7f274563300e
8b005526-8f03-da83-7f8d-ae492a787b6e,Jeffrey Aguilar,1990-06-18,SYN-800-84-1269,77145,692,2025-09-06,297,1,ring_0101,ring_0101
fb7cc8d2-1216-8e0e-b43f-bd4cfe654903,Karen Gonzalez,1988-06-18,SYN-397-26-3238,125940,785,2025-03-09,478,0,,fb7cc8d2-1216-8e0e-b43f-bd4cfe654903
68a2e46b-4f45-69bf-4fbc-089ec2caf72f,Timothy Jacobs,1982-12-11,SYN-889-19-5890,38301,569,2025-06-11,384,0,,68a2e46b-4f45-69bf-4fbc-089ec2caf72f
bf265d86-6cf7-d7f5-1d45-8645b10d5829,Pamela Watkins,1959-10-06,SYN-278-72-8588,43257,638,2025-07-11,354,0,,bf265d86-6cf7-d7f5-1d45-8645b10d5829
fe651d0e-37b9-d209-e7b7-6d9b74c972a1,Bryan Harris,2008-05-19,SYN-516-26-3942,37916,701,2025-09-22,281,0,,fe651d0e-37b9-d209-e7b7-6d9b74c972a1
cab66e2d-9a68-9cfb-2eec-b4a890afa6eb,Regina Melton,1988-12-14,SYN-326-42-4372,24648,655,2026-01-14,167,1,ring_0143,ring_0143
b9b5aa6c-fd1b-bc46-0fb9-34399897ac8c,Amber Walker,1974-10-31,SYN-409-40-5301,69705,728,2025-07-15,350,0,,b9b5aa6c-fd1b-bc46-0fb9-34399897ac8c
063c59ff-fb63-b92f-51dc-fb2a0a7abbb5,Nicholas Obrien II,1970-07-31,SYN-351-32-6148,95130,651,2026-05-16,45,0,,063c59ff-fb63-b92f-51dc-fb2a0a7abbb5
c754eed5-8bdc-527c-65a8-91c689c27d85,Jason Smith,2007-09-19,SYN-905-91-3058,132140,721,2025-03-03,484,0,,c754eed5-8bdc-527c-65a8-91c689c27d85
6f485404-77da-5b6d-8e83-b5a61d07474a,Vanessa Ramirez,1995-12-20,SYN-499-82-4042,128426,728,2025-02-01,514,0,,6f485404-77da-5b6d-8e83-b5a61d07474a
bcd23017-5d26-0255-8de8-a1b37f17b756,Donna Ibarra,1994-01-22,SYN-500-11-8307,59039,777,2025-01-01,545,0,,bcd23017-5d26-0255-8de8-a1b37f17b756
ad35433f-3c25-7bbc-04a6-b031d5df9591,Charles Turner,1982-08-25,SYN-831-11-7166,32331,632,2026-02-17,133,0,,ad35433f-3c25-7bbc-04a6-b031d5df9591
9a6e45b2-3367-6644-1d05-8b5a8863dde0,Francisco Gonzalez,1999-12-30,SYN-957-39-7021,55755,600,2025-11-05,237,0,,9a6e45b2-3367-6644-1d05-8b5a8863dde0
0d5bbcde-7467-1009-296d-5c9e544b1bc2,Theresa Davis,1981-02-04,SYN-845-92-7153,26210,758,2025-05-08,418,0,,0d5bbcde-7467-1009-296d-5c9e544b1bc2
cd34724d-81e8-2f70-9f03-3923ef2f75ea,Maurice Johnson,2002-02-21,SYN-907-85-4181,24155,649,2025-04-18,438,0,,cd34724d-81e8-2f70-9f03-3923ef2f75ea
cdb2a0b8-7154-6b1b-9946-64af683f2558,Leslie Fitzgerald,1984-06-06,SYN-266-69-2813,73692,671,2025-11-20,222,0,,cdb2a0b8-7154-6b1b-9946-64af683f2558
7f6c8c65-04be-1541-a39b-84175e743509,Kristine Garcia,1985-01-31,SYN-804-51-6309,82182,712,2025-10-17,256,0,,7f6c8c65-04be-1541-a39b-84175e743509
2fb77e57-2144-d8c2-59b9-cccef436bca4,Benjamin Alvarez,1992-12-17,SYN-829-19-3225,43346,618,2026-01-14,167,0,,2fb77e57-2144-d8c2-59b9-cccef436bca4
fe523432-ed9a-59e9-d101-9ed49c982308,Brenda Nicholson,1980-07-17,SYN-804-79-1223,34665,672,2025-01-14,532,0,,fe523432-ed9a-59e9-d101-9ed49c982308
4a30b5bd-650f-751b-99c8-159902cd4b08,Steven Butler,1960-10-27,SYN-372-55-6719,66442,721,2026-02-16,134,0,,4a30b5bd-650f-751b-99c8-159902cd4b08
9ddef106-098a-593f-4fc2-da3948fd5f95,Christopher Jones,2004-02-27,SYN-138-94-9901,27410,661,2026-06-19,11,0,,9ddef106-098a-593f-4fc2-da3948fd5f95
b1b69738-340f-357d-0644-6cd55e924232,Jason Miller,1976-05-30,SYN-487-14-5866,48322,649,2026-01-17,164,0,,b1b69738-340f-357d-0644-6cd55e924232
d450c2d4-e7e5-f1c2-0c83-7b508ca50ee3,Joshua Clark,1964-02-21,SYN-828-19-2851,74437,726,2026-03-18,104,0,,d450c2d4-e7e5-f1c2-0c83-7b508ca50ee3
f8fe10d0-3c50-ad15-72f3-333cf5508124,Eric Walker,1997-04-29,SYN-496-24-4089,91862,673,2025-10-25,248,0,,f8fe10d0-3c50-ad15-72f3-333cf5508124
070dc2c0-c88e-afd5-0bd7-0a88e58f338b,Melissa Avila,1975-02-06,SYN-530-16-9778,180090,564,2025-07-16,349,1,ring_0002,ring_0002
778a7d9b-f804-f311-d3c1-35bd91732793,Michael Farrell,2007-03-17,SYN-652-61-5025,31380,666,2025-09-26,277,0,,778a7d9b-f804-f311-d3c1-35bd91732793
45d4c4ca-020e-b0bd-ab59-72d76104ee0b,Samuel Suarez,1973-10-16,SYN-884-13-7297,90161,829,2026-03-10,112,0,,45d4c4ca-020e-b0bd-ab59-72d76104ee0b
13880d0b-9fbd-f6fc-fa63-e9f28d012950,Maria Parker,1977-10-09,SYN-316-53-8851,52570,761,2025-12-03,209,0,,13880d0b-9fbd-f6fc-fa63-e9f28d012950
dafd112c-f226-00f8-a298-ed495d08874f,Dr. Hannah Patterson,1991-01-03,SYN-357-27-9679,44011,744,2025-08-05,329,0,,dafd112c-f226-00f8-a298-ed495d08874f
5489aae9-6193-4df3-14e0-6ee5dd6630f7,Stephanie Smith,1986-02-07,SYN-609-50-9431,37127,781,2026-05-11,50,0,,5489aae9-6193-4df3-14e0-6ee5dd6630f7
69c5d95d-d45f-fa3c-250c-573c94999360,Mark Clark,1989-09-23,SYN-437-22-4450,83826,671,2025-09-21,282,0,,69c5d95d-d45f-fa3c-250c-573c94999360
c358e46e-8394-c69e-3a23-9996edc839c3,James Raymond,1992-12-26,SYN-571-28-2278,64121,624,2025-09-17,286,0,,c358e46e-8394-c69e-3a23-9996edc839c3
9113f6ee-ecdf-669a-c94e-0764850d7f59,Destiny Powers,1963-09-06,SYN-117-73-7643,135229,806,2025-04-15,441,0,,9113f6ee-ecdf-669a-c94e-0764850d7f59
75bf2874-bfb0-fabd-c64e-a985aaf5ac6e,Elizabeth Miller,1986-11-05,SYN-758-90-9600,122085,580,2025-10-20,253,0,,75bf2874-bfb0-fabd-c64e-a985aaf5ac6e
a93ec0fa-6abe-b774-480f-5bbfc55972cd,Michael Horton DDS,1997-01-09,SYN-446-47-3135,150621,713,2026-05-15,46,0,,a93ec0fa-6abe-b774-480f-5bbfc55972cd
b759a504-0654-53f6-b008-653d52a88bfb,John Peterson,1985-10-05,SYN-201-74-7037,125450,668,2025-06-29,366,0,,b759a504-0654-53f6-b008-653d52a88bfb
37b5b256-1ea6-f7b8-920f-a7d79bffbf16,Tyler Harris,1989-01-27,SYN-863-16-4144,109963,635,2026-06-11,19,0,,37b5b256-1ea6-f7b8-920f-a7d79bffbf16
87c69abe-77e0-d1ac-e79c-f65df62d8bf6,Victoria Marshall,1979-08-08,SYN-206-92-9010,44672,777,2025-06-29,366,0,,87c69abe-77e0-d1ac-e79c-f65df62d8bf6
a75d6e23-1580-6db8-638e-0a74c3f4b55e,Derrick Clayton,2001-09-03,SYN-241-82-5229,58702,630,2025-09-03,300,0,,a75d6e23-1580-6db8-638e-0a74c3f4b55e
265e8848-8b45-5bdc-bc05-cf7f30f29e57,Cynthia Vang,1989-05-30,SYN-462-41-2387,82476,798,2026-03-06,116,0,,265e8848-8b45-5bdc-bc05-cf7f30f29e57
5d92b09f-9c48-fa14-32fe-ff426ee8e6dc,Julie Rodriguez MD,1984-12-02,SYN-780-17-3426,68951,755,2026-03-02,120,0,,5d92b09f-9c48-fa14-32fe-ff426ee8e6dc
a8a93414-1e73-0a9b-fcf1-079fafc4d0a4,Cory Jones,1983-12-15,SYN-867-47-6496,67231,562,2026-02-05,145,0,,a8a93414-1e73-0a9b-fcf1-079fafc4d0a4
0f9c38a3-ce53-98b4-be2d-fd832d087c3c,Michelle Ho,1991-12-28,SYN-481-55-3499,48564,590,2025-12-23,189,0,,0f9c38a3-ce53-98b4-be2d-fd832d087c3c
57bb007e-ce4c-5b74-3382-5d01b0820119,Matthew Giles,1974-09-16,SYN-996-53-6998,41053,647,2025-05-04,422,0,,57bb007e-ce4c-5b74-3382-5d01b0820119
8bbf6e1c-4c52-02c2-45b7-bb4d7f991ab0,Mark Conner,2003-06-23,SYN-402-61-2565,42784,623,2025-05-26,400,0,,8bbf6e1c-4c52-02c2-45b7-bb4d7f991ab0
be7e0c44-d396-370f-83e4-7a0b3d6fceb2,Suzanne Bailey,1977-04-09,SYN-745-65-6967,31783,680,2025-11-03,239,0,,be7e0c44-d396-370f-83e4-7a0b3d6fceb2
3f147086-24c6-f5c5-eaa7-0a041430799a,Robin Johnson,1976-08-13,SYN-940-67-6665,74130,693,2026-04-28,63,0,,3f147086-24c6-f5c5-eaa7-0a041430799a
1c834373-30dc-2325-827e-218974fd8827,Amber Hernandez,2007-07-08,SYN-890-64-5038,15000,600,2026-02-22,128,0,,1c834373-30dc-2325-827e-218974fd8827
6f60f49c-3c00-4082-416c-42c1cf5419a1,Jonathan Davis,1979-08-11,SYN-486-48-7855,47315,780,2025-09-17,286,0,,6f60f49c-3c00-4082-416c-42c1cf5419a1
50f26c77-cc5d-b958-1a5d-0ef14f8e669a,Nicole Anderson,1959-07-25,SYN-659-88-9887,130716,832,2025-03-30,457,0,,50f26c77-cc5d-b958-1a5d-0ef14f8e669a
25353a3d-142f-d7ac-80a4-83eb5310426f,Alan Waller,1981-10-06,SYN-134-42-6503,93013,664,2025-03-20,467,0,,25353a3d-142f-d7ac-80a4-83eb5310426f
9496589b-8815-a517-fa9c-4ec6d32adb13,Christina Le MD,1983-05-27,SYN-424-55-9318,83635,724,2026-01-31,150,0,,9496589b-8815-a517-fa9c-4ec6d32adb13
aa09ebb3-7875-edfd-ebb9-19811dfcfe8e,Heidi Blankenship,2001-12-17,SYN-678-12-5078,27028,727,2025-02-11,504,0,,aa09ebb3-7875-edfd-ebb9-19811dfcfe8e
c1080159-30ad-c1fd-94fb-55de421234cb,Elizabeth Holmes,2002-10-11,SYN-761-89-9180,52361,642,2025-08-19,315,0,,c1080159-30ad-c1fd-94fb-55de421234cb
99dc02d8-1039-bc92-49d4-4e81716a415f,Alyssa Zimmerman,2004-04-10,SYN-174-88-1658,148390,597,2026-06-07,23,0,,99dc02d8-1039-bc92-49d4-4e81716a415f
c8b87e0f-49eb-22ed-9ef6-99b95cd52946,Richard Schneider,1992-11-29,SYN-380-16-9773,29914,595,2025-06-07,388,0,,c8b87e0f-49eb-22ed-9ef6-99b95cd52946
4fa8f97d-f6ea-87d9-ba99-285c5a3bb3ff,Donna Landry,2007-10-14,SYN-358-41-3253,54159,682,2026-05-10,51,0,,4fa8f97d-f6ea-87d9-ba99-285c5a3bb3ff
83f8a837-e40c-5f31-77d0-198ef2964292,Ruben Woodard,1971-03-26,SYN-399-32-9329,22346,643,2026-03-29,93,0,,83f8a837-e40c-5f31-77d0-198ef2964292
5231260f-9a9d-9382-cbf4-982bbd0f3d67,Teresa Fuller,1983-09-15,SYN-488-79-6565,43658,559,2026-03-01,121,0,,5231260f-9a9d-9382-cbf4-982bbd0f3d67
c88cd858-9ba0-8759-06a0-5c259833a409,Teresa Allen,1991-04-10,SYN-475-22-9525,71677,546,2025-11-11,231,0,,c88cd858-9ba0-8759-06a0-5c259833a409
3e3aa951-ab1b-8259-fd42-2b349b1a84b3,James Garcia,1975-07-19,SYN-935-35-9889,49809,706,2025-03-02,485,0,,3e3aa951-ab1b-8259-fd42-2b349b1a84b3
cf3fa3c4-ce99-6a9e-e262-61b6a643c1c5,Erica Smith,1983-05-29,SYN-377-87-5414,53286,619,2025-05-21,405,0,,cf3fa3c4-ce99-6a9e-e262-61b6a643c1c5
19667b01-2e9d-c5fa-9ff0-15dcd5576067,James Weaver,1984-02-03,SYN-252-69-9979,40872,761,2025-12-03,209,0,,19667b01-2e9d-c5fa-9ff0-15dcd5576067
7de603a2-cb43-8c86-5203-d5cfad031301,Angela Roberts,1992-02-09,SYN-863-61-8419,22713,612,2025-07-01,364,1,ring_0023,ring_0023
1a925309-453c-0ee7-e79d-adb3e1be6dd7,Brian Fuentes,1982-03-11,SYN-850-16-5757,21322,690,2025-07-18,347,0,,1a925309-453c-0ee7-e79d-adb3e1be6dd7
ddfca660-7773-9f1d-ba3c-3153d5ec39fb,Alan Mahoney,1988-08-01,SYN-718-95-5554,73163,602,2026-06-23,7,0,,ddfca660-7773-9f1d-ba3c-3153d5ec39fb
a96a56a8-bdbd-f3e5-9dfd-38f2b1881e90,Nancy Jennings,1993-09-24,SYN-369-21-2033,78600,634,2025-06-05,390,0,,a96a56a8-bdbd-f3e5-9dfd-38f2b1881e90
8f93f28b-018b-40b8-194e-6f205453ae72,Kelly Kent,1992-04-13,SYN-856-48-6188,39319,645,2025-02-25,490,0,,8f93f28b-018b-40b8-194e-6f205453ae72
6a9e48a5-8481-634f-8236-295a3cf6d3b9,Michele Stewart,2007-12-31,SYN-486-13-8242,82308,647,2026-06-24,6,0,,6a9e48a5-8481-634f-8236-295a3cf6d3b9
88da7325-911d-a08b-f531-8b316743855e,Bradley Parks,1977-02-09,SYN-380-38-9185,120570,584,2026-01-13,168,0,,88da7325-911d-a08b-f531-8b316743855e
11a18fdf-8011-6714-df67-3971c90620b4,Benjamin Townsend,1957-12-16,SYN-646-78-6510,62867,645,2025-11-01,241,0,,11a18fdf-8011-6714-df67-3971c90620b4
ef64e1a3-35e5-0383-c8a2-8662e0ba5872,Nancy Stewart,2001-06-19,SYN-434-92-2897,59638,701,2025-10-15,258,0,,ef64e1a3-35e5-0383-c8a2-8662e0ba5872
ea7654ba-e869-6a31-dc78-da9b24c35023,Eric Huerta,1975-12-10,SYN-430-62-4595,98273,654,2025-07-25,340,0,,ea7654ba-e869-6a31-dc78-da9b24c35023
6a4626d8-8291-d4e6-6c6a-52fbe1a6c705,Karina Vasquez,1991-06-13,SYN-351-47-3869,45003,543,2026-05-29,32,0,,6a4626d8-8291-d4e6-6c6a-52fbe1a6c705
cb7a11f0-fe70-597e-34eb-ff967a47c046,Darren Rodriguez,1967-06-10,SYN-855-66-6959,98360,669,2026-04-19,72,0,,cb7a11f0-fe70-597e-34eb-ff967a47c046
fb9e31e0-6fe7-5ba9-213a-49a992c1604d,Darrell Wong,1981-01-15,SYN-355-84-6432,73499,656,2026-05-19,42,0,,fb9e31e0-6fe7-5ba9-213a-49a992c1604d
d202853a-70ee-856d-fdff-afd98e30e369,Bethany Gonzalez,1994-07-25,SYN-997-88-2563,63432,799,2026-05-19,42,0,,d202853a-70ee-856d-fdff-afd98e30e369
6ce026c6-e57d-f68d-d53b-170e305493f3,Kathy Steele,1961-12-25,SYN-459-86-3913,67665,601,2025-05-13,413,0,,6ce026c6-e57d-f68d-d53b-170e305493f3
7f9180d5-209c-1d9f-b6b3-a5d69ab2a018,Mrs. Bethany Phillips,2007-02-18,SYN-978-55-5214,39335,660,2025-01-03,543,0,,7f9180d5-209c-1d9f-b6b3-a5d69ab2a018
7465f92f-fc91-bf1e-4989-636192034112,Laura Roberts,1963-06-14,SYN-166-12-2192,25949,753,2025-04-03,453,0,,7465f92f-fc91-bf1e-4989-636192034112
7bce0537-cf53-1c9f-b9b7-7ec026850bc0,Bridget Bell,1988-08-25,SYN-965-96-7552,54617,479,2025-09-06,297,0,,7bce0537-cf53-1c9f-b9b7-7ec026850bc0
4e2bc10d-60f8-4d5e-2432-fe9071c2c575,Thomas Macdonald,1996-01-10,SYN-161-86-3091,117833,515,2026-02-21,129,0,,4e2bc10d-60f8-4d5e-2432-fe9071c2c575
9ac426fb-7ace-1278-53d2-193f44422271,Michelle Ortega,1986-11-13,SYN-948-94-2560,43928,759,2025-11-28,214,0,,9ac426fb-7ace-1278-53d2-193f44422271
298b68d5-b957-0a0b-3c9d-a604f7e07d8e,Kelly Liu,2001-12-02,SYN-486-34-9910,39262,560,2026-01-21,160,0,,298b68d5-b957-0a0b-3c9d-a604f7e07d8e
e316b0e0-f792-7ca6-397b-25f6fbd270d1,Michael Clay,2008-01-13,SYN-240-20-7202,74855,708,2025-01-26,520,0,,e316b0e0-f792-7ca6-397b-25f6fbd270d1
8af73785-01bb-d8ef-4980-e7ce355fb43c,Allison Clark,2000-10-13,SYN-252-50-3522,112866,701,2025-11-29,213,0,,8af73785-01bb-d8ef-4980-e7ce355fb43c
d64ceb3a-6cfe-fbde-f9fc-a6ddd36e2702,Mary Henry,2002-11-01,SYN-451-54-2919,43067,760,2025-06-08,387,0,,d64ceb3a-6cfe-fbde-f9fc-a6ddd36e2702
a17a1f4d-dba1-110c-696d-b2c23b559da6,Amy Holt,1980-08-06,SYN-240-24-6987,141561,719,2026-04-22,69,0,,a17a1f4d-dba1-110c-696d-b2c23b559da6
74d4e4b0-0754-aa18-037d-d168cc869c5d,Roy King,2004-06-07,SYN-665-34-5376,28087,670,2025-02-06,509,0,,74d4e4b0-0754-aa18-037d-d168cc869c5d
e7e5b742-ffff-ec1c-4133-d8c064aa7c88,Corey Rodriguez,1978-08-16,SYN-424-83-3649,127851,669,2026-05-23,38,0,,e7e5b742-ffff-ec1c-4133-d8c064aa7c88
d020a156-b4b7-a35f-9bf2-eea9482d1364,Kelly Weiss,1987-10-07,SYN-107-40-7876,119214,705,2026-04-24,67,0,,d020a156-b4b7-a35f-9bf2-eea9482d1364
106d2fdc-d860-2589-67bb-b1c45ce32094,Paul Tyler,1993-10-20,SYN-591-89-5840,38140,664,2025-11-17,225,0,,106d2fdc-d860-2589-67bb-b1c45ce32094
681ae494-b7a8-c491-3557-876d01199081,John Stewart,1989-09-19,SYN-157-73-5785,33799,676,2025-10-12,261,0,,681ae494-b7a8-c491-3557-876d01199081
1f7aeb96-a2cf-6afa-0349-bffdcff95d7c,Dean Donovan,1985-08-02,SYN-881-47-6511,80191,626,2025-10-15,258,0,,1f7aeb96-a2cf-6afa-0349-bffdcff95d7c
a5da025f-ffaf-a54a-b9a2-11660c8ec5af,Brendan Kelly,1974-03-11,SYN-989-52-7926,69463,737,2025-07-19,346,0,,a5da025f-ffaf-a54a-b9a2-11660c8ec5af
9143bdc0-0894-5eb3-17b2-7914b8e1060c,Robert Gonzalez,1987-08-11,SYN-166-73-7601,47276,723,2025-03-23,464,0,,9143bdc0-0894-5eb3-17b2-7914b8e1060c
dadcb5bd-ddf7-4ace-736f-a30aecc70b6d,Justin Figueroa,1985-04-06,SYN-621-43-5904,45928,688,2026-02-14,136,0,,dadcb5bd-ddf7-4ace-736f-a30aecc70b6d
34174094-515a-487a-d8d9-a3d1128c3164,Pedro Long,1997-04-30,SYN-309-70-2210,74524,676,2026-06-30,0,0,,34174094-515a-487a-d8d9-a3d1128c3164
25db5697-d3ce-020d-a86b-89df8ba97f11,Daniel Carter,1998-09-21,SYN-382-20-5413,50026,586,2025-01-05,541,0,,25db5697-d3ce-020d-a86b-89df8ba97f11
21a9b32d-c263-b337-2684-fe9f90279d34,Rachael Alvarez,1995-05-20,SYN-273-80-5758,35621,640,2025-02-17,498,0,,21a9b32d-c263-b337-2684-fe9f90279d34
3f485649-65e4-4921-8dfa-85e8b4c3eec0,Victoria Burgess,1983-12-28,SYN-916-79-3264,20986,593,2025-03-14,473,0,,3f485649-65e4-4921-8dfa-85e8b4c3eec0
465b94d2-b43d-0a53-3dd1-d58566778687,Autumn Anderson,1981-10-30,SYN-686-47-5719,25385,771,2026-04-03,88,0,,465b94d2-b43d-0a53-3dd1-d58566778687
8f460e57-cc9c-8ab4-ccd7-c814f85f9cd6,Eric Williams,2000-12-19,SYN-729-27-7747,85281,630,2026-05-24,37,0,,8f460e57-cc9c-8ab4-ccd7-c814f85f9cd6
8a6f1f61-cc60-6c6a-3436-d47592b25f03,Joseph Haynes,1977-11-19,SYN-642-95-8784,31481,773,2026-06-14,16,0,,8a6f1f61-cc60-6c6a-3436-d47592b25f03
4a923beb-54b2-c336-12ef-890dda6e0ac2,Diane Bishop,1979-12-17,SYN-623-34-3837,30949,600,2025-07-15,350,0,,4a923beb-54b2-c336-12ef-890dda6e0ac2
a34707ea-eb53-d87a-bb71-ffdc0c05eaae,Stephen Mckee,1968-10-16,SYN-397-32-9373,100751,520,2025-05-23,403,0,,a34707ea-eb53-d87a-bb71-ffdc0c05eaae
5c1b2b22-c4cd-d6f4-a87c-61c3afc898e7,Sarah Randolph,1990-02-03,SYN-952-23-8963,52023,666,2025-05-18,408,0,,5c1b2b22-c4cd-d6f4-a87c-61c3afc898e7
de950ba2-220f-4119-ef8c-7d9ab6f73921,Jennifer Howard,1991-04-19,SYN-584-99-5708,61439,760,2026-03-27,95,1,ring_0113,ring_0113
fbe1418d-80e7-f9e1-8071-7986703d00e6,Brett Lawson,1998-01-27,SYN-843-50-9133,57911,703,2026-01-27,154,1,ring_0094,ring_0094
14f2e864-3b0e-4613-d73c-954364ec432e,William Mcmillan,1988-07-09,SYN-616-34-7522,122421,596,2025-08-04,330,0,,14f2e864-3b0e-4613-d73c-954364ec432e
388047de-1440-f767-f258-d28c4a0a0187,Robert Charles,1989-12-08,SYN-409-36-6031,32094,718,2025-08-05,329,0,,388047de-1440-f767-f258-d28c4a0a0187
519f0af3-dbba-e781-b2fe-9922db08ed66,Amber Smith,1996-02-09,SYN-885-49-3743,27197,832,2026-03-26,96,0,,519f0af3-dbba-e781-b2fe-9922db08ed66
1d54a579-25df-bccd-f576-7c22e50abedf,Timothy Bauer,1991-04-27,SYN-168-95-3626,24108,699,2025-08-10,324,0,,1d54a579-25df-bccd-f576-7c22e50abedf
9ee1131e-b7a7-b71c-2957-6f8bca185fe5,Matthew Jones,1978-11-28,SYN-240-53-9836,19410,773,2025-04-23,433,0,,9ee1131e-b7a7-b71c-2957-6f8bca185fe5
fdbb64f4-2639-fafa-7a00-aa6bbcfa7757,Patricia Kim,1986-12-12,SYN-377-32-5390,53578,631,2025-01-09,537,0,,fdbb64f4-2639-fafa-7a00-aa6bbcfa7757
78caee7e-7fed-4b01-bf3b-2df67911fcd4,Meghan Hernandez,1988-04-08,SYN-960-82-6931,64930,697,2025-08-23,311,0,,78caee7e-7fed-4b01-bf3b-2df67911fcd4
ab5f43c6-6778-7354-c14a-5b595036c0d3,Joseph Patel,1980-01-04,SYN-129-52-2551,79102,632,2026-02-18,132,0,,ab5f43c6-6778-7354-c14a-5b595036c0d3
6ab03590-d9ba-cb53-66bb-c288422500bd,Chase Young MD,2008-03-02,SYN-453-93-9268,49208,718,2026-04-11,80,0,,6ab03590-d9ba-cb53-66bb-c288422500bd
7eac08e6-2b0d-1a11-496c-bf7d16c9e57b,Jonathan Clark,1982-10-12,SYN-277-90-9065,115926,685,2026-02-23,127,0,,7eac08e6-2b0d-1a11-496c-bf7d16c9e57b
efb79abf-b610-4648-b150-390a03f30d11,Steven Schroeder,1976-06-04,SYN-131-47-1994,28002,700,2026-02-15,135,0,,efb79abf-b610-4648-b150-390a03f30d11
e75e1d97-10bc-35f4-bd98-bd504856ac7b,Priscilla Floyd,2008-02-10,SYN-208-94-6490,97328,745,2025-07-28,337,0,,e75e1d97-10bc-35f4-bd98-bd504856ac7b
5a1bf269-3c31-fd75-4bc2-906ed967bbcc,Michelle Krause,1971-04-23,SYN-839-24-4061,36107,671,2026-04-30,61,0,,5a1bf269-3c31-fd75-4bc2-906ed967bbcc
40dc925a-91dd-c8d8-256f-63c26e3f2d91,Jordan Lopez,1976-03-06,SYN-943-78-6669,34571,621,2026-05-26,35,1,ring_0128,ring_0128
de93b686-e454-7d57-1364-1f24f1eed890,Michelle Ellis,1973-11-28,SYN-640-99-7034,40920,709,2025-06-04,391,0,,de93b686-e454-7d57-1364-1f24f1eed890
decf7e77-7f2d-5cc4-7ffd-ffe6ee5f6782,Ann Hansen,1993-08-21,SYN-579-97-7130,53706,586,2025-07-21,344,0,,decf7e77-7f2d-5cc4-7ffd-ffe6ee5f6782
37571731-2d98-0f4e-d6c9-b5dd1b63079b,Casey Hardy,2001-07-11,SYN-610-70-5273,71619,670,2025-09-29,274,0,,37571731-2d98-0f4e-d6c9-b5dd1b63079b
ba7b2eaa-8ae6-c62c-acf0-188876ca21c8,Zachary Santiago,1987-07-18,SYN-131-78-2508,40199,648,2025-08-02,332,0,,ba7b2eaa-8ae6-c62c-acf0-188876ca21c8
22019119-a9f7-308d-15fa-e4530d2ec4b7,Allen Barron,1967-01-18,SYN-819-83-7894,82292,775,2025-08-14,320,1,ring_0103,ring_0103
c5cb38f6-7435-8e59-ed61-027fe7648bee,Tristan Bonilla,1988-05-12,SYN-363-44-5347,43319,789,2025-07-11,354,0,,c5cb38f6-7435-8e59-ed61-027fe7648bee
a50de2ca-940b-62cb-55dc-2178fcacb9c5,Alexandra Holmes,1977-09-19,SYN-152-82-8931,75132,648,2026-02-11,139,0,,a50de2ca-940b-62cb-55dc-2178fcacb9c5
161a8780-2838-03c8-b0a5-9a202c901d7b,Charles Powell,2008-06-02,SYN-876-31-8719,50038,755,2025-10-07,266,0,,161a8780-2838-03c8-b0a5-9a202c901d7b
1d96f211-e664-8a89-7010-43e1a8bf1410,Michael Hogan,1994-09-06,SYN-533-70-9296,33835,612,2026-02-01,149,0,,1d96f211-e664-8a89-7010-43e1a8bf1410
4f96489a-7c76-0fb5-a22d-c71fce90e9fc,Jeffrey Mendez,1970-02-02,SYN-927-90-7798,72316,811,2026-01-08,173,0,,4f96489a-7c76-0fb5-a22d-c71fce90e9fc
b5aab4f7-ced6-119c-e6f3-5741fc8c580e,Jason Hudson,1986-02-17,SYN-605-30-7548,50865,776,2025-11-26,216,0,,b5aab4f7-ced6-119c-e6f3-5741fc8c580e
6f6ce042-adee-0ce5-5300-3d4203059c2f,Stephanie Byrd,1983-05-28,SYN-628-40-7462,34005,604,2025-12-28,184,0,,6f6ce042-adee-0ce5-5300-3d4203059c2f
eee9fb87-db8d-6577-8dc0-ce1edce2b005,Mark Carter,1988-02-28,SYN-593-53-5466,26616,713,2026-04-21,70,0,,eee9fb87-db8d-6577-8dc0-ce1edce2b005
c1e2120b-2d52-4afd-6b45-e336a50b395e,Becky Garcia,1999-11-18,SYN-362-48-3996,46752,715,2026-06-24,6,0,,c1e2120b-2d52-4afd-6b45-e336a50b395e
36a27002-03a6-6576-08f7-709f1dd069fd,Joanne Harmon,1995-02-08,SYN-704-97-8312,66554,677,2026-06-09,21,0,,36a27002-03a6-6576-08f7-709f1dd069fd
ca79da38-ce82-12c1-dc61-7f2962a014ee,Christine Lopez,1990-03-27,SYN-204-33-9616,15347,702,2026-04-20,71,0,,ca79da38-ce82-12c1-dc61-7f2962a014ee
a1d463f4-0fbe-a26b-7e42-090627a76995,Robert Campbell,1985-11-08,SYN-717-41-2932,23594,518,2025-05-28,398,0,,a1d463f4-0fbe-a26b-7e42-090627a76995
1ac1effb-6bd7-cb16-41a9-a8c084c72de6,Natalie Santiago,1995-06-11,SYN-348-10-6335,112090,712,2025-05-02,424,1,ring_0064,ring_0064
d070ccc3-0eba-92c7-7ba7-d637e6e7d32e,Jacqueline Hall,1980-05-29,SYN-918-41-8212,47778,850,2026-06-02,28,0,,d070ccc3-0eba-92c7-7ba7-d637e6e7d32e
2426b98d-7374-5e03-1a62-99d25cf392ad,James Duncan,1984-05-31,SYN-323-86-4256,76191,682,2025-07-21,344,1,ring_0200,ring_0200
e4509b88-9599-4436-2a32-02ffadd6ecbe,Tanya Russell,1984-06-01,SYN-114-42-9967,46358,722,2026-02-22,128,0,,e4509b88-9599-4436-2a32-02ffadd6ecbe
fc3f3fe5-67fa-6fc9-6e3c-c6802e5b7158,Erica Glass,1999-07-29,SYN-706-12-8400,46257,813,2025-03-22,465,0,,fc3f3fe5-67fa-6fc9-6e3c-c6802e5b7158
5492d9c0-8ba5-a915-d0e8-211781571960,Kristina Brown,1950-10-14,SYN-592-51-5376,95402,602,2026-04-05,86,1,ring_0199,ring_0199
b1db7d87-d489-9a6c-1e12-93c94e775278,Steven Adams,1991-10-02,SYN-976-32-6266,58511,666,2026-04-01,90,1,ring_0065,ring_0065
f4eb049e-4646-cbb0-cd67-e34f955ec186,Jeffrey Carter,1970-08-08,SYN-490-14-7843,44115,689,2025-08-23,311,0,,f4eb049e-4646-cbb0-cd67-e34f955ec186
4f1c55e3-c2fe-8cc4-5a44-9e53cb242cc8,Phillip Obrien,1993-07-26,SYN-607-75-1004,53765,668,2025-07-31,334,0,,4f1c55e3-c2fe-8cc4-5a44-9e53cb242cc8
fb6da93f-64f4-b925-ebbc-c5eab96e6e9f,Crystal Hernandez,1989-08-30,SYN-159-47-1740,41841,644,2025-04-23,433,0,,fb6da93f-64f4-b925-ebbc-c5eab96e6e9f
2a72e8a9-e3d8-0e56-9269-68f83a549e4d,Melissa Newton,1998-10-22,SYN-699-16-8441,37575,656,2025-11-15,227,0,,2a72e8a9-e3d8-0e56-9269-68f83a549e4d
f5e28abe-6b18-a073-2e1e-a45ff0a6303f,Nicole Sanchez,1965-11-23,SYN-857-30-2922,20082,677,2025-02-13,502,0,,f5e28abe-6b18-a073-2e1e-a45ff0a6303f
a9b5a461-9356-8614-1cf4-b2230a9f65a7,Wayne Barnes,1997-05-24,SYN-517-93-4452,23105,600,2025-05-08,418,0,,a9b5a461-9356-8614-1cf4-b2230a9f65a7
36dcfee5-f159-3017-87fb-5b4086f4d322,Douglas Castaneda,2003-09-13,SYN-447-66-1784,74974,575,2026-04-25,66,1,ring_0144,ring_0144
6d4c721f-632b-1c5a-2155-7cf852f2438b,Jeffrey Gibbs,1986-03-30,SYN-173-60-7672,61420,734,2025-04-16,440,0,,6d4c721f-632b-1c5a-2155-7cf852f2438b
e56f14a4-0c42-e7e7-50d8-ce6fd1c94d89,Melissa Mathews,2007-11-08,SYN-275-43-5226,124090,612,2025-01-23,523,0,,e56f14a4-0c42-e7e7-50d8-ce6fd1c94d89
ad3d9543-6ddb-ef69-fa14-632f06650031,Hector Mcgee,1984-03-05,SYN-759-23-5277,25816,656,2025-09-20,283,0,,ad3d9543-6ddb-ef69-fa14-632f06650031
d799c3ba-dd18-73f7-a656-631386f5930b,Robert Thompson,1960-10-20,SYN-744-49-9967,249832,665,2026-02-13,137,0,,d799c3ba-dd18-73f7-a656-631386f5930b
61289839-731a-9324-1550-c8bf82f7427e,Amanda Terrell,2007-06-29,SYN-147-71-1720,70261,850,2026-02-16,134,0,,61289839-731a-9324-1550-c8bf82f7427e
2a9b10fb-12f3-480a-3ca6-75fd5c76b0f9,Belinda Fisher,1985-07-27,SYN-313-33-7155,29617,734,2026-04-03,88,0,,2a9b10fb-12f3-480a-3ca6-75fd5c76b0f9
1893d4ab-bdaf-75ba-e35a-1af4fd90e985,Megan Stokes,2008-06-10,SYN-865-49-5061,59007,798,2026-02-06,144,0,,1893d4ab-bdaf-75ba-e35a-1af4fd90e985
30cceb88-cb82-dcd2-d930-1250a97cba3e,Shane Hanson DDS,2003-04-28,SYN-370-54-6567,61355,616,2026-01-06,175,1,ring_0152,ring_0152
a7c3baf6-af90-0a44-00ce-2fce93ccbeb5,Allison Kim,2004-01-11,SYN-864-26-6275,97853,695,2025-11-18,224,0,,a7c3baf6-af90-0a44-00ce-2fce93ccbeb5
58b452db-7a0d-8b4e-195f-19680f1dfe70,Joel Jackson,1985-05-09,SYN-162-34-2292,47717,735,2025-06-22,373,0,,58b452db-7a0d-8b4e-195f-19680f1dfe70
e075b6e2-58e3-4423-ec83-b3abedc5bf84,Miss Kelly Dawson,1994-10-02,SYN-107-17-1505,106748,593,2025-01-05,541,0,,e075b6e2-58e3-4423-ec83-b3abedc5bf84
81a9773f-4c5a-6574-fb19-37250068594b,Katie Walters,1992-07-31,SYN-506-41-9079,224459,738,2025-12-21,191,0,,81a9773f-4c5a-6574-fb19-37250068594b
736596a8-9284-808a-16a6-03d7e8cb8254,Dean Harrington,1968-12-06,SYN-195-27-6596,73186,696,2025-12-18,194,0,,736596a8-9284-808a-16a6-03d7e8cb8254
53ee1172-91a9-7d2e-791b-33ad771522a8,Brittney Bowman,2001-09-11,SYN-892-75-3420,33292,717,2025-04-02,454,0,,53ee1172-91a9-7d2e-791b-33ad771522a8
991c3a42-6a44-a0cf-26ab-86ceb74ab0ef,Christopher Cameron,1976-10-05,SYN-897-38-5408,90089,626,2025-11-03,239,0,,991c3a42-6a44-a0cf-26ab-86ceb74ab0ef
d85640f3-12b7-93f5-d07b-64484859accc,Charles Chang,2002-07-01,SYN-688-42-3622,61062,675,2026-06-13,17,0,,d85640f3-12b7-93f5-d07b-64484859accc
7971a5c2-ef55-3826-dcf9-c1d8ffb297f8,Autumn Mcgee,1988-10-09,SYN-819-98-3651,52378,742,2025-02-07,508,1,ring_0187,ring_0187
12f2fc77-7091-b078-eb36-427b92b4953d,Michael Fernandez,1978-07-03,SYN-520-72-5079,68226,620,2025-12-28,184,0,,12f2fc77-7091-b078-eb36-427b92b4953d
697f67cc-69a3-6af7-31aa-d9a1fc6a3f74,Shawn Irwin,1981-05-31,SYN-966-13-5018,91525,769,2025-06-27,368,1,ring_0125,ring_0125
ec2d02a8-9ab7-ce4b-7954-c44edb66aa2c,Ryan Carpenter,1997-05-02,SYN-299-74-1699,54256,683,2026-06-29,1,0,,ec2d02a8-9ab7-ce4b-7954-c44edb66aa2c
c86522e9-98f4-3193-698c-d8562e61d96f,Christine Mills,1973-10-23,SYN-517-67-6078,48434,752,2025-05-08,418,0,,c86522e9-98f4-3193-698c-d8562e61d96f
ffb6f9b6-9bb1-7fac-49c2-b9363b0e0832,Cody Reyes III,1982-02-16,SYN-155-61-7363,201897,644,2026-01-20,161,0,,ffb6f9b6-9bb1-7fac-49c2-b9363b0e0832
6e5eb645-47d2-3f3f-b4fc-216eeb1ef3db,Steve Paul,1977-08-02,SYN-289-91-3783,27151,668,2026-02-17,133,0,,6e5eb645-47d2-3f3f-b4fc-216eeb1ef3db
afffb82d-9992-a866-cb47-20cb92dfb7cd,Pamela Hubbard,1993-01-07,SYN-283-36-1443,108967,562,2026-03-09,113,0,,afffb82d-9992-a866-cb47-20cb92dfb7cd
e7a01828-3a77-34fc-8bf9-eea954b2ccbc,Tracy Smith,1995-05-23,SYN-979-66-8172,34560,676,2025-07-29,336,0,,e7a01828-3a77-34fc-8bf9-eea954b2ccbc
a166a954-e02e-2ccf-0f31-85a0e1b89b06,Rebecca Miller,1993-12-02,SYN-397-97-4137,104436,571,2026-03-09,113,0,,a166a954-e02e-2ccf-0f31-85a0e1b89b06
53b70fd0-aa7f-2a8f-39f1-d0a3c80a4100,Brenda Thornton,1994-05-11,SYN-991-67-8040,23273,576,2025-06-29,366,0,,53b70fd0-aa7f-2a8f-39f1-d0a3c80a4100
825a7fbb-f5bc-6e12-def8-09bf017616bc,Stephanie Williams,1982-05-06,SYN-218-29-5591,129889,520,2026-06-11,19,1,ring_0205,ring_0205
75f611df-170b-8d17-29c0-c8d6596d6c81,Annette Meyer,1974-10-07,SYN-684-84-5151,92007,676,2026-03-31,91,0,,75f611df-170b-8d17-29c0-c8d6596d6c81
9dd873fb-6f55-70ed-15f1-3c9ca9c039be,Mark Weaver,1992-06-11,SYN-538-97-7506,59669,709,2025-05-04,422,0,,9dd873fb-6f55-70ed-15f1-3c9ca9c039be
fcab0a0d-fc06-16a6-d70f-ab85db3bd1fd,Vanessa Howard,1977-12-23,SYN-772-83-7106,50445,684,2025-04-16,440,0,,fcab0a0d-fc06-16a6-d70f-ab85db3bd1fd
656ee64b-8c48-786d-8073-a7c2cf2e2b9d,Robert Green,1997-06-23,SYN-884-12-1644,94721,727,2025-01-05,541,0,,656ee64b-8c48-786d-8073-a7c2cf2e2b9d
e85aaf6d-9e33-32e6-6698-b1903ed5c3e2,Stephanie Lara,2007-11-30,SYN-539-25-2715,78484,698,2025-02-12,503,0,,e85aaf6d-9e33-32e6-6698-b1903ed5c3e2
d09fcc62-c6a5-f136-fee5-70ea2d12c4d2,Kyle Welch,1986-05-30,SYN-364-61-3242,71293,622,2026-05-07,54,0,,d09fcc62-c6a5-f136-fee5-70ea2d12c4d2
e4b43d8f-18ac-62e1-8860-06a4cc0bc8b1,Sherri Smith,1996-04-14,SYN-860-63-1288,29103,722,2025-03-22,465,0,,e4b43d8f-18ac-62e1-8860-06a4cc0bc8b1
47e5ca85-bae4-92d8-1f2c-1afdaad969bb,Jerry Johnson,1993-02-09,SYN-837-37-8316,62688,714,2025-04-20,436,0,,47e5ca85-bae4-92d8-1f2c-1afdaad969bb
c6ebcb1c-a538-7ba9-7e52-38dceb8923bc,Joseph Mendoza,1984-02-29,SYN-484-58-3860,71805,683,2025-06-26,369,0,,c6ebcb1c-a538-7ba9-7e52-38dceb8923bc
969615d5-80fa-d25d-22dd-ecd7e66daf84,Susan Garcia,2002-05-27,SYN-829-95-5321,51287,664,2025-08-22,312,0,,969615d5-80fa-d25d-22dd-ecd7e66daf84
4a48281e-d30b-0c9c-a775-84c616d208f2,Miguel Smith,1990-01-05,SYN-997-15-2632,79672,629,2025-06-24,371,0,,4a48281e-d30b-0c9c-a775-84c616d208f2
8507744b-c087-166e-0a03-23990f6f4f1d,Daniel White,1982-07-07,SYN-198-17-3454,30950,682,2025-01-11,535,0,,8507744b-c087-166e-0a03-23990f6f4f1d
fe333ea7-dd6f-9f34-0b54-d282ea05e90e,Mr. Jack Moore PhD,1987-10-27,SYN-631-46-6023,74736,650,2026-02-19,131,0,,fe333ea7-dd6f-9f34-0b54-d282ea05e90e
4bc08a3d-d38b-acf8-d737-01084f9426f9,Laura Mosley,1973-01-15,SYN-784-69-8139,40484,658,2025-01-13,533,0,,4bc08a3d-d38b-acf8-d737-01084f9426f9
72a3f57d-4650-697a-9db1-452e495faac9,Jasmine Frye,1963-03-04,SYN-642-34-4227,106786,712,2026-04-01,90,0,,72a3f57d-4650-697a-9db1-452e495faac9
b39dc3eb-445d-f7c0-0d99-dd2ac7baca55,Joseph Day,1981-11-04,SYN-642-88-2271,47548,615,2026-05-12,49,0,,b39dc3eb-445d-f7c0-0d99-dd2ac7baca55
24347824-867f-9c60-80d3-91c4f6de760f,Catherine Roberts,1999-06-29,SYN-317-76-8830,47684,850,2025-05-06,420,0,,24347824-867f-9c60-80d3-91c4f6de760f
260dc395-d2be-0d30-6a6f-fbcaf4b563ca,Kendra Brown,1971-08-11,SYN-789-44-5668,80952,834,2026-04-09,82,1,ring_0138,ring_0138
a8348861-f5d3-8595-71b8-1ce0d8947fa9,Lori Mason,1990-04-17,SYN-524-41-1983,25092,706,2025-03-17,470,0,,a8348861-f5d3-8595-71b8-1ce0d8947fa9
923f67a9-8145-db39-565a-dc6641fea203,Brent Rodriguez,2008-03-15,SYN-899-60-3866,21911,777,2026-03-10,112,0,,923f67a9-8145-db39-565a-dc6641fea203
3fdd7d48-c894-2a2f-7cb6-fc0a0486a9b0,Jason Mack,1978-07-26,SYN-709-41-5705,71151,705,2026-04-28,63,0,,3fdd7d48-c894-2a2f-7cb6-fc0a0486a9b0
2920ef93-09f4-fe89-37ac-bd85c49bc8fd,Julia Brown,1993-11-13,SYN-757-81-6647,34142,850,2025-08-14,320,0,,2920ef93-09f4-fe89-37ac-bd85c49bc8fd
b9eb05d7-d8b2-c252-f7e0-8fa2e1f28453,Renee Melendez,1971-12-04,SYN-486-38-7574,56321,681,2025-07-23,342,0,,b9eb05d7-d8b2-c252-f7e0-8fa2e1f28453
074396fa-212a-d305-b10b-d36b177d83ca,Michael Santos,1960-07-09,SYN-494-19-9841,91576,623,2025-01-02,544,0,,074396fa-212a-d305-b10b-d36b177d83ca
7d7e72ed-eb61-16a7-f0c8-a47ff94c83ee,Michelle Mendoza DVM,2002-07-23,SYN-661-63-1913,38396,767,2026-04-26,65,0,,7d7e72ed-eb61-16a7-f0c8-a47ff94c83ee
80252fec-29df-f65b-c3d3-b4e47884f0fc,Brenda Pierce,1996-11-12,SYN-702-19-8497,40502,563,2025-05-01,425,0,,80252fec-29df-f65b-c3d3-b4e47884f0fc
60291aaa-a0ad-32a1-6883-7e4988a4b838,Edward Shields,1995-02-24,SYN-560-61-5444,18612,728,2025-05-21,405,0,,60291aaa-a0ad-32a1-6883-7e4988a4b838
3bae3cf0-bbab-7e2a-0b79-fdb3c8d92be3,Patrick Santana,1990-10-30,SYN-931-33-2249,30152,600,2025-10-20,253,0,,3bae3cf0-bbab-7e2a-0b79-fdb3c8d92be3
8ff980a0-dcc0-6df0-5b7a-1ee99b4a74c9,Carla Holloway,1968-12-08,SYN-371-13-1300,15000,779,2026-06-16,14,0,,8ff980a0-dcc0-6df0-5b7a-1ee99b4a74c9
3dacf9d1-2a1f-9e0c-14a0-b2da9811664d,Ernest Bush,1991-04-07,SYN-470-84-8781,49118,751,2025-04-18,438,0,,3dacf9d1-2a1f-9e0c-14a0-b2da9811664d
ed7f76d7-3aab-f56d-6e5d-a7d6c9bfd8f7,Erin Carter,1982-07-27,SYN-635-50-2540,99634,787,2025-02-04,511,0,,ed7f76d7-3aab-f56d-6e5d-a7d6c9bfd8f7
441b5d45-030e-74b4-dca0-ed67d16637cd,Jacob King,1971-02-17,SYN-532-53-6582,92658,617,2026-03-19,103,0,,441b5d45-030e-74b4-dca0-ed67d16637cd
e4da4b29-01a6-df5f-0552-a067703cce14,Laura Middleton,1995-05-27,SYN-981-50-1060,62527,654,2026-05-04,57,0,,e4da4b29-01a6-df5f-0552-a067703cce14
f5a67ec5-2ac2-20c1-d889-99426e5af8e4,Tammy Lee,1982-03-25,SYN-755-25-1647,65170,580,2025-08-22,312,0,,f5a67ec5-2ac2-20c1-d889-99426e5af8e4
eaf6ca13-33ff-30dd-32be-f4551b9dc9d1,Deborah Webb,2007-12-30,SYN-775-42-8133,54020,655,2025-07-04,361,0,,eaf6ca13-33ff-30dd-32be-f4551b9dc9d1
41a56073-7134-2a4b-2e85-b1bab213551b,James Gilbert,1983-03-20,SYN-892-93-3676,29196,710,2026-05-24,37,0,,41a56073-7134-2a4b-2e85-b1bab213551b
4641f724-5e4b-035b-946e-488616585e46,Jennifer Simpson DVM,2008-04-20,SYN-327-21-7531,84960,582,2025-01-17,529,0,,4641f724-5e4b-035b-946e-488616585e46
7dbfda77-f015-487f-c7a1-2d2fcf7fbcfb,Brandon Pruitt,1981-12-18,SYN-915-33-7054,70358,615,2026-01-26,155,0,,7dbfda77-f015-487f-c7a1-2d2fcf7fbcfb
9ed54672-6e48-a91c-96bb-3a42f0651b1e,Pamela Arnold,1996-09-28,SYN-552-35-3578,32649,710,2025-02-16,499,0,,9ed54672-6e48-a91c-96bb-3a42f0651b1e
a67d950b-8cc1-c0f2-692d-f7efe22b6520,Raymond Curry,1986-02-09,SYN-155-22-4721,58714,654,2025-08-06,328,0,,a67d950b-8cc1-c0f2-692d-f7efe22b6520
25ea2b18-8b67-8d36-701f-30cbec899e81,Susan Molina,1982-12-03,SYN-620-39-9586,101745,751,2025-10-31,242,0,,25ea2b18-8b67-8d36-701f-30cbec899e81
5c7495c2-193d-102b-9c24-31e12794f46f,Patrick Thomas,1998-10-23,SYN-951-81-4016,105198,649,2025-03-11,476,1,ring_0197,ring_0197
a76c0540-fb56-ac05-4ef0-9e5f1583c746,Heather Thomas,1992-06-28,SYN-441-87-3234,88851,666,2026-05-05,56,0,,a76c0540-fb56-ac05-4ef0-9e5f1583c746
b6072a51-f5f0-cf92-d004-586c39b2d6ed,Amanda Morris,1969-01-19,SYN-377-12-8304,35867,628,2025-10-30,243,0,,b6072a51-f5f0-cf92-d004-586c39b2d6ed
a0bf0050-3617-fb05-a035-eccbcf447f69,Courtney Vaughan,2001-06-10,SYN-997-86-9366,72202,615,2025-10-17,256,0,,a0bf0050-3617-fb05-a035-eccbcf447f69
33df8c59-e4ba-09cb-1882-57107241391f,Mr. Antonio Yang,1980-10-29,SYN-865-93-5560,93199,712,2026-05-11,50,0,,33df8c59-e4ba-09cb-1882-57107241391f
acb0dccb-a586-6a28-f666-62a58b184179,Christina Castillo,1974-01-09,SYN-178-28-4105,50524,713,2025-06-11,384,0,,acb0dccb-a586-6a28-f666-62a58b184179
f9c9ad04-1df9-7522-a233-02f5f7fa2420,Melinda Cervantes,1995-08-21,SYN-660-11-1348,149770,677,2025-05-12,414,0,,f9c9ad04-1df9-7522-a233-02f5f7fa2420
aec4c946-f5a0-d7c4-9626-95d74655230f,Jesse Wright,1992-03-25,SYN-266-95-9253,34076,685,2025-12-09,203,0,,aec4c946-f5a0-d7c4-9626-95d74655230f
cc74d389-4f4c-9cb6-6fe1-28f73232ba3b,Andre Cortez,1987-01-24,SYN-490-82-4818,98287,681,2025-12-27,185,0,,cc74d389-4f4c-9cb6-6fe1-28f73232ba3b
dce51ee0-23d7-c231-04e8-6188032efcf7,Margaret Terry,1999-10-13,SYN-535-66-8270,74194,632,2026-05-08,53,0,,dce51ee0-23d7-c231-04e8-6188032efcf7
daddd7f2-d351-4c04-6b94-020fc9c99082,Michelle House,1980-10-02,SYN-724-23-3590,40371,665,2025-02-21,494,0,,daddd7f2-d351-4c04-6b94-020fc9c99082
07fc6a57-1f36-b524-44f5-18d48b395420,Tracey Suarez,1972-05-09,SYN-169-14-3576,46928,656,2026-06-16,14,0,,07fc6a57-1f36-b524-44f5-18d48b395420
12af4bb9-f465-65c0-02cf-d1acc25f01bf,Alexander Diaz,1956-09-22,SYN-679-14-2552,102526,617,2025-12-28,184,0,,12af4bb9-f465-65c0-02cf-d1acc25f01bf
57e1da5a-107f-f59c-748e-4bda1f65b253,Clayton Blankenship,1970-06-28,SYN-845-57-6939,41199,686,2025-08-01,333,0,,57e1da5a-107f-f59c-748e-4bda1f65b253
8137a924-547d-2178-419f-b90ec512e627,Gina Joseph,1985-09-06,SYN-160-48-5415,122622,724,2025-11-20,222,1,ring_0156,ring_0156
a2be336f-8ec2-424f-eb59-e8651468cf50,Brandon Townsend,1998-07-17,SYN-314-85-7672,25714,645,2026-03-26,96,0,,a2be336f-8ec2-424f-eb59-e8651468cf50
9069c3a7-655c-8d1a-49aa-070645c3c9fd,Jessica Torres,1990-08-21,SYN-757-58-7987,15938,588,2025-04-22,434,0,,9069c3a7-655c-8d1a-49aa-070645c3c9fd
36ae3871-3dee-1d67-c259-461ec5938648,Walter Howard,1989-11-16,SYN-425-71-5780,60723,765,2025-12-17,195,0,,36ae3871-3dee-1d67-c259-461ec5938648
95ff5a6a-acbd-e08a-095a-3c4e22f42164,Hannah Perez MD,1984-10-08,SYN-198-72-7487,155462,574,2026-02-19,131,0,,95ff5a6a-acbd-e08a-095a-3c4e22f42164
d8c30f29-ff26-3c36-735c-830971a334a2,Mrs. Virginia Daniels,1974-12-23,SYN-551-37-1776,66831,676,2025-02-23,492,0,,d8c30f29-ff26-3c36-735c-830971a334a2
4c90e2e0-1c67-3413-1f5c-1ffb0fc603d8,Amanda Garcia,2004-03-07,SYN-430-62-6735,51771,660,2025-07-18,347,0,,4c90e2e0-1c67-3413-1f5c-1ffb0fc603d8
b0c9e242-d6fb-cf35-94c3-aed352cda886,Lisa Beard,1994-06-14,SYN-469-36-1416,144938,726,2025-02-17,498,0,,b0c9e242-d6fb-cf35-94c3-aed352cda886
d54122c8-6045-d4f9-9777-a7db90f8553d,Tina Jennings,1995-01-05,SYN-788-84-9915,34769,750,2025-07-30,335,0,,d54122c8-6045-d4f9-9777-a7db90f8553d
5e90f920-08f3-b8cd-ba67-a16ae98ac997,Jason Khan,1983-04-07,SYN-357-74-5086,41551,655,2025-02-21,494,0,,5e90f920-08f3-b8cd-ba67-a16ae98ac997
ac1fd58a-fe9b-8d26-e9f9-6c735388a116,Diane Evans,1995-08-29,SYN-405-37-1641,27574,527,2025-05-21,405,0,,ac1fd58a-fe9b-8d26-e9f9-6c735388a116
61850cab-28cf-34d5-873c-9039bba69e4d,Frank Cordova,1976-04-15,SYN-987-50-9865,106080,725,2026-05-25,36,0,,61850cab-28cf-34d5-873c-9039bba69e4d
439fcbb9-ec4f-a16c-ae84-999c14d69702,Shelly Spencer,1980-01-01,SYN-509-36-9588,69093,675,2026-04-12,79,0,,439fcbb9-ec4f-a16c-ae84-999c14d69702
1e5a9e67-3fbb-4c8b-2259-b2b219b6a360,James Cummings,1983-12-20,SYN-973-58-8078,50991,707,2025-05-06,420,0,,1e5a9e67-3fbb-4c8b-2259-b2b219b6a360
beff667d-fb84-af75-ba61-4d888ab02a37,Nathan Freeman,2008-02-28,SYN-218-44-2787,55389,589,2026-03-20,102,0,,beff667d-fb84-af75-ba61-4d888ab02a37
0829a5b8-c1fd-866a-3ee0-9b50fe6aa06c,Donna Frye,1981-08-16,SYN-328-95-4919,24616,627,2025-06-27,368,0,,0829a5b8-c1fd-866a-3ee0-9b50fe6aa06c
78d38fbd-8d62-67e2-0c02-7c997ca6140a,Jennifer Griffin,1997-10-10,SYN-170-24-5410,62080,676,2026-02-24,126,0,,78d38fbd-8d62-67e2-0c02-7c997ca6140a
aa806d14-66a0-f8c0-0cde-b57d413125c7,Emily Castillo,1995-06-12,SYN-881-72-7358,52730,593,2025-10-04,269,1,ring_0207,ring_0207
60e2aeee-8d4e-2a32-2a57-25924789e2cf,Jared Garza,1971-12-27,SYN-231-32-3308,41956,850,2025-10-02,271,0,,60e2aeee-8d4e-2a32-2a57-25924789e2cf
8189632c-c402-c7f6-6321-7a912b9ace20,Diana Ramsey,1995-12-16,SYN-953-97-9581,47604,633,2026-05-29,32,0,,8189632c-c402-c7f6-6321-7a912b9ace20
8cf57dfd-fd4a-2b54-02b0-7d7137cb8452,Marie Moody,1986-12-05,SYN-636-38-3376,38491,643,2026-06-22,8,0,,8cf57dfd-fd4a-2b54-02b0-7d7137cb8452
834ed7cc-4c1c-fb3f-5051-998e9d634c90,Michael Fitzgerald,1978-05-10,SYN-653-74-4396,47160,559,2025-07-24,341,0,,834ed7cc-4c1c-fb3f-5051-998e9d634c90
5683dc6e-7d87-46df-1c75-7a8250b70f33,Jennifer Tran,1977-10-16,SYN-875-12-9730,64579,624,2025-05-03,423,0,,5683dc6e-7d87-46df-1c75-7a8250b70f33
e7b1e669-a87c-a829-e908-0a155364a2d9,Zachary Jones,1990-01-22,SYN-997-57-1090,32451,727,2025-11-26,216,0,,e7b1e669-a87c-a829-e908-0a155364a2d9
934081c3-86f3-3c01-3c69-f3ca96458d40,Brian Black,1989-08-14,SYN-141-32-3770,68163,648,2025-05-25,401,0,,934081c3-86f3-3c01-3c69-f3ca96458d40
ce563c20-83dd-4236-0bdd-482cdd3e7593,Laura Lee,1995-01-21,SYN-229-40-7655,41613,652,2026-02-27,123,0,,ce563c20-83dd-4236-0bdd-482cdd3e7593
9a79d6f3-5b23-468f-e4ca-7dde1a19f31e,Nancy Scott,1984-07-05,SYN-779-40-4663,77735,686,2026-06-18,12,0,,9a79d6f3-5b23-468f-e4ca-7dde1a19f31e
41384788-5f77-8a23-c941-7fbad2814b50,Frank Freeman,1995-06-20,SYN-485-64-5806,66044,629,2025-08-18,316,0,,41384788-5f77-8a23-c941-7fbad2814b50
87151ca4-4148-830e-2ed3-de9fe6065458,Troy Ward,2006-02-19,SYN-124-76-1360,21717,628,2026-05-23,38,0,,87151ca4-4148-830e-2ed3-de9fe6065458
b7caa408-bcb2-88e8-f556-54671f50f408,Lauren Kim,1994-12-13,SYN-509-92-6291,72732,676,2025-07-13,352,0,,b7caa408-bcb2-88e8-f556-54671f50f408
87d8884d-5373-03b6-18fe-00fbc4a939c8,Arthur Bowen,1984-07-11,SYN-343-68-7732,69931,793,2025-02-20,495,0,,87d8884d-5373-03b6-18fe-00fbc4a939c8
bcf804cc-1607-1cb1-6b1c-68e27ed3086e,Laurie Bailey,1979-07-11,SYN-868-31-2813,89956,673,2026-04-11,80,0,,bcf804cc-1607-1cb1-6b1c-68e27ed3086e
e5bf8c0f-b56f-a6c8-9061-1fa42fe6f1bd,Kim Underwood,1958-05-11,SYN-787-37-2581,43645,743,2025-07-26,339,0,,e5bf8c0f-b56f-a6c8-9061-1fa42fe6f1bd
c8868b30-e347-957d-9f68-497fd897c676,David Wilson,1953-06-09,SYN-113-32-7656,97583,686,2026-05-07,54,0,,c8868b30-e347-957d-9f68-497fd897c676
6ca3307e-3ef1-3f98-edab-857ca9dc4f6e,Joseph Russell,2007-08-23,SYN-864-95-5907,62533,683,2025-10-11,262,0,,6ca3307e-3ef1-3f98-edab-857ca9dc4f6e
dda2d943-3816-489e-97fe-4ce528ecc869,Michelle Shepherd,2003-03-04,SYN-188-99-1990,112116,708,2025-06-23,372,1,ring_0018,ring_0018
f1167c7a-eafb-a0bc-7a19-70df280ae208,Joe Page,1983-07-13,SYN-835-29-3439,250000,751,2025-01-12,534,0,,f1167c7a-eafb-a0bc-7a19-70df280ae208
ede89c14-ac86-12fb-e362-929309edd1be,Michael Flowers,1961-07-22,SYN-697-16-4857,36648,755,2026-04-20,71,0,,ede89c14-ac86-12fb-e362-929309edd1be
b6051b06-ea42-71c9-bbd8-e1f20fcfedbc,Julie Hill,1983-05-10,SYN-371-81-2893,49692,678,2025-02-26,489,0,,b6051b06-ea42-71c9-bbd8-e1f20fcfedbc
cdfffe93-88a1-6bed-fced-85f083f81f27,William Prince PhD,1986-07-21,SYN-626-11-2889,50866,742,2025-08-05,329,0,,cdfffe93-88a1-6bed-fced-85f083f81f27
97ab36cb-32e2-e237-b756-2690271c9365,Karen Campbell,1982-11-06,SYN-628-91-5844,100496,740,2025-06-04,391,1,ring_0118,ring_0118
af2f4531-443c-8401-fe1c-d581936aa84f,Michael King,1976-06-13,SYN-460-89-1684,31621,567,2026-05-15,46,1,ring_0200,ring_0200
c7ada6ff-421e-2e2e-fb5d-07e4726fdbdf,Heather Ortega,1974-06-05,SYN-576-20-1571,102502,749,2025-12-26,186,0,,c7ada6ff-421e-2e2e-fb5d-07e4726fdbdf
c714107b-982f-c122-4cc9-1d41ffa314f9,Diane Byrd MD,1997-05-01,SYN-518-32-6119,30757,751,2025-11-22,220,0,,c714107b-982f-c122-4cc9-1d41ffa314f9
f70f3071-5f2a-417d-085a-b1f28fc59baf,Anna Cantu,1975-10-29,SYN-521-47-6241,30730,670,2026-04-26,65,0,,f70f3071-5f2a-417d-085a-b1f28fc59baf
3f608cf0-9202-36c6-1a1d-d4b96a1f07a0,Lance Rose,1956-02-27,SYN-403-91-1567,117042,623,2026-01-08,173,0,,3f608cf0-9202-36c6-1a1d-d4b96a1f07a0
97cf52d4-63f6-ddac-3b93-924d981f4e8a,Robert Bowman,1998-04-13,SYN-364-11-4555,83821,771,2025-03-29,458,1,ring_0055,ring_0055
8039d016-555c-9f68-8a23-b073ec6605fe,Cynthia Mueller,1980-01-21,SYN-180-44-6230,21859,689,2025-06-17,378,0,,8039d016-555c-9f68-8a23-b073ec6605fe
6010d0db-7e2e-2a2a-5a0a-8dd229bfbf49,Larry Harris,1982-11-03,SYN-853-41-2545,154090,579,2025-12-02,210,0,,6010d0db-7e2e-2a2a-5a0a-8dd229bfbf49
6519de70-16ea-836a-d687-268b35f4cd74,Scott Davis,1975-11-03,SYN-844-41-5768,63192,687,2026-03-09,113,1,ring_0159,ring_0159
001c44d3-eb70-ce40-d21a-596035849301,Richard Bauer,1968-10-25,SYN-665-32-9999,118682,582,2026-04-06,85,0,,001c44d3-eb70-ce40-d21a-596035849301
42ab514f-b224-d61f-f755-b6d281d01cb1,Jonathon Knapp,1974-03-29,SYN-671-54-2711,37914,669,2025-07-30,335,0,,42ab514f-b224-d61f-f755-b6d281d01cb1
7132279f-b5dc-4d49-029d-d32b50224102,Daniel Wood,2004-09-15,SYN-399-69-3137,72102,658,2025-09-29,274,0,,7132279f-b5dc-4d49-029d-d32b50224102
42829cec-6165-3367-184d-99963d91579d,Casey Foster,1992-10-20,SYN-219-83-4880,24785,596,2026-05-30,31,0,,42829cec-6165-3367-184d-99963d91579d
16c34a72-dcf4-d521-ed52-2c8fe8180772,Susan Garcia,1977-09-03,SYN-669-16-3179,147187,583,2025-12-21,191,0,,16c34a72-dcf4-d521-ed52-2c8fe8180772
8f4a0a72-fd2e-0986-6f84-d245ccbcb3ce,Robert Durham,1981-04-15,SYN-332-62-7238,39257,590,2026-04-23,68,0,,8f4a0a72-fd2e-0986-6f84-d245ccbcb3ce
3e616485-598b-024a-2523-f4a2bafa3f02,Jennifer Flowers,1955-06-24,SYN-743-28-6827,86965,634,2025-04-14,442,1,ring_0182,ring_0182
12c6972e-d44c-1973-76ec-b07625e11155,Diana Mullins,1976-12-31,SYN-714-24-8656,56349,704,2026-05-01,60,0,,12c6972e-d44c-1973-76ec-b07625e11155
306d3bc3-73a3-524f-8287-2c7146a1cf6e,Lori Krueger,1992-07-23,SYN-908-20-4383,46127,676,2026-06-01,29,0,,306d3bc3-73a3-524f-8287-2c7146a1cf6e
7023d681-d0f1-2e65-d145-1434d5733b51,Elizabeth Kirby,2007-07-13,SYN-559-14-8428,42065,626,2025-11-10,232,1,ring_0015,ring_0015
cf8cd4ed-353f-a2b8-2695-46d3e0929ab6,Daniel Lopez,2007-08-25,SYN-899-52-1134,57581,748,2025-06-28,367,0,,cf8cd4ed-353f-a2b8-2695-46d3e0929ab6
cf7dfcad-ae65-763e-db18-b7d902599980,Marissa Smith,1992-05-19,SYN-990-92-4444,140694,715,2025-07-27,338,0,,cf7dfcad-ae65-763e-db18-b7d902599980
bfaeccba-2146-5c5c-b5d6-c1c73552d89c,Jessica Holmes,1986-01-17,SYN-686-98-1044,35991,622,2025-03-11,476,0,,bfaeccba-2146-5c5c-b5d6-c1c73552d89c
6224ad15-6b25-2611-1aa2-a809af3f7f59,Kristin Huerta,1996-01-24,SYN-264-43-2146,25878,662,2026-01-12,169,0,,6224ad15-6b25-2611-1aa2-a809af3f7f59
89504f0b-0ec0-9e4b-2610-b50d28c5335b,Matthew Reynolds,1989-09-17,SYN-300-17-3107,23428,704,2025-03-24,463,0,,89504f0b-0ec0-9e4b-2610-b50d28c5335b
6305d114-863a-8577-62ba-1edaac0ae635,Vicki Barrera,1990-04-04,SYN-512-63-6555,58982,548,2025-03-20,467,0,,6305d114-863a-8577-62ba-1edaac0ae635
419e9eac-6db6-efd6-b899-1a1f281fb526,Johnny Whitaker,1975-10-31,SYN-100-57-1208,53840,786,2026-01-11,170,0,,419e9eac-6db6-efd6-b899-1a1f281fb526
a76b5190-33ea-4a5b-d51a-7c8986cf8294,Nicole Powell,1986-10-06,SYN-656-99-5903,181755,693,2025-08-25,309,1,ring_0053,ring_0053
327650a2-9bc1-d30f-b5d1-505c04855363,Ryan Myers,1985-11-02,SYN-781-77-2561,35001,664,2025-03-20,467,0,,327650a2-9bc1-d30f-b5d1-505c04855363
066bb05a-70e8-7543-41fe-dd3d844ecd4b,Miranda Hicks,1985-05-26,SYN-686-84-5308,50092,528,2025-03-27,460,0,,066bb05a-70e8-7543-41fe-dd3d844ecd4b
22f40801-eb86-99b0-4b4b-d550ef4104c5,Karen Hernandez,1977-10-08,SYN-759-76-9268,40736,632,2026-05-16,45,0,,22f40801-eb86-99b0-4b4b-d550ef4104c5
649ea526-8c7f-d830-1fda-1c2f18aa238e,David Mitchell,1988-10-08,SYN-335-95-8403,94962,685,2025-04-12,444,0,,649ea526-8c7f-d830-1fda-1c2f18aa238e
118c96ad-9104-cc58-3f54-fe16c2ebad5a,Nathan Burke,1985-05-17,SYN-938-81-4317,88894,644,2026-04-20,71,0,,118c96ad-9104-cc58-3f54-fe16c2ebad5a
18fb2c35-058c-cadb-c43c-9def336a7cc2,Elizabeth Mccoy,1999-06-21,SYN-788-85-8082,117706,717,2026-06-22,8,0,,18fb2c35-058c-cadb-c43c-9def336a7cc2
62cc1a95-ce71-5cde-15e3-3e8c7b11e80a,Greg Osborne,2008-04-30,SYN-780-51-7519,102942,668,2026-03-28,94,0,,62cc1a95-ce71-5cde-15e3-3e8c7b11e80a
a4395e4f-d33b-952f-966b-890f257d876c,Jason Torres,1978-09-05,SYN-645-88-8049,97041,702,2026-03-02,120,0,,a4395e4f-d33b-952f-966b-890f257d876c
fe21cad3-dd82-cb16-d9e2-7eb2f350d54a,Joshua Herrera,2006-12-23,SYN-699-14-6545,29436,792,2026-04-08,83,0,,fe21cad3-dd82-cb16-d9e2-7eb2f350d54a
7143a3ce-bea1-12e0-aa25-ee65e5ac8d07,Steven Perry,1991-06-20,SYN-449-29-6504,49223,680,2025-04-02,454,0,,7143a3ce-bea1-12e0-aa25-ee65e5ac8d07
a9734f27-7936-521c-dca3-cdb4881ac29e,Cameron Parker,1974-06-11,SYN-612-30-6311,83097,736,2025-01-06,540,0,,a9734f27-7936-521c-dca3-cdb4881ac29e
517c189f-4c46-a753-3253-9bb585cdb1d1,Ruben Benton,1968-11-27,SYN-164-86-5508,88732,666,2026-06-22,8,0,,517c189f-4c46-a753-3253-9bb585cdb1d1
b6f814a5-db1c-46bf-325c-43b15c23cb6d,John Diaz,1997-01-12,SYN-282-67-4760,111349,593,2025-10-14,259,0,,b6f814a5-db1c-46bf-325c-43b15c23cb6d
cee1e795-c6b4-bfca-f558-45d2e3f51710,Charlotte Roy,1981-11-21,SYN-162-10-1126,60968,734,2025-09-09,294,0,,cee1e795-c6b4-bfca-f558-45d2e3f51710
4fc62a29-4227-50bf-b947-e4e044f4fb8e,Craig Liu,1976-10-04,SYN-650-37-3779,112633,737,2025-03-06,481,0,,4fc62a29-4227-50bf-b947-e4e044f4fb8e
881e902b-1125-563e-fb7e-664fe7706904,Kimberly Cantrell,1976-04-12,SYN-996-86-4339,95298,675,2025-11-18,224,0,,881e902b-1125-563e-fb7e-664fe7706904
589a8274-0edb-290c-06bf-0b0d48bf1bda,Aaron Wise,1987-05-31,SYN-799-15-9080,48503,757,2026-06-22,8,0,,589a8274-0edb-290c-06bf-0b0d48bf1bda
ea33e76d-221f-d0af-54b2-5b343cd31ccf,Nathan Jones,2007-08-15,SYN-591-86-9334,24134,673,2025-03-24,463,0,,ea33e76d-221f-d0af-54b2-5b343cd31ccf
af8b6187-aba2-0bfb-cfe7-0748c242af20,Amy Clark,1974-02-18,SYN-639-93-2507,69044,663,2025-12-13,199,0,,af8b6187-aba2-0bfb-cfe7-0748c242af20
fee3c3f3-4228-fee8-6736-931d69b3ce35,Anthony Rivera,1984-05-12,SYN-373-98-2419,98848,786,2025-08-02,332,0,,fee3c3f3-4228-fee8-6736-931d69b3ce35
3fb0c609-4716-d670-1614-925386b08bc4,Mr. Daniel Martin,1974-02-05,SYN-443-70-6666,81961,574,2026-04-20,71,0,,3fb0c609-4716-d670-1614-925386b08bc4
ce03de13-5a20-13ba-4266-98bb2780002e,John Payne,1985-11-14,SYN-178-77-4963,57212,758,2025-01-02,544,0,,ce03de13-5a20-13ba-4266-98bb2780002e
6be5c03b-3a88-b3ce-2064-9d9c0d65ddc0,Catherine Gould,1982-12-03,SYN-769-78-8980,147268,724,2026-03-17,105,0,,6be5c03b-3a88-b3ce-2064-9d9c0d65ddc0
11af69e4-4fda-8439-95a6-4c051421cfcb,Darrell Woods,1985-09-06,SYN-756-99-1627,39681,737,2026-01-30,151,1,ring_0077,ring_0077
00b17ba7-27f1-780e-41d6-a59ae343ec90,Erin Figueroa,1971-07-17,SYN-577-27-5549,39942,679,2025-02-13,502,0,,00b17ba7-27f1-780e-41d6-a59ae343ec90
5d04e5f3-7ec6-b586-bcb1-0a8e3ff27bbe,Kathryn Woods,1997-08-26,SYN-942-10-5744,46490,683,2025-12-01,211,1,ring_0040,ring_0040
a7d88c99-81bf-c254-0981-92668b9d71e8,Ana Higgins,1982-01-27,SYN-950-60-3386,39109,593,2026-04-13,78,0,,a7d88c99-81bf-c254-0981-92668b9d71e8
31bcd562-fa0b-4f23-09b7-9ac56e8c055c,Kathleen Mooney,1981-08-20,SYN-479-80-6613,24411,640,2025-05-29,397,0,,31bcd562-fa0b-4f23-09b7-9ac56e8c055c
46f8861b-e88e-cc44-b6f6-dc678ac4f870,Christina Hudson,1974-12-04,SYN-379-95-1742,92541,580,2025-09-09,294,0,,46f8861b-e88e-cc44-b6f6-dc678ac4f870
51e220e0-df45-4b3f-60f2-34f19deeee43,Amanda Smith,1986-06-23,SYN-657-46-2056,42335,753,2025-10-09,264,0,,51e220e0-df45-4b3f-60f2-34f19deeee43
f82fc382-0028-99fc-fffb-f6813a70d2fa,Jacqueline Mccoy,1970-08-10,SYN-534-63-1904,76708,659,2025-01-15,531,0,,f82fc382-0028-99fc-fffb-f6813a70d2fa
7eaa7338-f29f-e8f0-8dbd-30cd9d43df98,Karen Cruz,1971-03-09,SYN-331-92-4281,65219,765,2025-07-04,361,0,,7eaa7338-f29f-e8f0-8dbd-30cd9d43df98
d77c08bd-5b94-df0b-eb2e-cfc31fc73ed7,Brandi Rhodes,1977-09-25,SYN-406-53-2971,49458,788,2025-11-13,229,1,ring_0039,ring_0039
d8f1aceb-fd3b-0026-d1a1-75b18cf42358,Allison Miller,1995-12-24,SYN-416-27-3807,24737,774,2025-10-29,244,1,ring_0168,ring_0168
aca8e36e-b7cc-8296-2457-3958c519d0c6,Christine Villegas,1988-04-01,SYN-461-41-7828,29008,627,2025-01-18,528,1,ring_0181,ring_0181
306f87fc-d31b-064c-ad93-9d43063463ab,Melissa Bowen,1995-09-06,SYN-383-67-2888,33469,634,2025-02-23,492,0,,306f87fc-d31b-064c-ad93-9d43063463ab
fc66e962-9941-7067-efa2-c984df18b5eb,Penny Bowman,1983-12-25,SYN-795-48-5403,48247,656,2025-06-04,391,0,,fc66e962-9941-7067-efa2-c984df18b5eb
930ea4c5-2085-5c20-2d72-b12b4a8a0265,Travis Conner,1988-12-18,SYN-352-21-4622,35455,642,2025-09-05,298,0,,930ea4c5-2085-5c20-2d72-b12b4a8a0265
f168aae1-fa2f-92d6-7686-32f425162e65,Brandon Brown,1991-05-29,SYN-752-88-2527,44936,781,2026-02-23,127,0,,f168aae1-fa2f-92d6-7686-32f425162e65
e57e7dac-6f4b-9570-92bb-6c2506ed4faa,Brittany Young,1984-03-22,SYN-726-93-7242,65547,586,2026-01-12,169,0,,e57e7dac-6f4b-9570-92bb-6c2506ed4faa
b9c0558e-4ba4-c026-8193-39f90ae9d503,Sherry Shannon,1993-08-30,SYN-636-84-5995,30230,762,2025-03-12,475,0,,b9c0558e-4ba4-c026-8193-39f90ae9d503
54d94a0d-ab14-b45f-dac0-69a3dc6b0297,Austin Mitchell,1981-12-16,SYN-704-69-2729,44241,620,2025-11-26,216,0,,54d94a0d-ab14-b45f-dac0-69a3dc6b0297
e760100c-e6f3-caec-1829-d6a630440b70,George Ochoa,1968-11-28,SYN-235-49-1755,31504,726,2025-11-27,215,0,,e760100c-e6f3-caec-1829-d6a630440b70
9dc3c6e6-410a-1f56-5ac4-98f25a20f2b6,Pamela Hill,1990-04-13,SYN-171-83-8818,42341,736,2025-08-17,317,0,,9dc3c6e6-410a-1f56-5ac4-98f25a20f2b6
36e54b3b-7e3f-ea53-0d46-514a0b840b1e,Danielle Reed,1977-07-26,SYN-661-90-4507,39582,688,2026-02-26,124,0,,36e54b3b-7e3f-ea53-0d46-514a0b840b1e
f37ce322-c490-3dd1-8d65-56424444edcd,Lisa Coleman,1993-07-15,SYN-359-13-9409,21540,850,2025-03-18,469,0,,f37ce322-c490-3dd1-8d65-56424444edcd
00dc85e3-af11-f786-42ea-3e5ad0f6b2b4,Darin Baker,1960-02-08,SYN-915-81-7911,58819,688,2026-02-17,133,0,,00dc85e3-af11-f786-42ea-3e5ad0f6b2b4
042db5f2-086b-2644-ee2b-417f5b8aa341,Thomas May,1983-05-01,SYN-790-54-6431,24635,726,2025-05-05,421,0,,042db5f2-086b-2644-ee2b-417f5b8aa341
74368662-68fa-d788-b89c-1c3a91ed8d21,Virginia Cunningham,1967-09-29,SYN-574-31-6603,64788,704,2025-01-01,545,0,,74368662-68fa-d788-b89c-1c3a91ed8d21
afc07a9d-4333-9335-dd52-da3ff7ecabd2,Theodore Jones Jr.,1997-10-20,SYN-744-84-7839,34589,612,2025-10-12,261,0,,afc07a9d-4333-9335-dd52-da3ff7ecabd2
7d25bee9-d78b-1f27-7aa7-3aef7745cfb4,Eric Hays,1980-03-02,SYN-670-11-1921,27224,776,2025-01-06,540,0,,7d25bee9-d78b-1f27-7aa7-3aef7745cfb4
cc42e782-2952-b5ee-eef7-51400c32b2c3,Craig Raymond,1981-06-29,SYN-922-36-8372,59748,692,2025-09-28,275,0,,cc42e782-2952-b5ee-eef7-51400c32b2c3
ccb6bd6d-e5d6-ce43-8fbe-72d1f6b7860a,Brian Miller,1963-05-04,SYN-561-94-9745,23854,572,2025-12-25,187,0,,ccb6bd6d-e5d6-ce43-8fbe-72d1f6b7860a
9e154562-d391-cb97-23f0-5e05ab67e6b8,April Norton,1988-02-24,SYN-474-23-6255,40119,707,2025-04-10,446,0,,9e154562-d391-cb97-23f0-5e05ab67e6b8
ad494e59-8078-7fa2-6d0d-9d79f120f32f,Eric Graham,1979-03-23,SYN-973-82-4378,18360,676,2025-01-20,526,0,,ad494e59-8078-7fa2-6d0d-9d79f120f32f
d2635cf6-7255-ff5d-f0bf-692006932060,Rebecca Olsen,1980-09-06,SYN-993-66-8186,60941,758,2025-07-26,339,0,,d2635cf6-7255-ff5d-f0bf-692006932060
061ae9b4-6497-1fca-e39a-96174c4d4906,Luke Johnson,1986-08-19,SYN-894-62-7563,51568,674,2025-08-29,305,0,,061ae9b4-6497-1fca-e39a-96174c4d4906
b12269f8-cfeb-febf-0bfd-12a393c1b358,Mike Allen,2006-03-19,SYN-136-55-7996,62129,807,2026-06-22,8,0,,b12269f8-cfeb-febf-0bfd-12a393c1b358
3237bdf3-4b87-8bcb-94d2-0dc68dc8051b,Michael Valencia,1979-06-10,SYN-661-91-3857,98567,551,2025-02-03,512,0,,3237bdf3-4b87-8bcb-94d2-0dc68dc8051b
5cb07141-d159-3e17-4558-b36389faaf9d,Nina Combs,2004-01-18,SYN-990-34-1867,79600,582,2026-04-26,65,0,,5cb07141-d159-3e17-4558-b36389faaf9d
ed754cce-36a2-4330-d5e0-ae5d858e0048,Elizabeth Miller,2000-02-04,SYN-493-88-1279,46446,771,2026-01-25,156,0,,ed754cce-36a2-4330-d5e0-ae5d858e0048
e405e245-ba05-265a-da70-0364183ccc97,Tracy Frye,1997-07-06,SYN-230-32-3494,41667,677,2025-07-29,336,0,,e405e245-ba05-265a-da70-0364183ccc97
59202059-45ce-2451-81ee-52b7d60f2117,Tom Perez,1977-09-29,SYN-622-31-5331,80822,627,2026-05-22,39,0,,59202059-45ce-2451-81ee-52b7d60f2117
6efbf635-4535-f3f7-fa9b-d044632ba255,Richard Stevens,1988-01-09,SYN-747-91-9356,81213,678,2026-04-03,88,0,,6efbf635-4535-f3f7-fa9b-d044632ba255
d2f13bd7-8ba7-77a3-5dbf-179b0cc4d6da,Savannah Johns,1952-06-29,SYN-585-10-7319,82728,550,2026-01-26,155,0,,d2f13bd7-8ba7-77a3-5dbf-179b0cc4d6da
bf907078-e179-1a15-51f4-39666217203f,Lauren Anthony,1993-04-04,SYN-589-83-5332,46714,816,2025-07-28,337,0,,bf907078-e179-1a15-51f4-39666217203f
20cc9814-4fce-02d9-2d5a-954ad269c80e,Ryan Moore,2001-02-02,SYN-978-55-9131,60574,683,2025-11-04,238,0,,20cc9814-4fce-02d9-2d5a-954ad269c80e
7a2b37a5-47a9-2aa4-69cf-59df6bf78259,Thomas Ramos,1982-01-15,SYN-497-88-1409,16520,699,2025-12-16,196,0,,7a2b37a5-47a9-2aa4-69cf-59df6bf78259
c40f3f09-ce5b-d3ee-8184-3cf3b91d6375,Jacqueline Perry,1966-10-23,SYN-541-37-7577,127341,684,2026-04-06,85,0,,c40f3f09-ce5b-d3ee-8184-3cf3b91d6375
fd975135-07c6-ddeb-5cbe-a599dc71e7c7,Larry Woods,1990-09-01,SYN-123-24-5269,57915,647,2026-01-01,180,0,,fd975135-07c6-ddeb-5cbe-a599dc71e7c7
339a6426-2eaf-193b-e215-9f8a5d287535,Philip Jackson,1988-03-20,SYN-647-92-9043,72965,694,2025-03-30,457,0,,339a6426-2eaf-193b-e215-9f8a5d287535
e4111776-3d0e-33ce-f4e5-31892b69b45f,Lynn Mueller,1986-07-26,SYN-987-52-7937,80278,677,2026-05-10,51,0,,e4111776-3d0e-33ce-f4e5-31892b69b45f
94cb2067-369b-87ea-d3ba-bf1ffdffdf57,Michael Miller,2007-08-17,SYN-918-44-7713,42938,633,2025-11-27,215,0,,94cb2067-369b-87ea-d3ba-bf1ffdffdf57
0abc379b-d771-99cc-e0ea-194c73ceb362,Clayton Steele,1995-10-12,SYN-581-52-9958,40283,602,2026-02-26,124,0,,0abc379b-d771-99cc-e0ea-194c73ceb362
eb2b9dcd-447e-e859-33c6-b123a65874cc,Jamie Love,1987-10-10,SYN-812-91-3337,34300,759,2026-01-03,178,0,,eb2b9dcd-447e-e859-33c6-b123a65874cc
3db28fa1-30b5-1a24-9022-320376b8f47d,Becky Wilson,1991-05-07,SYN-349-20-5373,194737,702,2025-01-04,542,0,,3db28fa1-30b5-1a24-9022-320376b8f47d
2c2df13c-b737-1c2b-0259-50cdc9c62eaa,Stacey Clark,1956-01-15,SYN-142-91-8090,80585,671,2025-07-19,346,0,,2c2df13c-b737-1c2b-0259-50cdc9c62eaa
71a2d44f-da4a-1ae5-d5d1-69757ad864f1,Edgar Holder,1991-10-15,SYN-601-22-8092,38062,825,2025-04-11,445,1,ring_0216,ring_0216
80270c3b-c10e-107e-2b32-ba057d9f9485,Heather Morales,1991-10-26,SYN-626-42-7450,24541,660,2025-12-29,183,0,,80270c3b-c10e-107e-2b32-ba057d9f9485
c4904dfb-c1ea-ea86-75de-685299aa3339,Jessica Smith,1981-11-01,SYN-737-70-5940,53919,515,2026-03-14,108,0,,c4904dfb-c1ea-ea86-75de-685299aa3339
505c3b5e-c6b1-2a6f-617c-a7263c7073f6,Dana Martinez,1978-08-13,SYN-952-84-3294,54659,647,2026-03-18,104,0,,505c3b5e-c6b1-2a6f-617c-a7263c7073f6
c6d1c573-81f6-4dbe-f538-ebad89ae5cc5,Amanda Barber,1982-09-17,SYN-851-60-2111,40661,681,2025-08-07,327,0,,c6d1c573-81f6-4dbe-f538-ebad89ae5cc5
19b5997d-2712-5dad-14bc-97737922cbf7,Cynthia Williams,1973-05-21,SYN-759-96-2385,25665,597,2025-12-21,191,0,,19b5997d-2712-5dad-14bc-97737922cbf7
10c37376-3ce5-ac8a-a275-e457b8eaeab4,Jason Norris,1987-01-30,SYN-656-18-1702,119940,651,2025-10-24,249,0,,10c37376-3ce5-ac8a-a275-e457b8eaeab4
a2661291-ec66-311c-1d07-bd334c6b7d4a,Michael Taylor,1993-04-28,SYN-477-27-3477,52153,700,2025-10-07,266,1,ring_0028,ring_0028
410c15c3-f71f-ed86-819d-732f5855e162,Tina Campbell,1992-04-18,SYN-888-27-7080,26395,701,2026-05-20,41,1,ring_0040,ring_0040
6a010182-6aac-697a-32d2-4b2dd0039267,Mark Barnes,2004-03-08,SYN-629-10-4911,23445,678,2025-07-06,359,1,ring_0060,ring_0060
c43f728d-c22d-83b4-9de2-eddd5506cf04,James Gardner,1989-01-11,SYN-937-75-9284,178972,699,2026-02-08,142,0,,c43f728d-c22d-83b4-9de2-eddd5506cf04
3cb6b07d-cc9c-76db-09f0-19d507383e39,Katherine Young,1986-07-18,SYN-837-78-6244,94494,695,2025-06-01,394,1,ring_0066,ring_0066
af7791ed-477f-ed72-fd77-ddb0ff76b8a2,Eric Wright,1981-02-05,SYN-841-91-1586,84269,633,2026-02-03,147,0,,af7791ed-477f-ed72-fd77-ddb0ff76b8a2
b8c70a27-5918-bdb4-15ef-db78d5a8dabc,James Gallagher,1968-04-13,SYN-801-33-4018,45095,665,2025-07-19,346,0,,b8c70a27-5918-bdb4-15ef-db78d5a8dabc
3c88ed56-269b-90f9-0949-67756f991101,Maria Cook,1984-08-23,SYN-522-66-7865,42258,850,2025-09-02,301,0,,3c88ed56-269b-90f9-0949-67756f991101
9bfa163a-e226-65d1-851b-8d43082b1249,Jimmy Smith,1996-07-26,SYN-489-29-8139,62417,721,2025-11-15,227,0,,9bfa163a-e226-65d1-851b-8d43082b1249
3437b8c8-24ee-9798-2cda-3425fd4c787d,Anthony Jones,1988-07-11,SYN-632-63-1614,85154,753,2025-08-01,333,0,,3437b8c8-24ee-9798-2cda-3425fd4c787d
b592276e-3570-7475-bb46-928f56587647,Sherri Charles,1978-12-08,SYN-392-92-9659,22284,707,2025-01-09,537,0,,b592276e-3570-7475-bb46-928f56587647
a64eeec4-0188-3aa7-7fca-08d883a79ece,Kimberly Valenzuela,1999-07-04,SYN-955-64-4482,38425,659,2025-09-29,274,0,,a64eeec4-0188-3aa7-7fca-08d883a79ece
9b5271de-00ef-f78d-609e-7a1699be014d,Matthew Berg,1983-01-13,SYN-330-84-3018,79994,754,2025-01-13,533,0,,9b5271de-00ef-f78d-609e-7a1699be014d
0248ffa5-901e-1e23-a8a4-521d35f6e9ca,Kelly Miles,1988-03-04,SYN-680-92-8395,55776,534,2025-08-28,306,0,,0248ffa5-901e-1e23-a8a4-521d35f6e9ca
8110cf0f-8f25-5a79-3d3f-d10df0bb5fcf,Jennifer Hill,2006-04-06,SYN-614-80-1960,39355,630,2025-05-29,397,0,,8110cf0f-8f25-5a79-3d3f-d10df0bb5fcf
86f8c774-acfc-c9a7-e24c-862088cf2fe2,John Clark,1979-02-13,SYN-776-90-1250,59049,525,2025-02-24,491,0,,86f8c774-acfc-c9a7-e24c-862088cf2fe2
dfc15bee-00ca-c5b4-1e6b-480f5031566d,Adam Lara,1981-09-10,SYN-437-13-8969,31055,670,2025-08-31,303,0,,dfc15bee-00ca-c5b4-1e6b-480f5031566d
c009aa06-a06e-6dda-7254-9b6031261685,Tyler Mills,1976-01-13,SYN-922-69-9934,63462,747,2026-03-30,92,0,,c009aa06-a06e-6dda-7254-9b6031261685
16de19c9-d0c6-322c-f266-f4f7d9f8a04d,Sarah Frederick,1967-11-29,SYN-396-64-2005,24876,637,2026-04-29,62,0,,16de19c9-d0c6-322c-f266-f4f7d9f8a04d
022c8ea7-afd3-eb9a-3fbf-70ac1dfc6f38,Leah Owens,2007-09-19,SYN-735-13-9588,44543,668,2026-03-27,95,0,,022c8ea7-afd3-eb9a-3fbf-70ac1dfc6f38
6491d997-b523-87f3-8d2c-ea459d87b44b,Nancy Gaines,1976-07-07,SYN-513-62-6707,39241,670,2025-11-13,229,0,,6491d997-b523-87f3-8d2c-ea459d87b44b
b813a307-25d8-f6cc-f525-d4d4a78f9e19,Dwayne Klein,1964-03-02,SYN-105-61-8240,96257,713,2025-06-06,389,0,,b813a307-25d8-f6cc-f525-d4d4a78f9e19
ebfe3cba-6443-7485-0142-d35abef4993f,Brandon Jennings,1982-09-11,SYN-923-56-1521,70305,752,2025-10-03,270,1,ring_0192,ring_0192
db018888-3626-b208-ab63-bddff8d5c387,Cathy Bell,1992-10-18,SYN-931-72-4973,20100,694,2025-07-20,345,0,,db018888-3626-b208-ab63-bddff8d5c387
7cf16bd9-a263-36cf-69ca-d997bfa2ac79,Shannon Chapman,1973-03-24,SYN-358-82-3687,68186,695,2025-04-19,437,0,,7cf16bd9-a263-36cf-69ca-d997bfa2ac79
c21e0b22-7d33-7b78-ea96-6a2f15e0e5cb,Susan Harper,1985-08-01,SYN-686-79-9599,56773,693,2026-05-05,56,0,,c21e0b22-7d33-7b78-ea96-6a2f15e0e5cb
36f2ba63-c4c0-c280-4304-b26d7e81cbd0,Alyssa Rodriguez PhD,1986-02-16,SYN-574-50-5511,39880,594,2026-05-13,48,0,,36f2ba63-c4c0-c280-4304-b26d7e81cbd0
bac9d262-321d-364d-e911-9ff2277e132c,Margaret Knight,2007-10-27,SYN-807-55-4627,102663,646,2026-01-06,175,0,,bac9d262-321d-364d-e911-9ff2277e132c
6f3f9af7-f015-e0e0-972a-e1e39fc3ea77,Alison Perez,1969-03-22,SYN-883-42-8511,24353,736,2026-03-21,101,0,,6f3f9af7-f015-e0e0-972a-e1e39fc3ea77
522ee334-90e1-783c-87b8-25ae79fa58b7,Daryl Olson,1986-04-07,SYN-214-97-7842,26056,588,2025-08-22,312,0,,522ee334-90e1-783c-87b8-25ae79fa58b7
2b16ab64-73df-23d3-353d-cbc0ada626d7,Heather Miller,1965-03-25,SYN-731-68-7339,88096,711,2025-03-29,458,0,,2b16ab64-73df-23d3-353d-cbc0ada626d7
5a2989ce-1568-807d-187b-d616d6ddcc8c,Shannon Hurley,1983-09-04,SYN-619-66-1898,66961,686,2025-12-31,181,0,,5a2989ce-1568-807d-187b-d616d6ddcc8c
4bfc99f2-5662-5006-1e2a-9837b7dc630d,Marcus King,1980-10-05,SYN-733-86-1037,54768,691,2025-02-16,499,0,,4bfc99f2-5662-5006-1e2a-9837b7dc630d
f69df81f-6a09-f361-0c73-a26f57225aee,Adrian Dean,1992-11-14,SYN-622-18-4533,146580,720,2026-05-26,35,0,,f69df81f-6a09-f361-0c73-a26f57225aee
5e00b4f5-6fa6-3011-5f23-f88fe5eb6b90,Karen Jackson DVM,1966-01-21,SYN-592-35-4023,118631,700,2025-04-06,450,0,,5e00b4f5-6fa6-3011-5f23-f88fe5eb6b90
a07f19cb-efd0-34d3-e8e4-1d1b01365d19,Karen Thomas,1982-06-18,SYN-127-22-5373,117008,691,2026-02-02,148,0,,a07f19cb-efd0-34d3-e8e4-1d1b01365d19
baed5dbc-6bb1-6a1f-e416-91e3935f774d,Joseph Stokes,1991-03-12,SYN-992-37-6823,67590,699,2025-07-26,339,0,,baed5dbc-6bb1-6a1f-e416-91e3935f774d
bf752585-eba1-aff6-fd23-81b12b7ae410,Casey Baker,1974-01-22,SYN-658-59-5927,28799,695,2026-04-13,78,0,,bf752585-eba1-aff6-fd23-81b12b7ae410
d1672328-3c95-ef19-ed5e-b90c194cc719,John Barber,1983-04-21,SYN-804-89-5268,90119,728,2025-08-01,333,0,,d1672328-3c95-ef19-ed5e-b90c194cc719
97f7c60a-25fb-749c-2d9f-6354e30eac15,Adam Brooks,1971-06-16,SYN-196-74-8829,74570,734,2025-09-09,294,0,,97f7c60a-25fb-749c-2d9f-6354e30eac15
eb9e6bf8-3f79-f52d-42da-eb7d4160015d,John Lee,1972-07-18,SYN-951-26-9140,38158,612,2026-04-21,70,0,,eb9e6bf8-3f79-f52d-42da-eb7d4160015d
b108d98c-b63b-7a5f-4034-1d79c69cdf70,Corey Cooper,1989-08-15,SYN-778-94-4885,27105,611,2025-09-04,299,0,,b108d98c-b63b-7a5f-4034-1d79c69cdf70
d8ac3709-c31f-8cd0-8fee-fae9be40562c,Anthony Cook,2000-10-22,SYN-514-38-1636,78048,671,2025-10-20,253,0,,d8ac3709-c31f-8cd0-8fee-fae9be40562c
3f05df78-803f-1f8f-f567-75a5767d6155,Timothy Williams,2003-12-14,SYN-682-58-5579,148707,692,2025-08-01,333,0,,3f05df78-803f-1f8f-f567-75a5767d6155
14fcb394-aee8-7109-9dc8-32123d05e4ad,Kelly Lee,1994-01-25,SYN-698-57-6744,51321,697,2026-01-27,154,0,,14fcb394-aee8-7109-9dc8-32123d05e4ad
6416ca3e-a49d-2e70-0c3f-49befc375c8b,Alicia Navarro,1998-04-16,SYN-165-12-8807,60508,705,2025-07-27,338,0,,6416ca3e-a49d-2e70-0c3f-49befc375c8b
0783d4db-7bf8-3004-5e28-8d1ad63b9ac1,Amber Butler,1983-03-01,SYN-997-26-2692,129847,665,2025-12-05,207,0,,0783d4db-7bf8-3004-5e28-8d1ad63b9ac1
09939554-439e-ee72-b4a9-3430c8b0561c,Debbie Ward,1992-03-08,SYN-613-54-1896,45164,735,2025-10-04,269,0,,09939554-439e-ee72-b4a9-3430c8b0561c
6dc88ee1-0fec-4699-6207-e76630635bae,Andrew Roberts,1980-03-28,SYN-612-64-3162,40839,649,2025-01-10,536,0,,6dc88ee1-0fec-4699-6207-e76630635bae
800d5e36-ee98-ac2a-8cd6-e5c52e15349c,Jacob Bright,2007-05-01,SYN-740-20-9535,29679,697,2025-11-08,234,1,ring_0097,ring_0097
5476561b-fc8e-8761-7fa9-a6810fca3d7a,Luis Lopez V,1997-09-10,SYN-550-41-3632,84490,672,2026-02-19,131,0,,5476561b-fc8e-8761-7fa9-a6810fca3d7a
7598b202-0396-b2f7-dfa1-2a626a940c9e,Robert Ellison,1997-03-19,SYN-627-48-2399,24425,713,2025-05-24,402,0,,7598b202-0396-b2f7-dfa1-2a626a940c9e
795a1110-80ba-0438-d6b3-e4d6ff7b2446,Jason Thompson,1984-07-12,SYN-648-79-4088,49781,710,2025-03-02,485,0,,795a1110-80ba-0438-d6b3-e4d6ff7b2446
227c30ee-ab59-c0e5-44b5-1fd4c66b1248,Shawna Palmer,1978-04-04,SYN-581-24-9640,79724,642,2025-06-04,391,0,,227c30ee-ab59-c0e5-44b5-1fd4c66b1248
0e88126d-9db4-e3fb-bb4e-7ccf8a28be0d,Julie Curry,1991-06-05,SYN-292-91-1156,122128,771,2025-12-23,189,0,,0e88126d-9db4-e3fb-bb4e-7ccf8a28be0d
15cfc708-ea26-c120-c6eb-20ff7c7acf59,Brittany Mitchell,1999-05-06,SYN-624-55-9478,29359,850,2025-02-05,510,0,,15cfc708-ea26-c120-c6eb-20ff7c7acf59
b7c6cba5-774a-bae7-1c36-c86348d8c882,Dr. Michael Evans,1968-10-06,SYN-676-29-5915,60764,763,2025-12-22,190,0,,b7c6cba5-774a-bae7-1c36-c86348d8c882
8dd62550-8daf-5d4e-6fdc-986efb486ea0,Terry Brown,1979-03-07,SYN-774-92-3714,45049,697,2025-08-08,326,0,,8dd62550-8daf-5d4e-6fdc-986efb486ea0
3dded2b2-64e8-a54a-2d7c-d2873e505789,Jerry Waters,1982-03-20,SYN-522-57-3893,80616,749,2025-10-31,242,0,,3dded2b2-64e8-a54a-2d7c-d2873e505789
93dd5131-7c71-f14a-dbd3-4be5e416fea4,Lonnie Miller,1993-10-19,SYN-169-35-8600,66905,681,2025-03-20,467,0,,93dd5131-7c71-f14a-dbd3-4be5e416fea4
c77e0a0d-d75f-e5c8-3505-6539c06545f8,Daniel Williams,1987-02-13,SYN-608-59-6505,21022,757,2025-11-30,212,0,,c77e0a0d-d75f-e5c8-3505-6539c06545f8
8d449b03-e864-38a9-11a4-7efddebfc5af,Brendan Khan,1980-03-12,SYN-234-63-8026,61765,709,2025-11-07,235,0,,8d449b03-e864-38a9-11a4-7efddebfc5af
53bada99-2c3b-22cd-2e60-892ce6f76e74,Teresa Jacobson,1992-01-13,SYN-406-44-3729,129695,690,2026-06-30,0,0,,53bada99-2c3b-22cd-2e60-892ce6f76e74
5afb95f3-903b-349e-e72a-d2a3b1bb44c1,Mandy Walker,1972-08-22,SYN-468-80-3628,34370,734,2025-07-24,341,0,,5afb95f3-903b-349e-e72a-d2a3b1bb44c1
107f4950-8a8f-a094-b623-02db11466e07,Raymond Wang,1970-11-21,SYN-169-38-7648,37523,732,2026-05-19,42,0,,107f4950-8a8f-a094-b623-02db11466e07
cf84bd36-41cb-11e6-9221-4ea1de223642,Darryl Hernandez,1985-06-20,SYN-699-49-7862,165754,612,2026-05-18,43,0,,cf84bd36-41cb-11e6-9221-4ea1de223642
44960d66-2f0d-ff39-8b6f-40804ede1d1f,Patricia Le,1996-01-17,SYN-725-77-1593,19511,632,2025-06-05,390,0,,44960d66-2f0d-ff39-8b6f-40804ede1d1f
f5c7491c-e121-14c8-2886-76f43da287d5,Cassandra Mitchell,1992-10-19,SYN-298-48-4392,43915,685,2025-06-03,392,0,,f5c7491c-e121-14c8-2886-76f43da287d5
a769eea1-2179-6271-7573-01471b41d04f,Valerie Taylor,1990-05-11,SYN-653-93-1093,154791,630,2026-04-02,89,0,,a769eea1-2179-6271-7573-01471b41d04f
6660c469-0b10-6647-29aa-84c56ab1b241,Joshua Miranda,2000-09-25,SYN-213-58-7235,54511,727,2025-12-06,206,0,,6660c469-0b10-6647-29aa-84c56ab1b241
bafa5bd7-362c-51a6-e718-310bd83a4d71,Kara Jackson,1995-12-14,SYN-802-11-2013,38099,593,2025-06-10,385,0,,bafa5bd7-362c-51a6-e718-310bd83a4d71
f380e152-df42-f922-0bfd-034a2f63e7e9,Kevin Johnson,2003-02-07,SYN-159-85-9151,46399,733,2025-07-28,337,0,,f380e152-df42-f922-0bfd-034a2f63e7e9
12af9c4e-bdb0-76a9-4216-618248df9b5a,Kevin Carrillo,1987-04-25,SYN-919-29-8225,70255,573,2025-03-06,481,0,,12af9c4e-bdb0-76a9-4216-618248df9b5a
af3c8ac4-41e7-d608-a06c-b4f21d8409d8,Sarah Mueller,1982-02-03,SYN-246-42-3838,72319,626,2026-03-16,106,0,,af3c8ac4-41e7-d608-a06c-b4f21d8409d8
3d22aef5-f4b0-f828-15c4-f20a19c73a87,James Nguyen,1974-08-10,SYN-678-12-4846,92367,595,2026-03-30,92,0,,3d22aef5-f4b0-f828-15c4-f20a19c73a87
07e08e87-b729-3642-fd00-13b7b5371d1b,Christopher Jones,2002-06-28,SYN-348-81-5479,23669,789,2025-08-07,327,0,,07e08e87-b729-3642-fd00-13b7b5371d1b
31c00181-547a-164b-1c61-2df9ed223152,Lori Ingram,1975-09-20,SYN-114-53-6089,41174,742,2025-11-26,216,0,,31c00181-547a-164b-1c61-2df9ed223152
34735e7a-f2aa-fcbe-ca67-4dd0db37d3db,Bradley Hoffman,1966-10-02,SYN-737-11-2741,28530,638,2025-05-05,421,0,,34735e7a-f2aa-fcbe-ca67-4dd0db37d3db
b6bb2e24-2976-a0d2-c4e9-f2eedff0011f,Kelly Johnson,1965-09-13,SYN-197-97-8112,15000,657,2026-03-29,93,0,,b6bb2e24-2976-a0d2-c4e9-f2eedff0011f
514ae23f-413b-c217-4b64-e219ba356742,Michael Richmond,1974-02-11,SYN-321-58-4445,35168,724,2025-06-20,375,0,,514ae23f-413b-c217-4b64-e219ba356742
9f8a871f-b54a-089d-2bbe-b552f86f0f5c,Jesus Jackson,1993-12-08,SYN-957-83-8007,65431,632,2025-11-15,227,0,,9f8a871f-b54a-089d-2bbe-b552f86f0f5c
eac39c55-4517-9746-bc4d-44f3bc8fcaa8,John Mcfarland,1984-10-26,SYN-570-95-9692,72489,600,2026-04-14,77,0,,eac39c55-4517-9746-bc4d-44f3bc8fcaa8
c72206b3-61d9-8744-d3a7-3c9b6b35955b,Lisa Ramirez,1965-02-07,SYN-945-78-4729,42649,662,2025-06-10,385,0,,c72206b3-61d9-8744-d3a7-3c9b6b35955b
333561f9-6969-9240-5d61-7b27e0a040d6,Tracey Brooks,1995-01-27,SYN-113-61-7063,32656,503,2026-06-04,26,0,,333561f9-6969-9240-5d61-7b27e0a040d6
ef57a301-18d5-d033-3184-ebb0cb97188a,Brandy Chavez,1996-09-05,SYN-614-15-1441,18426,729,2026-02-17,133,0,,ef57a301-18d5-d033-3184-ebb0cb97188a
eb1079da-b601-dd29-69a9-a082668155cb,Angel Lewis,1969-09-06,SYN-188-57-7595,168201,644,2026-03-12,110,0,,eb1079da-b601-dd29-69a9-a082668155cb
673e129d-e852-4b52-6ece-edf2afad3e6a,Mary Hill,1985-09-09,SYN-359-55-8214,26128,604,2026-02-01,149,0,,673e129d-e852-4b52-6ece-edf2afad3e6a
a95e2e85-b797-6e39-4601-03b405539756,Dr. Lori Jackson,1966-01-14,SYN-286-76-1234,19994,439,2025-07-08,357,0,,a95e2e85-b797-6e39-4601-03b405539756
644026a4-d837-bf4b-fb28-05a03fcca461,Amy Bailey,1970-07-30,SYN-771-19-5275,66710,745,2026-01-24,157,0,,644026a4-d837-bf4b-fb28-05a03fcca461
f386774d-b13f-28fa-0cba-22c91db3f76f,Tammy Morris,1996-10-26,SYN-155-78-8499,24918,741,2026-02-04,146,0,,f386774d-b13f-28fa-0cba-22c91db3f76f
d8eabfb8-f114-3b9b-30a6-28d126913107,Brian Bullock,1992-08-23,SYN-737-87-7761,75361,711,2026-04-24,67,0,,d8eabfb8-f114-3b9b-30a6-28d126913107
5a1a2f83-ce43-7660-5c88-1cd840e0588b,Leslie Mitchell,1986-06-24,SYN-247-15-4549,107432,776,2026-05-14,47,1,ring_0106,ring_0106
f9326995-4162-d725-e71d-6a6ddc3eaa0d,Jimmy Phelps,2000-06-16,SYN-905-73-6362,43228,673,2025-03-26,461,0,,f9326995-4162-d725-e71d-6a6ddc3eaa0d
8508e778-1732-7933-abc4-a7841ee868cb,Cassandra Vasquez,1994-06-23,SYN-583-67-9062,73274,700,2025-08-24,310,0,,8508e778-1732-7933-abc4-a7841ee868cb
c80cfeff-e2a4-b689-8a26-2c7cbfd4f9f3,Heather Fuller,1985-03-17,SYN-518-44-5973,106896,745,2026-05-06,55,1,ring_0054,ring_0054
b133ad13-3248-2ebe-0804-9e7a4b0b7547,Paige Jordan,2008-02-19,SYN-280-30-4334,34464,610,2026-06-28,2,0,,b133ad13-3248-2ebe-0804-9e7a4b0b7547
d24cf9eb-07ad-b5e8-0a89-75560bb2b5d1,Rita Graves,2003-12-25,SYN-645-62-8189,48407,732,2026-04-19,72,0,,d24cf9eb-07ad-b5e8-0a89-75560bb2b5d1
935981c6-45bd-0e71-11d4-2bc0d0df7a8b,Tommy Hood,1985-10-24,SYN-326-28-3916,29046,762,2025-07-31,334,0,,935981c6-45bd-0e71-11d4-2bc0d0df7a8b
261e4358-2e4b-5632-aaf2-853bc2cc8b4e,Julie Delacruz,1986-04-20,SYN-464-70-8092,49003,723,2025-05-24,402,0,,261e4358-2e4b-5632-aaf2-853bc2cc8b4e
4abe57d8-09e5-6ad8-89b3-d20ba31115be,Michael Preston,1998-03-22,SYN-113-77-8527,58164,692,2025-04-14,442,0,,4abe57d8-09e5-6ad8-89b3-d20ba31115be
27eb6499-a503-5854-e1ae-1ffd147b8c2d,Jessica Simmons,1979-01-20,SYN-734-68-3981,56791,518,2025-05-03,423,0,,27eb6499-a503-5854-e1ae-1ffd147b8c2d
a66af4cb-540e-c401-e840-28d2fee4e7a6,Jasmine Martin,1987-09-23,SYN-768-32-4065,137213,608,2025-04-09,447,0,,a66af4cb-540e-c401-e840-28d2fee4e7a6
bf71a8ba-70b7-954f-672a-a31d5ac41904,Ashley Salazar,1985-05-13,SYN-634-72-3422,98608,720,2026-04-21,70,1,ring_0146,ring_0146
058bbc9b-37b2-9c81-0463-5720944db2e5,Bryan Tucker,1979-02-20,SYN-344-75-1434,42316,671,2025-08-21,313,0,,058bbc9b-37b2-9c81-0463-5720944db2e5
c6571b4f-258c-f578-8d79-c5e8343468f3,Christopher Jensen,1991-08-30,SYN-131-69-5036,64632,702,2025-03-12,475,0,,c6571b4f-258c-f578-8d79-c5e8343468f3
a6d43d96-9c26-bed4-96b0-ac43bbd96066,Theresa Mercer,1984-04-24,SYN-289-42-4628,34637,758,2026-06-28,2,0,,a6d43d96-9c26-bed4-96b0-ac43bbd96066
6654669e-5d10-8efd-de27-91dfc9b1269c,Donald Reynolds,1985-12-09,SYN-623-89-8939,36126,727,2025-09-28,275,0,,6654669e-5d10-8efd-de27-91dfc9b1269c
e09838a9-233f-8a06-51fb-d3fe72321a3a,Tiffany Barton,1977-03-06,SYN-109-47-8900,118162,760,2025-03-21,466,0,,e09838a9-233f-8a06-51fb-d3fe72321a3a
2e52103f-1ca8-0663-76de-7d6ea564017b,Eric Woods,1969-02-25,SYN-686-16-9184,24442,657,2025-11-27,215,0,,2e52103f-1ca8-0663-76de-7d6ea564017b
29a1ca95-3b0e-ae12-399c-c79af861fb85,Sarah Frost,2003-12-24,SYN-402-25-1683,250000,586,2026-01-16,165,0,,29a1ca95-3b0e-ae12-399c-c79af861fb85
bbf217a4-68d9-b03f-96d6-cea0fef98ed2,Tamara Harris,1979-03-17,SYN-903-98-1564,57746,610,2026-06-04,26,0,,bbf217a4-68d9-b03f-96d6-cea0fef98ed2
be21afc8-7be3-037f-5634-e86e24232f03,Kathy Nguyen,1975-05-21,SYN-834-99-2853,43673,681,2025-03-02,485,0,,be21afc8-7be3-037f-5634-e86e24232f03
a5d02745-cd4c-c325-d2b6-7982ffc06741,Ashley Greene,2000-03-23,SYN-278-32-3216,203883,690,2026-03-28,94,0,,a5d02745-cd4c-c325-d2b6-7982ffc06741
94013a73-75d7-cc9a-b33a-5027edb19a8f,Harold Mckinney,2002-11-26,SYN-202-51-8958,38101,558,2025-05-10,416,0,,94013a73-75d7-cc9a-b33a-5027edb19a8f
528a7357-254e-b987-8f6c-759470b715cf,Sydney Elliott,1977-08-11,SYN-897-46-5695,99937,573,2025-06-17,378,0,,528a7357-254e-b987-8f6c-759470b715cf
c9ca2b61-e0d3-0eb4-4ceb-8fb5a5fedd2e,Robert Rose,1986-11-26,SYN-770-19-2414,51455,687,2026-04-14,77,1,ring_0159,ring_0159
7f3148f6-f5bf-f8fc-5b23-7a5f5a9e550f,Tammy Long,1993-08-25,SYN-157-18-7716,41869,610,2026-06-24,6,0,,7f3148f6-f5bf-f8fc-5b23-7a5f5a9e550f
80d52d09-69d7-f741-ebff-89196c160474,Christopher Dixon,1985-02-20,SYN-609-61-6530,52102,762,2025-02-10,505,1,ring_0146,ring_0146
c50e18e6-7c5e-55f8-77c3-c60a09142558,Troy Yang,1964-11-12,SYN-127-49-8512,129645,633,2026-04-04,87,1,ring_0065,ring_0065
14455429-8a76-4aa3-e7b3-ceee01261b8f,Chelsea Garcia,1994-07-03,SYN-799-43-4857,38264,769,2026-01-21,160,0,,14455429-8a76-4aa3-e7b3-ceee01261b8f
c23c63c2-294d-3d18-8a17-ff9c82798613,Nicholas Terrell,1985-09-23,SYN-353-31-9805,60339,658,2025-11-22,220,0,,c23c63c2-294d-3d18-8a17-ff9c82798613
5702c463-c743-9bcf-2636-5e8129db547b,Michael Wang,1989-11-19,SYN-983-75-6464,55793,534,2025-11-21,221,0,,5702c463-c743-9bcf-2636-5e8129db547b
dd654dfe-6af2-c365-41a9-50753dd241cc,Mary Marshall,1990-05-23,SYN-808-66-5470,47065,628,2025-10-29,244,0,,dd654dfe-6af2-c365-41a9-50753dd241cc
a8260f6b-1e38-7c48-389f-50dd478c07f2,Bradley Miller,1981-09-15,SYN-886-98-7934,55673,691,2025-12-30,182,0,,a8260f6b-1e38-7c48-389f-50dd478c07f2
cdfb21c6-8d88-0016-0eb6-86b2eb819333,Allison Hill,2002-06-02,SYN-762-78-7457,30577,732,2025-02-18,497,0,,cdfb21c6-8d88-0016-0eb6-86b2eb819333
58da3abb-1540-40f9-6b9a-01130165d284,Dr. Roberto Johnston,1981-03-19,SYN-952-26-1366,53913,719,2025-04-17,439,0,,58da3abb-1540-40f9-6b9a-01130165d284
cb89567a-957d-3c56-205d-156e98ec0b3d,Tammy Moore,1985-08-22,SYN-864-39-3891,64845,737,2026-04-08,83,0,,cb89567a-957d-3c56-205d-156e98ec0b3d
8827254e-2e89-81a1-5f26-df92deba00af,Mark Hughes,1971-02-08,SYN-374-11-1655,90934,676,2026-01-02,179,0,,8827254e-2e89-81a1-5f26-df92deba00af
4fd76626-a61d-2b99-d8fc-81db0f9eb2c6,Cynthia Cunningham,1970-01-21,SYN-733-46-5905,44423,655,2025-09-25,278,0,,4fd76626-a61d-2b99-d8fc-81db0f9eb2c6
46abbcb5-65c4-8201-f97d-11186444030d,Andrea Morris,1990-03-07,SYN-497-94-5385,58233,653,2025-08-09,325,0,,46abbcb5-65c4-8201-f97d-11186444030d
d0bc86f9-890a-b13f-43b1-1829df4d2fa2,David Roy,1962-06-26,SYN-924-85-2888,127906,698,2026-01-14,167,0,,d0bc86f9-890a-b13f-43b1-1829df4d2fa2
e2b27e0a-71fb-61cc-eaf2-fdbd84030756,Emily Morris,1979-05-30,SYN-627-68-8029,55265,603,2025-11-10,232,0,,e2b27e0a-71fb-61cc-eaf2-fdbd84030756
47c06d44-5b75-ec3f-add0-c8a898c1714d,Anthony Romero,1984-09-28,SYN-585-38-9369,81372,845,2026-02-27,123,0,,47c06d44-5b75-ec3f-add0-c8a898c1714d
df01556b-c8e0-5d05-69e7-0039fe168154,Courtney Nelson,1987-03-03,SYN-794-39-2986,42620,566,2026-03-10,112,0,,df01556b-c8e0-5d05-69e7-0039fe168154
280c89f2-ccd1-f86f-ea5c-0b5fe1da9481,Kathryn Reed,1972-05-16,SYN-614-19-4594,40482,758,2025-05-14,412,1,ring_0164,ring_0164
dac90de1-5896-776d-b969-e77264d55233,Steve Rivera,1962-11-16,SYN-281-57-7360,42114,730,2025-02-18,497,0,,dac90de1-5896-776d-b969-e77264d55233
4c2ef82d-deef-df72-1b54-faea1e499664,Jason Stein,1985-07-28,SYN-978-96-8855,62941,640,2026-06-25,5,0,,4c2ef82d-deef-df72-1b54-faea1e499664
ce31b181-1a25-692d-4981-4177bcf12804,Joshua Robinson,1972-05-25,SYN-535-74-4472,117160,710,2025-10-23,250,1,ring_0048,ring_0048
05201439-4787-28ac-4826-5b01109dc419,Anna Ross,1991-01-11,SYN-885-68-6528,42509,640,2026-03-27,95,0,,05201439-4787-28ac-4826-5b01109dc419
ec8f4a1c-f14d-b012-1722-57b511e1579d,Amanda Forbes,1985-09-23,SYN-314-64-3634,54455,694,2026-02-23,127,0,,ec8f4a1c-f14d-b012-1722-57b511e1579d
d167505d-5e8a-10b8-77cd-52efaa2fd251,Gina Rose,2000-06-17,SYN-352-49-6999,59487,556,2026-04-03,88,0,,d167505d-5e8a-10b8-77cd-52efaa2fd251
44c98dc8-37f6-300e-b657-73c71aba68a9,Timothy Edwards,1976-06-11,SYN-462-50-3600,27370,575,2026-05-08,53,0,,44c98dc8-37f6-300e-b657-73c71aba68a9
770ea2a1-0da8-ac9e-dc44-8348abb0d4ed,Cole Snyder,1977-12-21,SYN-922-44-2016,55602,564,2025-09-05,298,1,ring_0012,ring_0012
2fe0e25d-51a6-5c43-beb6-4a3837a61261,Rebecca Hicks,1974-09-23,SYN-704-73-4909,52272,761,2026-05-28,33,0,,2fe0e25d-51a6-5c43-beb6-4a3837a61261
59c4d074-f791-4700-eae7-2fb4917ab8dd,Shannon Green,1989-06-23,SYN-542-94-1751,62987,664,2025-07-19,346,0,,59c4d074-f791-4700-eae7-2fb4917ab8dd
4660e200-0de1-330f-8074-f9fcfb1e7cf7,Caleb Carroll,1975-10-07,SYN-836-70-9141,62753,570,2026-03-10,112,0,,4660e200-0de1-330f-8074-f9fcfb1e7cf7
ba1a43b9-6d12-ac59-c546-732a3fd9f94d,Robert Jackson,1959-09-28,SYN-590-67-4298,33143,523,2025-03-03,484,0,,ba1a43b9-6d12-ac59-c546-732a3fd9f94d
15b6b6d7-2c35-f20a-4674-2e00746892c7,Robert Herrera,2003-04-28,SYN-504-69-4996,118759,512,2025-02-27,488,0,,15b6b6d7-2c35-f20a-4674-2e00746892c7
38bcfa7f-703c-090c-73ba-0b0ec42307bf,James Wilson,1961-03-26,SYN-790-57-3161,39344,564,2025-01-31,515,1,ring_0195,ring_0195
e4fecdbe-acfc-9487-e416-931d4ce78534,Casey Smith,1997-12-15,SYN-981-49-2862,34451,648,2025-05-16,410,1,ring_0207,ring_0207
3ff85f67-b578-edb5-0af3-fa6b13661065,James Gonzalez,1980-10-15,SYN-146-93-7983,161299,628,2025-10-10,263,0,,3ff85f67-b578-edb5-0af3-fa6b13661065
8ace5908-cd56-a62a-59cc-3713a2ac6414,Ann Moon,2007-04-27,SYN-793-75-3586,44157,782,2025-03-31,456,0,,8ace5908-cd56-a62a-59cc-3713a2ac6414
16d02586-b418-a761-5aa2-89786aa32cc2,William Martinez,1996-09-09,SYN-970-80-5572,21544,625,2026-01-23,158,1,ring_0035,ring_0035
ef6aaeb6-1e89-31d2-da0c-98aa9ce7f766,Amy Taylor,1995-06-06,SYN-618-58-3576,61106,624,2026-03-15,107,0,,ef6aaeb6-1e89-31d2-da0c-98aa9ce7f766
453005c8-635d-4b40-8f2c-8d26f8882c19,Mr. Gregory Hart,1991-08-15,SYN-463-52-4432,107727,712,2025-03-26,461,0,,453005c8-635d-4b40-8f2c-8d26f8882c19
09c34f0b-8983-e5ad-3e76-f7b6c503eee9,Andre Terrell,1986-06-01,SYN-324-74-6466,111595,809,2025-07-12,353,0,,09c34f0b-8983-e5ad-3e76-f7b6c503eee9
e9a3bccc-0156-21f6-e4b3-c530d2f84fdc,Tyler Patel,2007-07-08,SYN-537-71-5691,43191,730,2026-06-07,23,0,,e9a3bccc-0156-21f6-e4b3-c530d2f84fdc
32fba8c7-7c64-0d5b-8f13-93ec351d42c4,George Vaughan,1979-07-15,SYN-131-64-7058,71919,797,2025-11-11,231,0,,32fba8c7-7c64-0d5b-8f13-93ec351d42c4
ec92aa58-4861-2ca7-3b18-dd9826469f11,Arthur Krueger,1996-05-15,SYN-573-56-7573,56412,833,2025-10-19,254,0,,ec92aa58-4861-2ca7-3b18-dd9826469f11
ee8dc6a7-dd38-7c18-3f1d-74dbd118fb62,Jerry Brown,1956-10-13,SYN-928-10-2534,112263,712,2025-12-03,209,0,,ee8dc6a7-dd38-7c18-3f1d-74dbd118fb62
754d0945-0853-4020-79a9-7e7bc0968848,Allen Porter,1968-07-01,SYN-180-41-2069,59446,763,2025-09-21,282,0,,754d0945-0853-4020-79a9-7e7bc0968848
d679d95d-6f85-e26c-c8d3-bb9581d23ca5,Michael Haas,1956-03-20,SYN-208-18-7087,43966,631,2025-04-16,440,0,,d679d95d-6f85-e26c-c8d3-bb9581d23ca5
3e1c9602-2e38-100e-3b25-52ec8714ec94,Olivia Harris,1989-07-01,SYN-863-19-2398,45952,727,2025-12-25,187,0,,3e1c9602-2e38-100e-3b25-52ec8714ec94
97d39bcd-30e8-2dd0-a5fb-02b0895b0b31,Sierra Cervantes,1996-07-06,SYN-180-51-9224,29967,560,2025-04-07,449,0,,97d39bcd-30e8-2dd0-a5fb-02b0895b0b31
cfcc959d-a793-d5b3-9881-d8c8090b000c,Michael Arnold,2001-10-21,SYN-330-50-1391,26860,759,2025-10-26,247,0,,cfcc959d-a793-d5b3-9881-d8c8090b000c
c6995b33-6d11-cfaf-365e-1cbc1d56358d,Lisa Prince,1972-03-09,SYN-760-38-7418,61583,610,2025-01-02,544,0,,c6995b33-6d11-cfaf-365e-1cbc1d56358d
bdc82241-23b9-af4d-be0a-89acc7917189,Michael Leonard,1963-08-21,SYN-752-95-4236,41762,601,2026-03-31,91,0,,bdc82241-23b9-af4d-be0a-89acc7917189
5beebea0-7062-4065-9776-b0f03ac15b56,Brandon Washington,1989-09-30,SYN-550-74-5901,52338,850,2025-04-22,434,1,ring_0164,ring_0164
ce59d8d2-e798-18cd-ef37-bba5c9d90869,Samantha Thomas,2008-02-25,SYN-359-37-6112,117882,747,2025-05-11,415,0,,ce59d8d2-e798-18cd-ef37-bba5c9d90869
ac642c11-aa1f-27db-f267-1c164a1b7910,Julie Padilla,1980-09-25,SYN-601-93-2097,28954,705,2025-08-04,330,0,,ac642c11-aa1f-27db-f267-1c164a1b7910
71a870d0-5cdb-9c57-964b-bae8fb3f3109,Richard Golden,1973-07-13,SYN-420-67-9321,41897,567,2025-05-26,400,0,,71a870d0-5cdb-9c57-964b-bae8fb3f3109
d8220833-a385-1309-7e06-f6bfef8ba6d1,Samantha Prince,2008-06-28,SYN-668-27-5939,27464,664,2026-03-06,116,0,,d8220833-a385-1309-7e06-f6bfef8ba6d1
8217a1b9-2b92-af17-5c84-642964bb7459,Laura Wilson,1963-08-09,SYN-992-67-5983,50662,665,2025-09-05,298,0,,8217a1b9-2b92-af17-5c84-642964bb7459
79d95110-ef9c-e3ec-9d47-bbcd4f0fcfac,Benjamin Sullivan,1980-10-24,SYN-490-82-9912,33455,665,2025-06-03,392,0,,79d95110-ef9c-e3ec-9d47-bbcd4f0fcfac
3715fe27-f81c-a833-13b6-02f6859371e4,Rebecca Gibson,1993-03-19,SYN-571-43-4531,74397,697,2026-03-19,103,0,,3715fe27-f81c-a833-13b6-02f6859371e4
2ed7bdde-ca41-13ea-7319-854bbee8a583,Robert Brown,1989-08-23,SYN-715-94-3528,117103,765,2025-10-21,252,0,,2ed7bdde-ca41-13ea-7319-854bbee8a583
bc9ef353-334e-0d2a-b659-da349d91dad5,Stephanie Livingston,1964-08-16,SYN-630-89-5471,40858,487,2026-06-29,1,0,,bc9ef353-334e-0d2a-b659-da349d91dad5
c3886c3b-6483-be95-b725-6979793616f9,Christina Olsen,1987-03-22,SYN-968-44-8753,15000,700,2025-10-21,252,0,,c3886c3b-6483-be95-b725-6979793616f9
e2daded6-0e77-0448-d620-7f6a2d9e2c5c,Andrea Martinez,1983-04-09,SYN-804-96-6199,28697,739,2025-04-15,441,1,ring_0052,ring_0052
4622f59d-641a-7f4e-cd59-5650d66ad4ad,Anthony Garrison,1977-10-29,SYN-258-33-3967,27122,609,2026-03-24,98,0,,4622f59d-641a-7f4e-cd59-5650d66ad4ad
ca154330-64c0-d8b6-595f-0e8d69f14059,Natalie Perkins,1977-04-10,SYN-557-21-5021,140012,635,2025-05-03,423,0,,ca154330-64c0-d8b6-595f-0e8d69f14059
a3fb1815-2331-334b-78f4-03802993cc95,Melanie Garrett,1993-01-07,SYN-813-81-8736,41870,691,2025-03-29,458,0,,a3fb1815-2331-334b-78f4-03802993cc95
7a7e5401-81c4-f8b9-c2a6-bfbf46cf687e,Melissa Santos,1956-10-14,SYN-287-47-8347,43528,642,2025-08-27,307,0,,7a7e5401-81c4-f8b9-c2a6-bfbf46cf687e
1d624232-9096-6448-98d1-58b3ef82c3a4,Karen Hughes,1998-09-11,SYN-411-55-6416,24297,589,2026-02-17,133,0,,1d624232-9096-6448-98d1-58b3ef82c3a4
41cd40d7-fc77-b33a-ff2a-594f2b23407c,Yolanda Chen,2002-03-03,SYN-693-70-4305,68982,850,2025-04-12,444,0,,41cd40d7-fc77-b33a-ff2a-594f2b23407c
b28c7a81-60a6-784a-1ddb-a029dcccce4c,Ricky Reid,1970-12-07,SYN-480-33-9218,38362,605,2025-07-25,340,0,,b28c7a81-60a6-784a-1ddb-a029dcccce4c
14af3bc0-3a91-eed7-2ea9-e6e74d463636,Edward Baker,1995-08-23,SYN-381-33-7872,98880,638,2026-02-09,141,0,,14af3bc0-3a91-eed7-2ea9-e6e74d463636
783e581a-bdb3-c7fa-7a58-bb512138ed08,Robert Cummings,2005-01-28,SYN-979-42-5706,63442,715,2025-12-10,202,0,,783e581a-bdb3-c7fa-7a58-bb512138ed08
9d6e763c-1f9c-0b80-4b4b-c871d94ad0fc,Anne Hardy,1982-09-20,SYN-863-25-7977,27371,671,2026-04-24,67,0,,9d6e763c-1f9c-0b80-4b4b-c871d94ad0fc
bff339f8-34b2-fd88-31c7-5ae16b4e8252,Gary Palmer,1987-11-16,SYN-588-98-7619,55753,637,2025-11-24,218,0,,bff339f8-34b2-fd88-31c7-5ae16b4e8252
90089087-faab-545c-237c-a55e83cf15a2,Jill Ray,1987-08-01,SYN-851-55-2307,42645,740,2025-09-28,275,0,,90089087-faab-545c-237c-a55e83cf15a2
a0b48564-9327-a30f-1972-89b3142c50c3,Tammy Garcia,1984-09-26,SYN-501-33-9528,26324,620,2025-05-01,425,0,,a0b48564-9327-a30f-1972-89b3142c50c3
0db196f5-66ef-e038-8a08-9d9a77320adc,Xavier Hanson,1993-11-14,SYN-646-36-6074,31832,692,2025-07-01,364,0,,0db196f5-66ef-e038-8a08-9d9a77320adc
68008187-4beb-20a7-9d65-1119fdcc249f,Ashley Miller,1984-11-20,SYN-216-54-7475,49415,710,2025-04-17,439,0,,68008187-4beb-20a7-9d65-1119fdcc249f
1176a521-c518-fd03-4e81-ee4539b1e534,Zachary Mitchell,1997-01-04,SYN-260-34-1181,78237,669,2026-03-01,121,0,,1176a521-c518-fd03-4e81-ee4539b1e534
ecd5b3b8-f1a5-b532-c9ca-24edd2788df7,Mr. Jimmy Flores Jr.,2003-08-16,SYN-814-30-3374,120988,623,2026-05-22,39,0,,ecd5b3b8-f1a5-b532-c9ca-24edd2788df7
93aac072-9baa-d7dc-d5cb-cf63b71f4654,Joyce Bowen,1971-01-02,SYN-304-26-7360,73927,497,2025-03-31,456,0,,93aac072-9baa-d7dc-d5cb-cf63b71f4654
b8cb8e37-655b-f64b-788f-27cf947670c9,Jessica Walsh,1993-11-01,SYN-840-21-7865,61747,791,2025-06-15,380,0,,b8cb8e37-655b-f64b-788f-27cf947670c9
5e1f13cf-979b-1f31-6e72-9a9ce3c163dc,Ronnie Hudson MD,1996-04-23,SYN-439-48-8612,55589,785,2025-09-20,283,0,,5e1f13cf-979b-1f31-6e72-9a9ce3c163dc
5caa155a-8c56-6556-bacb-565cf4026a31,Holly Banks,1994-11-05,SYN-268-71-1193,47227,707,2026-02-12,138,0,,5caa155a-8c56-6556-bacb-565cf4026a31
0e6faf9f-8a8d-62b2-a02c-d7f66097b47f,Robert Shepherd,1958-06-28,SYN-339-91-8983,70052,625,2025-04-01,455,0,,0e6faf9f-8a8d-62b2-a02c-d7f66097b47f
809c948a-c215-5134-fe99-3529920953cb,Mr. Charles Young,1969-11-12,SYN-100-92-3887,51286,572,2025-07-22,343,0,,809c948a-c215-5134-fe99-3529920953cb
5e200fe3-f78d-0868-d076-a83fddde6595,Karen Ross,1999-05-13,SYN-666-35-9100,25635,823,2025-05-09,417,0,,5e200fe3-f78d-0868-d076-a83fddde6595
6920a66b-dbba-0955-37e7-c76b17194bf5,Richard Beasley,2002-02-09,SYN-642-36-2279,44926,633,2025-06-29,366,0,,6920a66b-dbba-0955-37e7-c76b17194bf5
689aa348-a645-c41c-165f-f9ac2df7d501,Christina Johnson,1985-12-15,SYN-704-70-3684,43325,647,2025-06-16,379,0,,689aa348-a645-c41c-165f-f9ac2df7d501
bd70a815-23fd-b1c0-b6f8-4711463e682b,Mary Pugh,1981-03-22,SYN-738-69-1235,194978,729,2025-04-01,455,0,,bd70a815-23fd-b1c0-b6f8-4711463e682b
f598a87d-9f4d-0774-804f-a19512648c4d,Jason Waters,1988-06-05,SYN-719-50-8497,32557,752,2025-10-21,252,0,,f598a87d-9f4d-0774-804f-a19512648c4d
6d9afb5d-a5df-072f-7011-4c5074f9eede,Kimberly Dalton,1987-12-17,SYN-805-18-5539,41912,764,2025-07-23,342,0,,6d9afb5d-a5df-072f-7011-4c5074f9eede
d2ee919b-5955-cf14-3d09-190f680e5ba4,Travis Harris,1978-03-24,SYN-752-26-9758,83372,704,2026-04-25,66,0,,d2ee919b-5955-cf14-3d09-190f680e5ba4
2f3bed1a-4306-8387-70c7-8af309a6d92f,Jordan Tanner,1982-07-23,SYN-299-67-3378,50755,662,2026-06-20,10,0,,2f3bed1a-4306-8387-70c7-8af309a6d92f
3f7beb4f-6912-1536-5ddb-2c57ab1be77e,Nicolas Brown,1967-07-02,SYN-603-31-4605,29827,585,2025-05-31,395,0,,3f7beb4f-6912-1536-5ddb-2c57ab1be77e
40304f29-ab0c-50a2-1f2d-6daa3883d2c4,Kelly Miller,1969-12-13,SYN-334-53-9415,75115,713,2026-04-16,75,0,,40304f29-ab0c-50a2-1f2d-6daa3883d2c4
0ddef83c-0444-377b-e8b3-900b1dd90993,Jessica Guzman,2005-05-25,SYN-562-27-1027,64747,642,2025-09-30,273,1,ring_0105,ring_0105
2eff1cf5-de56-0a89-d39a-765b4f32ee3f,David Williams,1978-08-17,SYN-798-10-7750,79782,711,2025-03-01,486,1,ring_0073,ring_0073
ddb77aca-615b-bc45-f621-2828429d595d,Devin Hardin,1987-01-09,SYN-219-52-4494,52611,755,2025-08-06,328,0,,ddb77aca-615b-bc45-f621-2828429d595d
75620c1c-bc47-524e-b1e0-04e75b70e442,Jonathan Brooks,2003-08-26,SYN-687-13-5584,48536,630,2025-11-05,237,0,,75620c1c-bc47-524e-b1e0-04e75b70e442
b285e0c4-bf69-a937-a34f-f2c54bd8bfb3,Christopher Hudson,1967-05-30,SYN-242-83-3936,63841,674,2025-06-09,386,0,,b285e0c4-bf69-a937-a34f-f2c54bd8bfb3
c94c5b22-dcca-fcfe-5cb6-ea1621c5cd79,Joshua Garcia,1970-03-06,SYN-479-92-4493,57305,658,2025-12-15,197,0,,c94c5b22-dcca-fcfe-5cb6-ea1621c5cd79
f2a919fc-943e-edc2-8a4a-a0a6d37e40e7,Lisa Barnes,2008-03-23,SYN-966-66-8038,112972,767,2026-06-21,9,0,,f2a919fc-943e-edc2-8a4a-a0a6d37e40e7
351f1cc1-50bf-03e8-0331-da658e10e21d,Jordan Pace,1987-02-11,SYN-768-30-1831,52525,608,2026-04-29,62,0,,351f1cc1-50bf-03e8-0331-da658e10e21d
6caac6c9-ebe1-cec2-9004-e3756fe6b47d,David Oconnell,1998-06-22,SYN-471-13-8881,33875,754,2025-12-14,198,0,,6caac6c9-ebe1-cec2-9004-e3756fe6b47d
35cbd921-ea66-d971-8c5e-564dbb34754e,John Williams,1959-08-14,SYN-891-96-1761,106686,767,2025-01-07,539,0,,35cbd921-ea66-d971-8c5e-564dbb34754e
17a4f91c-ee6b-942f-032f-622104d043ca,Vanessa Martinez,1988-05-07,SYN-697-90-8013,34414,573,2026-03-01,121,0,,17a4f91c-ee6b-942f-032f-622104d043ca
0cd8c2c7-c832-dd3f-76f6-5b0f8b36d07f,Sean Nguyen,1983-07-17,SYN-705-94-5230,123357,831,2025-12-03,209,0,,0cd8c2c7-c832-dd3f-76f6-5b0f8b36d07f
4aaf8731-f624-329d-0d9e-89b8ba5446df,Matthew Valencia,1993-01-05,SYN-624-59-7002,43662,658,2025-06-28,367,0,,4aaf8731-f624-329d-0d9e-89b8ba5446df
515e2ff3-0081-6530-7eb6-a0a06ead8ac8,Rachel Norton,1984-04-21,SYN-803-66-7268,31711,722,2025-08-02,332,0,,515e2ff3-0081-6530-7eb6-a0a06ead8ac8
80deef57-6724-9ae4-b655-611048895413,Jennifer Cline MD,1999-04-12,SYN-549-13-4704,40639,654,2025-08-22,312,0,,80deef57-6724-9ae4-b655-611048895413
e03aa6dc-e5a6-6c51-2fb1-a72db382a158,Tracy Montoya,1973-09-01,SYN-636-21-3832,82679,640,2025-09-20,283,0,,e03aa6dc-e5a6-6c51-2fb1-a72db382a158
2f2a944e-9598-7c13-861c-8b45449cc393,William Cox,1979-02-22,SYN-168-51-5004,40134,665,2025-09-27,276,0,,2f2a944e-9598-7c13-861c-8b45449cc393
711f7757-09cb-aadd-a545-44156363a981,Kathleen Marshall,2003-05-11,SYN-671-60-7684,72602,608,2025-05-28,398,0,,711f7757-09cb-aadd-a545-44156363a981
bfa3e0fb-398b-99ff-4413-d9f603694f6c,Mitchell Anderson,1989-03-07,SYN-757-69-3557,41035,719,2025-08-10,324,0,,bfa3e0fb-398b-99ff-4413-d9f603694f6c
2553dfe9-6115-1f55-11f6-b98bb12f65ff,Chris Levy,1984-02-12,SYN-365-58-3281,41145,652,2025-03-17,470,0,,2553dfe9-6115-1f55-11f6-b98bb12f65ff
4e28a728-c41f-0c9a-8163-163b0b620a76,Lori Riley,1979-08-22,SYN-505-44-5567,48789,657,2025-01-25,521,0,,4e28a728-c41f-0c9a-8163-163b0b620a76
9e432969-509e-374b-f663-50b456fa69ed,Michael Graham,1985-11-03,SYN-296-99-3505,38938,717,2025-12-13,199,0,,9e432969-509e-374b-f663-50b456fa69ed
dd505b50-fccd-c96f-36a3-c1d39f37c7b4,James Brown,1969-09-05,SYN-738-23-3154,19785,656,2026-02-04,146,0,,dd505b50-fccd-c96f-36a3-c1d39f37c7b4
f284bda2-8d7d-eb7a-e908-70335a8fc85d,Dylan Patel,1979-12-04,SYN-823-74-5726,171382,711,2026-06-19,11,0,,f284bda2-8d7d-eb7a-e908-70335a8fc85d
6eba69a8-d1d6-5035-68d2-d5ab895004bb,Joshua Blair,1984-03-11,SYN-835-78-6710,86303,640,2025-09-24,279,0,,6eba69a8-d1d6-5035-68d2-d5ab895004bb
82e7d1a7-e0c2-29fb-f8db-11740e937e8c,Melissa Smith,1990-02-13,SYN-784-66-6828,104102,778,2025-11-25,217,0,,82e7d1a7-e0c2-29fb-f8db-11740e937e8c
25741c28-443e-ea13-9673-e0886de8298b,Mrs. Lisa Smith,1986-01-05,SYN-652-78-5534,85403,662,2025-07-10,355,0,,25741c28-443e-ea13-9673-e0886de8298b
b4ddd202-7782-52e3-6a17-d01ebe87d449,Bradley Duncan,1978-06-29,SYN-912-64-6533,74661,724,2026-06-29,1,0,,b4ddd202-7782-52e3-6a17-d01ebe87d449
15c81ef0-905a-6fb9-d032-4b449071cfa4,Harold Garrett,1979-08-14,SYN-142-96-5080,111928,765,2026-05-25,36,0,,15c81ef0-905a-6fb9-d032-4b449071cfa4
b35e78fb-676e-9b7a-8e9f-b74b0ae29de6,Debbie Schneider,1992-07-06,SYN-792-59-2219,91638,623,2025-11-19,223,0,,b35e78fb-676e-9b7a-8e9f-b74b0ae29de6
73fbaacd-99f2-84ec-2275-0aeed7d80dbf,Thomas Wells,1970-11-15,SYN-989-87-4117,28489,678,2025-11-04,238,0,,73fbaacd-99f2-84ec-2275-0aeed7d80dbf
d02415fe-65f0-ed2e-169d-5c4101211978,Robert Montgomery,1991-04-08,SYN-215-33-9375,39805,581,2025-06-24,371,0,,d02415fe-65f0-ed2e-169d-5c4101211978
8a94d350-3672-ef21-4b71-4fe38c81896f,Ethan Jones,1969-07-29,SYN-507-14-6502,16150,541,2026-06-27,3,0,,8a94d350-3672-ef21-4b71-4fe38c81896f
8eb19656-0541-155e-2b36-4b8145e5cb5d,Fred Smith,1990-02-01,SYN-441-26-7171,64886,800,2025-09-18,285,0,,8eb19656-0541-155e-2b36-4b8145e5cb5d
c2958c02-6d60-4fe1-10cc-1d25a8c4a623,Tonya Cooper,1983-06-24,SYN-129-14-8032,63727,718,2025-01-26,520,1,ring_0020,ring_0020
dd2eb16d-d9d3-e5cf-8059-8eb9e7e01b2a,Michelle Hobbs,1993-07-29,SYN-268-54-6622,32332,698,2026-01-12,169,0,,dd2eb16d-d9d3-e5cf-8059-8eb9e7e01b2a
a9012667-0b6a-31ed-ff7c-7414e7dd9ce4,Edward Henderson,2008-07-01,SYN-587-37-7337,94025,617,2026-04-14,77,1,ring_0125,ring_0125
87bbe6b4-f803-7c71-e5a0-a581164c2c3c,Omar Price,1979-01-28,SYN-220-64-3227,34999,700,2026-01-04,177,0,,87bbe6b4-f803-7c71-e5a0-a581164c2c3c
b5107b0c-3614-6148-f1fd-88f4f8510262,Erin Mckinney,2007-09-16,SYN-296-51-8034,158846,726,2025-01-14,532,0,,b5107b0c-3614-6148-f1fd-88f4f8510262
afba9d10-c774-8de4-feea-f4d9d8c28735,Sharon Blake,1975-06-19,SYN-790-40-5029,79967,654,2025-05-13,413,0,,afba9d10-c774-8de4-feea-f4d9d8c28735
0e774720-512c-296b-c2d1-5a7dc3311fa2,William Hall,1981-06-21,SYN-768-65-1675,61662,713,2025-06-24,371,1,ring_0175,ring_0175
fca79f0d-8f7c-a70b-e3fe-8788f6768b8a,Elizabeth Jackson,1963-05-08,SYN-684-49-2550,31161,728,2026-06-12,18,0,,fca79f0d-8f7c-a70b-e3fe-8788f6768b8a
149d72c7-d05e-a711-cc25-bf845ec0e218,Bruce Spencer,1979-04-28,SYN-463-32-9075,42122,547,2025-07-29,336,0,,149d72c7-d05e-a711-cc25-bf845ec0e218
55b2a2e3-338b-9c3d-7292-158287530041,John Clark,1985-10-31,SYN-764-14-4667,41626,463,2025-06-25,370,0,,55b2a2e3-338b-9c3d-7292-158287530041
c030f4da-2076-1cb8-95b5-59e6e054c737,David Davis,1981-07-06,SYN-279-64-3229,37764,577,2025-07-19,346,0,,c030f4da-2076-1cb8-95b5-59e6e054c737
51eab093-f557-de57-2e0f-0bd9428bd635,Dr. Gregory Arnold,2000-02-02,SYN-565-32-5860,44898,704,2026-03-19,103,0,,51eab093-f557-de57-2e0f-0bd9428bd635
9909eb41-e124-34a6-ca4a-537194cbcaf0,Gerald Hensley,1982-01-24,SYN-557-72-4636,24046,754,2025-06-14,381,0,,9909eb41-e124-34a6-ca4a-537194cbcaf0
54c33357-6ce0-514c-8930-8c237be17901,Joshua Guerrero,1962-01-30,SYN-889-77-7752,55701,746,2026-01-18,163,0,,54c33357-6ce0-514c-8930-8c237be17901
62b29e4e-1422-cb4f-c8bc-fba43b1d0b21,Joshua Martin,1992-01-26,SYN-493-98-6469,33075,656,2025-09-12,291,0,,62b29e4e-1422-cb4f-c8bc-fba43b1d0b21
c82d3669-499c-5625-5174-ce593873f061,Joseph Cruz Jr.,1978-11-10,SYN-465-91-8329,41406,581,2025-03-27,460,0,,c82d3669-499c-5625-5174-ce593873f061
19da40fc-1f35-55e9-d6b1-4601ce90374d,Mary Thompson,1987-05-04,SYN-908-44-3123,37239,822,2025-03-23,464,0,,19da40fc-1f35-55e9-d6b1-4601ce90374d
bd57e3ef-6fd6-6ae1-23f5-6c769613bfae,Jordan Bates,2008-02-02,SYN-328-18-7318,43226,686,2025-12-26,186,0,,bd57e3ef-6fd6-6ae1-23f5-6c769613bfae
664440ab-20ae-beaa-2bd1-d9fab88c08e9,Jonathan Vasquez,1968-04-30,SYN-649-60-5243,53400,569,2025-06-01,394,0,,664440ab-20ae-beaa-2bd1-d9fab88c08e9
8675c47c-79f0-785f-6099-c0165c81ea07,Blake Orr,1982-06-22,SYN-394-64-7342,29490,733,2025-09-29,274,0,,8675c47c-79f0-785f-6099-c0165c81ea07
680fd62d-21e4-88e5-df34-5d993f9a4454,Timothy Monroe,1994-09-27,SYN-715-82-3000,61324,695,2025-01-11,535,0,,680fd62d-21e4-88e5-df34-5d993f9a4454
7141f905-26df-49e6-c74e-e27950e12724,Vanessa Harris,1990-03-29,SYN-411-59-3908,35010,661,2025-10-23,250,0,,7141f905-26df-49e6-c74e-e27950e12724
ba2151ec-1bda-4b1f-7713-0ee2c3e0ee25,Deborah Ray,1978-07-13,SYN-653-15-4291,88328,810,2026-02-19,131,1,ring_0181,ring_0181
f8b9d647-f9e4-915a-5a4e-7a6ded1a4b77,Mr. Jeremiah Galvan MD,1987-05-18,SYN-981-14-7590,23767,505,2026-06-29,1,0,,f8b9d647-f9e4-915a-5a4e-7a6ded1a4b77
cc44cd20-8ed1-8aad-5ee2-7630d50493dc,Susan Howard,1999-02-28,SYN-874-66-1856,56299,570,2025-03-14,473,0,,cc44cd20-8ed1-8aad-5ee2-7630d50493dc
9da58106-2389-60a1-4e56-84aa1f055df4,Ray Rosario,1981-12-07,SYN-122-18-2950,93209,613,2026-01-21,160,0,,9da58106-2389-60a1-4e56-84aa1f055df4
9dbfb4a0-581a-3549-fd0f-ca37d758c2a4,Patricia Williams,2000-05-11,SYN-343-18-7558,41454,670,2025-10-18,255,0,,9dbfb4a0-581a-3549-fd0f-ca37d758c2a4
f8b1a870-9086-e375-3b1b-7ec3f58fc00b,Tiffany Nguyen,1969-10-13,SYN-699-48-1985,53436,679,2026-06-22,8,0,,f8b1a870-9086-e375-3b1b-7ec3f58fc00b
10aef7aa-d4db-d047-cb24-f0ec2cc65600,Timothy Johnson,1974-04-27,SYN-114-79-1295,27005,517,2026-01-23,158,0,,10aef7aa-d4db-d047-cb24-f0ec2cc65600
9fc6c8be-7f78-a2ef-53af-82231682b5cd,Lisa Brown,1971-07-20,SYN-465-91-5578,164356,636,2025-04-18,438,1,ring_0187,ring_0187
0b609b76-0f55-01cb-28cd-1193214464c5,Jessica Martinez,1982-12-03,SYN-904-36-7455,44292,624,2025-09-12,291,0,,0b609b76-0f55-01cb-28cd-1193214464c5
bcdad425-9456-8ea4-8244-0dcdbea539b6,Frank White,1997-04-02,SYN-574-68-8342,30730,689,2025-07-18,347,0,,bcdad425-9456-8ea4-8244-0dcdbea539b6
8420f292-1eaa-610f-5ef0-b0ad2a60ebf3,Alicia Perez,2007-09-17,SYN-849-74-4298,38663,600,2025-01-13,533,0,,8420f292-1eaa-610f-5ef0-b0ad2a60ebf3
4dd3c741-f7d3-5fcd-75c5-741c1bd83a84,Cody Thompson,1999-12-24,SYN-742-30-1287,34156,696,2025-09-16,287,0,,4dd3c741-f7d3-5fcd-75c5-741c1bd83a84
746375aa-333f-ffdf-3b83-f556dac96fb2,Adam Jackson,1972-06-28,SYN-737-62-8641,42601,717,2026-01-29,152,0,,746375aa-333f-ffdf-3b83-f556dac96fb2
38b13e21-f18e-ca08-bc9c-f77d2586966a,Shawn Hooper,2001-09-05,SYN-664-79-6337,52370,647,2025-11-15,227,0,,38b13e21-f18e-ca08-bc9c-f77d2586966a
ae31a527-518d-a341-03ae-bb0c9c1846bb,Joseph Hill,2007-03-08,SYN-215-92-2262,49013,479,2025-08-08,326,0,,ae31a527-518d-a341-03ae-bb0c9c1846bb
89cbccba-0350-bece-aac8-69bd2bc71933,Jacob Santos,1981-11-19,SYN-816-20-7072,67221,667,2025-01-28,518,0,,89cbccba-0350-bece-aac8-69bd2bc71933
b41bb6ff-a48a-f423-ee73-ad3b51f49a4e,Evelyn Williams,1998-03-27,SYN-390-63-4483,62695,686,2026-04-03,88,0,,b41bb6ff-a48a-f423-ee73-ad3b51f49a4e
3b38f536-3d40-5651-1b35-06866524b01a,Megan Nelson,1989-09-08,SYN-211-85-4693,73731,661,2025-09-08,295,0,,3b38f536-3d40-5651-1b35-06866524b01a
c800bacd-f2af-006a-3acb-5a0147515324,Seth Olsen,1972-01-15,SYN-917-42-7366,39055,543,2025-04-05,451,0,,c800bacd-f2af-006a-3acb-5a0147515324
4737c082-1ea7-0982-e2a9-b942ed1a8e4c,Mrs. Tonya Byrd,1994-05-08,SYN-117-50-4517,42738,689,2025-09-23,280,0,,4737c082-1ea7-0982-e2a9-b942ed1a8e4c
f5bf688f-e538-153f-d46b-9c74709a6c2c,Dennis Coleman,1990-10-01,SYN-417-47-7349,40379,792,2025-08-31,303,0,,f5bf688f-e538-153f-d46b-9c74709a6c2c
30f35384-20f9-8b1a-8e12-b2843c5c4a82,Douglas Rose,1988-03-18,SYN-287-30-2907,98732,582,2026-02-15,135,0,,30f35384-20f9-8b1a-8e12-b2843c5c4a82
07749ff9-374e-244e-8353-e4d647551eb4,Michele Bennett,1995-06-10,SYN-241-66-9960,88671,508,2025-09-07,296,0,,07749ff9-374e-244e-8353-e4d647551eb4
30a0db3b-1aa3-3e66-21e9-94ca2b451a0d,Catherine Barker,1992-02-15,SYN-602-18-9055,68703,665,2026-02-21,129,0,,30a0db3b-1aa3-3e66-21e9-94ca2b451a0d
bd6be624-1203-bc66-d9fb-98542d206f87,Paul Wilson,1986-05-26,SYN-245-27-1842,38220,654,2025-03-06,481,0,,bd6be624-1203-bc66-d9fb-98542d206f87
a197d367-364a-c299-81a0-de3018e1de9b,Kelli Mccoy,1990-06-14,SYN-728-13-1930,41753,666,2025-03-21,466,0,,a197d367-364a-c299-81a0-de3018e1de9b
710b774f-e9f6-9ab5-bac6-f8f5d9e80efc,Alyssa Alvarado,1985-01-17,SYN-517-45-4251,50787,624,2026-05-05,56,0,,710b774f-e9f6-9ab5-bac6-f8f5d9e80efc
97d11444-769f-cea0-d983-28b0139701e3,Stephanie Forbes,1980-12-17,SYN-507-12-8256,93368,649,2025-03-05,482,1,ring_0199,ring_0199
fbab6215-7268-c5c0-5684-9c84fb04c813,Darius Khan,1970-01-04,SYN-881-63-8312,49489,624,2025-03-01,486,0,,fbab6215-7268-c5c0-5684-9c84fb04c813
77b26ebc-8e03-0a18-5350-ec7b1bf9b3f3,Karen Wood,1990-09-16,SYN-353-61-6776,25843,671,2026-02-19,131,0,,77b26ebc-8e03-0a18-5350-ec7b1bf9b3f3
c4cae275-a044-2ce2-8db9-e43ce1f7aea8,Todd Hernandez Jr.,2000-07-13,SYN-932-59-6854,59260,658,2025-05-20,406,0,,c4cae275-a044-2ce2-8db9-e43ce1f7aea8
e609bc27-cd27-0804-0e72-50454c509819,Brent Jordan,1965-10-29,SYN-774-65-5583,23997,617,2025-09-03,300,0,,e609bc27-cd27-0804-0e72-50454c509819
5dd8df20-2660-4527-01e0-c05628004f99,Joshua Mcbride,1981-07-19,SYN-129-71-2473,57413,756,2026-03-11,111,0,,5dd8df20-2660-4527-01e0-c05628004f99
46a08738-d4e2-0e1f-50be-1e522af1ae96,Russell Bird,2000-11-13,SYN-668-42-7475,137262,729,2026-04-11,80,0,,46a08738-d4e2-0e1f-50be-1e522af1ae96
4b6c9aaa-c04a-b8f5-a869-8824bc50935b,Ann Parker,1994-06-30,SYN-374-76-9044,97423,696,2026-02-13,137,0,,4b6c9aaa-c04a-b8f5-a869-8824bc50935b
2f21a2fc-8f69-89c0-e07b-482de26faede,Susan Torres,1994-10-30,SYN-673-44-4580,59317,850,2026-04-29,62,0,,2f21a2fc-8f69-89c0-e07b-482de26faede
79252b76-ee41-f565-345f-c017230034e3,Ashley Parrish,1977-06-09,SYN-359-59-9105,81741,709,2025-02-13,502,0,,79252b76-ee41-f565-345f-c017230034e3
fa045cf1-05da-c1c5-1fcd-115a5c90a8af,Amy Mcdaniel,1955-12-28,SYN-759-69-5377,66731,638,2025-01-03,543,0,,fa045cf1-05da-c1c5-1fcd-115a5c90a8af
d3110009-fde0-7354-27ec-c58fec008c99,Richard Henderson,1967-02-16,SYN-654-72-7714,41402,677,2025-12-21,191,1,ring_0184,ring_0184
a2feb4c4-15fd-ea3a-c351-9cc7e07d7852,Phillip Herman,1972-05-04,SYN-488-64-1135,77452,671,2025-04-23,433,0,,a2feb4c4-15fd-ea3a-c351-9cc7e07d7852
6559157e-a43b-0572-1c2c-1f136921fa39,Jordan Nixon,1978-02-10,SYN-223-63-5248,143757,769,2026-03-15,107,0,,6559157e-a43b-0572-1c2c-1f136921fa39
27c35af1-1c36-e435-bc96-2be1b13a8a94,Lori Johns,1976-01-20,SYN-340-64-8750,42276,681,2025-04-10,446,0,,27c35af1-1c36-e435-bc96-2be1b13a8a94
1713e24f-df3d-919c-5522-0378ee4fd9a0,Scott Stephens,1975-01-27,SYN-448-74-8832,50043,732,2026-03-07,115,0,,1713e24f-df3d-919c-5522-0378ee4fd9a0
e73d417b-8471-81e4-f424-8f59d26bc2a6,David Ayers,1982-11-05,SYN-467-34-6160,53952,650,2025-09-22,281,0,,e73d417b-8471-81e4-f424-8f59d26bc2a6
910d65da-4f4f-a2dd-8c36-fa60001b6677,Jamie Scott,1982-02-26,SYN-109-42-2746,41404,604,2026-04-16,75,0,,910d65da-4f4f-a2dd-8c36-fa60001b6677
e7660572-9955-c496-ef58-99d1adcf9671,Richard Smith,1993-03-20,SYN-731-65-5716,106556,534,2025-03-26,461,0,,e7660572-9955-c496-ef58-99d1adcf9671
282e1d9c-3ed7-7bc8-efac-4cd24e962690,Daniel King,1988-02-29,SYN-627-77-6604,33850,632,2025-11-19,223,1,ring_0162,ring_0162
a9afa65d-21f4-1691-9027-8429fba85c35,Diane Berg,2001-02-14,SYN-100-98-8461,35906,727,2026-01-01,180,1,ring_0146,ring_0146
9ed780f3-c020-2496-2832-378fa385a994,Christopher Powell,1977-03-19,SYN-896-42-3240,95263,581,2026-03-06,116,0,,9ed780f3-c020-2496-2832-378fa385a994
aad3780c-a68e-2850-b699-7c61e068d3a7,Joan Roman,2004-05-12,SYN-848-22-7567,170316,760,2025-10-02,271,1,ring_0165,ring_0165
9f4bdf27-8be9-f743-31a1-863d560b3303,Vanessa Fleming,1984-02-25,SYN-646-34-2054,128565,710,2025-10-31,242,1,ring_0094,ring_0094
1df8014b-eaa8-18ed-eeef-52afaec46f1f,John Ward,1984-02-28,SYN-341-13-4047,35618,589,2025-01-11,535,0,,1df8014b-eaa8-18ed-eeef-52afaec46f1f
5b887c16-df74-3100-d779-670529a04830,Nancy Black,1968-03-09,SYN-115-39-3487,45665,654,2025-07-22,343,0,,5b887c16-df74-3100-d779-670529a04830
44b427d2-bd3f-3c09-2147-3604cf9fe1be,Sean Thomas,1994-02-11,SYN-469-95-6572,49270,631,2025-03-05,482,0,,44b427d2-bd3f-3c09-2147-3604cf9fe1be
5cdb43b3-cfc1-15a0-8c4b-b34156059263,Amber Turner,1977-11-26,SYN-807-69-9869,77891,499,2026-05-11,50,0,,5cdb43b3-cfc1-15a0-8c4b-b34156059263
34063892-a440-7635-9c5c-3f35356bc6e5,Julie Alexander,1980-01-04,SYN-790-18-2263,16029,704,2025-11-09,233,0,,34063892-a440-7635-9c5c-3f35356bc6e5
afe508bd-3865-319c-fcbe-4e79b55a94c5,Ronald Baxter,1994-08-20,SYN-852-59-1342,17627,656,2025-03-15,472,0,,afe508bd-3865-319c-fcbe-4e79b55a94c5
ea1067ab-912f-9299-5f54-ab64f45d3481,Christopher Salinas,1991-05-21,SYN-567-72-3137,51482,567,2025-12-08,204,0,,ea1067ab-912f-9299-5f54-ab64f45d3481
e9001038-72a6-a874-00a9-128ffbe0090f,Thomas Phillips,1994-08-30,SYN-849-78-5555,53745,673,2025-06-13,382,0,,e9001038-72a6-a874-00a9-128ffbe0090f
77d3a957-0324-4d03-19d4-4e831ca7933b,Holly Vega,1991-06-09,SYN-481-99-3762,149573,661,2025-02-24,491,0,,77d3a957-0324-4d03-19d4-4e831ca7933b
2c0c3847-ff0b-f720-ee35-322019953077,Jacob Trevino,1978-09-19,SYN-804-57-1334,98073,700,2025-08-16,318,0,,2c0c3847-ff0b-f720-ee35-322019953077
cf0af2d9-825e-f6b3-4e29-f7eaa88c18e9,Michaela Sanchez,1981-06-15,SYN-111-92-3226,60773,616,2025-11-12,230,0,,cf0af2d9-825e-f6b3-4e29-f7eaa88c18e9
8639afa5-9181-d8e8-77a4-a8907898668b,Stacy Bailey,1998-10-05,SYN-761-46-7205,21513,696,2026-05-22,39,0,,8639afa5-9181-d8e8-77a4-a8907898668b
7dd61583-d58c-83f2-442a-e132d9b0ad67,Tina Sanders,1982-02-10,SYN-976-32-1726,19285,604,2025-04-13,443,0,,7dd61583-d58c-83f2-442a-e132d9b0ad67
93cec452-664a-d14d-9d56-7a4e4f9b917e,Kimberly Smith,1985-05-11,SYN-424-12-4257,22815,615,2025-08-02,332,0,,93cec452-664a-d14d-9d56-7a4e4f9b917e
29b1f6b3-d6de-f4cf-7fb2-b9c541c03615,Bryan Martin II,1997-03-25,SYN-538-26-8092,25186,601,2025-11-27,215,0,,29b1f6b3-d6de-f4cf-7fb2-b9c541c03615
f8d09f80-086c-c729-0181-1d03bed4548d,Lydia Payne,1990-01-16,SYN-679-56-1523,117498,616,2025-11-04,238,0,,f8d09f80-086c-c729-0181-1d03bed4548d
f21c9ed1-f545-2b34-60d2-055f8fdb84c8,Nicholas Scott,1986-11-01,SYN-489-50-1535,119204,764,2025-06-24,371,0,,f21c9ed1-f545-2b34-60d2-055f8fdb84c8
c3351240-4598-2106-37b0-7e00ade24ca1,Adam Jenkins,1985-06-08,SYN-437-65-9122,53492,707,2025-09-27,276,1,ring_0065,ring_0065
4a5f7daa-3e01-a510-2d8b-2c4525e23a2d,Shane Hopkins,1994-05-03,SYN-684-48-3233,16315,723,2026-04-13,78,0,,4a5f7daa-3e01-a510-2d8b-2c4525e23a2d
8d364a7d-f300-6d22-abf3-2ea225bde517,Kevin Sandoval,1997-07-14,SYN-633-53-6939,51576,621,2025-05-12,414,0,,8d364a7d-f300-6d22-abf3-2ea225bde517
f68295b4-34ab-6855-040c-bf024b34caac,Jordan Henderson,1982-04-26,SYN-520-24-7403,46003,686,2025-03-20,467,0,,f68295b4-34ab-6855-040c-bf024b34caac
473dc8d3-d3fa-0067-89a3-178dac3e55f6,Blake Vega,1999-08-05,SYN-369-72-9952,31200,530,2025-02-04,511,0,,473dc8d3-d3fa-0067-89a3-178dac3e55f6
2151a474-44da-2c68-ea88-9a6c887a148e,Robin York,1988-07-24,SYN-671-59-9299,27106,593,2026-02-16,134,0,,2151a474-44da-2c68-ea88-9a6c887a148e
cd395c6c-43d0-4d2e-594e-28a98ec756b7,Thomas Hughes DDS,2000-02-21,SYN-677-72-7044,54828,677,2026-04-18,73,0,,cd395c6c-43d0-4d2e-594e-28a98ec756b7
46f9f0ce-02ed-fcc8-90cd-48cef5408281,Heidi Gonzalez,1979-06-18,SYN-591-34-9436,29230,649,2025-04-17,439,0,,46f9f0ce-02ed-fcc8-90cd-48cef5408281
ce3a3f99-f7c1-3b47-9336-c7abce3c0ada,Ryan Holloway,1990-09-11,SYN-819-49-5579,140028,628,2025-01-09,537,1,ring_0145,ring_0145
936a27ce-cec2-4d09-3256-5c8c54b5425c,Sarah Castillo,1991-04-09,SYN-627-51-9980,48065,631,2026-01-12,169,1,ring_0189,ring_0189
11c86f0a-b1ef-6571-0d16-77f73d613bab,Chad Roach,1985-06-10,SYN-595-38-7087,77512,600,2025-12-22,190,0,,11c86f0a-b1ef-6571-0d16-77f73d613bab
52fdc3bf-1ecc-ca56-abb1-63bc50bfd3a0,Troy Mills,2008-06-29,SYN-164-36-1231,31193,558,2025-01-13,533,0,,52fdc3bf-1ecc-ca56-abb1-63bc50bfd3a0
1e5a273a-97a4-c702-eefd-6b6b66db0988,Tyler Watson,1957-05-14,SYN-474-63-7154,56613,706,2026-04-30,61,0,,1e5a273a-97a4-c702-eefd-6b6b66db0988
5df13246-0421-cc97-ce8c-a426d1fff040,Emily Henderson,1995-12-08,SYN-355-94-4921,41548,691,2026-04-03,88,0,,5df13246-0421-cc97-ce8c-a426d1fff040
31ea6bbc-1137-274f-aada-6f9d76f4581d,Cassandra Stephens,1990-09-03,SYN-146-77-6644,26745,681,2025-04-05,451,1,ring_0162,ring_0162
9c1c0c4e-f597-8b87-c024-9c6ff207b234,Joseph Payne,1995-02-16,SYN-865-54-6757,64548,594,2025-07-21,344,0,,9c1c0c4e-f597-8b87-c024-9c6ff207b234
2b628a57-7c58-b93f-d345-1e98b74fe521,Jacqueline Banks,1969-01-19,SYN-125-34-1284,41551,681,2026-01-08,173,0,,2b628a57-7c58-b93f-d345-1e98b74fe521
9b079c94-b52c-f06e-aede-958e6227f2bc,Daniel Graham,1982-07-22,SYN-391-13-8857,18944,766,2025-04-09,447,0,,9b079c94-b52c-f06e-aede-958e6227f2bc
73cf88a5-6444-203d-a7f2-5c938b0aa50a,Jonathon Stevenson,1970-03-13,SYN-336-33-5155,20700,758,2025-08-01,333,0,,73cf88a5-6444-203d-a7f2-5c938b0aa50a
13b1a816-5f1c-b501-a57d-a68c4b37a808,Joseph Green,1970-02-15,SYN-653-49-1410,22978,663,2026-05-16,45,0,,13b1a816-5f1c-b501-a57d-a68c4b37a808
3300bdd2-19b8-76d5-76f2-3c4de93f8fff,Mrs. Amy Sharp,1959-01-25,SYN-274-18-5078,46526,724,2025-04-25,431,0,,3300bdd2-19b8-76d5-76f2-3c4de93f8fff
efa24434-d902-66e1-c098-a9e9b38dbcce,Johnny James,1975-08-09,SYN-639-24-1357,124313,618,2025-06-03,392,1,ring_0063,ring_0063
7ee8a0fc-9e34-bed8-4130-f06a492bacf2,Amy Nelson,1992-03-15,SYN-208-64-8140,91434,646,2025-10-05,268,1,ring_0092,ring_0092
19ecee46-2f55-cf4d-4235-cf573acf9273,Sarah George,1985-10-26,SYN-429-31-4205,80231,673,2025-10-23,250,0,,19ecee46-2f55-cf4d-4235-cf573acf9273
15790eaa-1962-7bd5-0ed9-5f639a709662,Laura Singleton,1989-10-03,SYN-940-40-3371,63967,720,2025-12-10,202,0,,15790eaa-1962-7bd5-0ed9-5f639a709662
874f5ef7-88f0-cdff-ca82-ee9b42443494,Thomas Sellers,1981-04-23,SYN-151-33-8932,30655,731,2025-01-18,528,0,,874f5ef7-88f0-cdff-ca82-ee9b42443494
02904b4b-9adc-7f1b-28de-3c3c72d82a21,Karen Marshall,1983-09-17,SYN-253-43-5424,48996,576,2026-05-28,33,1,ring_0152,ring_0152
f0560ec4-f4ee-7cd2-c3a0-bb4ab158f637,Anita Chapman,1974-07-03,SYN-100-47-6458,67461,562,2025-05-14,412,0,,f0560ec4-f4ee-7cd2-c3a0-bb4ab158f637
7ecc088c-99be-37b8-31fa-fa363cb99fe2,Elizabeth Lewis,1992-05-22,SYN-638-18-3219,50325,657,2026-01-25,156,1,ring_0101,ring_0101
765fc67f-b808-1e85-09f7-f76c7388a0ef,Sandra Lyons,1968-04-09,SYN-393-36-8037,24617,690,2026-06-18,12,0,,765fc67f-b808-1e85-09f7-f76c7388a0ef
cf4b7ac3-e254-1f2b-6ed2-713044169b88,Carrie Lewis,1982-07-13,SYN-823-70-3002,26990,646,2025-06-05,390,0,,cf4b7ac3-e254-1f2b-6ed2-713044169b88
765059d2-dcc9-4849-4813-913d182b80a3,Samantha Douglas,1986-02-13,SYN-188-69-6702,50262,631,2026-05-23,38,0,,765059d2-dcc9-4849-4813-913d182b80a3
25bed0bf-f94d-a883-e705-d84ed4330de7,Norman Porter,1978-12-24,SYN-344-68-8235,25450,611,2025-10-15,258,0,,25bed0bf-f94d-a883-e705-d84ed4330de7
6dd46827-4349-3d4d-c9b9-6bc38b0c957e,Jessica Perry,1999-11-18,SYN-827-14-5977,117168,692,2025-12-21,191,1,ring_0118,ring_0118
604856ef-56aa-d272-3998-c8312d07f96d,Janice Henson,1978-08-17,SYN-563-23-9546,17519,721,2025-03-05,482,0,,604856ef-56aa-d272-3998-c8312d07f96d
d8cbbc22-d044-0875-f01b-685aa1770c1a,Mrs. Dawn Hawkins,1987-10-15,SYN-339-49-8911,78008,698,2026-01-04,177,0,,d8cbbc22-d044-0875-f01b-685aa1770c1a
1a177c2d-e35e-c6fb-7248-d32877d7e76a,Kenneth Mason,1980-01-11,SYN-563-68-6775,21646,560,2026-01-03,178,1,ring_0179,ring_0179
34154043-5f9e-2032-2056-069e12afeff9,Teresa Smith,1976-09-28,SYN-909-65-6846,33930,569,2025-06-16,379,0,,34154043-5f9e-2032-2056-069e12afeff9
99311987-39a9-a17a-2af3-c6089aad4557,Michael Sloan,1972-12-18,SYN-356-64-9562,146079,647,2025-12-15,197,0,,99311987-39a9-a17a-2af3-c6089aad4557
b2f72658-f234-8d99-4856-fc9634168722,Jerome Reid,1999-08-13,SYN-385-62-5041,44582,654,2025-04-19,437,0,,b2f72658-f234-8d99-4856-fc9634168722
59680286-296a-4858-90ed-3f1244658fd5,Louis Gibson,1998-07-23,SYN-442-22-4524,72223,737,2025-06-09,386,0,,59680286-296a-4858-90ed-3f1244658fd5
054ca01c-858f-dbfc-daa7-33105a4d74f9,Frank Fitzgerald,2007-12-19,SYN-311-59-2613,40855,726,2025-03-10,477,0,,054ca01c-858f-dbfc-daa7-33105a4d74f9
40d123c7-2009-accf-5103-d13874d83e36,Megan Knight,1999-03-04,SYN-192-46-1819,55605,667,2026-04-26,65,0,,40d123c7-2009-accf-5103-d13874d83e36
60c24c0d-5a47-d7db-3e6d-c3f3b4b42184,Thomas Peterson,2007-03-13,SYN-664-76-7392,70637,551,2025-11-17,225,0,,60c24c0d-5a47-d7db-3e6d-c3f3b4b42184
206637e0-0635-f680-ec9a-ba2d652a5fb9,Jenna Bryant,1999-07-26,SYN-695-60-5937,95914,771,2025-11-17,225,0,,206637e0-0635-f680-ec9a-ba2d652a5fb9
781b5352-64e8-d9d5-336c-8c8243b42a29,Frank Todd,1972-09-19,SYN-945-55-6254,50283,625,2026-03-29,93,0,,781b5352-64e8-d9d5-336c-8c8243b42a29
167d5e69-fbce-9880-5c7e-c4be996e3f6b,Benjamin Smith,1969-09-04,SYN-403-82-6983,24287,571,2026-05-10,51,0,,167d5e69-fbce-9880-5c7e-c4be996e3f6b
7f2c3046-79a1-abb8-d68e-89814f4fd2c2,Antonio Garcia,1956-12-24,SYN-151-16-7992,37439,657,2026-05-08,53,0,,7f2c3046-79a1-abb8-d68e-89814f4fd2c2
d56d3f34-3fd9-01f4-81f3-f796d1244553,Megan Anderson,1980-05-31,SYN-731-20-2793,29722,732,2026-02-03,147,0,,d56d3f34-3fd9-01f4-81f3-f796d1244553
83fada6b-b6a1-c696-098f-716673b66f44,Gina Jones,1989-10-19,SYN-969-41-8777,53142,686,2025-08-18,316,1,ring_0035,ring_0035
707fea60-cbfb-2005-1af0-bec9b99b8783,Randall Johnson,1990-10-24,SYN-247-59-1496,59273,769,2026-06-26,4,0,,707fea60-cbfb-2005-1af0-bec9b99b8783
fa193ffa-aa32-d340-d8eb-38b2e26c3573,Christopher Anderson,1977-11-15,SYN-494-83-9104,15000,682,2025-02-07,508,0,,fa193ffa-aa32-d340-d8eb-38b2e26c3573
5f2304e1-3f56-a1fb-00ce-ef31eef1b28f,Jamie Zhang,1994-03-13,SYN-803-53-6742,83618,714,2025-04-19,437,0,,5f2304e1-3f56-a1fb-00ce-ef31eef1b28f
5dad4df3-42d8-fd38-bf7e-5715b739f738,Michele Holland,1980-09-15,SYN-515-20-4488,41155,674,2025-08-20,314,0,,5dad4df3-42d8-fd38-bf7e-5715b739f738
83db3d8d-fa18-e793-6a93-051076df8400,Gregory Ochoa,1994-07-06,SYN-819-33-1894,49963,554,2026-02-15,135,0,,83db3d8d-fa18-e793-6a93-051076df8400
14841947-a732-6445-88b8-e318708cc31c,Rebecca Clark,2001-10-23,SYN-743-28-3226,63971,711,2025-08-02,332,0,,14841947-a732-6445-88b8-e318708cc31c
9cf079f7-d413-ca42-ba4c-a1bdeb9edac4,Craig Daniels,1990-03-10,SYN-824-74-3466,36316,716,2025-12-27,185,0,,9cf079f7-d413-ca42-ba4c-a1bdeb9edac4
7329fad0-097d-1783-51c2-8eb9130b4254,Denise Wallace,1971-02-02,SYN-572-22-6486,46698,578,2025-10-07,266,0,,7329fad0-097d-1783-51c2-8eb9130b4254
749eb413-1010-a3ee-33b1-2ccdca916f87,Maureen Bates,1984-12-06,SYN-371-56-8367,37161,717,2026-06-23,7,0,,749eb413-1010-a3ee-33b1-2ccdca916f87
82b10860-3fc8-ab08-a748-43644979d6d5,Daniel Brewer,1995-03-10,SYN-698-93-4932,18632,798,2025-08-01,333,0,,82b10860-3fc8-ab08-a748-43644979d6d5
565bf52e-f8fe-5a6e-c579-cd51302c5eeb,James Morris,1987-03-10,SYN-671-88-2817,39782,589,2025-01-25,521,0,,565bf52e-f8fe-5a6e-c579-cd51302c5eeb
9df90ba0-c40d-3dd3-3d09-0b2c8c553091,Tyler Lang,2006-04-14,SYN-638-38-6957,33836,728,2025-03-30,457,0,,9df90ba0-c40d-3dd3-3d09-0b2c8c553091
23ca9296-a19b-96f6-5167-9be0d35ea966,Joseph Graves PhD,2008-01-01,SYN-310-73-1645,36823,751,2025-02-12,503,0,,23ca9296-a19b-96f6-5167-9be0d35ea966
d0d2d70b-fa70-f1dc-aefd-b884629d9a16,Sheila Johnson,1978-02-12,SYN-271-16-1748,110964,692,2025-11-01,241,0,,d0d2d70b-fa70-f1dc-aefd-b884629d9a16
844e77a3-2b61-c0af-7379-3615fe5210c7,Mr. Joseph Bush,1961-04-30,SYN-990-78-6786,39235,670,2025-01-11,535,0,,844e77a3-2b61-c0af-7379-3615fe5210c7
9308c6a2-e988-5c4b-6ef9-b84c0242bc16,Breanna Rivas,2001-11-09,SYN-948-93-8711,54192,669,2026-01-10,171,0,,9308c6a2-e988-5c4b-6ef9-b84c0242bc16
a44328da-d780-46e5-5007-e101874a85a9,Danielle Mcdaniel,1992-05-13,SYN-700-49-8409,26052,680,2025-07-07,358,0,,a44328da-d780-46e5-5007-e101874a85a9
401a8865-3b9e-8f9e-a430-aedc7bbad68a,Brian Wheeler,1972-03-24,SYN-771-47-6099,61002,660,2025-10-22,251,1,ring_0040,ring_0040
5864f1d7-1259-9e91-1f64-c504b0848fbd,Chad Kim,1975-05-29,SYN-187-13-8901,106911,632,2025-03-21,466,0,,5864f1d7-1259-9e91-1f64-c504b0848fbd
de0a4250-44aa-7f96-3003-f29730a422d9,Stacie Butler,1973-06-25,SYN-624-89-5296,69008,766,2025-08-06,328,0,,de0a4250-44aa-7f96-3003-f29730a422d9
42318301-c61b-a047-6377-0c80ca39994e,Jacob Williams,1987-02-06,SYN-779-62-9317,223175,734,2025-02-05,510,0,,42318301-c61b-a047-6377-0c80ca39994e
0e9d042f-07d5-ba53-e575-d2f0250773eb,Daniel Wood,1983-07-01,SYN-606-49-2063,78379,562,2025-08-21,313,0,,0e9d042f-07d5-ba53-e575-d2f0250773eb
caf6280b-fc88-e65d-c8e5-765d893f6011,Catherine George,1951-01-02,SYN-810-49-7889,34304,728,2026-06-21,9,0,,caf6280b-fc88-e65d-c8e5-765d893f6011
1aa92783-0313-ac96-0c89-b917a7904a04,Larry Harding,1976-11-30,SYN-123-82-3999,81185,658,2025-10-24,249,0,,1aa92783-0313-ac96-0c89-b917a7904a04
5a60e095-a827-8b59-8455-7e0e0c0c2734,Tiffany Anderson,1971-06-20,SYN-946-31-7294,52497,669,2025-12-22,190,0,,5a60e095-a827-8b59-8455-7e0e0c0c2734
da39038a-4b71-29d2-cdb1-27eb61cf7612,Anna Jackson,1985-03-16,SYN-439-66-5168,66216,737,2026-01-30,151,0,,da39038a-4b71-29d2-cdb1-27eb61cf7612
49d9b6f2-d9ad-357d-764d-5e9120e5750e,James Griffith,1986-04-27,SYN-512-30-2117,250000,663,2025-11-08,234,0,,49d9b6f2-d9ad-357d-764d-5e9120e5750e
cfceef0d-b2f3-9404-8412-fe56d1f42fbc,Nicholas Rush,1988-01-17,SYN-387-21-1734,78019,691,2025-05-11,415,0,,cfceef0d-b2f3-9404-8412-fe56d1f42fbc
f19e8843-9929-5177-9ed3-a01e06baa286,Ashley Jones,1999-07-02,SYN-629-12-4305,115640,638,2025-07-04,361,0,,f19e8843-9929-5177-9ed3-a01e06baa286
a73e1d93-6173-cb62-e0a3-ad17054edb29,David Walters,1971-08-22,SYN-884-30-4603,43737,850,2025-06-26,369,0,,a73e1d93-6173-cb62-e0a3-ad17054edb29
87a0f22e-9a81-0e4f-0ab6-08666bc98268,James Weber,1982-03-02,SYN-342-42-1179,88311,701,2025-05-16,410,0,,87a0f22e-9a81-0e4f-0ab6-08666bc98268
ba944388-9de9-f724-dd8b-f30ab2b5d692,Deborah Fox,1997-08-17,SYN-141-37-7847,65405,627,2025-06-21,374,0,,ba944388-9de9-f724-dd8b-f30ab2b5d692
bffa2b0f-fab4-4512-5a31-fb3841d8618b,Nathan Vargas,2001-06-30,SYN-490-23-3585,69590,505,2025-10-16,257,0,,bffa2b0f-fab4-4512-5a31-fb3841d8618b
21d0e9e5-7834-34c3-d3e2-d5cf02e9b11e,Thomas Daugherty,1973-09-17,SYN-429-62-2901,44633,709,2025-03-11,476,0,,21d0e9e5-7834-34c3-d3e2-d5cf02e9b11e
59ab1832-33f4-321e-5d5d-d5bc53823b06,Christopher Tate,1982-02-14,SYN-426-44-4569,68138,697,2025-03-25,462,0,,59ab1832-33f4-321e-5d5d-d5bc53823b06
58172dca-8762-4780-eea1-7b6762f5ee11,Terry Ward,1977-09-02,SYN-710-10-6862,32067,612,2026-01-18,163,0,,58172dca-8762-4780-eea1-7b6762f5ee11
51f0c3a2-c63a-e3f4-dd96-3bdee5a1e340,Angela Richards,1974-05-25,SYN-607-19-9346,41510,641,2025-03-24,463,0,,51f0c3a2-c63a-e3f4-dd96-3bdee5a1e340
8e382ef3-e21e-0ac6-60b3-d90a89c9453e,Cindy Woodard,1961-08-18,SYN-325-17-8438,42795,716,2025-12-08,204,1,ring_0066,ring_0066
f2730873-fead-7b38-9b76-cd42256cf548,Omar Chandler,1999-04-12,SYN-823-17-7364,83560,623,2025-06-28,367,0,,f2730873-fead-7b38-9b76-cd42256cf548
146c3e68-0af4-2d14-109b-e616a0daf3eb,Wanda Buck,2005-10-31,SYN-695-32-9202,41585,672,2025-02-12,503,1,ring_0131,ring_0131
209ea114-ed44-baa8-eebc-ab7b75ad1f64,Alicia Wilson,1989-05-11,SYN-905-56-8814,61885,707,2025-03-20,467,0,,209ea114-ed44-baa8-eebc-ab7b75ad1f64
37982b8b-0ef8-ba34-5501-26c206f82862,Kelly Beck,1998-11-14,SYN-173-83-9445,129166,695,2026-03-11,111,0,,37982b8b-0ef8-ba34-5501-26c206f82862
7f6d564f-c207-1673-35d5-571ee2ad87e8,Jeffrey Romero,2001-02-12,SYN-945-68-6334,78107,751,2025-09-08,295,0,,7f6d564f-c207-1673-35d5-571ee2ad87e8
138ffb53-96d5-d501-c2ba-010987b9bbb0,Darren Gonzales,1960-01-25,SYN-562-89-5710,53219,681,2025-10-28,245,0,,138ffb53-96d5-d501-c2ba-010987b9bbb0
06b419f0-72c7-eecc-78b7-9d59b20bc1e7,Sharon Johnson,1982-04-20,SYN-342-70-4614,95296,634,2026-05-05,56,0,,06b419f0-72c7-eecc-78b7-9d59b20bc1e7
77bd9b72-cb05-acef-06d0-25548fb5fa75,Steven Bailey,1982-07-30,SYN-441-30-1245,34293,704,2025-04-27,429,0,,77bd9b72-cb05-acef-06d0-25548fb5fa75
076938c1-4e35-2c9e-90f0-d5b4c7716684,Crystal Collins,1998-06-26,SYN-143-17-8204,66305,645,2025-01-22,524,0,,076938c1-4e35-2c9e-90f0-d5b4c7716684
9d42c2d7-01a3-f337-33f0-dd34937657ed,Alexis Pham,1980-01-31,SYN-655-23-3189,35089,659,2026-01-13,168,0,,9d42c2d7-01a3-f337-33f0-dd34937657ed
954c7f74-2ada-5531-e5ef-76398feafeb0,Kenneth Brown,1974-10-27,SYN-122-86-4725,57498,746,2026-04-05,86,0,,954c7f74-2ada-5531-e5ef-76398feafeb0
93db33a2-65ac-1e2e-0150-1093ab606980,Eric Rush,1982-01-19,SYN-469-16-3606,31685,714,2025-05-13,413,0,,93db33a2-65ac-1e2e-0150-1093ab606980
b236bb21-8033-62f3-c25b-0769f1802904,Matthew Garcia,1960-08-07,SYN-273-99-3505,66067,594,2025-06-06,389,1,ring_0031,ring_0031
4a933528-11e3-c201-6a67-1b212bbc0c8f,Louis Savage,1997-03-14,SYN-180-41-3069,66817,731,2026-05-17,44,0,,4a933528-11e3-c201-6a67-1b212bbc0c8f
9d84df7e-c202-e814-a583-acf142c893c2,Thomas Turner,1957-05-04,SYN-471-97-5648,54547,772,2025-01-02,544,0,,9d84df7e-c202-e814-a583-acf142c893c2
6c2fab2b-9986-6635-bb73-af093d3070ab,Larry Lloyd,1999-01-24,SYN-735-49-7780,55130,644,2025-12-26,186,0,,6c2fab2b-9986-6635-bb73-af093d3070ab
dfe6b5c6-dad2-f32d-46ad-dc4562e7fa26,Selena Bailey,1975-07-29,SYN-120-90-2972,58514,653,2025-06-11,384,0,,dfe6b5c6-dad2-f32d-46ad-dc4562e7fa26
fa4a99a9-48ee-bbef-6b05-112ffbd24123,John Massey,1991-08-01,SYN-834-35-3660,36005,719,2025-01-07,539,0,,fa4a99a9-48ee-bbef-6b05-112ffbd24123
6ac5e338-122f-69c0-b9c5-3615847b9169,Michael Glass,2001-05-10,SYN-508-51-8365,15000,561,2025-07-07,358,0,,6ac5e338-122f-69c0-b9c5-3615847b9169
8d26e20b-ae27-0286-102f-479817bfd77d,Cassandra Fry,1990-10-27,SYN-192-57-4902,21500,624,2026-03-17,105,0,,8d26e20b-ae27-0286-102f-479817bfd77d
23ba6f08-c3fc-698c-4735-593fd37e9d85,William Hughes,1975-09-25,SYN-486-16-8926,120450,577,2026-02-24,126,0,,23ba6f08-c3fc-698c-4735-593fd37e9d85
00b329d8-efa7-3e2f-3261-f6f9e3dff6c6,Christine Thornton,1980-02-20,SYN-706-96-6936,39643,701,2025-01-21,525,1,ring_0187,ring_0187
cdc07207-b176-4057-862d-b0f5765225ed,Jennifer Taylor,1989-05-19,SYN-281-74-4122,71650,678,2026-05-24,37,0,,cdc07207-b176-4057-862d-b0f5765225ed
b77c0474-1d93-0471-5c6e-9e7a5e740ae3,Cynthia Shaw,1980-06-20,SYN-120-72-2852,102833,659,2026-05-12,49,0,,b77c0474-1d93-0471-5c6e-9e7a5e740ae3
0456a6d6-7dde-83a3-d2ef-c8072dd8e3a0,Sophia Johnson,1978-06-29,SYN-181-21-4900,94986,641,2025-05-31,395,0,,0456a6d6-7dde-83a3-d2ef-c8072dd8e3a0
eb78e3f8-e373-e920-296c-3140286abe9d,Ashley Mills,1988-10-17,SYN-381-42-1717,52375,544,2025-10-05,268,0,,eb78e3f8-e373-e920-296c-3140286abe9d
39a9c98d-2141-f091-29f2-b4c9f9fdc6af,Anne Cruz,1992-02-15,SYN-746-44-5721,24850,731,2025-10-13,260,1,ring_0075,ring_0075
24d8b732-b490-07d5-af9a-97942f32b927,Kiara Mcintyre,1973-02-26,SYN-376-22-7624,40110,541,2025-03-08,479,0,,24d8b732-b490-07d5-af9a-97942f32b927
ed883dbc-566b-ad39-c174-a1a2cb4ef9a3,Edwin Gonzalez,2007-07-25,SYN-472-35-4981,49708,714,2025-10-08,265,0,,ed883dbc-566b-ad39-c174-a1a2cb4ef9a3
c3dbb68c-b76f-f5e2-d38f-c8ddb8230630,Christopher Bass,1979-11-08,SYN-407-50-7458,45671,659,2025-11-19,223,0,,c3dbb68c-b76f-f5e2-d38f-c8ddb8230630
ff79d7e8-6113-03ed-22fa-0e07656624b6,Jennifer Schneider,1966-01-26,SYN-464-19-6047,62367,667,2026-03-03,119,0,,ff79d7e8-6113-03ed-22fa-0e07656624b6
2ccd87ec-1b78-e9c7-c1be-f8a840864520,Jamie Galloway,1960-10-22,SYN-339-82-8886,31431,707,2025-01-22,524,0,,2ccd87ec-1b78-e9c7-c1be-f8a840864520
8ff13432-dca4-9090-e475-3366ffee25cc,Jason Hernandez,1982-09-02,SYN-911-20-4354,127236,709,2025-08-21,313,0,,8ff13432-dca4-9090-e475-3366ffee25cc
c0181c7b-d8cf-616f-4fdd-40a49582dcae,Denise Brown,1985-03-08,SYN-492-99-9025,82206,691,2025-07-20,345,0,,c0181c7b-d8cf-616f-4fdd-40a49582dcae
454819ec-5986-48d2-b3e5-237dd536ab78,Shelby Wood,1978-11-02,SYN-235-77-4523,51919,665,2025-03-11,476,0,,454819ec-5986-48d2-b3e5-237dd536ab78
f48ff640-f244-1212-3ba1-736bf78e3cc9,Amy Yang DDS,1990-04-15,SYN-349-60-1337,32726,406,2026-05-10,51,0,,f48ff640-f244-1212-3ba1-736bf78e3cc9
2fa0566b-882b-985f-67ed-9b4b90641ebb,Richard Rogers,2008-02-28,SYN-446-29-8268,56746,650,2025-11-01,241,0,,2fa0566b-882b-985f-67ed-9b4b90641ebb
a6fbc223-a2e5-0cd3-674d-429130cdf9ec,Kathleen Moran,1973-12-03,SYN-936-57-1160,69505,648,2025-09-06,297,0,,a6fbc223-a2e5-0cd3-674d-429130cdf9ec
9a087efb-1e36-74ab-5173-7082f6fc8116,David Rivers,1981-02-10,SYN-125-81-2178,102936,440,2026-02-09,141,0,,9a087efb-1e36-74ab-5173-7082f6fc8116
a5ebebd2-660b-f101-d88a-e3c806a82f7f,Lisa Allen,1995-07-20,SYN-249-22-9339,57176,843,2025-09-21,282,0,,a5ebebd2-660b-f101-d88a-e3c806a82f7f
fa08a261-3680-497d-c39b-ffbd26b472ef,Lauren Trujillo,1975-10-27,SYN-127-87-4460,59082,649,2026-02-04,146,0,,fa08a261-3680-497d-c39b-ffbd26b472ef
3a0475f1-7707-1baa-d8dd-850f4dd10267,Alexis Weeks,1992-03-30,SYN-532-62-4624,52782,585,2026-03-12,110,0,,3a0475f1-7707-1baa-d8dd-850f4dd10267
82705bdc-ca2c-a4e1-32c2-824cfa53f5f2,Heather Brock,1994-04-16,SYN-220-16-1965,29427,624,2025-02-13,502,1,ring_0192,ring_0192
f0fe68b3-6c3f-86df-f785-2fd1683097c2,John Holt,1989-10-18,SYN-450-89-6711,127188,589,2026-06-02,28,0,,f0fe68b3-6c3f-86df-f785-2fd1683097c2
ffca8f1e-56be-47eb-0497-0810dfde9f74,Nathaniel Gilbert,1988-07-18,SYN-308-62-2962,20186,660,2025-09-24,279,0,,ffca8f1e-56be-47eb-0497-0810dfde9f74
660715a6-47c7-8c5a-73f1-92883ee17d53,Cindy Cannon,1986-03-11,SYN-396-22-7283,33030,710,2025-06-28,367,0,,660715a6-47c7-8c5a-73f1-92883ee17d53
c7292201-193e-cf20-653e-7c1bca7a73fb,Arthur Hamilton MD,1995-04-15,SYN-865-75-7769,26070,730,2025-10-01,272,0,,c7292201-193e-cf20-653e-7c1bca7a73fb
7e585055-75c0-d3e6-73df-d2608a347328,Deborah York,1966-01-22,SYN-632-77-3645,123706,606,2025-03-02,485,1,ring_0182,ring_0182
5e22eba5-071e-b802-70b9-1d24f98e0e54,Gregory Martinez,1996-10-27,SYN-170-42-2321,58727,701,2026-02-02,148,0,,5e22eba5-071e-b802-70b9-1d24f98e0e54
0bd9ffde-b7ca-009a-0bf0-ebc1a2664d24,Luis Wells,1971-03-27,SYN-379-84-8216,22654,575,2026-01-05,176,0,,0bd9ffde-b7ca-009a-0bf0-ebc1a2664d24
a55692f5-86af-a7d6-ff42-3d1fe8d9ebd0,Sandra Ingram,1998-10-11,SYN-935-68-1165,27059,557,2025-03-18,469,0,,a55692f5-86af-a7d6-ff42-3d1fe8d9ebd0
8897172a-5909-d7e8-99e7-4c0bd32909cd,Mariah Brown,2000-08-27,SYN-300-33-2913,110416,525,2026-01-11,170,0,,8897172a-5909-d7e8-99e7-4c0bd32909cd
4eeecb8a-bfd5-1e39-ca4a-e5efacc193e5,Daniel Chen,1998-06-29,SYN-902-51-7947,48467,726,2025-04-20,436,0,,4eeecb8a-bfd5-1e39-ca4a-e5efacc193e5
ee1b701c-03b0-61f8-5506-b360e7a0ce9a,Travis Wilson,1978-01-16,SYN-165-84-6782,72478,767,2025-12-12,200,0,,ee1b701c-03b0-61f8-5506-b360e7a0ce9a
fe947f29-5db9-a64a-0f76-4836bbad06f6,John Davidson,1970-02-14,SYN-196-52-8037,57196,602,2025-09-28,275,0,,fe947f29-5db9-a64a-0f76-4836bbad06f6
a278befc-6168-2283-9fed-62b9a940cd52,Mark Benjamin,1985-05-25,SYN-383-90-1035,21216,691,2026-01-30,151,0,,a278befc-6168-2283-9fed-62b9a940cd52
12ec591b-398f-bc89-46bc-566c50835a09,Matthew Khan,2007-04-03,SYN-907-58-4517,114447,631,2025-09-01,302,0,,12ec591b-398f-bc89-46bc-566c50835a09
8221b553-b8c4-5e68-461d-4a6ddd5aa86b,Kevin Johnston,1975-08-07,SYN-789-78-1766,51617,570,2025-03-12,475,0,,8221b553-b8c4-5e68-461d-4a6ddd5aa86b
a865878b-2a8e-6343-f0ff-1407afec495d,Jim Newton,1988-06-26,SYN-693-61-3131,114883,793,2025-03-24,463,0,,a865878b-2a8e-6343-f0ff-1407afec495d
d581fdf8-bce9-d6ef-bf2d-15be2c86ca4e,Gary Murphy,1961-09-12,SYN-606-93-6631,114951,714,2025-12-29,183,1,ring_0049,ring_0049
885c54e0-b140-3fc9-075a-a096cdc61ffa,Eddie Adams,1986-05-03,SYN-389-91-5481,72792,644,2025-06-18,377,0,,885c54e0-b140-3fc9-075a-a096cdc61ffa
95e91d9b-f73b-ad49-a1db-72d978a3b03e,Timothy Duncan,1978-06-22,SYN-971-93-2082,26554,576,2026-03-24,98,0,,95e91d9b-f73b-ad49-a1db-72d978a3b03e
1f557280-639d-5bf5-e7be-9c137ac2d6fe,William Baker,1981-02-07,SYN-379-79-7188,23709,472,2025-11-25,217,0,,1f557280-639d-5bf5-e7be-9c137ac2d6fe
f633c51e-6ba6-1d05-8109-4fa8bdb37486,Kylie Bailey,1990-02-28,SYN-891-62-7235,99065,623,2026-02-28,122,0,,f633c51e-6ba6-1d05-8109-4fa8bdb37486
abc867bc-d76a-b9b8-dc5e-662937f66537,Stephanie Elliott,1969-05-02,SYN-297-82-7270,33464,673,2025-12-22,190,0,,abc867bc-d76a-b9b8-dc5e-662937f66537
23298f18-b863-6d78-5ad5-fd2d0f6d39ce,Kimberly Kane,1982-11-12,SYN-174-16-5329,56732,776,2026-04-15,76,0,,23298f18-b863-6d78-5ad5-fd2d0f6d39ce
10338f30-4c8c-ab1d-c1ac-5f5a3e7495e2,Joshua Reed,1994-03-27,SYN-227-34-2374,27959,659,2025-09-01,302,0,,10338f30-4c8c-ab1d-c1ac-5f5a3e7495e2
2ae9b06a-10a0-7189-030e-b3b48d421e8a,Jared Ballard,1991-11-28,SYN-419-37-4335,43989,690,2026-01-22,159,0,,2ae9b06a-10a0-7189-030e-b3b48d421e8a
d6f5704d-d486-84fe-6c1f-2a361bca490d,James Jones,1981-07-09,SYN-254-81-6595,176163,632,2026-05-28,33,0,,d6f5704d-d486-84fe-6c1f-2a361bca490d
3630daec-0734-160c-fc20-1ff3c340c155,Debra Gonzalez,1971-09-03,SYN-445-65-4189,58773,626,2025-03-15,472,0,,3630daec-0734-160c-fc20-1ff3c340c155
f476212e-9189-20d9-25d2-8537e955b49c,Matthew Cole,1978-12-27,SYN-405-95-4979,50266,803,2026-03-28,94,1,ring_0152,ring_0152
baa42a4a-24c7-9908-5801-9b2cdc304de8,Michael Serrano,1995-06-27,SYN-629-37-1057,54134,583,2025-01-15,531,0,,baa42a4a-24c7-9908-5801-9b2cdc304de8
6c508184-95b9-f2e0-87d2-7df8a2fc6b0d,Joseph Durham,2001-02-27,SYN-417-21-5174,36165,563,2025-10-16,257,0,,6c508184-95b9-f2e0-87d2-7df8a2fc6b0d
2abdd9d0-c7cb-1d20-c3b9-186417bcc7b0,Alexis Olsen,1994-09-21,SYN-480-81-5259,30579,615,2026-06-17,13,0,,2abdd9d0-c7cb-1d20-c3b9-186417bcc7b0
5aa43e0d-b968-2362-bfd9-ebee043a88a6,Terri Williams,1992-03-16,SYN-442-62-2873,41880,693,2025-10-21,252,0,,5aa43e0d-b968-2362-bfd9-ebee043a88a6
e2293491-6fb4-4d88-f245-eabd388dd7a3,Linda Newman,1987-05-29,SYN-205-84-7125,68401,647,2025-08-31,303,0,,e2293491-6fb4-4d88-f245-eabd388dd7a3
4389af88-7de3-4b03-85c1-546a9a5c0cea,Brian Christensen,1975-01-30,SYN-326-29-5284,55164,691,2025-08-30,304,0,,4389af88-7de3-4b03-85c1-546a9a5c0cea
fe3ca27c-0aff-6720-e9c9-8a1f1f38de86,Benjamin Hines,1994-07-24,SYN-151-49-1505,46862,686,2025-03-14,473,0,,fe3ca27c-0aff-6720-e9c9-8a1f1f38de86
18509ee3-97a1-5e7a-ebf4-0e63e46f396a,Robert Martin,1973-08-05,SYN-964-16-6560,37555,755,2025-09-13,290,0,,18509ee3-97a1-5e7a-ebf4-0e63e46f396a
5e1c5121-551a-4f7a-4d98-06e5f4f90e08,Glenn Chen,2001-01-23,SYN-661-39-8007,187264,675,2026-05-20,41,0,,5e1c5121-551a-4f7a-4d98-06e5f4f90e08
5439db18-e714-c23d-6cd0-d64b99e1f243,Trevor Walker,1984-10-28,SYN-220-41-6180,44145,588,2026-01-31,150,0,,5439db18-e714-c23d-6cd0-d64b99e1f243
2af0e1b9-e817-3485-af6a-2d70cd5b6e9e,Charles Smith,1987-01-22,SYN-265-74-8332,38393,494,2025-06-17,378,0,,2af0e1b9-e817-3485-af6a-2d70cd5b6e9e
154424dc-eaa2-68b5-b806-e81421dd501a,Stacy Macias,1987-12-07,SYN-940-33-3988,119198,663,2025-01-19,527,0,,154424dc-eaa2-68b5-b806-e81421dd501a
68b073ac-6adc-e52a-e894-d7ee2b516004,Donald Hoffman,1986-01-02,SYN-403-97-4105,23961,778,2026-05-11,50,0,,68b073ac-6adc-e52a-e894-d7ee2b516004
0289c390-e413-8354-321f-1ddfdadbc409,Anthony Hoover,1983-09-08,SYN-320-46-1936,54866,661,2025-10-05,268,0,,0289c390-e413-8354-321f-1ddfdadbc409
ee3d06fa-7640-b09f-3cfd-57c285eb2f12,Anthony Dickson,1991-09-27,SYN-829-58-2679,70003,659,2025-09-02,301,1,ring_0167,ring_0167
3076d3ae-1e10-1a13-b943-289a8e08b72d,Anthony Hodges,1978-09-05,SYN-396-38-1018,50305,689,2025-01-24,522,0,,3076d3ae-1e10-1a13-b943-289a8e08b72d
7c09e5c3-f826-855a-7096-eea6fa0ea4cf,Travis Lawson,1965-10-24,SYN-795-14-4526,48962,669,2025-07-31,334,1,ring_0134,ring_0134
fcb4f015-721f-baf5-7c78-7f8994241b56,Amanda Brown,1977-07-20,SYN-459-98-2186,37834,707,2026-06-02,28,0,,fcb4f015-721f-baf5-7c78-7f8994241b56
a864e5d6-a2d2-19de-34fe-1f8651e57d5f,Michael Gonzales,1981-10-12,SYN-625-86-4785,52269,796,2025-11-12,230,0,,a864e5d6-a2d2-19de-34fe-1f8651e57d5f
516e5f94-1642-ea8d-a9ff-ea03d4995349,Natalie Hawkins,1993-07-19,SYN-116-12-2840,93909,719,2026-04-17,74,0,,516e5f94-1642-ea8d-a9ff-ea03d4995349
6c78fc53-a077-0443-0a9f-5d0b400abe79,Robin Brown,1981-07-12,SYN-314-49-7131,71746,582,2025-02-03,512,0,,6c78fc53-a077-0443-0a9f-5d0b400abe79
942493c0-40c6-d450-128e-ce37b3b89d58,Stephanie Hernandez,2002-01-23,SYN-348-58-1968,48264,732,2025-05-06,420,0,,942493c0-40c6-d450-128e-ce37b3b89d58
186bc45b-f364-7079-e84a-8bc35d7de5d7,John Munoz Jr.,1992-03-02,SYN-809-14-4791,44469,729,2026-06-06,24,0,,186bc45b-f364-7079-e84a-8bc35d7de5d7
1692178e-ff8e-efcf-e87a-819cf9f8c376,Erika Brown,1980-07-05,SYN-617-10-9434,64084,677,2026-01-27,154,0,,1692178e-ff8e-efcf-e87a-819cf9f8c376
b32468bd-0218-eb2c-8e10-c4397275decf,Denise Mccann,1987-08-08,SYN-921-79-2260,38345,628,2026-04-01,90,0,,b32468bd-0218-eb2c-8e10-c4397275decf
69c53804-f940-b2a0-4d22-83b4bc18554c,Katie Mcneil,1968-09-27,SYN-741-63-8309,22703,729,2026-06-19,11,0,,69c53804-f940-b2a0-4d22-83b4bc18554c
e7f54616-f5e2-349d-d6e1-0ce7ea22ea0d,Deanna Webb,1969-11-29,SYN-416-75-8584,83845,713,2025-02-13,502,0,,e7f54616-f5e2-349d-d6e1-0ce7ea22ea0d
8bdbdf63-6c82-690d-897a-42456b74ddaa,Stacey Thomas,1998-01-25,SYN-376-14-2941,22418,699,2025-09-16,287,0,,8bdbdf63-6c82-690d-897a-42456b74ddaa
97ff0398-0435-16ba-e4f4-9d4a5b641068,John Nichols,1996-04-05,SYN-772-87-7399,33792,850,2025-11-06,236,0,,97ff0398-0435-16ba-e4f4-9d4a5b641068
e9ec1b35-8f63-b339-b5f6-857ad154a5b8,Keith Mcgee,1982-05-29,SYN-728-58-5353,49647,760,2026-02-02,148,1,ring_0128,ring_0128
4db09221-393e-b370-c91b-2af318221f55,Christopher Patterson,1999-03-25,SYN-446-96-2000,22443,573,2025-11-01,241,0,,4db09221-393e-b370-c91b-2af318221f55
1491e2d6-a724-f859-226e-3ebcda592bf1,Amanda Hill,1986-11-05,SYN-353-53-6713,15000,724,2025-01-16,530,0,,1491e2d6-a724-f859-226e-3ebcda592bf1
2fad840d-f3a2-afe3-afa5-a31de5b5eb7b,Ashley May DDS,1983-05-28,SYN-935-63-3232,17418,690,2026-06-17,13,0,,2fad840d-f3a2-afe3-afa5-a31de5b5eb7b
d7b7386b-34a1-7e23-01f9-85c52d967a85,Brian Navarro,1989-03-15,SYN-289-64-6663,45999,730,2025-06-29,366,0,,d7b7386b-34a1-7e23-01f9-85c52d967a85
3f0f96ef-04ba-5126-26c7-da1b54e2ff2e,Jamie Martin,1961-04-10,SYN-346-76-3468,50092,736,2025-05-30,396,0,,3f0f96ef-04ba-5126-26c7-da1b54e2ff2e
c2f9a17a-c80a-1d1a-451a-de4a5529515a,Denise Guerra,1989-10-21,SYN-751-22-4776,41805,788,2025-07-18,347,0,,c2f9a17a-c80a-1d1a-451a-de4a5529515a
7544664b-d64f-cefd-02e9-91aa2e4d884e,Kimberly Moore,2007-08-10,SYN-961-36-2539,72644,667,2026-03-29,93,0,,7544664b-d64f-cefd-02e9-91aa2e4d884e
3bd61fa5-2a1f-36e8-72c3-404b7903fc6b,Janice Roberts,2000-02-25,SYN-198-73-6926,25859,591,2025-07-02,363,0,,3bd61fa5-2a1f-36e8-72c3-404b7903fc6b
6ed91e77-d3e8-0b5d-90ca-af1d6e379480,William Werner,1960-06-25,SYN-694-36-7369,44260,729,2025-05-13,413,0,,6ed91e77-d3e8-0b5d-90ca-af1d6e379480
00d10cb5-6682-a019-65e0-e9f5bbe10bc9,Samuel Wong,1955-09-12,SYN-877-19-1213,34949,740,2026-05-01,60,0,,00d10cb5-6682-a019-65e0-e9f5bbe10bc9
1f035454-5ceb-8cbd-a135-0010ca9db557,Rebecca Davis,1981-03-21,SYN-754-91-8166,88568,586,2025-05-01,425,0,,1f035454-5ceb-8cbd-a135-0010ca9db557
c7b496fe-f967-df51-1309-5d5014751f65,Carol Carter,2001-03-02,SYN-287-78-5873,77158,630,2025-10-15,258,0,,c7b496fe-f967-df51-1309-5d5014751f65
052f4059-2fcd-e0c3-28d6-c4f298d1bbae,Michael Anderson,1988-06-17,SYN-388-92-8419,78549,669,2025-05-28,398,0,,052f4059-2fcd-e0c3-28d6-c4f298d1bbae
50d708df-90c7-19dd-5de2-35002897abd3,Kenneth Williams,1989-03-04,SYN-515-61-9632,30625,736,2025-02-09,506,0,,50d708df-90c7-19dd-5de2-35002897abd3
6707cc6e-9dfe-e50b-6307-53248ccdcb7d,Anna Love,2007-10-11,SYN-665-15-9834,77692,602,2026-06-22,8,0,,6707cc6e-9dfe-e50b-6307-53248ccdcb7d
7a01cc97-16a2-759c-f86b-030df1dc0e99,Daniel Salinas,1967-07-22,SYN-544-90-3545,119525,669,2026-02-05,145,0,,7a01cc97-16a2-759c-f86b-030df1dc0e99
6adae5cc-9ff6-a7f3-e08f-de9b5d5f745f,Steven Johnson,1969-03-08,SYN-520-79-8637,109825,647,2026-05-20,41,0,,6adae5cc-9ff6-a7f3-e08f-de9b5d5f745f
716846bb-9a91-c766-8240-59b26656aeb1,Lisa Torres,1997-07-06,SYN-800-81-5908,165339,764,2025-04-03,453,0,,716846bb-9a91-c766-8240-59b26656aeb1
637d3ae2-3126-c5a4-cf5d-1aa9a78b76b8,Alexis Cervantes,1987-08-08,SYN-265-26-9548,40508,654,2025-05-13,413,0,,637d3ae2-3126-c5a4-cf5d-1aa9a78b76b8
81f2eb6d-56ca-3c1d-341c-596ff7cc5d5d,Kara Hernandez,1980-01-30,SYN-476-15-1031,77918,694,2025-11-05,237,0,,81f2eb6d-56ca-3c1d-341c-596ff7cc5d5d
20ed8d67-c9ab-27f8-e548-768fb0a8efe3,Gregory Hale,1975-03-17,SYN-457-63-4922,25921,528,2025-04-18,438,0,,20ed8d67-c9ab-27f8-e548-768fb0a8efe3
59765292-e767-3a86-4db2-cc57e4b64b22,Daniel Flynn,1984-10-22,SYN-779-76-9294,36245,695,2025-09-03,300,0,,59765292-e767-3a86-4db2-cc57e4b64b22
72e259ae-7bdc-ca83-1f9c-4977a112758d,Wayne Wolfe,1976-09-09,SYN-700-93-3936,80699,693,2026-06-30,0,0,,72e259ae-7bdc-ca83-1f9c-4977a112758d
588bf314-ca78-49e2-1678-1c2f02ea63aa,Jane King,1995-10-01,SYN-985-37-3227,34406,688,2025-10-09,264,0,,588bf314-ca78-49e2-1678-1c2f02ea63aa
66cd91b6-42dc-5418-9c68-2b8f95e440d6,Jennifer Martinez,1978-02-21,SYN-232-35-4041,30721,715,2026-03-21,101,0,,66cd91b6-42dc-5418-9c68-2b8f95e440d6
3be47712-0f3e-e791-a7c7-b3d5acbb3cbd,Christopher Ruiz,1984-10-25,SYN-499-48-1873,17890,614,2026-05-19,42,1,ring_0030,ring_0030
0f17f536-a0c5-9713-9f88-69131e6ca343,Matthew Richardson,2002-05-25,SYN-624-79-6095,50495,600,2026-02-03,147,0,,0f17f536-a0c5-9713-9f88-69131e6ca343
03fe481b-1d1b-89e1-1029-95e2ce691043,Rachel Miller,1971-09-06,SYN-909-76-9426,34911,594,2026-03-25,97,0,,03fe481b-1d1b-89e1-1029-95e2ce691043
1ac6d4d8-34d5-68c9-4d2c-06f9d4f0d799,Daniel Fox,1991-01-04,SYN-562-36-8680,51685,708,2026-06-24,6,0,,1ac6d4d8-34d5-68c9-4d2c-06f9d4f0d799
7a1b9367-7692-4386-eb45-7b79da5ee365,Peter Haynes,1963-02-11,SYN-382-82-6672,72169,619,2026-06-11,19,0,,7a1b9367-7692-4386-eb45-7b79da5ee365
44c6bbd0-6ab4-4e04-6ff0-28c1f6ec3346,Robert Reese,1971-01-12,SYN-384-30-2633,42388,719,2025-03-16,471,0,,44c6bbd0-6ab4-4e04-6ff0-28c1f6ec3346
0b327275-0e85-9a4f-ee25-de945f9c8ad0,Jesse Allen,1993-11-17,SYN-373-33-1466,79812,596,2025-06-10,385,0,,0b327275-0e85-9a4f-ee25-de945f9c8ad0
1bec796f-ba69-6b86-ebd9-2c838255d225,David Walker,1976-04-16,SYN-203-24-6662,40051,622,2025-05-31,395,0,,1bec796f-ba69-6b86-ebd9-2c838255d225
ca1d5319-fa6f-0458-dc6f-32476498617a,Victor Baker,2003-04-24,SYN-530-56-1513,52463,685,2025-04-19,437,0,,ca1d5319-fa6f-0458-dc6f-32476498617a
e144a11c-fadb-9a6c-30ce-9ad2c5060593,Alison Faulkner,1973-04-23,SYN-731-78-2104,92990,746,2025-03-06,481,0,,e144a11c-fadb-9a6c-30ce-9ad2c5060593
c4d6e921-01c4-b17b-575a-859683ef681e,Brad Fisher,1999-12-02,SYN-925-62-1034,25323,714,2026-04-25,66,0,,c4d6e921-01c4-b17b-575a-859683ef681e
0c5734c1-dacb-8028-e50a-507ca9c92aeb,Eric Elliott,1977-10-02,SYN-532-17-1587,15000,685,2026-04-30,61,0,,0c5734c1-dacb-8028-e50a-507ca9c92aeb
4c3f9d97-c297-c673-9b78-f5d2c2a15f02,Natalie Watson,1971-09-07,SYN-641-94-2353,57665,578,2025-03-02,485,0,,4c3f9d97-c297-c673-9b78-f5d2c2a15f02
9bc750e4-eb16-98a0-f66d-361f71c31b2f,Thomas Lewis,1994-01-26,SYN-928-48-3756,199839,661,2026-05-07,54,0,,9bc750e4-eb16-98a0-f66d-361f71c31b2f
e7a6df01-bb31-da43-9f41-dc6a0bbabf9f,Lisa Smith,1985-09-26,SYN-440-27-7175,40754,796,2025-10-09,264,0,,e7a6df01-bb31-da43-9f41-dc6a0bbabf9f
a0b7a3fe-1240-0a08-0c13-82e5e39d43d9,Timothy Schmitt,2003-05-18,SYN-915-44-3914,92716,638,2025-12-06,206,0,,a0b7a3fe-1240-0a08-0c13-82e5e39d43d9
654d8339-5439-924e-db68-f7b4ec23c045,Christopher Thomas,1989-05-13,SYN-691-84-5826,61672,740,2025-07-07,358,0,,654d8339-5439-924e-db68-f7b4ec23c045
2d52be9b-d0e8-249c-22fd-74bfaa844125,Robert Skinner,1976-12-31,SYN-369-66-7765,20792,821,2026-06-29,1,0,,2d52be9b-d0e8-249c-22fd-74bfaa844125
651c500d-bf67-19b5-26c8-700a1dbf3a9e,Christian Snow,1980-06-06,SYN-147-58-5244,127674,721,2026-04-06,85,0,,651c500d-bf67-19b5-26c8-700a1dbf3a9e
329dd640-7370-89de-8222-3ce4c0971b65,Stephanie White,1995-07-16,SYN-162-64-3557,100270,628,2025-11-04,238,0,,329dd640-7370-89de-8222-3ce4c0971b65
e203a98c-f5ac-0f63-e1ef-cc052da5bacf,Mr. Thomas Thompson,1986-03-21,SYN-143-72-6428,15000,663,2026-02-22,128,0,,e203a98c-f5ac-0f63-e1ef-cc052da5bacf
d9d90422-75a9-c883-500f-e6573e013c2c,Annette Green,1983-08-17,SYN-691-70-5433,46073,761,2026-06-07,23,0,,d9d90422-75a9-c883-500f-e6573e013c2c
949decd2-d53b-54c8-e12e-c84ade56f353,Ashley Williams,1978-02-07,SYN-941-90-8496,15000,685,2025-09-22,281,0,,949decd2-d53b-54c8-e12e-c84ade56f353
5b1755ed-2880-1bba-6a99-a9c7434e7ef2,Jesse Wright,1992-11-10,SYN-176-17-5351,231808,623,2026-04-01,90,0,,5b1755ed-2880-1bba-6a99-a9c7434e7ef2
c83b6813-8e8e-f9b0-a7b7-b272f5c6bdd9,Blake Armstrong,1990-02-03,SYN-137-27-8110,128862,651,2025-04-01,455,1,ring_0205,ring_0205
a2b118dd-f443-abfa-92c6-b8b597e1562b,Anna Pierce,1993-01-14,SYN-378-63-4704,111733,625,2025-02-23,492,0,,a2b118dd-f443-abfa-92c6-b8b597e1562b
b87856d3-4a99-6756-b349-b7940f4b1cf7,Robert Payne,2001-01-02,SYN-265-50-7780,41389,607,2025-04-09,447,0,,b87856d3-4a99-6756-b349-b7940f4b1cf7
50133a20-a759-ab30-767e-ad92368dfdb3,Amanda Nelson,1992-06-17,SYN-439-49-4326,121174,780,2026-05-13,48,0,,50133a20-a759-ab30-767e-ad92368dfdb3
2003a704-fe4f-f365-c9a9-6c6319088bd2,Mark Morrison,1995-09-05,SYN-296-43-2530,44429,773,2025-05-18,408,0,,2003a704-fe4f-f365-c9a9-6c6319088bd2
e027348a-944f-6e65-82f9-b65d2c80b072,Joanna Bradshaw,1986-01-29,SYN-552-79-7601,110676,662,2025-10-19,254,0,,e027348a-944f-6e65-82f9-b65d2c80b072
951cfe9c-7d09-08b2-e947-ea06e7116a2c,Ryan Waters,1966-10-11,SYN-238-39-8014,135701,765,2025-08-21,313,0,,951cfe9c-7d09-08b2-e947-ea06e7116a2c
460f51e9-74b0-b337-3c53-4f76b516921d,Aaron Henry,1999-08-12,SYN-278-52-4176,76792,722,2026-05-08,53,1,ring_0039,ring_0039
e457dd74-b8c0-8515-2cb4-fdc515f887cd,Jonathan Potter,1979-09-06,SYN-771-86-4646,32184,684,2026-05-26,35,0,,e457dd74-b8c0-8515-2cb4-fdc515f887cd
c61d98a3-9d42-3c9a-0119-3cbc59f6cf75,Anna Estes,2002-07-03,SYN-728-69-9828,49470,673,2025-11-08,234,0,,c61d98a3-9d42-3c9a-0119-3cbc59f6cf75
c73df008-239c-93ad-43a8-6c24feb5cf09,Emily Wilson,1984-05-31,SYN-732-16-8100,47805,715,2026-06-26,4,0,,c73df008-239c-93ad-43a8-6c24feb5cf09
83d147bd-2eeb-8b92-6dc6-5aefdc958f02,Chad Taylor,1980-06-29,SYN-651-66-7654,125546,729,2025-07-06,359,0,,83d147bd-2eeb-8b92-6dc6-5aefdc958f02
690d3688-bf53-3773-fc98-c77bc32ba2ae,Amanda Johnson,1991-07-07,SYN-414-10-8859,51939,604,2025-03-04,483,0,,690d3688-bf53-3773-fc98-c77bc32ba2ae
1c092738-a5a7-2214-1524-16891ccd6975,Kathy Reid,2007-08-07,SYN-727-23-9181,41296,725,2025-07-18,347,0,,1c092738-a5a7-2214-1524-16891ccd6975
eb5d1f27-ce66-4cba-b716-5f83c770bcd4,Corey Thornton,1971-09-16,SYN-612-92-5924,60702,767,2026-01-02,179,0,,eb5d1f27-ce66-4cba-b716-5f83c770bcd4
9e9d473f-add2-399a-d562-b35053d63d1c,Roger Bowman,1994-05-30,SYN-936-60-8806,94570,641,2025-06-13,382,0,,9e9d473f-add2-399a-d562-b35053d63d1c
91b1ab70-77c2-4404-1963-dfcc5c4e6830,Catherine Frazier,1987-09-13,SYN-159-47-3726,40235,704,2026-06-17,13,0,,91b1ab70-77c2-4404-1963-dfcc5c4e6830
6ca6a591-2063-5d64-105e-92667fe203a8,Alejandro Martinez,1979-09-17,SYN-471-79-4544,44495,627,2025-09-10,293,0,,6ca6a591-2063-5d64-105e-92667fe203a8
186e37fd-2f40-d2bb-d099-e420c9c9c70f,Ronald Smith,1997-08-25,SYN-110-24-8306,38267,585,2026-02-08,142,0,,186e37fd-2f40-d2bb-d099-e420c9c9c70f
d9f8a3f0-f3b2-3c85-c74d-a8819e73b376,Robert Oconnell,1971-12-15,SYN-247-66-7014,148735,665,2025-06-15,380,0,,d9f8a3f0-f3b2-3c85-c74d-a8819e73b376
88092503-b89c-26ec-dadc-a47cf477a484,Kristen Weber,2008-04-27,SYN-880-71-8897,55264,572,2025-04-11,445,1,ring_0023,ring_0023
76b65be8-d2ab-cdca-4e93-2822c40d33ca,Ashley Johnson MD,1976-09-17,SYN-752-43-4851,91716,796,2025-11-25,217,0,,76b65be8-d2ab-cdca-4e93-2822c40d33ca
947e8f99-9b35-dc65-b029-fd5983c18a41,Rhonda Pena,1977-01-22,SYN-748-57-9575,92059,585,2026-04-07,84,0,,947e8f99-9b35-dc65-b029-fd5983c18a41
b8bb2317-110d-84ca-8e14-178de1ce8366,Vanessa Davila,1982-02-06,SYN-587-49-5384,33158,649,2025-08-18,316,0,,b8bb2317-110d-84ca-8e14-178de1ce8366
60c1864a-e24b-7064-bcab-fe3df95dc392,Mr. Logan Gregory,1995-11-28,SYN-679-70-9505,126924,567,2025-02-28,487,0,,60c1864a-e24b-7064-bcab-fe3df95dc392
e280b5a0-f3c0-dd39-53fe-0af6caa91758,Judith Andrews,1986-10-19,SYN-557-34-6485,62738,706,2025-01-07,539,1,ring_0174,ring_0174
ddee4314-7448-bbd5-1ba8-0dc73a57af14,Danielle Jones,1990-08-31,SYN-916-40-3931,57235,705,2025-12-26,186,0,,ddee4314-7448-bbd5-1ba8-0dc73a57af14
8ffa8441-9118-02af-4b92-0ea409c4a7b7,Michael Baker,1964-05-24,SYN-484-47-2425,53439,669,2025-04-04,452,0,,8ffa8441-9118-02af-4b92-0ea409c4a7b7
07267468-cb16-0cd0-860c-8bdcd15a79c8,Allison Hill,1991-01-07,SYN-300-23-3397,137817,784,2025-09-24,279,0,,07267468-cb16-0cd0-860c-8bdcd15a79c8
af347304-4225-ba65-b1bc-9ea55b507ebf,Evan Davies,1986-09-29,SYN-805-47-4438,36001,630,2026-01-30,151,0,,af347304-4225-ba65-b1bc-9ea55b507ebf
5de28da1-53d8-578e-3ff6-33841c452140,Tyler Roy,1980-03-22,SYN-178-87-8037,38110,564,2026-01-01,180,0,,5de28da1-53d8-578e-3ff6-33841c452140
f9a84cfd-63ca-a222-db2b-7a07e05df5ca,Matthew Price,1997-04-01,SYN-100-74-5605,144508,659,2025-08-28,306,0,,f9a84cfd-63ca-a222-db2b-7a07e05df5ca
8eaeecb0-e435-f340-64af-3ddf69487706,Jeffery Thompson,1984-11-21,SYN-529-57-7306,49458,703,2025-11-30,212,0,,8eaeecb0-e435-f340-64af-3ddf69487706
f76f4458-4542-3c3e-d98e-8a897d792438,Aaron Moore,1978-11-07,SYN-206-65-3743,83911,751,2025-02-18,497,0,,f76f4458-4542-3c3e-d98e-8a897d792438
6dd2bb1c-57c4-2368-4ee8-95059f1a9b1f,Juan Carroll,1997-09-23,SYN-657-33-7452,42061,632,2025-09-11,292,0,,6dd2bb1c-57c4-2368-4ee8-95059f1a9b1f
55346303-37f8-8ae7-b2c7-239bbbebdd68,Frank Payne,1993-05-12,SYN-680-23-1859,58551,596,2025-12-20,192,0,,55346303-37f8-8ae7-b2c7-239bbbebdd68
76185c03-862e-5c35-f8c0-ad4fe209362c,Sharon Cook,1987-04-01,SYN-649-80-4323,26413,850,2025-03-12,475,0,,76185c03-862e-5c35-f8c0-ad4fe209362c
7ac09428-3fad-b04a-d0d4-c662e27fdbc5,Joseph Miller,2001-05-31,SYN-389-81-9823,48427,737,2025-05-13,413,0,,7ac09428-3fad-b04a-d0d4-c662e27fdbc5
a225f5ad-a9e7-ccbf-dcac-4772655bbcfe,Anthony Terry,1985-08-01,SYN-923-89-2774,52121,611,2026-04-25,66,0,,a225f5ad-a9e7-ccbf-dcac-4772655bbcfe
44d45fe1-749c-7552-03ae-80ac9e57b6ce,Jessica Cox,1978-06-24,SYN-152-81-5459,26844,747,2026-03-16,106,0,,44d45fe1-749c-7552-03ae-80ac9e57b6ce
57203bc3-8264-ed7c-9934-b953f64cc398,Patricia Schwartz,1983-11-01,SYN-804-79-5043,48880,745,2025-11-05,237,0,,57203bc3-8264-ed7c-9934-b953f64cc398
30a93c87-723c-c521-ac10-d3664abcbdc5,Jennifer Barrett,1981-09-13,SYN-437-47-2639,57858,729,2025-09-02,301,0,,30a93c87-723c-c521-ac10-d3664abcbdc5
3a680f75-573c-dce6-eff3-c943bc5c6ebe,Haley Mccoy,2000-10-20,SYN-806-92-7532,125123,771,2025-03-03,484,0,,3a680f75-573c-dce6-eff3-c943bc5c6ebe
9446018e-f9a2-cc88-612f-c012a88fee66,Jose Griffin,1962-05-18,SYN-631-32-7304,34409,617,2025-06-02,393,0,,9446018e-f9a2-cc88-612f-c012a88fee66
ba366fdb-7b1e-c2d4-8d5b-0343479d11ce,Stephanie Hunter,1995-01-22,SYN-867-74-8097,101428,640,2025-12-13,199,0,,ba366fdb-7b1e-c2d4-8d5b-0343479d11ce
ef880115-e0b7-eaf4-e487-76cdedff0c82,Ronald Kline,1997-07-26,SYN-817-77-5235,53467,699,2025-11-21,221,0,,ef880115-e0b7-eaf4-e487-76cdedff0c82
382dc009-7745-7b88-cb6e-8f496290e6eb,Richard Miller,2007-12-15,SYN-394-51-6125,178116,658,2025-07-13,352,0,,382dc009-7745-7b88-cb6e-8f496290e6eb
237840ac-27d0-7ebe-cdc8-c4b95b8ab91d,Noah Morgan,1964-07-21,SYN-591-68-4054,35395,518,2026-03-03,119,0,,237840ac-27d0-7ebe-cdc8-c4b95b8ab91d
1b13ec27-ff4c-b2f4-4185-6f600aae2577,Russell Anderson,1985-12-31,SYN-571-43-4351,130263,683,2025-06-21,374,0,,1b13ec27-ff4c-b2f4-4185-6f600aae2577
ca27416b-7994-2fab-1846-5a83e5f23743,Vincent Novak,1998-01-10,SYN-143-26-6064,15931,603,2025-08-18,316,0,,ca27416b-7994-2fab-1846-5a83e5f23743
98625837-1158-b286-97b6-f9de466cf702,Candice Sanders,1958-05-15,SYN-186-62-6697,64077,671,2025-06-20,375,0,,98625837-1158-b286-97b6-f9de466cf702
07b13667-57c0-0e8b-bb48-fcddda440f04,Sherri Miller,2007-10-06,SYN-656-92-9218,28794,810,2025-08-16,318,1,ring_0200,ring_0200
5e41bd61-1160-5aeb-bf97-c155a19ac1ae,Vanessa Green,1979-07-02,SYN-548-43-1839,134870,625,2025-12-06,206,0,,5e41bd61-1160-5aeb-bf97-c155a19ac1ae
b07d312a-9efb-ca78-ed81-768dc0dec3e2,Tammy Garcia,1980-12-11,SYN-661-36-7162,68301,606,2026-04-19,72,0,,b07d312a-9efb-ca78-ed81-768dc0dec3e2
14276f25-7a62-8da9-c21d-f82854bb7412,Jessica Griffin,1966-05-05,SYN-648-65-3827,43515,757,2025-03-18,469,1,ring_0118,ring_0118
7bdddb27-9271-c8f6-474d-4bb9a61281e8,Amy Hester,1966-06-12,SYN-132-56-1500,42105,699,2025-03-27,460,0,,7bdddb27-9271-c8f6-474d-4bb9a61281e8
fe6995bf-12b5-70ff-9255-27efafa0d7af,Kaitlyn Heath,1991-08-05,SYN-105-40-5971,46155,632,2026-05-09,52,0,,fe6995bf-12b5-70ff-9255-27efafa0d7af
f2989691-76f6-d935-5f5e-6169d2abda60,Emily Parker,1955-10-29,SYN-735-41-6791,46816,583,2026-01-10,171,0,,f2989691-76f6-d935-5f5e-6169d2abda60
341caebf-18d1-8533-34d8-a9142e1cbbfa,Brandon Duncan,1974-08-05,SYN-209-68-7959,30905,667,2026-04-06,85,1,ring_0184,ring_0184
05855b58-5688-630b-dec6-98dee92beee1,Christina Smith,1994-07-11,SYN-541-30-4542,57437,733,2026-01-01,180,0,,05855b58-5688-630b-dec6-98dee92beee1
16399133-1715-c28c-caa2-16c9b4790d06,Amber Martin,1977-04-08,SYN-918-93-8923,72916,690,2025-03-11,476,0,,16399133-1715-c28c-caa2-16c9b4790d06
3dc84e55-c8dd-ac16-c198-7e9ee1217837,Lisa Price,2006-04-20,SYN-180-63-6829,21838,680,2025-08-26,308,0,,3dc84e55-c8dd-ac16-c198-7e9ee1217837
d712dfc0-981d-36ea-3e31-ed69cf38dc33,Ryan Skinner,1993-09-05,SYN-835-75-3404,48390,572,2026-01-04,177,0,,d712dfc0-981d-36ea-3e31-ed69cf38dc33
7fda3b3d-03d2-4c4e-c1f0-40463657906c,Michele Hawkins,1990-01-26,SYN-367-79-5884,191267,661,2025-05-08,418,0,,7fda3b3d-03d2-4c4e-c1f0-40463657906c
e5a907ee-8ca1-24c0-489f-96469a9125ab,Stacy Rivera,1978-09-29,SYN-414-19-1036,44196,761,2026-05-29,32,1,ring_0063,ring_0063
6815e0cd-23b9-a125-5407-40fa04e2f95c,Debra Wright,1994-10-31,SYN-670-79-5533,50426,649,2026-05-07,54,0,,6815e0cd-23b9-a125-5407-40fa04e2f95c
9f610f4e-3f50-2733-2c21-ef6de74964b1,Eddie Sanders,1977-10-17,SYN-963-66-9846,65123,738,2025-06-05,390,0,,9f610f4e-3f50-2733-2c21-ef6de74964b1
0e64ea87-2cb2-231c-1c30-d08230cb9c2c,Keith Gonzalez,1979-03-22,SYN-429-39-7438,15851,774,2025-12-02,210,0,,0e64ea87-2cb2-231c-1c30-d08230cb9c2c
a51ef781-f7fc-2199-bcbc-02a1231135ed,Tanner Mitchell DDS,1984-11-29,SYN-631-85-5722,37907,576,2025-01-17,529,0,,a51ef781-f7fc-2199-bcbc-02a1231135ed
fa27c645-74ad-e157-d11e-76ecaa1d85da,Michael Cruz,1982-06-14,SYN-479-51-5447,64958,732,2025-06-23,372,0,,fa27c645-74ad-e157-d11e-76ecaa1d85da
7480d8d1-d94d-250a-9161-695b37a57c33,Cameron Smith,1982-11-26,SYN-157-93-3875,38341,680,2025-12-19,193,0,,7480d8d1-d94d-250a-9161-695b37a57c33
7734e2a2-602b-3526-8f2f-b60b5bb0018f,Laura Sanders,1987-07-13,SYN-483-65-1325,28165,701,2025-03-07,480,0,,7734e2a2-602b-3526-8f2f-b60b5bb0018f
eef944d9-1578-d1c8-5c6f-1c20aefc69f4,Charles Romero,1991-06-16,SYN-353-63-2417,55542,715,2026-01-02,179,0,,eef944d9-1578-d1c8-5c6f-1c20aefc69f4
46324b08-7e5b-ce4a-b163-f42306a73c60,Jack Stafford,1990-05-29,SYN-535-80-3322,85812,710,2026-01-30,151,1,ring_0063,ring_0063
9d143a07-0fb1-15ee-1f9b-40d5116df1b9,Jermaine Barnes,1993-09-18,SYN-213-66-3801,54789,798,2026-03-17,105,0,,9d143a07-0fb1-15ee-1f9b-40d5116df1b9
6c198bff-6979-720d-eae2-23ffbfdd8410,Katelyn Kim,1976-01-15,SYN-852-63-5893,34597,588,2025-03-11,476,0,,6c198bff-6979-720d-eae2-23ffbfdd8410
2ff1e259-8e8a-72b8-6bc4-c0f69dd4460c,Cristian Smith,2007-01-17,SYN-851-68-4154,40177,606,2026-06-30,0,0,,2ff1e259-8e8a-72b8-6bc4-c0f69dd4460c
396654f6-611a-d8ee-53fe-9ca6f635d4e7,Lauren Haley,1987-08-19,SYN-408-85-9330,54228,705,2026-02-28,122,0,,396654f6-611a-d8ee-53fe-9ca6f635d4e7
73311010-805b-bea6-39bc-8ae8f7b6ecf1,John Hebert,1990-02-11,SYN-886-28-7218,49418,649,2025-02-26,489,0,,73311010-805b-bea6-39bc-8ae8f7b6ecf1
4fba006e-5510-6daa-04b2-5a7798ad4fbd,Austin Schultz,1980-04-02,SYN-624-88-9886,27278,623,2026-04-07,84,0,,4fba006e-5510-6daa-04b2-5a7798ad4fbd
9b8e4af3-fa5d-3e59-06fe-0493d5940774,Michael Smith,1971-05-07,SYN-746-16-8290,43993,683,2026-01-16,165,0,,9b8e4af3-fa5d-3e59-06fe-0493d5940774
a28c83e9-a743-7598-5977-89033c78031a,Heidi Brown,1991-05-15,SYN-698-85-4586,45797,745,2025-04-01,455,0,,a28c83e9-a743-7598-5977-89033c78031a
b326d769-5b27-cf90-cef4-2412942c8219,Mrs. Krista Salinas,2004-05-15,SYN-711-28-5913,34827,590,2025-05-14,412,1,ring_0173,ring_0173
24934761-48c7-61d8-6bff-5e9c0b903fbd,Monica Miller,1996-03-21,SYN-932-81-8057,64212,822,2026-06-14,16,0,,24934761-48c7-61d8-6bff-5e9c0b903fbd
a23c0048-77d8-85a0-f15a-3dcfb9942078,Michelle Walls,1993-07-24,SYN-875-11-6333,45336,746,2026-04-01,90,0,,a23c0048-77d8-85a0-f15a-3dcfb9942078
e41a0229-fbd0-1124-daab-bd8259a7828b,Allison Branch,1991-04-07,SYN-958-89-1673,68626,565,2026-01-20,161,0,,e41a0229-fbd0-1124-daab-bd8259a7828b
751b152c-2cb7-1fd4-7802-790a60f88d46,Mrs. Ashley Mooney,1993-12-10,SYN-731-10-6747,37275,630,2025-03-31,456,0,,751b152c-2cb7-1fd4-7802-790a60f88d46
737d0901-3aec-4f22-b141-00aea39e490f,Latoya Terry,1961-05-26,SYN-294-26-2695,66537,718,2025-09-12,291,0,,737d0901-3aec-4f22-b141-00aea39e490f
2a1dfa0d-d214-74b0-f357-5129fa63124b,Jessica Mckee,1976-01-08,SYN-134-29-6092,52567,803,2025-05-01,425,0,,2a1dfa0d-d214-74b0-f357-5129fa63124b
9a4c3622-0af9-64cc-3962-c1118b15a176,Eric Kane,1982-09-13,SYN-723-81-9524,30697,648,2025-02-07,508,0,,9a4c3622-0af9-64cc-3962-c1118b15a176
e8215624-0412-b92f-5266-e51cb8cae92f,Ricky Hall,1990-06-30,SYN-359-98-9251,89359,669,2025-01-11,535,0,,e8215624-0412-b92f-5266-e51cb8cae92f
8981e5ae-3450-6b02-2562-41b8e0902ad1,Matthew Bennett,1988-12-27,SYN-388-62-6168,18086,627,2025-04-17,439,0,,8981e5ae-3450-6b02-2562-41b8e0902ad1
e405fb0b-80a6-f5f6-aafe-656aea744600,April Jones,1994-02-06,SYN-950-81-4762,29018,775,2025-12-05,207,0,,e405fb0b-80a6-f5f6-aafe-656aea744600
98327acd-0df2-0f4b-d90a-2ec0a208ffac,Jillian Wilson,1982-01-08,SYN-886-99-7078,19023,540,2025-09-09,294,0,,98327acd-0df2-0f4b-d90a-2ec0a208ffac
2c251683-a252-c0d8-3c2a-928858eada9a,Jodi Jimenez,1992-02-25,SYN-937-58-2867,50753,662,2026-05-28,33,0,,2c251683-a252-c0d8-3c2a-928858eada9a
ed7897f2-4ad5-8784-bc05-188f0ec4b4d3,Julie Sharp,2008-01-13,SYN-440-65-9207,250000,742,2025-08-18,316,0,,ed7897f2-4ad5-8784-bc05-188f0ec4b4d3
fcca3fd5-2099-4d3d-9fcd-eda74b4e71de,Stephanie Nunez,2006-04-19,SYN-692-61-1668,22219,512,2025-04-10,446,0,,fcca3fd5-2099-4d3d-9fcd-eda74b4e71de
921e4bef-b409-cf2b-67d4-561670f858b3,Bradley Jones,1978-01-28,SYN-558-23-9832,98127,778,2025-07-25,340,0,,921e4bef-b409-cf2b-67d4-561670f858b3
0e49f119-486a-58ba-6428-74e4d8101138,Lauren Watts,1982-10-04,SYN-297-63-1019,69314,660,2025-08-12,322,0,,0e49f119-486a-58ba-6428-74e4d8101138
6d1d07ea-5715-4d18-ea02-535c34b64d13,Alan Reese,1968-07-25,SYN-954-34-4071,48186,720,2025-02-07,508,1,ring_0152,ring_0152
bfd0dfc1-f984-3c38-f9c0-9c494aadfcad,Olivia Gonzalez,2005-01-15,SYN-185-72-9410,46103,744,2025-06-20,375,0,,bfd0dfc1-f984-3c38-f9c0-9c494aadfcad
2aa60741-2a1b-b16b-af52-d119d9502d52,Laura Walton,1990-01-10,SYN-820-62-4630,87401,686,2025-05-02,424,0,,2aa60741-2a1b-b16b-af52-d119d9502d52
d70e5b5d-5b2f-d676-cb21-802af9b519d9,Anne Obrien,2000-03-01,SYN-352-52-3155,76422,689,2025-06-24,371,0,,d70e5b5d-5b2f-d676-cb21-802af9b519d9
ceb33d99-7f9f-bc71-f284-e61dc21ed3c0,Jacob Garcia,1963-10-19,SYN-894-82-8571,73072,708,2026-03-25,97,1,ring_0092,ring_0092
2edfa9d9-df32-05da-64ac-63113a72e20b,Tracy Grant,1982-03-21,SYN-653-31-2783,40857,673,2025-11-20,222,0,,2edfa9d9-df32-05da-64ac-63113a72e20b
9efbaa84-679a-4643-6e32-47695a85ae01,Kevin Carney,2004-05-06,SYN-543-74-8010,65923,724,2026-05-25,36,0,,9efbaa84-679a-4643-6e32-47695a85ae01
4b3c8a76-0881-3e8d-e68c-5947e26bc3ce,Joshua Rice,1987-01-07,SYN-355-34-9426,52771,661,2025-10-11,262,0,,4b3c8a76-0881-3e8d-e68c-5947e26bc3ce
32b6d86a-b422-e65f-c52b-0b33b827e5c9,Jamie Mayer,1971-01-04,SYN-336-36-9563,141066,595,2025-09-03,300,0,,32b6d86a-b422-e65f-c52b-0b33b827e5c9
fc05f655-93ce-0608-2fff-d3dee9139219,Savannah Munoz,1989-12-27,SYN-980-33-9786,58594,695,2025-09-02,301,1,ring_0175,ring_0175
465d60c6-4a44-9f3d-fb7f-25f7d3afa213,Michael Elliott,1993-07-22,SYN-866-26-9379,16796,698,2025-08-26,308,0,,465d60c6-4a44-9f3d-fb7f-25f7d3afa213
3c6fa83c-9d46-8489-bca1-42ed0620e703,Kimberly Delacruz MD,2003-11-28,SYN-432-77-7277,69161,752,2025-01-17,529,1,ring_0169,ring_0169
d8d88a09-f89b-bd89-16a0-dcaabda20088,Lisa Cervantes,1981-02-27,SYN-917-41-3150,49887,640,2026-05-03,58,0,,d8d88a09-f89b-bd89-16a0-dcaabda20088
7fd2254c-850e-31fb-358e-275af86859fb,Brian Mullins,1970-10-29,SYN-547-23-3600,46544,612,2025-12-25,187,0,,7fd2254c-850e-31fb-358e-275af86859fb
5d440ce1-e4c6-6623-ab98-a56549a6d9b2,Phillip Nelson,1975-11-18,SYN-125-32-7664,77357,667,2026-05-31,30,0,,5d440ce1-e4c6-6623-ab98-a56549a6d9b2
dfa979a0-9f9b-fc2b-96b1-7f6afcc52a1f,Chad Williams,2004-11-01,SYN-310-72-3989,22447,603,2025-06-04,391,0,,dfa979a0-9f9b-fc2b-96b1-7f6afcc52a1f
e3c42a7e-a63d-381c-330f-d70729bdc40b,Julie Rose,1997-05-25,SYN-928-78-7579,36805,719,2025-01-04,542,0,,e3c42a7e-a63d-381c-330f-d70729bdc40b
23ce4688-156a-8a6b-cd90-c3e6f27add7f,Kimberly Lewis,1991-07-16,SYN-264-56-4953,26693,729,2025-04-30,426,0,,23ce4688-156a-8a6b-cd90-c3e6f27add7f
a97dbd71-cbf6-442c-68f0-989d469ad551,Charles Lester,1995-12-20,SYN-588-31-5493,54109,737,2025-10-16,257,0,,a97dbd71-cbf6-442c-68f0-989d469ad551
d3434154-6bbf-23fe-97ec-68b17dc373ad,Robin Smith,1977-04-01,SYN-971-55-3977,24112,650,2026-02-21,129,0,,d3434154-6bbf-23fe-97ec-68b17dc373ad
07d3c158-0b95-a1e5-b603-e6621c532f3c,Brian Rodriguez,2005-08-14,SYN-918-37-5765,32980,656,2026-02-15,135,0,,07d3c158-0b95-a1e5-b603-e6621c532f3c
d3094188-d199-4cc9-c7b6-9f36a6940609,Krista Curtis,1976-03-04,SYN-556-64-1684,52638,735,2026-03-12,110,0,,d3094188-d199-4cc9-c7b6-9f36a6940609
3fa675e2-0fee-ca91-a778-fd40226f90b4,Daniel Mendoza,1986-09-01,SYN-862-79-6236,69741,661,2026-06-28,2,0,,3fa675e2-0fee-ca91-a778-fd40226f90b4
37d6ad4b-eeb0-0284-b33c-295b61df09ba,Dana Carter,1995-04-28,SYN-527-66-9613,57900,643,2025-02-18,497,0,,37d6ad4b-eeb0-0284-b33c-295b61df09ba
ea1697c3-30c9-1791-4836-31e9c4e8d967,Andrew Powell,1997-09-30,SYN-177-61-2749,16218,605,2025-08-20,314,0,,ea1697c3-30c9-1791-4836-31e9c4e8d967
3b1b33aa-5659-ff86-52ae-2a8091d2ed60,Michael Hale,1984-09-22,SYN-831-80-1412,82676,638,2025-08-23,311,0,,3b1b33aa-5659-ff86-52ae-2a8091d2ed60
e027d489-4249-26cc-8d0b-08273efb8968,Marilyn Wang,1994-05-11,SYN-357-33-9960,26206,523,2025-06-14,381,0,,e027d489-4249-26cc-8d0b-08273efb8968
308beebe-c9f6-088b-58d9-1a06ef676934,Mark Williamson,2004-03-03,SYN-943-48-8696,74821,768,2025-04-15,441,0,,308beebe-c9f6-088b-58d9-1a06ef676934
b2921721-cd3a-80a6-0575-3062b5292636,Edward Stanley,2002-11-12,SYN-529-59-9131,60499,607,2025-02-28,487,0,,b2921721-cd3a-80a6-0575-3062b5292636
cae38e30-80b4-0d33-8fee-c2a7fe8397d4,Pamela White,1964-12-05,SYN-911-57-1242,67306,709,2025-09-07,296,0,,cae38e30-80b4-0d33-8fee-c2a7fe8397d4
4e9528d0-5c7c-f0a8-66d8-a40982663fe5,Austin Briggs,1980-10-24,SYN-325-99-1130,93297,806,2025-10-03,270,0,,4e9528d0-5c7c-f0a8-66d8-a40982663fe5
254bfe1f-e9e5-a495-6c51-5057c41781e7,Catherine Smith,1990-05-13,SYN-263-47-8193,46768,634,2026-01-07,174,0,,254bfe1f-e9e5-a495-6c51-5057c41781e7
11729f9b-eb45-7a58-a112-7f5ccba40ae7,Elizabeth Williams,1995-03-30,SYN-683-97-9853,51794,696,2025-01-14,532,0,,11729f9b-eb45-7a58-a112-7f5ccba40ae7
21d7a75b-40a1-34b7-e72f-75ebac57fd58,April Maxwell,1979-12-01,SYN-153-28-1065,56362,602,2025-02-06,509,1,ring_0179,ring_0179
5f470598-beeb-93ab-afb3-6eb1381a6b0f,Sharon Cherry,1986-05-08,SYN-209-99-3384,54536,694,2025-03-22,465,0,,5f470598-beeb-93ab-afb3-6eb1381a6b0f
3c324568-9e4c-57c6-bdf0-a922651e042c,Monica Morton,1992-06-26,SYN-522-87-6351,50802,740,2025-03-18,469,0,,3c324568-9e4c-57c6-bdf0-a922651e042c
eeea8856-f059-7672-74b7-2fcfa4878884,Pamela Burnett,2008-06-05,SYN-166-35-2071,196130,707,2026-01-21,160,0,,eeea8856-f059-7672-74b7-2fcfa4878884
d7c7496f-7d31-d495-6907-56b9c5fd334d,John Smith,1973-11-14,SYN-191-66-1644,39958,693,2025-05-06,420,0,,d7c7496f-7d31-d495-6907-56b9c5fd334d
d6ee6c82-ef61-fa92-69eb-7e5f4788cb56,Jimmy Marks,1980-11-10,SYN-433-80-7555,68797,574,2026-02-25,125,0,,d6ee6c82-ef61-fa92-69eb-7e5f4788cb56
2f7c215b-cdd1-c123-3940-0d15749d6780,Sarah Berry,1976-08-17,SYN-233-93-1828,62422,753,2025-05-11,415,0,,2f7c215b-cdd1-c123-3940-0d15749d6780
dbe6cbd3-4aa8-4236-037c-ec353b107dec,Dustin Jordan,1999-03-25,SYN-675-77-1020,54119,708,2025-12-06,206,0,,dbe6cbd3-4aa8-4236-037c-ec353b107dec
de52c131-5d4a-7bf9-90be-d804b071696c,Julie Thompson,1991-10-18,SYN-910-31-7204,51840,757,2025-07-28,337,0,,de52c131-5d4a-7bf9-90be-d804b071696c
0dd2e628-3c3b-7f06-5e68-0d0cae725943,Steven Hall,1972-08-19,SYN-698-48-2292,29887,654,2025-05-07,419,0,,0dd2e628-3c3b-7f06-5e68-0d0cae725943
dd4c5dc5-9a20-c746-5edd-eb682b0de708,Dennis Spencer,1993-10-09,SYN-595-98-2888,60779,562,2026-05-17,44,0,,dd4c5dc5-9a20-c746-5edd-eb682b0de708
6a54f0e4-7ccb-ae88-fa70-ba6494510e02,Travis Walters,1974-12-25,SYN-236-28-2133,70135,741,2025-07-20,345,0,,6a54f0e4-7ccb-ae88-fa70-ba6494510e02
a6214c64-c4da-9e59-7947-0d74e880e9c0,Shawn Adams,1999-06-15,SYN-232-70-2307,35369,641,2025-01-26,520,0,,a6214c64-c4da-9e59-7947-0d74e880e9c0
4131c29a-e561-0a68-b589-92336322b97d,Victoria Wright,1982-04-24,SYN-407-77-6187,63007,651,2025-10-19,254,0,,4131c29a-e561-0a68-b589-92336322b97d
2913f0b3-aac6-b936-031e-d43fa315cc5e,Emily Riley MD,1979-10-05,SYN-657-80-3180,83062,638,2025-10-02,271,0,,2913f0b3-aac6-b936-031e-d43fa315cc5e
b72d4a16-6253-93d9-6f8b-d95ac8a97895,Monica Cline,1983-07-22,SYN-306-40-2648,76325,628,2025-07-04,361,0,,b72d4a16-6253-93d9-6f8b-d95ac8a97895
dd619051-95cc-b9bf-e65f-e5e968aeed34,Jose Harrison,1972-02-27,SYN-702-34-3123,39323,647,2025-10-29,244,0,,dd619051-95cc-b9bf-e65f-e5e968aeed34
3d33ebcb-3324-7110-ad1d-07367228919c,Bernard Chang,1979-04-03,SYN-824-41-7784,86651,601,2026-04-27,64,0,,3d33ebcb-3324-7110-ad1d-07367228919c
8b8bd704-3d29-6edf-e3a2-179836514759,Zachary Jones,1974-04-10,SYN-229-31-9510,47756,807,2025-12-05,207,1,ring_0205,ring_0205
26df3441-9de6-ae65-1050-769aa63b2820,Yolanda Brown,1975-06-23,SYN-895-96-8223,60834,695,2025-07-07,358,0,,26df3441-9de6-ae65-1050-769aa63b2820
e2f1b3b4-4f03-a96a-c08b-7608b16c9459,Kelly Guerra,1985-10-30,SYN-772-29-8320,60130,633,2026-01-04,177,0,,e2f1b3b4-4f03-a96a-c08b-7608b16c9459
42a89233-901c-b117-31b6-b37a0a40b6a7,Mary Jensen,1986-06-18,SYN-135-82-5002,122388,713,2025-08-16,318,0,,42a89233-901c-b117-31b6-b37a0a40b6a7
6e72698b-adc2-3787-41a4-26673a0db35c,Peter Anderson,1984-06-14,SYN-363-99-2466,73676,641,2026-02-08,142,0,,6e72698b-adc2-3787-41a4-26673a0db35c
530aba76-08a2-d3b3-c2a2-8c04bcfd7641,Paula Caldwell,2007-10-19,SYN-460-51-4223,20877,744,2025-04-20,436,0,,530aba76-08a2-d3b3-c2a2-8c04bcfd7641
8973040f-71b3-0664-1bbc-efbeca137c8b,Marc White,1987-12-14,SYN-183-38-3153,27716,676,2025-01-31,515,0,,8973040f-71b3-0664-1bbc-efbeca137c8b
57526fea-f687-62ce-7df7-c8ecff7a9b2b,Alyssa Day,2000-03-09,SYN-548-57-5443,39452,719,2025-06-26,369,0,,57526fea-f687-62ce-7df7-c8ecff7a9b2b
4ff63f03-b720-dad9-342c-8189c4bc0688,Brandy Walter,1975-02-21,SYN-324-63-1162,35182,755,2025-09-01,302,0,,4ff63f03-b720-dad9-342c-8189c4bc0688
69903b7d-a9a0-f187-4134-21a2fc880d6a,Tasha Cochran,1989-07-21,SYN-274-75-8436,41401,571,2025-01-07,539,0,,69903b7d-a9a0-f187-4134-21a2fc880d6a
8f0e6e68-947e-84b0-4de2-5a052ce2d88f,Barbara Hunt,1976-01-16,SYN-866-60-5117,102262,711,2025-02-16,499,0,,8f0e6e68-947e-84b0-4de2-5a052ce2d88f
21fa4aa4-8cfd-ae99-fb21-24fc46541c3b,Timothy Hill,1986-10-15,SYN-878-35-1989,131641,718,2025-10-18,255,0,,21fa4aa4-8cfd-ae99-fb21-24fc46541c3b
a50cdc71-e970-fb33-a15a-a76a9d9f2058,Julia Reeves,1988-08-18,SYN-562-93-4111,91239,730,2026-01-25,156,0,,a50cdc71-e970-fb33-a15a-a76a9d9f2058
03cec3a8-bf2a-cc05-bfac-3173082609c4,Emily Gamble,1981-02-27,SYN-360-68-7461,60817,601,2025-10-23,250,0,,03cec3a8-bf2a-cc05-bfac-3173082609c4
2197beb9-afb5-9672-3dc2-e45cd629210a,Adam Delgado,2002-03-11,SYN-228-63-5342,34964,636,2025-06-28,367,0,,2197beb9-afb5-9672-3dc2-e45cd629210a
1871e954-5e18-d780-ac95-c379d907b7b1,Peter Zhang,1979-05-02,SYN-624-16-1917,95842,824,2026-04-30,61,0,,1871e954-5e18-d780-ac95-c379d907b7b1
063b179b-44e3-1888-1ce2-c842fa2f2e99,Marcus Johnson,1999-03-24,SYN-815-20-9215,39893,674,2025-12-05,207,0,,063b179b-44e3-1888-1ce2-c842fa2f2e99
f7a46a83-bcbc-96d0-4061-aa7b1b13092f,Alexis Arroyo,1996-11-02,SYN-978-66-9211,47576,683,2026-05-10,51,0,,f7a46a83-bcbc-96d0-4061-aa7b1b13092f
27a1f452-0b70-ca22-3c1c-230ad631cc9e,Valerie Patterson,1993-09-17,SYN-458-96-8467,60312,697,2026-05-08,53,0,,27a1f452-0b70-ca22-3c1c-230ad631cc9e
9d8cf7f8-32b7-fa50-d25f-27f48add2706,Joseph Hill,1979-04-17,SYN-110-14-5253,129521,678,2025-03-19,468,0,,9d8cf7f8-32b7-fa50-d25f-27f48add2706
65b9d346-dc79-5a7d-db6b-c7cc1c7b6b43,Kelly Williams,2006-04-16,SYN-838-34-1932,37789,703,2025-12-10,202,0,,65b9d346-dc79-5a7d-db6b-c7cc1c7b6b43
bdf3b3d0-c231-5f91-9d6d-e31dc0f76728,Madeline Ford,1993-09-03,SYN-336-72-3351,44114,672,2026-02-08,142,0,,bdf3b3d0-c231-5f91-9d6d-e31dc0f76728
6e1485fe-ae84-801d-31d6-7b5ad71ce4b4,Michelle Castro,1984-06-10,SYN-818-23-8586,33290,698,2025-12-08,204,1,ring_0060,ring_0060
567b313d-39d5-3514-d8d3-ff16fb1f01ae,Jeffrey Hunt,1982-01-10,SYN-126-88-9918,34948,684,2025-09-05,298,1,ring_0037,ring_0037
635ac959-e144-ab61-db08-9a638574f34a,Tony Griffin,1992-09-05,SYN-561-33-1849,46873,634,2025-07-25,340,1,ring_0039,ring_0039
f1104eeb-2ed0-7381-91f3-1fc05491586d,Donna Bishop,1994-04-26,SYN-191-22-2976,41980,544,2025-03-14,473,0,,f1104eeb-2ed0-7381-91f3-1fc05491586d
b8701555-343e-317d-5474-18f4d4aa6874,Hannah Johnson,2002-11-02,SYN-503-66-2597,119273,715,2025-09-11,292,0,,b8701555-343e-317d-5474-18f4d4aa6874
77096f0c-02ca-fc30-7327-8426732c859a,Sandra Aguilar,1989-06-22,SYN-118-92-1808,29268,711,2025-09-21,282,0,,77096f0c-02ca-fc30-7327-8426732c859a
035d5385-106a-f6c0-3ee0-233fbd0d7a73,Danielle Norris,1971-03-18,SYN-186-81-3099,44132,627,2025-01-06,540,0,,035d5385-106a-f6c0-3ee0-233fbd0d7a73
206f7b0e-b489-5e68-0d51-0db64ed895d8,Jordan Mason,1993-07-21,SYN-916-65-7884,21052,762,2026-03-09,113,0,,206f7b0e-b489-5e68-0d51-0db64ed895d8
940b4104-0aca-f5f3-d562-2948ef6cdfb9,Deborah Townsend,1993-09-15,SYN-637-77-8030,30805,586,2025-12-03,209,0,,940b4104-0aca-f5f3-d562-2948ef6cdfb9
9bdc317d-47ce-17ff-5b5a-eb23372816c9,Elizabeth Sanchez,1989-11-03,SYN-965-76-1387,89856,753,2026-03-19,103,0,,9bdc317d-47ce-17ff-5b5a-eb23372816c9
8c047715-75e0-12de-e6ca-4ded149b5d32,Annette Berry,1990-06-28,SYN-189-40-4843,28746,802,2025-12-12,200,1,ring_0044,ring_0044
27195dbc-3247-cc82-efbd-4d29205dfbc5,Frank Wheeler,2001-04-24,SYN-920-35-9737,47636,599,2025-05-05,421,0,,27195dbc-3247-cc82-efbd-4d29205dfbc5
b1c03647-c7f2-fea6-c410-b09c308116b9,Dr. Sarah Smith,1974-08-31,SYN-368-96-5499,20982,692,2025-03-15,472,0,,b1c03647-c7f2-fea6-c410-b09c308116b9
a60fb39d-66e6-b011-e4f3-e03f81e1b876,Ryan Fisher,1969-11-26,SYN-748-48-6640,56999,670,2025-04-24,432,0,,a60fb39d-66e6-b011-e4f3-e03f81e1b876
eaa44feb-0bb2-c15d-4eb8-19739d547f14,William Giles,1997-02-09,SYN-730-85-1508,34472,650,2026-06-16,14,0,,eaa44feb-0bb2-c15d-4eb8-19739d547f14
4dbc5178-98f4-1106-4c29-8d6e9c79ee3d,Dennis Horton,2007-12-19,SYN-779-63-1292,44511,681,2025-10-22,251,1,ring_0105,ring_0105
5210328a-8cc2-2425-68ae-938683155ac2,Katherine Sanchez,1965-04-19,SYN-904-92-8465,63065,542,2025-05-27,399,0,,5210328a-8cc2-2425-68ae-938683155ac2
017dc6c1-6ce7-5c65-9420-ffebdfaed26c,Mark Decker,1977-05-27,SYN-986-71-3848,184928,801,2025-07-23,342,0,,017dc6c1-6ce7-5c65-9420-ffebdfaed26c
92d0de3d-e71a-07e6-751d-27c7c22e2e52,Thomas Short,1999-09-09,SYN-422-58-2828,31407,640,2025-05-06,420,0,,92d0de3d-e71a-07e6-751d-27c7c22e2e52
fe64e63d-4ef7-ab75-6a77-12c7ff2c5273,Andrew Moreno,1985-05-30,SYN-978-65-1139,106596,591,2025-03-15,472,0,,fe64e63d-4ef7-ab75-6a77-12c7ff2c5273
07bb4a64-95f1-71e2-278d-4d07fc341886,Keith Rose,1999-01-17,SYN-680-68-9961,73482,726,2025-09-17,286,1,ring_0013,ring_0013
cbe03520-78bf-5eda-dc1a-5f49ecf29bbc,Robert Lozano,2007-09-26,SYN-691-77-9574,43469,662,2026-05-25,36,0,,cbe03520-78bf-5eda-dc1a-5f49ecf29bbc
cb5141e3-0963-caaa-563b-f6e4f794d49c,Dr. Nicole Trujillo,2004-04-18,SYN-255-24-8198,122672,622,2025-08-25,309,0,,cb5141e3-0963-caaa-563b-f6e4f794d49c
53009e78-cdd7-025a-5c2f-2afd06421b1d,Taylor Williams II,1994-07-23,SYN-103-84-9937,24564,716,2025-06-03,392,0,,53009e78-cdd7-025a-5c2f-2afd06421b1d
48cf01c7-f2c1-f005-5206-19fcd9ec863d,Carol Thomas,1994-01-23,SYN-195-29-2850,76800,602,2025-07-13,352,0,,48cf01c7-f2c1-f005-5206-19fcd9ec863d
6ff8fbaa-55de-ea67-6812-e901a843403c,Aaron Diaz,1971-07-01,SYN-240-42-8097,54359,596,2025-01-23,523,0,,6ff8fbaa-55de-ea67-6812-e901a843403c
fef15be7-92ba-01bf-7e30-5a7e46e078a8,Toni Miller,1979-02-20,SYN-294-26-8974,82389,556,2026-01-22,159,0,,fef15be7-92ba-01bf-7e30-5a7e46e078a8
ac42ea96-0bb4-2c88-94a5-5cf6adc303d8,Tammy Jacobs,1993-11-19,SYN-215-37-4868,36007,640,2026-04-03,88,0,,ac42ea96-0bb4-2c88-94a5-5cf6adc303d8
0134e29b-0d24-e339-0964-8b91e205491a,Michelle Greer,2006-12-31,SYN-519-45-9160,36522,680,2026-02-01,149,0,,0134e29b-0d24-e339-0964-8b91e205491a
a4e621e7-0d84-3f99-c224-5c4f90ca839f,Alejandra Price,1952-10-14,SYN-126-20-7523,47547,708,2025-04-20,436,0,,a4e621e7-0d84-3f99-c224-5c4f90ca839f
cec4a2e4-9d44-87af-2051-0093702a02ea,Mrs. Susan Newton MD,1980-10-26,SYN-723-94-1059,135693,717,2025-07-02,363,0,,cec4a2e4-9d44-87af-2051-0093702a02ea
96a46f69-51e2-5f65-607f-e86037b2d634,Paul Watkins,1968-02-18,SYN-754-87-1337,58739,713,2025-12-07,205,0,,96a46f69-51e2-5f65-607f-e86037b2d634
64a0a9f7-7745-a681-a764-18c2d4684034,Kevin Holt,2008-01-02,SYN-372-55-8302,26054,671,2025-04-10,446,1,ring_0012,ring_0012
dfa4164a-657a-95d9-0a4c-61246a765878,Laura Bush,1987-06-25,SYN-206-15-5502,161453,634,2025-05-05,421,0,,dfa4164a-657a-95d9-0a4c-61246a765878
5ffb28ba-9c96-a7e0-86ac-9d7a597b224a,Kimberly Sullivan,1997-08-24,SYN-632-84-2818,48127,704,2025-01-24,522,0,,5ffb28ba-9c96-a7e0-86ac-9d7a597b224a
3a25ad71-fe32-aa29-c6d0-0442638bcfac,Scott Brown,1980-04-11,SYN-653-33-5363,15000,682,2025-06-27,368,0,,3a25ad71-fe32-aa29-c6d0-0442638bcfac
33456c72-e10c-3c76-626f-5b923cca423b,David Thomas,1985-05-15,SYN-294-33-9733,82644,665,2026-02-20,130,1,ring_0079,ring_0079
b1ae4b31-7866-c44a-0d59-c3310d967d7d,Lauren Daniels,1972-10-23,SYN-543-11-1757,69479,570,2026-05-11,50,0,,b1ae4b31-7866-c44a-0d59-c3310d967d7d
069dc654-861e-4594-feb5-598f3259d421,Eric Jones Jr.,1994-08-25,SYN-529-78-4913,49597,810,2025-10-11,262,0,,069dc654-861e-4594-feb5-598f3259d421
f754727f-82fb-dbaa-9953-4851ee25514e,Samuel Rocha,2002-10-12,SYN-251-33-6381,34815,598,2026-06-14,16,0,,f754727f-82fb-dbaa-9953-4851ee25514e
a581abba-fc1e-9785-65b9-04384f40a3be,Jason Williams,1987-10-23,SYN-220-61-7488,194016,615,2025-11-23,219,0,,a581abba-fc1e-9785-65b9-04384f40a3be
bc0baf70-205a-ceb8-8021-78eea477a6c2,Andrew Delgado,1968-10-23,SYN-652-62-5248,68711,630,2026-01-04,177,0,,bc0baf70-205a-ceb8-8021-78eea477a6c2
5d7afa8c-2439-34a3-3413-d9855d12e04e,Amanda Wiggins,1978-06-08,SYN-235-24-9422,25467,733,2026-03-09,113,0,,5d7afa8c-2439-34a3-3413-d9855d12e04e
a33bda41-080f-d64e-8891-4e135176643e,Kim Williams,1995-12-15,SYN-208-87-6234,51241,807,2026-02-01,149,0,,a33bda41-080f-d64e-8891-4e135176643e
8f41586a-4d02-8209-ca51-24d235894c3f,Mary Jackson,1979-11-01,SYN-638-67-4827,50063,550,2025-09-26,277,0,,8f41586a-4d02-8209-ca51-24d235894c3f
05a4e555-c4a7-2735-6bb3-8342a5161d88,Brittany Byrd,1996-03-15,SYN-139-29-5530,69528,578,2025-07-03,362,0,,05a4e555-c4a7-2735-6bb3-8342a5161d88
ee162450-0125-a9cf-c953-cce814f6ab61,Tracey Phillips,1997-07-03,SYN-428-76-5479,108893,742,2026-02-03,147,0,,ee162450-0125-a9cf-c953-cce814f6ab61
4bee45a6-1fa3-8a3e-573a-9ea94752d58b,Brenda Santos,1963-09-03,SYN-358-92-5168,40786,718,2025-03-15,472,1,ring_0092,ring_0092
62ecb20a-877f-1161-f86d-a8c4b4147654,Laura Ware,1981-08-02,SYN-301-79-7846,51435,738,2025-12-08,204,0,,62ecb20a-877f-1161-f86d-a8c4b4147654
1b9e7270-1b05-d99b-932f-c0e1591b6b04,Laura Roberts,1997-01-24,SYN-299-73-1159,108165,780,2025-08-15,319,0,,1b9e7270-1b05-d99b-932f-c0e1591b6b04
776b5051-6605-f640-0a12-28a54fcda6a3,Jennifer Buck,1975-10-07,SYN-255-61-3626,38310,644,2025-08-04,330,0,,776b5051-6605-f640-0a12-28a54fcda6a3
c7aed07d-a495-dcfc-250a-7a4edbce7d2c,Joshua York,1986-10-14,SYN-247-86-6091,19352,715,2025-07-14,351,0,,c7aed07d-a495-dcfc-250a-7a4edbce7d2c
6fc263bb-acff-fd5f-338f-fdf5770fa8cc,Andrew Robinson,2003-04-13,SYN-451-48-3131,131278,693,2025-03-22,465,0,,6fc263bb-acff-fd5f-338f-fdf5770fa8cc
20488a64-1258-632f-db10-3545718071dc,Joseph Knight,1976-08-20,SYN-781-39-7663,46978,684,2026-06-15,15,0,,20488a64-1258-632f-db10-3545718071dc
c1245935-ab5a-2ae8-baee-5c0e88e8060b,Richard Howard,1969-04-15,SYN-541-34-5085,149653,718,2026-03-29,93,0,,c1245935-ab5a-2ae8-baee-5c0e88e8060b
080b19ca-58ee-4027-f4a4-4d3285b9fb5a,Jeffrey Benton Jr.,1997-07-10,SYN-615-90-4899,68792,586,2026-03-13,109,0,,080b19ca-58ee-4027-f4a4-4d3285b9fb5a
e6e43128-9bb4-60c7-a33d-21bf50f96982,Gregory Peck,1992-07-01,SYN-795-52-9147,46920,633,2025-07-02,363,0,,e6e43128-9bb4-60c7-a33d-21bf50f96982
25a2dc30-800e-7dae-513b-5f3670c234f9,Patricia Lee,1986-08-11,SYN-496-95-9654,124175,774,2026-04-01,90,0,,25a2dc30-800e-7dae-513b-5f3670c234f9
88bb9573-2e39-b118-393d-76945d4cc5b7,Richard Moore,1987-06-20,SYN-679-29-2264,56912,641,2026-03-28,94,0,,88bb9573-2e39-b118-393d-76945d4cc5b7
cde68bf8-4ab5-78cb-665a-b2953f0a5d78,Joel Williams,1980-05-26,SYN-295-27-9836,56816,702,2025-06-08,387,0,,cde68bf8-4ab5-78cb-665a-b2953f0a5d78
9d2d0b7b-3ea8-4758-1b7d-f05f89d99daf,Andrew Wright,1982-12-30,SYN-663-89-7478,44051,731,2025-01-31,515,1,ring_0123,ring_0123
a9307032-5a5f-cf67-0fc0-4bd0fa1f482d,Christine Jones,1982-10-04,SYN-785-83-4511,45954,655,2025-10-25,248,1,ring_0105,ring_0105
531f89eb-10b4-3bec-da85-0ae7379bc896,Amber Spencer,1975-09-22,SYN-176-26-7516,52128,736,2025-11-25,217,0,,531f89eb-10b4-3bec-da85-0ae7379bc896
b11a8669-e327-ac67-9308-5ac6bd438ca8,Cody Davidson,1970-12-16,SYN-728-56-6335,98905,658,2026-01-17,164,0,,b11a8669-e327-ac67-9308-5ac6bd438ca8
fab7d86f-742e-f22e-beff-2a3ea9315fa8,David Smith,1985-12-19,SYN-582-82-9110,90217,729,2025-12-22,190,0,,fab7d86f-742e-f22e-beff-2a3ea9315fa8
43306fe4-46ba-78ce-91e1-8a44bdb5b7ab,Matthew Walker,1983-02-15,SYN-313-16-5197,30737,645,2025-06-07,388,0,,43306fe4-46ba-78ce-91e1-8a44bdb5b7ab
267d2bf6-3226-449b-91f6-4788bd6fa3f4,Monica Oconnor,1992-02-27,SYN-476-92-3189,25160,640,2026-01-30,151,0,,267d2bf6-3226-449b-91f6-4788bd6fa3f4
4420130d-74ac-d11d-fe14-080d4659c39d,Ronald Potter,2008-05-01,SYN-975-75-4370,86149,617,2025-07-10,355,0,,4420130d-74ac-d11d-fe14-080d4659c39d
958b7dcc-aae8-7549-e693-26d351d4ed92,Heather Brown,1969-03-05,SYN-385-56-8110,75530,638,2025-09-24,279,1,ring_0164,ring_0164
a7946a72-9a6b-6fbb-1019-ee61b6d28059,Joshua Reed,1973-10-26,SYN-659-30-4163,43660,697,2025-02-08,507,0,,a7946a72-9a6b-6fbb-1019-ee61b6d28059
6d94b068-729e-9a45-64c7-0248688b3a15,Anthony Flores,1993-06-22,SYN-373-50-1698,32809,529,2026-05-22,39,0,,6d94b068-729e-9a45-64c7-0248688b3a15
97cc3aee-48c8-8879-9387-be3724949ea4,Amy Walsh,1996-04-13,SYN-674-73-7951,22871,607,2025-08-19,315,0,,97cc3aee-48c8-8879-9387-be3724949ea4
baf2451c-93b8-2d39-5e7f-5805c6fcef87,Matthew Garcia MD,1986-10-12,SYN-532-96-7868,53958,649,2025-07-16,349,0,,baf2451c-93b8-2d39-5e7f-5805c6fcef87
14460a71-0c54-f27b-f036-dbcfd267facd,Lisa James,1992-05-17,SYN-270-64-7370,76470,694,2025-04-17,439,0,,14460a71-0c54-f27b-f036-dbcfd267facd
b7899c95-c1b4-b4d4-d49f-c16c75e188f2,Jessica Johnson,1965-10-14,SYN-374-56-9411,67304,680,2026-05-23,38,1,ring_0161,ring_0161
a11c86a9-1eef-08c6-2e60-a8b5d353994d,Brandy Myers,2001-11-26,SYN-743-21-4476,46736,741,2025-12-14,198,0,,a11c86a9-1eef-08c6-2e60-a8b5d353994d
ea1c85ba-0d13-c36c-20b4-1dba29f866cb,Casey Hernandez,1990-09-01,SYN-444-70-4775,33060,509,2026-02-27,123,0,,ea1c85ba-0d13-c36c-20b4-1dba29f866cb
548aa624-5d81-6182-2bd7-055848de3605,Julie Herrera,1987-06-12,SYN-870-78-7383,37002,667,2025-12-09,203,0,,548aa624-5d81-6182-2bd7-055848de3605
bc778102-06e6-75d6-b5fd-789fbfc25977,Evan Nelson,1976-08-06,SYN-632-73-3695,26915,627,2025-04-14,442,0,,bc778102-06e6-75d6-b5fd-789fbfc25977
df62396d-4a85-cb0c-f6e8-fb0e663c59a7,Theresa Knight,1997-10-03,SYN-698-47-6061,40377,580,2026-04-04,87,0,,df62396d-4a85-cb0c-f6e8-fb0e663c59a7
a5f9ffae-d832-3e31-f0cf-3b0724e450f6,Rachel Berger,2007-11-26,SYN-351-40-8490,27528,787,2026-05-28,33,0,,a5f9ffae-d832-3e31-f0cf-3b0724e450f6
2087e42d-ac69-cf47-4a5f-714ff7c07eff,Justin Baker,1990-09-29,SYN-549-55-4903,121030,602,2026-02-12,138,0,,2087e42d-ac69-cf47-4a5f-714ff7c07eff
fe172f47-e478-95cb-6d6f-b6ae4b7d1473,James Perez,1990-10-08,SYN-440-61-2894,47519,755,2025-01-01,545,0,,fe172f47-e478-95cb-6d6f-b6ae4b7d1473
3334eb7e-d25b-9b02-c237-c0104dcece03,Timothy Robbins,1981-11-30,SYN-420-41-8638,42100,783,2026-05-12,49,1,ring_0159,ring_0159
87984a49-e1be-3930-2025-f369aabf37e9,Jason Alvarez,1994-06-08,SYN-454-30-2702,15000,671,2025-01-13,533,0,,87984a49-e1be-3930-2025-f369aabf37e9
cac9dbde-6cb2-76b3-e89b-6fdc873cca9b,Bryan Lopez,1989-01-25,SYN-362-34-8882,47554,647,2026-06-10,20,0,,cac9dbde-6cb2-76b3-e89b-6fdc873cca9b
ced6e13c-cd34-83ff-20fa-e326a7fbdc93,Zachary Jones,1986-05-16,SYN-616-49-7225,31575,749,2025-12-05,207,0,,ced6e13c-cd34-83ff-20fa-e326a7fbdc93
e9cabd84-1297-8195-3599-27808e75284b,Jerry Haney,1993-06-17,SYN-737-15-9440,54261,717,2025-07-11,354,0,,e9cabd84-1297-8195-3599-27808e75284b
27928a9a-46ed-0cbe-7103-8b7026690dae,Wanda Short,1973-06-18,SYN-177-81-8779,65582,672,2026-05-16,45,0,,27928a9a-46ed-0cbe-7103-8b7026690dae
853ef55a-83a0-dc42-305b-1c6e5c30beb4,Mrs. Valerie Owens,1985-03-15,SYN-814-87-7015,36663,568,2025-10-01,272,0,,853ef55a-83a0-dc42-305b-1c6e5c30beb4
ecede264-2567-744f-e1e5-75ea09644ba3,Jennifer Smith,1983-11-07,SYN-938-65-2965,32713,719,2026-04-22,69,0,,ecede264-2567-744f-e1e5-75ea09644ba3
3ac56fc0-8452-73ae-ffc1-34506cdcda73,Stacy Garner,1983-09-02,SYN-870-23-8572,41686,691,2025-09-30,273,0,,3ac56fc0-8452-73ae-ffc1-34506cdcda73
b28e4930-fdae-0398-80da-387a8c548978,Janice Fernandez,1977-02-17,SYN-661-25-8457,55682,848,2025-09-27,276,0,,b28e4930-fdae-0398-80da-387a8c548978
c9b2e98a-17d9-3a87-e5b5-d35f3d58e831,Mary Barnes PhD,1971-06-21,SYN-690-96-7235,34853,619,2025-04-22,434,1,ring_0124,ring_0124
7d11c67d-62e5-1ecf-71ab-0dc2f3edc31a,Jennifer Banks,2001-07-20,SYN-542-85-3518,113845,730,2025-07-14,351,0,,7d11c67d-62e5-1ecf-71ab-0dc2f3edc31a
53dc40a5-0a54-72c6-b091-515be4427236,Shawn Waters,1981-08-19,SYN-115-92-2435,96675,732,2025-08-01,333,0,,53dc40a5-0a54-72c6-b091-515be4427236
4027b822-7e49-48f1-91b3-a079aa62b551,Christopher Guerra,1986-08-27,SYN-999-17-7468,19648,697,2025-09-29,274,0,,4027b822-7e49-48f1-91b3-a079aa62b551
2893b7b6-cfc6-1d8b-d0dd-5a1b48ca00ad,Amy Hunter,1988-03-11,SYN-464-43-5020,86945,748,2026-02-02,148,0,,2893b7b6-cfc6-1d8b-d0dd-5a1b48ca00ad
fd0d0faf-4ad5-9755-c3a7-ace30525ac12,Shannon Cook,1988-04-09,SYN-959-28-1659,55986,790,2025-02-22,493,0,,fd0d0faf-4ad5-9755-c3a7-ace30525ac12
75ec9610-77f5-0e5a-8528-0503089f0f6c,Victor Ball,2006-11-16,SYN-819-48-9173,78604,663,2025-11-16,226,0,,75ec9610-77f5-0e5a-8528-0503089f0f6c
4e5ac833-2637-b6ba-77f8-34e779ff97fc,Jeffrey Ford,1965-12-06,SYN-441-39-1650,73366,660,2026-01-23,158,0,,4e5ac833-2637-b6ba-77f8-34e779ff97fc
4d22680f-8e87-c865-eaf5-f5ea8c8e117f,William Gordon,1970-01-07,SYN-593-69-4632,70218,639,2026-02-13,137,0,,4d22680f-8e87-c865-eaf5-f5ea8c8e117f
fb860a91-0c98-2bb5-5221-8fd0364bcb98,Daniel Merritt,1968-01-23,SYN-230-82-9447,57735,704,2025-02-22,493,0,,fb860a91-0c98-2bb5-5221-8fd0364bcb98
e25a023a-cedf-8e34-39f2-bb52735591f7,Kelly Williamson,1978-01-08,SYN-330-47-4777,67838,613,2025-07-10,355,0,,e25a023a-cedf-8e34-39f2-bb52735591f7
c58942ed-644e-91fa-c027-63b8ce5fa91a,Mrs. Amy Watson,1990-09-17,SYN-592-26-8593,48604,582,2026-06-13,17,0,,c58942ed-644e-91fa-c027-63b8ce5fa91a
09bbf0df-fead-3c3d-7241-4f76a447f4c8,Mary Foster,1990-10-02,SYN-637-79-4544,34234,579,2026-06-17,13,0,,09bbf0df-fead-3c3d-7241-4f76a447f4c8
21cf1d93-8687-2063-1d0d-b0d28493863d,Wendy Gonzalez,1990-04-29,SYN-890-88-3585,21717,706,2025-03-21,466,1,ring_0053,ring_0053
604570e8-9151-2c2f-0cb1-bad7176ab996,Corey Whitaker,1994-08-29,SYN-130-99-1389,26758,665,2025-03-11,476,0,,604570e8-9151-2c2f-0cb1-bad7176ab996
9c86dcb5-834e-19ef-be38-b80a842a2267,Andrea Lopez,2005-03-13,SYN-708-28-6325,35197,636,2025-10-12,261,0,,9c86dcb5-834e-19ef-be38-b80a842a2267
23dc0781-6f61-9bca-63b7-27e9c2fabd7d,Ryan Warren,1962-12-22,SYN-518-10-9064,89094,711,2025-09-22,281,0,,23dc0781-6f61-9bca-63b7-27e9c2fabd7d
0ac17883-0481-fbc0-796b-ca929dbf07d1,Jamie French,1966-10-07,SYN-385-73-5547,162896,771,2025-05-26,400,0,,0ac17883-0481-fbc0-796b-ca929dbf07d1
0f96058c-2e9a-16c3-2c03-e775dd0cd38b,James Collins,1992-08-07,SYN-913-40-4332,69524,782,2026-01-18,163,0,,0f96058c-2e9a-16c3-2c03-e775dd0cd38b
1ce20f05-987f-9747-caac-8b043eff36e1,Kevin Stokes,1994-04-10,SYN-732-67-3986,26642,735,2025-12-07,205,0,,1ce20f05-987f-9747-caac-8b043eff36e1
70db38f7-d945-20cc-dca0-19b8dbf63c0c,Elizabeth Green,1964-04-01,SYN-630-11-7812,66810,656,2025-12-25,187,0,,70db38f7-d945-20cc-dca0-19b8dbf63c0c
9d3e03d9-395c-84a4-c17a-f35dd881eae7,Angelica Vincent,1986-12-21,SYN-317-58-7956,97915,619,2025-12-20,192,0,,9d3e03d9-395c-84a4-c17a-f35dd881eae7
1892a2c3-1695-fba6-310b-265122b98bdb,Juan Harrison,1998-08-10,SYN-705-33-8343,101455,603,2025-04-02,454,0,,1892a2c3-1695-fba6-310b-265122b98bdb
2abf2b3a-c139-161e-1fcb-a012535ea1aa,Ryan Rivera,1959-12-17,SYN-198-93-1547,55824,708,2025-12-28,184,0,,2abf2b3a-c139-161e-1fcb-a012535ea1aa
3ac3bf1f-893c-2fd2-2819-cad8902f5388,Anthony Gonzales,1971-02-26,SYN-905-49-5648,60400,729,2026-03-20,102,0,,3ac3bf1f-893c-2fd2-2819-cad8902f5388
c4a309cb-bafa-1684-0dc7-954be8c6dfe1,Melinda French,1994-07-03,SYN-667-10-1345,40665,708,2025-11-18,224,0,,c4a309cb-bafa-1684-0dc7-954be8c6dfe1
55d05268-e09a-31f6-985f-005187d70523,Elizabeth Taylor,1997-10-14,SYN-750-33-5668,83373,734,2025-03-01,486,0,,55d05268-e09a-31f6-985f-005187d70523
32fe864e-ee8e-be52-da26-d0b299486582,Shawn Brooks,1980-08-04,SYN-669-79-4903,52053,790,2026-05-10,51,0,,32fe864e-ee8e-be52-da26-d0b299486582
5b9be6f9-da0b-0f1c-5cdd-c81d60cb1465,Lori Boyd,1979-08-14,SYN-822-37-3079,56261,582,2026-05-10,51,0,,5b9be6f9-da0b-0f1c-5cdd-c81d60cb1465
30b5ae5a-44e3-9a97-f7fa-1f41c6921761,Tina Ballard,2003-12-11,SYN-224-22-3131,32169,850,2025-04-09,447,0,,30b5ae5a-44e3-9a97-f7fa-1f41c6921761
af10a8e0-437d-6ea9-99d8-6c143971b442,Sarah Bates,1974-04-22,SYN-456-60-6999,135495,670,2026-01-19,162,1,ring_0196,ring_0196
b46d723c-0c21-e62c-888f-ea685b0b328c,Michael White,1985-09-10,SYN-650-97-6611,39129,731,2025-12-05,207,1,ring_0107,ring_0107
915f81a5-e235-6d9f-8afa-a0a0c806a1f9,Dawn Davis,1967-04-03,SYN-820-47-6030,53492,811,2025-03-10,477,0,,915f81a5-e235-6d9f-8afa-a0a0c806a1f9
2469146a-f30b-1e47-b49c-44ef06683a20,Sandra Moore,1996-05-07,SYN-719-96-7496,36934,721,2025-11-10,232,0,,2469146a-f30b-1e47-b49c-44ef06683a20
a52d6b03-f6ad-99b9-b674-687d92e82ec9,Jason Oliver,1976-09-29,SYN-232-20-9003,250000,800,2026-03-08,114,0,,a52d6b03-f6ad-99b9-b674-687d92e82ec9
22f9e328-6d1f-1fae-81af-7b0969e0203b,Laura Vincent,1991-02-25,SYN-602-81-9725,129355,685,2025-02-06,509,0,,22f9e328-6d1f-1fae-81af-7b0969e0203b
acd7e62e-f6f4-cf0d-8e50-a59e08dc660a,Alex Clements,1972-08-26,SYN-443-50-5911,92193,727,2026-03-28,94,0,,acd7e62e-f6f4-cf0d-8e50-a59e08dc660a
433e5db7-cae4-1ade-2e0d-0e2f7eaf24c2,Heather Bolton,1961-12-18,SYN-778-89-8669,38362,618,2026-01-01,180,0,,433e5db7-cae4-1ade-2e0d-0e2f7eaf24c2
0a032ad1-829e-c78e-2f3a-fce7193ff8e6,Jeanne Rose,1980-05-05,SYN-653-84-3861,59718,773,2026-02-02,148,0,,0a032ad1-829e-c78e-2f3a-fce7193ff8e6
da7a5e15-5e3c-7d30-8688-f1258fab5412,Christina Cook,1991-10-21,SYN-772-35-3426,42194,694,2025-06-05,390,0,,da7a5e15-5e3c-7d30-8688-f1258fab5412
149ecacb-d5be-eaa2-6999-1a445edff299,Justin Torres,1987-04-01,SYN-348-22-1212,48063,653,2025-04-15,441,0,,149ecacb-d5be-eaa2-6999-1a445edff299
98f22b5e-56c5-1671-ea8e-7882951473ae,Patrick Clark,1988-03-14,SYN-525-63-3151,15000,764,2025-04-07,449,0,,98f22b5e-56c5-1671-ea8e-7882951473ae
fddebf90-aa66-9ef5-c233-9a461d4e87a6,Kelsey Griffith,2003-05-22,SYN-413-97-1706,97303,721,2026-03-31,91,0,,fddebf90-aa66-9ef5-c233-9a461d4e87a6
62044bb8-0952-c99b-57c9-e2afdbefc85b,Casey Smith,1995-10-14,SYN-150-97-6005,44685,692,2025-09-14,289,0,,62044bb8-0952-c99b-57c9-e2afdbefc85b
6ede923f-93ad-345b-0268-e6d12f644f0b,Ernest Sullivan,1995-02-26,SYN-380-28-4867,126246,752,2026-03-06,116,0,,6ede923f-93ad-345b-0268-e6d12f644f0b
5f2aaab0-253c-3f5d-5e77-b8c2deefdd1c,Victor Edwards,1993-03-23,SYN-931-54-4956,106728,613,2025-05-17,409,0,,5f2aaab0-253c-3f5d-5e77-b8c2deefdd1c
3de4b41f-ef4f-96ea-9ce5-0782e3427b09,Sarah Bishop,1998-10-28,SYN-365-60-9026,36118,640,2025-04-24,432,0,,3de4b41f-ef4f-96ea-9ce5-0782e3427b09
566a7772-6747-68c8-4bbc-632c19892afb,Ms. Wendy Harris MD,1975-04-20,SYN-840-28-6647,71396,704,2026-05-28,33,1,ring_0117,ring_0117
3d86c4f4-c723-e7ae-3d16-1fa220c7adfd,Carlos Clarke,1974-12-24,SYN-361-65-4425,70230,700,2025-07-04,361,0,,3d86c4f4-c723-e7ae-3d16-1fa220c7adfd
e410bf36-07a9-0f0b-7d99-f99bfeb0b225,Cameron West,1992-09-13,SYN-396-52-8712,70641,717,2025-07-03,362,0,,e410bf36-07a9-0f0b-7d99-f99bfeb0b225
9b10d9b6-f3bd-e75a-04fc-01248c6f81bd,Chad Morales,1975-08-19,SYN-566-19-3942,51843,752,2025-01-23,523,0,,9b10d9b6-f3bd-e75a-04fc-01248c6f81bd
058a7033-12d0-45db-900e-b266416c2459,Mrs. Olivia Petersen,1991-07-10,SYN-691-58-3129,114021,608,2025-09-28,275,0,,058a7033-12d0-45db-900e-b266416c2459
052ff89c-0377-4852-8c9f-1dff25aacc55,Thomas Carr,1978-08-04,SYN-290-48-6385,58238,618,2025-12-31,181,0,,052ff89c-0377-4852-8c9f-1dff25aacc55
4edbb905-9987-1f83-8fa0-e60cae3dbbef,Tracey Johnson,1975-01-04,SYN-124-66-4394,34345,615,2025-07-04,361,0,,4edbb905-9987-1f83-8fa0-e60cae3dbbef
31a5b2bb-69b4-1c06-791e-802d15d0e47d,George Gregory,1956-07-10,SYN-681-15-2590,26561,685,2025-04-20,436,0,,31a5b2bb-69b4-1c06-791e-802d15d0e47d
310cfe77-ef11-26a0-8dcb-ba542da67f0b,David Martinez,1978-04-29,SYN-790-12-8945,83051,633,2025-07-07,358,0,,310cfe77-ef11-26a0-8dcb-ba542da67f0b
4784e790-4657-a6cf-29ce-49ac73bc2a95,Joseph Sullivan,2007-08-22,SYN-140-30-3007,30629,649,2025-04-30,426,0,,4784e790-4657-a6cf-29ce-49ac73bc2a95
91a2b903-568c-41f1-6bb1-31d66fee5441,Sharon Santos,1993-09-06,SYN-907-59-7622,103387,563,2025-04-07,449,0,,91a2b903-568c-41f1-6bb1-31d66fee5441
c5e34701-d665-b776-1a57-703ce64e21bd,Eric Flores,1986-12-02,SYN-119-15-3255,81246,597,2026-03-31,91,0,,c5e34701-d665-b776-1a57-703ce64e21bd
1558c5e6-91dc-9a4a-01d3-28f26be14561,Maria Sullivan,1982-07-20,SYN-557-22-2795,29162,746,2026-02-19,131,0,,1558c5e6-91dc-9a4a-01d3-28f26be14561
7b64bdc0-71c2-1b19-9396-839e32d647d4,Gary Jackson,1996-01-19,SYN-320-35-7711,35941,740,2025-12-24,188,0,,7b64bdc0-71c2-1b19-9396-839e32d647d4
ca8bd9ed-f922-581c-62ca-e68364e6a0b5,Kevin Figueroa,2006-06-12,SYN-194-81-2132,27982,694,2026-06-22,8,0,,ca8bd9ed-f922-581c-62ca-e68364e6a0b5
f5b4f7f0-ad84-f14d-36a9-ec386fbd8a8d,Kenneth Scott,2007-09-10,SYN-861-76-6550,29693,700,2026-06-05,25,0,,f5b4f7f0-ad84-f14d-36a9-ec386fbd8a8d
70cde181-edaa-e3a0-4c34-320da94c846f,Brian Murphy,1975-10-08,SYN-555-89-2432,84492,640,2025-02-17,498,0,,70cde181-edaa-e3a0-4c34-320da94c846f
b307926d-0929-7068-2163-81f0a4191518,Shannon Walker,1982-11-14,SYN-455-24-7143,39425,697,2025-01-07,539,0,,b307926d-0929-7068-2163-81f0a4191518
b3f2c1b0-a9ae-7585-f677-8b697982cdd1,Thomas Griffin,1976-05-30,SYN-232-23-9116,24330,746,2026-03-25,97,1,ring_0007,ring_0007
b018fa59-7b91-1edd-26cc-773700afe4ef,Crystal Allen,2002-06-22,SYN-589-71-4632,33991,749,2026-03-30,92,0,,b018fa59-7b91-1edd-26cc-773700afe4ef
bab172e7-37e7-5cfe-e6da-43103abfa97d,James Lam,2001-06-17,SYN-403-89-1983,53047,670,2026-06-18,12,1,ring_0048,ring_0048
41029c67-e2da-3a72-2343-fefa303111d6,Lindsey Gray,2001-12-10,SYN-516-40-6364,44195,644,2025-06-26,369,0,,41029c67-e2da-3a72-2343-fefa303111d6
5f75449c-e82d-03f8-0bf1-bb12dcd07fc8,Matthew Dominguez,1978-11-06,SYN-942-19-3708,33693,630,2026-01-31,150,0,,5f75449c-e82d-03f8-0bf1-bb12dcd07fc8
15c0edb8-5cc7-e050-1271-0f7ef05fb72e,Jennifer Baker,1979-09-01,SYN-261-69-3977,46229,792,2025-09-21,282,0,,15c0edb8-5cc7-e050-1271-0f7ef05fb72e
2590d85f-777b-8146-1b85-d19f985ef3e1,Sally Leon,1979-04-21,SYN-319-97-7393,75707,781,2025-09-25,278,0,,2590d85f-777b-8146-1b85-d19f985ef3e1
4113957e-0391-9560-c554-8311f57ad066,Brian Stokes,1988-12-02,SYN-350-77-8635,54066,699,2026-05-06,55,0,,4113957e-0391-9560-c554-8311f57ad066
ad59694f-de8f-75b3-a401-53e1e751c86e,Patricia Hall,1990-10-22,SYN-695-90-4187,60375,541,2025-12-26,186,0,,ad59694f-de8f-75b3-a401-53e1e751c86e
32dca57d-6c41-8ac3-690e-87e2627cce68,David Moreno,1992-08-06,SYN-766-59-7067,66645,645,2025-07-05,360,0,,32dca57d-6c41-8ac3-690e-87e2627cce68
b6bce73d-6093-3d9d-be66-c4ec8dc1fcc9,Melinda Smith,1994-09-17,SYN-651-54-3879,37312,684,2025-06-14,381,1,ring_0158,ring_0158
5cb7d6aa-3de1-febb-4c22-dfa3202edbf4,Robert Roberts,1994-03-15,SYN-955-47-4618,149156,614,2026-03-03,119,0,,5cb7d6aa-3de1-febb-4c22-dfa3202edbf4
787e647c-3182-8162-f5ff-9c1fb2e7ec32,Morgan Barrett,1974-03-25,SYN-120-24-5633,43977,718,2026-06-29,1,0,,787e647c-3182-8162-f5ff-9c1fb2e7ec32
ab180f79-5e82-6867-f141-9a01da12ef4c,Brandon Smith,1963-03-10,SYN-936-21-6875,139620,728,2025-03-13,474,0,,ab180f79-5e82-6867-f141-9a01da12ef4c
f9638bf8-1832-7f71-f8f9-1a0e61c4975b,Angela Collier,1995-02-21,SYN-931-63-4433,41691,489,2025-11-25,217,0,,f9638bf8-1832-7f71-f8f9-1a0e61c4975b
e1ae39c7-b643-e4fb-2f02-3a3e96a9490a,John Russell,1986-06-29,SYN-146-55-4596,110002,669,2025-07-06,359,0,,e1ae39c7-b643-e4fb-2f02-3a3e96a9490a
f4ec2cc0-16f9-057b-22e5-ed8548238242,Mr. Lawrence Edwards,1991-03-07,SYN-338-40-4300,52994,629,2026-02-16,134,0,,f4ec2cc0-16f9-057b-22e5-ed8548238242
0d1e4305-355c-eff8-1850-e6b4bee79622,Anthony Good,1982-03-26,SYN-663-77-3637,166643,603,2025-01-03,543,0,,0d1e4305-355c-eff8-1850-e6b4bee79622
cf90bd77-2041-9583-b409-a0e81c1fa8ff,Sarah Proctor,1997-10-31,SYN-851-24-7053,100968,684,2025-03-10,477,0,,cf90bd77-2041-9583-b409-a0e81c1fa8ff
6a10a7f9-53c4-72bc-3d2a-5397b97ed088,Justin Bernard,2002-01-30,SYN-848-96-1548,187640,709,2025-09-29,274,0,,6a10a7f9-53c4-72bc-3d2a-5397b97ed088
ca5a335a-ad10-d3f0-d45c-88f41d6a2b6c,Brandi Ibarra,1989-12-01,SYN-906-71-1166,26733,677,2025-07-09,356,0,,ca5a335a-ad10-d3f0-d45c-88f41d6a2b6c
6a903f5d-5f55-f4c3-e500-4dce3e5324d9,Julie Johnson,1980-02-25,SYN-496-15-9043,44978,800,2025-07-27,338,0,,6a903f5d-5f55-f4c3-e500-4dce3e5324d9
a88fcaf1-15bc-bea4-c2e5-e109607ddcca,Greg Tanner,1992-08-30,SYN-853-22-4292,51961,729,2026-03-09,113,0,,a88fcaf1-15bc-bea4-c2e5-e109607ddcca
4f124a84-18c8-6ad9-b5a5-abaff8cdf793,Dawn Little,1980-02-05,SYN-712-96-8213,73453,688,2026-01-07,174,0,,4f124a84-18c8-6ad9-b5a5-abaff8cdf793
7a2f120b-5250-04ef-8fdb-65d27b2d3bff,Louis Patrick,1985-03-22,SYN-103-64-4935,35120,631,2025-10-07,266,0,,7a2f120b-5250-04ef-8fdb-65d27b2d3bff
b3d0b302-d4ca-fcc2-7222-9b8fa3ded493,Judy Gregory,1984-04-15,SYN-367-66-9355,30880,782,2025-10-12,261,0,,b3d0b302-d4ca-fcc2-7222-9b8fa3ded493
f61a5e45-4093-bcd9-ca57-c0e0284617a3,Danny Morgan,2008-01-12,SYN-629-12-7174,86077,718,2026-01-27,154,0,,f61a5e45-4093-bcd9-ca57-c0e0284617a3
43d0287c-cb2c-f352-914e-64351a062963,Joseph Murphy,1976-01-13,SYN-939-43-4520,44087,636,2025-09-17,286,0,,43d0287c-cb2c-f352-914e-64351a062963
db60ec4a-f1e6-cc7d-a6f8-34b496245592,Kevin Young,1991-02-11,SYN-873-88-8139,68940,712,2025-02-11,504,0,,db60ec4a-f1e6-cc7d-a6f8-34b496245592
d0d687bb-3403-4a8b-4a2e-5b8afd99c9e2,Jeanette Harrison,2003-05-18,SYN-397-68-5238,32249,664,2025-03-26,461,0,,d0d687bb-3403-4a8b-4a2e-5b8afd99c9e2
b4ee39cd-55f7-74a0-91f9-4aa1a684e846,Jennifer Hernandez,1989-04-07,SYN-185-65-2094,41406,548,2025-10-29,244,0,,b4ee39cd-55f7-74a0-91f9-4aa1a684e846
669403bb-aa3e-f24f-9349-141e8958c153,Kevin Cruz,1981-12-23,SYN-739-88-6030,92388,693,2026-02-07,143,0,,669403bb-aa3e-f24f-9349-141e8958c153
3ef00694-6f14-14e9-6b54-e6e0d31c30c1,Julie Gillespie,1976-12-28,SYN-646-29-4003,130528,714,2025-05-18,408,0,,3ef00694-6f14-14e9-6b54-e6e0d31c30c1
fe8d23b8-49d9-c708-e7e3-1c9130c803c8,Erika Maxwell,1984-01-24,SYN-994-34-5764,97174,801,2025-09-10,293,0,,fe8d23b8-49d9-c708-e7e3-1c9130c803c8
1264425e-7532-bc34-47e9-3b49b07faa44,Jessica Graham,1994-03-30,SYN-400-53-3781,44931,840,2026-02-13,137,0,,1264425e-7532-bc34-47e9-3b49b07faa44
d8745a4b-6ace-0ddd-8bf2-2e5b054a833d,Antonio Mccormick,2004-08-02,SYN-170-82-2439,28449,715,2025-11-02,240,0,,d8745a4b-6ace-0ddd-8bf2-2e5b054a833d
ae77d0e9-cfe4-4b00-7bad-cd31b44a390e,Elizabeth Foster,1987-11-02,SYN-233-92-7475,146989,721,2026-03-06,116,0,,ae77d0e9-cfe4-4b00-7bad-cd31b44a390e
aef4a772-8bac-7659-2c56-e84f17b2bf11,Dr. Jose Gray DDS,1998-01-07,SYN-728-51-6918,126422,632,2025-07-09,356,0,,aef4a772-8bac-7659-2c56-e84f17b2bf11
773926fb-7a15-6918-83f0-7ba0fa2a095a,Gregory Ponce,1973-07-24,SYN-811-97-6311,38446,643,2025-01-02,544,0,,773926fb-7a15-6918-83f0-7ba0fa2a095a
1be2d674-16d6-e331-d9ca-39649d3e341d,Madison Poole,2000-06-04,SYN-611-80-7520,49485,557,2025-09-07,296,0,,1be2d674-16d6-e331-d9ca-39649d3e341d
a47b591a-e75b-5454-42e0-aebcfbf35eb5,Michele Hill,1976-11-15,SYN-423-81-3682,62054,647,2026-06-02,28,0,,a47b591a-e75b-5454-42e0-aebcfbf35eb5
41b4a042-2329-ddd1-9b47-c1c2127c849c,Michelle Schultz,1983-02-18,SYN-889-95-3126,66692,553,2025-01-10,536,1,ring_0027,ring_0027
6a2565f4-e6c0-c156-38a6-c1b7237e89b0,Judith Miller,1975-05-28,SYN-889-46-1402,22500,751,2025-08-30,304,0,,6a2565f4-e6c0-c156-38a6-c1b7237e89b0
29368583-51ef-8985-1f51-910c5c8180df,Ashley Smith,1986-09-18,SYN-972-91-3627,80270,761,2026-05-05,56,0,,29368583-51ef-8985-1f51-910c5c8180df
0c3a6e52-664f-af51-197e-31c884a6dc51,Justin Hurley,1975-06-26,SYN-283-41-1562,42161,621,2026-01-09,172,0,,0c3a6e52-664f-af51-197e-31c884a6dc51
41c45672-9efb-6b63-e58e-68a89ef5cfaa,Michael Price,2000-09-26,SYN-686-22-5168,42998,786,2025-12-04,208,0,,41c45672-9efb-6b63-e58e-68a89ef5cfaa
b957cf41-f921-9649-f522-6b50b1de8af8,Anna Briggs,1972-07-23,SYN-574-55-8741,102909,673,2025-03-20,467,0,,b957cf41-f921-9649-f522-6b50b1de8af8
827de31d-040a-3364-d15f-5699a893f7f4,Kristen Davis,1980-04-02,SYN-902-15-2225,48559,680,2025-08-21,313,0,,827de31d-040a-3364-d15f-5699a893f7f4
f0d1906e-b97c-a1a8-8e42-c3ffbecb411b,Andre Pace,1980-04-02,SYN-836-44-2500,53393,761,2025-01-02,544,0,,f0d1906e-b97c-a1a8-8e42-c3ffbecb411b
7ca8c10d-890f-0564-3358-b989514294a9,Emma Adams,1971-08-13,SYN-246-34-2680,96739,738,2026-03-07,115,1,ring_0124,ring_0124
b29a7c5c-87a1-5813-9d5a-e7e21daf8ed1,Charles Robinson,1988-01-30,SYN-896-56-1731,100045,683,2025-10-07,266,0,,b29a7c5c-87a1-5813-9d5a-e7e21daf8ed1
aaaa52fd-d9fc-7dc8-e617-9e363f759a35,Joshua Carter,1993-12-23,SYN-334-90-7783,60075,617,2025-11-27,215,0,,aaaa52fd-d9fc-7dc8-e617-9e363f759a35
a5946e5b-8eeb-e69d-3f74-9cab66196769,Sean Peters,1999-09-15,SYN-436-88-3293,30632,610,2026-06-07,23,0,,a5946e5b-8eeb-e69d-3f74-9cab66196769
a6b361c0-2cdb-5556-4f6e-212de8748b29,Joshua Perry,1974-05-10,SYN-155-45-7292,79186,713,2025-12-21,191,0,,a6b361c0-2cdb-5556-4f6e-212de8748b29
f3b1c1fe-be1b-3598-d786-10753b67a07a,Michele Ayala,1996-09-27,SYN-499-35-7617,37369,627,2025-10-22,251,0,,f3b1c1fe-be1b-3598-d786-10753b67a07a
91c9749d-a11e-b4b2-c141-c63639c96f47,Sean Mendez,1978-01-13,SYN-379-29-2892,47416,607,2026-01-20,161,0,,91c9749d-a11e-b4b2-c141-c63639c96f47
07bc3b5f-3dc0-8a96-ffab-c819433f25f9,Danny Butler,1990-06-20,SYN-717-56-9442,25536,630,2025-02-14,501,0,,07bc3b5f-3dc0-8a96-ffab-c819433f25f9
e31310c4-156f-b5f5-2428-efa8ceea542e,Jessica Mora,2003-01-27,SYN-661-90-2268,49817,662,2025-05-19,407,0,,e31310c4-156f-b5f5-2428-efa8ceea542e
7e54448c-50ff-09e0-c530-3e8104febdb1,Anna Poole,1980-10-08,SYN-615-88-9519,64680,850,2026-01-07,174,0,,7e54448c-50ff-09e0-c530-3e8104febdb1
158b203a-33f8-f3b9-1a6d-00655fcbf896,Gary Rodriguez,1994-12-15,SYN-298-80-7723,36687,671,2025-04-17,439,0,,158b203a-33f8-f3b9-1a6d-00655fcbf896
8067769a-814b-643d-1364-9fb186a0f3cb,Yvette Marks,2000-11-07,SYN-169-33-8662,83605,683,2025-02-25,490,0,,8067769a-814b-643d-1364-9fb186a0f3cb
e68cd555-5ab6-d757-654f-715e9677f2ad,Kristen Burns,1998-10-30,SYN-705-95-8716,43473,780,2026-05-14,47,0,,e68cd555-5ab6-d757-654f-715e9677f2ad
09d13687-8116-5d7b-0f5f-0d51eeb8a1de,Cody Lawson,1978-11-17,SYN-338-99-3956,57143,826,2025-11-24,218,0,,09d13687-8116-5d7b-0f5f-0d51eeb8a1de
a4ab27f3-f4db-db5e-9f24-b50639d6b735,Mary Kennedy,1997-04-16,SYN-234-95-4197,31623,591,2025-04-09,447,0,,a4ab27f3-f4db-db5e-9f24-b50639d6b735
bfd5573c-3e80-3219-4ecd-102599919154,Richard Dominguez,1985-12-09,SYN-404-73-1877,170521,714,2026-06-12,18,0,,bfd5573c-3e80-3219-4ecd-102599919154
c2f81084-c0fd-12c6-0d89-0fc726b68654,Melanie Adams,1974-11-22,SYN-232-48-4371,26827,657,2025-06-07,388,1,ring_0195,ring_0195
9f7a6836-e268-b8f8-98e7-e874cfbaea37,Angela Cunningham,2000-08-13,SYN-557-62-2900,60733,657,2025-04-13,443,1,ring_0154,ring_0154
b82763da-6731-9f5c-6ed9-0a4e946c4ed5,Vernon Nguyen,1993-12-27,SYN-574-81-8386,34098,704,2026-06-12,18,1,ring_0158,ring_0158
5da79587-c789-021a-686f-96a7219a7008,Mary Smith,1997-02-18,SYN-895-17-9769,59687,714,2026-01-09,172,0,,5da79587-c789-021a-686f-96a7219a7008
1ac30f22-067a-3f54-e41b-a783ff117861,Hannah Williamson,1990-07-11,SYN-712-15-5614,31292,576,2025-11-15,227,0,,1ac30f22-067a-3f54-e41b-a783ff117861
b8ca9ceb-0ef7-579c-77cb-aa42bfa914c0,Ryan Davis,1999-09-22,SYN-282-24-2878,58900,701,2025-08-10,324,0,,b8ca9ceb-0ef7-579c-77cb-aa42bfa914c0
48b2d113-d5e2-696a-740f-53fcc421ff3f,Pamela Diaz,1991-03-11,SYN-494-52-5265,40220,720,2025-01-18,528,0,,48b2d113-d5e2-696a-740f-53fcc421ff3f
304344c3-2720-64fc-01a7-7edec0925a5d,Chad Moreno,1973-06-01,SYN-733-38-6005,68624,572,2026-05-25,36,0,,304344c3-2720-64fc-01a7-7edec0925a5d
dbdd405c-2369-e5c2-cf22-5226de093337,Bethany Frazier,1968-12-20,SYN-422-98-3549,85745,570,2025-09-29,274,0,,dbdd405c-2369-e5c2-cf22-5226de093337
e81497de-db2b-9c85-4b53-f8932bbb3fb3,Sharon Cowan,1964-08-10,SYN-459-24-7551,39436,673,2025-08-22,312,0,,e81497de-db2b-9c85-4b53-f8932bbb3fb3
df7f69d5-00f5-4125-f065-e1bd2efd081b,Laura Kelley,1989-05-23,SYN-457-34-1415,48569,740,2026-05-30,31,0,,df7f69d5-00f5-4125-f065-e1bd2efd081b
5731b4ce-391e-4fcd-809f-0ed82b28542e,John Erickson,1966-01-23,SYN-910-21-7668,84533,666,2026-01-01,180,0,,5731b4ce-391e-4fcd-809f-0ed82b28542e
c4beb9ee-0d0c-e9a9-bd12-0ddc5541adbd,Lori Williams,1992-03-18,SYN-343-56-8541,106140,489,2026-05-17,44,0,,c4beb9ee-0d0c-e9a9-bd12-0ddc5541adbd
aa7fe303-43dd-a5f6-e7ce-f2c44f2ac81a,Michael Fuentes,1983-08-20,SYN-176-19-3171,73739,635,2026-03-31,91,0,,aa7fe303-43dd-a5f6-e7ce-f2c44f2ac81a
10ec9d73-2a36-6e22-ece2-ffe57d40d95c,Lisa Gill,1988-01-19,SYN-200-70-1538,62066,669,2025-10-23,250,0,,10ec9d73-2a36-6e22-ece2-ffe57d40d95c
758d1268-dbd1-1cd3-3a22-9df0c8d56b7f,Nathan Dillon,1989-03-15,SYN-269-74-1004,43389,644,2025-10-14,259,0,,758d1268-dbd1-1cd3-3a22-9df0c8d56b7f
6bfeec3b-3bc7-5cd0-955b-bc6474c79cbe,Kimberly Nguyen,1995-08-10,SYN-934-28-4549,177595,712,2026-04-08,83,0,,6bfeec3b-3bc7-5cd0-955b-bc6474c79cbe
1022aaa1-5a61-dbf5-fcfd-a1c7bed2065e,Kevin Hall,1993-11-23,SYN-774-41-1191,39733,625,2026-01-12,169,0,,1022aaa1-5a61-dbf5-fcfd-a1c7bed2065e
09491465-995e-2165-563d-d727b137048c,Joshua Adams,1990-10-04,SYN-908-48-2843,85956,641,2025-01-24,522,0,,09491465-995e-2165-563d-d727b137048c
4adacead-39b4-7f61-d5e5-8e4a4ef26633,Zachary Gray,1965-09-06,SYN-773-87-7690,15772,661,2025-09-30,273,1,ring_0153,ring_0153
6ca52b45-a80a-9077-718a-bf9b10627327,Mrs. Sara Hebert,1987-01-26,SYN-147-31-4558,96403,720,2026-02-17,133,0,,6ca52b45-a80a-9077-718a-bf9b10627327
7283a7a2-7887-73c8-d7f0-62fbe4daffd3,Kim Erickson,2008-01-18,SYN-557-57-7462,250000,699,2025-07-29,336,0,,7283a7a2-7887-73c8-d7f0-62fbe4daffd3
32ee10ae-36b2-556d-b99b-c8df0b95fb1e,Brooke Sims,1980-12-29,SYN-834-54-2472,125736,834,2025-02-02,513,0,,32ee10ae-36b2-556d-b99b-c8df0b95fb1e
503acd8d-474a-197e-3b17-1137f4aa2289,Brittney Brown,1959-01-31,SYN-502-17-3893,101473,753,2026-01-03,178,0,,503acd8d-474a-197e-3b17-1137f4aa2289
8e6671b1-250d-a301-b6c5-837d5828aef1,Barbara Flores,1982-12-08,SYN-712-57-3896,80248,639,2025-12-21,191,0,,8e6671b1-250d-a301-b6c5-837d5828aef1
21f4543d-72a8-f1e1-209c-69e33f9bfaef,Brandon Perkins,2005-11-13,SYN-391-23-1730,89878,626,2025-09-14,289,0,,21f4543d-72a8-f1e1-209c-69e33f9bfaef
2955bf30-e3cb-c740-0e1c-fe2026fdd19f,Erica Alvarez,1999-10-29,SYN-212-48-3105,32408,616,2025-02-04,511,0,,2955bf30-e3cb-c740-0e1c-fe2026fdd19f
30dd2530-da52-1617-5836-a4477140a648,Aaron Aguirre,1998-01-22,SYN-910-17-9044,141120,710,2025-02-13,502,0,,30dd2530-da52-1617-5836-a4477140a648
4968219d-b6ad-b30a-72d7-f79ebe215b18,Erin Brown,1986-02-15,SYN-394-39-3794,88563,626,2025-08-18,316,0,,4968219d-b6ad-b30a-72d7-f79ebe215b18
8fba2d4d-1b86-7e63-8955-8b33f9128b05,Chelsea Ramirez,1990-12-03,SYN-996-33-9175,43177,712,2025-03-31,456,0,,8fba2d4d-1b86-7e63-8955-8b33f9128b05
e2acdf94-7497-0efe-05fd-74506916f060,Paul Cabrera,1986-12-12,SYN-224-37-1716,31568,529,2026-06-07,23,0,,e2acdf94-7497-0efe-05fd-74506916f060
73260a47-0281-f2ca-d2b3-776b9efef311,Mitchell Jimenez,1993-11-08,SYN-366-69-7999,138891,680,2025-07-12,353,0,,73260a47-0281-f2ca-d2b3-776b9efef311
2bed8286-b310-2a09-35a1-8612665d42a0,Marcus Brown,1994-06-01,SYN-833-34-1925,68325,682,2026-04-09,82,0,,2bed8286-b310-2a09-35a1-8612665d42a0
9a134ccf-1bc5-85c1-4ade-4160de70c7cb,Sara Flores,1980-03-07,SYN-513-86-1886,49318,538,2025-02-28,487,0,,9a134ccf-1bc5-85c1-4ade-4160de70c7cb
009ef8f3-65c7-0967-7ec0-7283433c489c,Erika Jenkins,1972-05-05,SYN-324-36-1929,33044,749,2025-03-14,473,0,,009ef8f3-65c7-0967-7ec0-7283433c489c
09364937-e121-82f3-e905-705a2ba0ab46,Brittney Bradley,1998-04-26,SYN-409-34-4981,88224,705,2026-04-18,73,0,,09364937-e121-82f3-e905-705a2ba0ab46
feb4fd63-2a9b-bed1-c229-8060ced4ff9d,Lisa Joseph,1982-11-29,SYN-418-90-1675,40241,634,2026-03-16,106,0,,feb4fd63-2a9b-bed1-c229-8060ced4ff9d
cabb7a7f-7bec-0f9f-d879-c714e36671a7,Cynthia Harrell,1992-11-04,SYN-207-49-6953,48352,615,2025-05-29,397,0,,cabb7a7f-7bec-0f9f-d879-c714e36671a7
9cb4717c-94c9-e0f7-f8ca-24e6ccc9d40d,Kathryn Clark,1973-04-28,SYN-698-58-4667,40461,702,2025-12-06,206,0,,9cb4717c-94c9-e0f7-f8ca-24e6ccc9d40d
a8378b59-22db-fea8-3c0c-af0422d379ba,Laura Guerra,1975-10-06,SYN-521-98-5509,31893,600,2026-05-26,35,0,,a8378b59-22db-fea8-3c0c-af0422d379ba
418ccfed-77e0-071b-0f3d-538acc3ca9a6,Alison Short,1950-09-28,SYN-169-42-7236,42868,834,2026-03-22,100,0,,418ccfed-77e0-071b-0f3d-538acc3ca9a6
8a4d38d3-ff9d-5677-3f13-7beec3de09fa,Richard Case,1994-05-24,SYN-238-73-9918,74725,792,2025-12-26,186,0,,8a4d38d3-ff9d-5677-3f13-7beec3de09fa
22bd2b62-ba15-3a28-7474-6f5dce645265,Colin Fletcher,2000-03-26,SYN-262-59-3869,41735,716,2025-04-21,435,0,,22bd2b62-ba15-3a28-7474-6f5dce645265
f128360d-1a00-e2d7-6fcc-c7484e3481a4,Virginia Henderson,1990-04-26,SYN-705-88-3271,105579,749,2025-06-02,393,0,,f128360d-1a00-e2d7-6fcc-c7484e3481a4
cde89dba-6f50-c4d0-13c5-b4c6f1547dab,Mason Moore,1983-10-31,SYN-443-64-6563,67700,644,2025-09-15,288,0,,cde89dba-6f50-c4d0-13c5-b4c6f1547dab
9e797c8b-abfb-fc76-f115-6a18d9bf96b9,Andre Williams,1979-12-30,SYN-861-38-8340,85415,628,2025-03-12,475,0,,9e797c8b-abfb-fc76-f115-6a18d9bf96b9
7bf1293b-9c0b-91b7-3256-80bf3beb1fc2,Taylor Carlson,1985-02-09,SYN-868-91-4726,58172,654,2025-11-30,212,0,,7bf1293b-9c0b-91b7-3256-80bf3beb1fc2
9590c6da-72df-2100-4e87-521fab628475,Thomas Rodgers,1982-01-12,SYN-189-32-1508,30397,850,2025-11-14,228,0,,9590c6da-72df-2100-4e87-521fab628475
c71d4bf1-8700-d53f-4920-a55de232c6bb,Gregory Harrell,1987-11-06,SYN-272-26-5892,53906,650,2026-04-04,87,0,,c71d4bf1-8700-d53f-4920-a55de232c6bb
763168cd-67d9-dad9-d4ce-d45f467a6c56,Janice Pope,2000-06-18,SYN-396-78-3165,46661,506,2025-08-20,314,1,ring_0088,ring_0088
94123f46-30af-1e48-90b1-0604359eaed4,Damon Schultz,1975-01-11,SYN-546-32-6320,73931,640,2025-05-18,408,0,,94123f46-30af-1e48-90b1-0604359eaed4
ccdb479a-4403-d8d3-0833-3d5b209097db,Jordan Dunn,1991-09-30,SYN-148-84-6037,25464,812,2025-01-23,523,1,ring_0138,ring_0138
0dc7a6d0-7ef5-0e46-bc02-86f0a52faa76,Anthony Moore,1972-11-14,SYN-279-77-1059,122244,672,2025-06-20,375,0,,0dc7a6d0-7ef5-0e46-bc02-86f0a52faa76
50405592-421e-246e-fdfe-a8d0fb0d6898,Matthew Smith,1992-02-22,SYN-547-47-4073,60409,691,2026-04-17,74,0,,50405592-421e-246e-fdfe-a8d0fb0d6898
003a6567-405b-1dfc-0786-956fa904f11c,Robert Griffin,1995-04-20,SYN-865-45-2357,48898,739,2026-05-07,54,0,,003a6567-405b-1dfc-0786-956fa904f11c
a8cfa80a-9501-ed89-7405-c752a5087911,Richard Smith,1998-04-09,SYN-106-45-1950,37583,592,2025-01-18,528,1,ring_0033,ring_0033
f7a09a35-14d0-a267-8fa4-bccde1236ee9,Kimberly Brewer,1971-03-29,SYN-243-11-3872,71101,703,2026-06-09,21,0,,f7a09a35-14d0-a267-8fa4-bccde1236ee9
6b20fcf1-261c-ebf7-14b4-819c6a3627a6,Matthew Roberts,2004-11-23,SYN-417-94-7071,64951,655,2026-04-20,71,0,,6b20fcf1-261c-ebf7-14b4-819c6a3627a6
102c82f0-4e96-6ee8-3d33-f73482f77eb6,Rhonda Oconnell,2003-10-09,SYN-689-50-6362,15382,704,2026-04-18,73,0,,102c82f0-4e96-6ee8-3d33-f73482f77eb6
e9074b1e-3f9a-32a4-9bd4-cceb0976ae40,Connor Dominguez,1999-05-16,SYN-179-67-5724,71991,654,2025-07-30,335,0,,e9074b1e-3f9a-32a4-9bd4-cceb0976ae40
184b10ef-495f-acc6-8ac7-9f4f3acd3f38,Robert Grant,2000-07-30,SYN-639-83-6453,44711,637,2025-02-22,493,0,,184b10ef-495f-acc6-8ac7-9f4f3acd3f38
8398c30a-d71a-8130-8d05-36ba8b7c5265,James Montoya,2004-07-06,SYN-573-75-3398,56402,631,2026-05-11,50,0,,8398c30a-d71a-8130-8d05-36ba8b7c5265
9d52e562-4158-4fa0-3a9c-d802bf7f3550,Justin Jones,1973-08-24,SYN-151-87-3408,63048,672,2025-03-21,466,0,,9d52e562-4158-4fa0-3a9c-d802bf7f3550
40373ff6-a8c7-6620-a1a1-03ba0dfcbb60,Frank Francis,2003-03-12,SYN-251-84-9870,89531,674,2025-02-11,504,0,,40373ff6-a8c7-6620-a1a1-03ba0dfcbb60
836497e5-0181-c9fa-fbbc-37378a9204bd,Vanessa Zimmerman,1975-01-22,SYN-964-81-7345,65948,711,2026-01-24,157,0,,836497e5-0181-c9fa-fbbc-37378a9204bd
bdab20e2-ad1c-d4d4-7a20-7791b984c6bf,Elizabeth Anderson,1967-10-03,SYN-859-63-2800,18374,686,2025-05-08,418,0,,bdab20e2-ad1c-d4d4-7a20-7791b984c6bf
e0b9dede-375a-074c-83f4-1b34101e3c66,Brooke Quinn,1975-11-06,SYN-682-58-4037,65740,742,2025-07-18,347,0,,e0b9dede-375a-074c-83f4-1b34101e3c66
8eea3853-8d82-73ad-068d-b1a2f6267963,Janet Larson,1974-10-12,SYN-467-14-7615,75656,647,2025-10-10,263,0,,8eea3853-8d82-73ad-068d-b1a2f6267963
63c756eb-4fb8-7033-41f9-fc7ef345e0f6,Richard Bass,1995-02-02,SYN-867-81-1047,55034,641,2026-05-13,48,0,,63c756eb-4fb8-7033-41f9-fc7ef345e0f6
42268f09-e4bf-2c7d-77a8-7f7e1b8c9b07,Michael Gonzalez,1984-09-24,SYN-734-83-2064,22894,786,2025-12-17,195,0,,42268f09-e4bf-2c7d-77a8-7f7e1b8c9b07
7c26438e-741f-6b51-cc7f-fba96ed3a44b,Kevin Snyder,1986-01-12,SYN-118-89-3470,65279,654,2025-03-04,483,0,,7c26438e-741f-6b51-cc7f-fba96ed3a44b
66e8313c-4d01-335e-2f45-80ae55d1f0d1,James Brooks,1991-01-29,SYN-165-15-3370,117036,791,2025-07-30,335,0,,66e8313c-4d01-335e-2f45-80ae55d1f0d1
fd6cc570-8fad-7a15-0d09-432b469e6a3e,Darrell Oliver,1963-02-11,SYN-421-13-7430,149356,707,2025-04-11,445,0,,fd6cc570-8fad-7a15-0d09-432b469e6a3e
35770d0d-05df-00c4-a6f5-56432fa75475,Heather Thompson,1992-08-22,SYN-665-89-4586,33889,616,2025-09-11,292,0,,35770d0d-05df-00c4-a6f5-56432fa75475
a582ccbb-8485-8510-a7b5-28c42a685ad5,Benjamin Wilson,2007-12-15,SYN-915-85-4591,71021,650,2025-05-28,398,0,,a582ccbb-8485-8510-a7b5-28c42a685ad5
9c589a73-1542-ee2a-2f55-c6312fb59e70,Kimberly Black,2005-01-28,SYN-116-48-4649,82532,689,2026-03-29,93,0,,9c589a73-1542-ee2a-2f55-c6312fb59e70
64b53ebc-d4b7-dc0b-e842-2a61e0171918,Douglas Vasquez,1972-04-06,SYN-677-82-8928,149686,678,2025-03-27,460,0,,64b53ebc-d4b7-dc0b-e842-2a61e0171918
f9d8c090-98d3-ffe6-5bf4-383dd588f315,Gary Salazar,1972-02-18,SYN-201-69-4089,90051,611,2025-08-30,304,0,,f9d8c090-98d3-ffe6-5bf4-383dd588f315
0d9c6aa6-f8a3-7c22-8dc8-b2fe4c761333,Justin Yu,1997-05-22,SYN-492-94-3099,77503,639,2025-01-13,533,0,,0d9c6aa6-f8a3-7c22-8dc8-b2fe4c761333
c5278605-47a7-1163-3a7d-4c6d98fed258,Veronica Camacho,2006-04-04,SYN-787-98-1593,57475,774,2026-03-19,103,1,ring_0096,ring_0096
3ee210ef-59f2-bc41-f6c9-c8cc19405a6f,Casey Campbell,1990-09-13,SYN-562-50-6921,126836,667,2025-12-24,188,0,,3ee210ef-59f2-bc41-f6c9-c8cc19405a6f
219af055-0619-3bb3-a22b-65507697731d,Maria Ferguson,1997-10-22,SYN-607-34-7178,76072,741,2025-01-20,526,0,,219af055-0619-3bb3-a22b-65507697731d
1a0f841f-828b-1473-c854-a70fffd2f3a3,Susan Serrano,1974-07-07,SYN-899-85-8305,61713,813,2026-02-11,139,0,,1a0f841f-828b-1473-c854-a70fffd2f3a3
89b48433-dd2c-38bc-0ba9-fd951dabd93b,Sabrina Miller,1975-01-10,SYN-340-75-6204,50197,717,2026-06-03,27,0,,89b48433-dd2c-38bc-0ba9-fd951dabd93b
81c10387-bc50-982a-1ddb-07895fb8930c,Walter Dennis,1980-10-18,SYN-505-40-6528,17104,716,2026-01-01,180,1,ring_0143,ring_0143
6c331bea-cf14-ac28-9ca9-aaf109b8d892,Dale Beck,1984-02-27,SYN-501-97-6219,24995,563,2025-10-26,247,0,,6c331bea-cf14-ac28-9ca9-aaf109b8d892
03e1736b-37e7-44e0-1999-0109617a7772,Shannon Donovan,1980-06-11,SYN-648-96-8897,65107,673,2025-10-01,272,0,,03e1736b-37e7-44e0-1999-0109617a7772
84475eee-b664-efb2-f9fd-76b494cfaf47,Laura Velez,1990-06-12,SYN-959-99-8835,142289,803,2025-12-07,205,0,,84475eee-b664-efb2-f9fd-76b494cfaf47
92295cac-eeb0-ce5c-05a0-ab8d8a5eb226,Brittany Underwood,1987-07-06,SYN-722-14-3925,59542,619,2025-05-19,407,0,,92295cac-eeb0-ce5c-05a0-ab8d8a5eb226
a3171278-5200-d590-e9d9-02b3b2cc0040,Michael Dawson,1984-12-22,SYN-839-89-8752,102698,680,2025-03-16,471,0,,a3171278-5200-d590-e9d9-02b3b2cc0040
5447b6f5-d311-8aad-06a1-e4a840343751,Cassie Brock,1988-07-01,SYN-848-42-5282,105662,637,2025-01-25,521,0,,5447b6f5-d311-8aad-06a1-e4a840343751
a80fe639-cc73-e0f3-7273-b5fcc7576e4c,Cory Thomas,1990-04-16,SYN-679-13-7399,32620,705,2026-03-02,120,0,,a80fe639-cc73-e0f3-7273-b5fcc7576e4c
8afdeee4-eddd-52bb-f7cd-90f4540486b6,Tracy Wells,1988-09-22,SYN-922-43-6582,104804,731,2025-04-02,454,0,,8afdeee4-eddd-52bb-f7cd-90f4540486b6
ecd074a6-6309-c530-0819-d9d869559d7b,Ruben Jones,1999-04-07,SYN-841-10-9282,59482,739,2026-06-26,4,0,,ecd074a6-6309-c530-0819-d9d869559d7b
f1b32da3-7a83-b468-db5f-0cbf4f384579,Mary Moss,1964-02-29,SYN-977-74-7733,33585,719,2026-04-15,76,0,,f1b32da3-7a83-b468-db5f-0cbf4f384579
d6bb2fbd-ec4e-c07f-fda3-17780d529b29,Gary Ward,1999-10-08,SYN-502-37-4170,109761,634,2025-11-05,237,0,,d6bb2fbd-ec4e-c07f-fda3-17780d529b29
97cd81c7-1ba9-1b94-56d8-85de69503aa0,Samuel Mahoney,1998-04-15,SYN-646-36-5231,73676,760,2026-03-16,106,1,ring_0004,ring_0004
060b8507-755a-6591-4a4e-fb7f2ca9e8be,Brandon Bennett,1984-10-10,SYN-138-92-3753,44914,749,2025-02-26,489,0,,060b8507-755a-6591-4a4e-fb7f2ca9e8be
fcf223bd-dff7-60a9-ab1f-ee5549c9ca9b,James Rivers,1983-04-10,SYN-819-61-7391,39245,552,2026-02-12,138,0,,fcf223bd-dff7-60a9-ab1f-ee5549c9ca9b
5c0e5cdc-71cd-555a-444a-658c11ffd613,Edgar Stevens,1983-04-12,SYN-985-20-5667,61183,505,2025-05-23,403,0,,5c0e5cdc-71cd-555a-444a-658c11ffd613
deed4e41-3a87-6740-6916-6e1c46241962,Katherine Miller,1995-11-07,SYN-744-45-1710,70901,682,2025-02-23,492,0,,deed4e41-3a87-6740-6916-6e1c46241962
f0885a8d-4e4f-82b6-573e-a539cf3c6032,Dr. William Warren,2006-09-19,SYN-793-99-7011,28548,820,2026-02-21,129,0,,f0885a8d-4e4f-82b6-573e-a539cf3c6032
18010b58-ee23-bc75-2ee8-3d1191ff3169,Michele Scott,1985-02-19,SYN-782-98-4947,38528,691,2025-10-22,251,0,,18010b58-ee23-bc75-2ee8-3d1191ff3169
81fa8ee9-3c74-d3d2-3b97-056d17c26567,Bradley Johnson DDS,1986-01-26,SYN-775-80-8390,74372,797,2025-09-09,294,0,,81fa8ee9-3c74-d3d2-3b97-056d17c26567
17d595b5-9d89-cf6f-69f1-8ccdbcd70ae1,Larry Crawford,1995-12-27,SYN-778-68-3969,39957,832,2025-07-17,348,0,,17d595b5-9d89-cf6f-69f1-8ccdbcd70ae1
49375d7e-7f69-bc01-b0dc-7e2eceba3cf7,Laurie Shaw,1970-04-24,SYN-312-51-4335,181015,726,2026-02-20,130,0,,49375d7e-7f69-bc01-b0dc-7e2eceba3cf7
d6473b0c-0abc-5b88-ba43-3b09eb861b4b,Kyle Andrade,1969-10-01,SYN-733-77-2955,25737,695,2026-01-22,159,0,,d6473b0c-0abc-5b88-ba43-3b09eb861b4b
3a7e1384-cec8-a54f-b509-4a6409b4226f,Richard Bailey,1988-02-14,SYN-461-74-5233,53995,533,2025-06-04,391,0,,3a7e1384-cec8-a54f-b509-4a6409b4226f
1f4acbef-af93-6ecb-35e1-c15b08d517be,Heather Pittman,2003-09-29,SYN-742-29-4652,65268,763,2025-05-10,416,0,,1f4acbef-af93-6ecb-35e1-c15b08d517be
4fd70f47-15ba-b585-c67d-5d4b449fd92e,Raymond Herrera,1977-10-04,SYN-689-65-3950,55115,708,2026-02-27,123,0,,4fd70f47-15ba-b585-c67d-5d4b449fd92e
b7e78d71-98a1-e83a-7263-9d7423050abd,Pamela Cook,1986-05-25,SYN-183-67-5586,70139,622,2025-06-28,367,0,,b7e78d71-98a1-e83a-7263-9d7423050abd
e7e0b04f-ad75-7543-b7ac-07b4c97624d3,Edward Hill,1986-08-20,SYN-193-87-6023,113045,429,2025-09-10,293,0,,e7e0b04f-ad75-7543-b7ac-07b4c97624d3
dc542683-7635-8475-5d2c-c58ffe765c43,Kathryn Meyers,1986-01-08,SYN-446-84-1020,70437,586,2025-03-14,473,1,ring_0048,ring_0048
f98e436b-d50e-d7aa-e777-c1a27cade85e,Nicholas Carlson,1995-09-10,SYN-905-36-3845,20961,729,2026-02-15,135,0,,f98e436b-d50e-d7aa-e777-c1a27cade85e
1cd1233e-f362-fdf9-00f7-b7fd4a8a1aeb,Joshua Clark,1999-07-20,SYN-512-44-5585,73150,766,2026-06-20,10,0,,1cd1233e-f362-fdf9-00f7-b7fd4a8a1aeb
931a62ab-968d-a3f8-ce77-7b9620439c60,Michael Wallace,1992-03-14,SYN-802-53-9165,28225,670,2025-04-17,439,0,,931a62ab-968d-a3f8-ce77-7b9620439c60
d5775566-875c-8620-6fb6-d08f6c91c8f6,Benjamin Martinez,1989-05-11,SYN-301-38-1458,68286,734,2025-03-03,484,0,,d5775566-875c-8620-6fb6-d08f6c91c8f6
ac397e3a-8b3f-68fd-839d-3fa484cd28b3,Jerry Martin,1978-06-17,SYN-144-72-3734,183013,728,2025-04-14,442,0,,ac397e3a-8b3f-68fd-839d-3fa484cd28b3
464b67ed-e2b8-c6ce-7f61-ff669c8aed99,Cheryl Beck,1996-10-12,SYN-362-33-5301,61366,774,2025-01-13,533,0,,464b67ed-e2b8-c6ce-7f61-ff669c8aed99
0d547c1b-6dc1-fb49-a32b-a6af3ecc5bd2,Bryan Parker,1964-08-15,SYN-246-17-4940,93641,632,2025-03-02,485,0,,0d547c1b-6dc1-fb49-a32b-a6af3ecc5bd2
2b5e0aac-51e9-82b2-7397-f853cd25fd2c,Shane Gonzalez,2008-06-04,SYN-582-44-9853,39308,654,2025-05-11,415,0,,2b5e0aac-51e9-82b2-7397-f853cd25fd2c
c360e648-1d20-df55-8c6b-0f14d040243c,Edward Jenkins,1988-09-07,SYN-405-82-3305,45115,588,2026-01-05,176,0,,c360e648-1d20-df55-8c6b-0f14d040243c
d68d4622-0ce8-3980-7a7a-8a6d24795670,Kaitlin Medina,1977-05-12,SYN-336-65-4920,86394,788,2025-05-22,404,0,,d68d4622-0ce8-3980-7a7a-8a6d24795670
ab6b2831-8767-e334-685d-e849dae62e6b,Jennifer Hatfield,1985-02-27,SYN-660-62-9184,61585,765,2025-06-17,378,0,,ab6b2831-8767-e334-685d-e849dae62e6b
3397cc66-8529-2ae2-4da8-f87858b6cbfb,Desiree Jennings,1992-01-07,SYN-300-26-8525,32668,627,2026-02-08,142,1,ring_0155,ring_0155
e75aeccd-7669-8793-561f-c679d91671fa,Roger Mason,1988-04-25,SYN-300-66-9586,72204,810,2025-03-01,486,0,,e75aeccd-7669-8793-561f-c679d91671fa
a7f13553-121c-7db8-6eac-ed38ee4dcfee,Roger White,1983-03-21,SYN-158-85-6259,26724,596,2026-04-29,62,1,ring_0213,ring_0213
80a5958d-ec30-3096-89b6-5994cb28a293,Paige Collins,1996-12-13,SYN-327-68-5738,52035,667,2025-10-25,248,0,,80a5958d-ec30-3096-89b6-5994cb28a293
05943c11-c599-30e9-4674-7cb969f0aa1c,Brad Gordon,2007-07-21,SYN-565-33-9279,63870,600,2025-09-27,276,0,,05943c11-c599-30e9-4674-7cb969f0aa1c
650f2269-b23e-0b26-e878-911a17b0d380,Cindy Martin,1995-03-18,SYN-428-36-6338,67031,754,2025-02-12,503,0,,650f2269-b23e-0b26-e878-911a17b0d380
cf3602bc-84f8-2100-49b9-e14a548d29e7,James Mendoza Jr.,1989-01-05,SYN-400-27-4081,75946,683,2025-05-15,411,1,ring_0149,ring_0149
8e1590d8-57bf-9ed8-cbdb-10675533bdc3,Debra Chapman,1979-08-02,SYN-682-80-3100,36908,541,2025-06-20,375,0,,8e1590d8-57bf-9ed8-cbdb-10675533bdc3
b6e714f0-ca37-fee2-4143-8b2242ebb9d0,Wayne Brown,1959-02-26,SYN-300-33-6552,44867,688,2025-04-02,454,0,,b6e714f0-ca37-fee2-4143-8b2242ebb9d0
b9d3ee32-cb39-6466-e1d4-d75394998184,Curtis Williams,1987-11-28,SYN-924-64-6171,128349,706,2025-12-01,211,0,,b9d3ee32-cb39-6466-e1d4-d75394998184
bc07a187-f652-5522-d8b5-4be0b22d79c4,Dana Gilbert,1980-05-10,SYN-634-69-4466,56543,629,2025-07-13,352,0,,bc07a187-f652-5522-d8b5-4be0b22d79c4
8cb6db97-8e1e-e872-0fd1-40774a90078c,Michael Moon,1986-04-17,SYN-741-66-2826,55034,662,2026-04-25,66,0,,8cb6db97-8e1e-e872-0fd1-40774a90078c
574f27eb-237f-783f-31cd-50aabbbbec92,Hunter Yang,1984-07-03,SYN-254-34-1049,110475,526,2025-02-21,494,0,,574f27eb-237f-783f-31cd-50aabbbbec92
2abb9730-b9d6-0cb7-7227-06d58ef8d54a,Maria Smith,1979-11-23,SYN-875-95-9529,56232,812,2026-01-07,174,0,,2abb9730-b9d6-0cb7-7227-06d58ef8d54a
a1bad06f-8512-f73c-a991-968b3e64e5ce,John Ho,1969-07-18,SYN-283-20-2645,37417,668,2025-02-13,502,0,,a1bad06f-8512-f73c-a991-968b3e64e5ce
c3834cb5-857c-f1a5-1bf5-db9e5161fa93,Debra Butler,1975-02-06,SYN-327-61-9890,95362,550,2025-12-26,186,0,,c3834cb5-857c-f1a5-1bf5-db9e5161fa93
d35c7af9-4083-f884-6050-8f0e1b082928,Brian Hendrix,1991-02-28,SYN-170-49-9869,35878,593,2026-02-03,147,1,ring_0162,ring_0162
22546036-a258-6220-616c-8f7ac618d26a,Melvin Weeks,1988-09-03,SYN-984-15-7346,24589,637,2025-03-12,475,0,,22546036-a258-6220-616c-8f7ac618d26a
2ed9738b-ccbc-bbf7-616f-762d9c053d81,Katherine Andrade,1978-04-11,SYN-746-19-2870,40224,747,2026-02-27,123,0,,2ed9738b-ccbc-bbf7-616f-762d9c053d81
319305b5-5fea-3fed-c056-5bc2f53716ff,Joshua Anderson,1999-09-11,SYN-294-45-7351,43941,611,2025-06-25,370,0,,319305b5-5fea-3fed-c056-5bc2f53716ff
b6f24fcf-0fc9-d056-d44f-a82f29e716fe,Michele Barnes,1976-04-18,SYN-241-10-6276,130440,713,2026-01-14,167,0,,b6f24fcf-0fc9-d056-d44f-a82f29e716fe
cb23cade-37c2-e2c5-eb18-04057657026b,Nicholas Lowery,1995-12-28,SYN-983-59-1866,61070,765,2025-08-07,327,0,,cb23cade-37c2-e2c5-eb18-04057657026b
e7dae439-c0f8-60c3-e7ea-b23dc05003dd,Elizabeth Robbins,1975-06-19,SYN-153-81-1600,124684,771,2025-08-20,314,0,,e7dae439-c0f8-60c3-e7ea-b23dc05003dd
d79c4bdb-209c-b89d-222d-cc8a23c99e8e,Zachary Vargas PhD,1969-03-27,SYN-540-86-5937,148220,672,2026-03-01,121,0,,d79c4bdb-209c-b89d-222d-cc8a23c99e8e
e511bb92-f5fe-ca29-5eb9-f2ebb23e5a20,Gloria Lynch,2001-07-16,SYN-390-49-7820,40877,602,2025-01-05,541,0,,e511bb92-f5fe-ca29-5eb9-f2ebb23e5a20
6e63afd0-0c19-1fb3-9a99-46baa7983d1e,Jessica Clark,2007-08-27,SYN-460-24-8263,37049,793,2026-04-04,87,1,ring_0124,ring_0124
501731e3-f757-a87b-30fe-20f7aa3c2913,Laura Bailey,1992-09-23,SYN-950-47-3904,53966,504,2026-06-19,11,0,,501731e3-f757-a87b-30fe-20f7aa3c2913
e0214b02-e187-405f-aa81-e03720c56312,Michelle Jacobs,1979-05-25,SYN-520-15-9913,27763,581,2025-08-29,305,0,,e0214b02-e187-405f-aa81-e03720c56312
62246979-6246-a93d-337d-bf1ac7d2593e,John Ryan,1966-10-24,SYN-141-10-7460,44639,746,2025-04-23,433,0,,62246979-6246-a93d-337d-bf1ac7d2593e
a002cba3-b9a8-d2a3-8135-0d7e218680f8,Deanna Kennedy,1986-08-16,SYN-783-67-3086,127215,664,2026-03-24,98,0,,a002cba3-b9a8-d2a3-8135-0d7e218680f8
e47a6cc8-6c52-3e9d-7ff2-dad9f889873f,Courtney Mills,1966-09-09,SYN-570-14-8724,103417,693,2025-08-25,309,0,,e47a6cc8-6c52-3e9d-7ff2-dad9f889873f
871bfbc1-d822-15ef-8b3e-0c32677300b7,Anthony Christensen,2008-04-10,SYN-863-45-4269,39988,592,2025-06-07,388,0,,871bfbc1-d822-15ef-8b3e-0c32677300b7
4ba439bd-a996-ec95-628b-039d23137df1,Timothy Blair,1972-08-18,SYN-717-34-8774,84359,728,2025-02-09,506,0,,4ba439bd-a996-ec95-628b-039d23137df1
9423b654-f6e0-a90a-b347-85d879acb933,Morgan Chandler,1992-07-08,SYN-209-56-8058,69606,588,2026-04-26,65,1,ring_0006,ring_0006
ffb401ca-0d34-f307-b068-f15ded9fd6e6,Paul Beasley,1972-12-25,SYN-343-41-5360,89534,735,2025-10-06,267,0,,ffb401ca-0d34-f307-b068-f15ded9fd6e6
6c64d103-9dc7-0334-5bbc-6347d1a150a5,Wendy Smith,1989-03-04,SYN-922-82-1724,52861,594,2026-01-19,162,0,,6c64d103-9dc7-0334-5bbc-6347d1a150a5
657f8158-4317-33f6-1b4e-de77f1cc52d7,Wyatt Kerr,1987-01-12,SYN-544-80-3943,58608,642,2025-05-26,400,0,,657f8158-4317-33f6-1b4e-de77f1cc52d7
161bd9de-8084-27e1-8368-c1f137451a33,Stephen Duncan,1983-11-11,SYN-851-67-4528,93320,698,2026-04-09,82,0,,161bd9de-8084-27e1-8368-c1f137451a33
4bafd986-41dd-fe81-7b6b-e6d0a3c8b939,Kimberly Garcia,1997-01-26,SYN-776-48-9585,60258,702,2025-06-13,382,0,,4bafd986-41dd-fe81-7b6b-e6d0a3c8b939
3dbbb925-0bde-b995-ba69-6f2acb28a476,Jennifer Cisneros MD,1975-05-07,SYN-587-85-3443,24959,614,2025-03-30,457,0,,3dbbb925-0bde-b995-ba69-6f2acb28a476
ca683d2a-76ce-2aba-c134-cb742344aeb1,Cindy Shaw,2004-11-14,SYN-650-82-6767,57896,703,2025-05-06,420,0,,ca683d2a-76ce-2aba-c134-cb742344aeb1
ba0c8606-2662-17b8-e6ee-955c35d9b106,Ariana Stewart,1977-07-31,SYN-129-57-9609,53033,808,2025-11-07,235,0,,ba0c8606-2662-17b8-e6ee-955c35d9b106
e13b14ab-2c47-01cd-6461-365bd3a0f43f,Jeffrey Robertson,1993-12-04,SYN-859-95-9766,82469,487,2025-05-25,401,0,,e13b14ab-2c47-01cd-6461-365bd3a0f43f
2e67d45c-8bc3-e49e-4f74-4e1318670463,Noah Moreno,1980-01-19,SYN-424-71-4803,250000,649,2025-06-27,368,1,ring_0193,ring_0193
49564202-da93-0785-bd89-2eb02da191fb,Carlos Morrow,1992-05-28,SYN-271-11-6692,59940,765,2026-05-17,44,0,,49564202-da93-0785-bd89-2eb02da191fb
aef96afb-c9d6-bb3a-9798-2037614f5836,Rachel Curry,1988-12-07,SYN-113-13-4569,46902,663,2025-04-04,452,0,,aef96afb-c9d6-bb3a-9798-2037614f5836
a501da36-ee5e-1bd4-b6b9-9411e5ca773c,Steven Flores,1990-08-09,SYN-410-31-3284,30747,675,2026-01-16,165,0,,a501da36-ee5e-1bd4-b6b9-9411e5ca773c
a9eb4d84-0278-726e-cc87-7299e41369c6,Sherry Adams,1982-03-31,SYN-622-49-7253,49245,729,2026-01-07,174,0,,a9eb4d84-0278-726e-cc87-7299e41369c6
be407b19-0f6c-f63b-3f70-3194f44bec57,Michael Jackson,1982-02-02,SYN-653-15-2230,76465,751,2025-06-09,386,0,,be407b19-0f6c-f63b-3f70-3194f44bec57
496808d6-0681-f70c-ef08-88321ac6df37,Abigail Riddle,1989-10-27,SYN-995-25-3022,110009,768,2026-02-10,140,0,,496808d6-0681-f70c-ef08-88321ac6df37
3a0e2d9d-0eaa-1bb8-4391-daa72141db2e,Sherry Levine,1976-10-31,SYN-227-15-9085,108901,631,2025-10-01,272,1,ring_0021,ring_0021
011d5172-065b-470a-5627-c9740efea733,Richard Aguirre,1969-12-26,SYN-667-17-8660,98623,772,2026-02-26,124,0,,011d5172-065b-470a-5627-c9740efea733
5c6c52d9-5e1d-b11a-f551-f096789f2f25,Catherine Johns,1967-09-01,SYN-910-78-5669,77265,676,2026-05-19,42,0,,5c6c52d9-5e1d-b11a-f551-f096789f2f25
c4a842b2-78a1-87e2-1600-b454e6fe9bc7,Jennifer Collins,1978-10-22,SYN-975-19-4475,135765,680,2025-03-09,478,1,ring_0013,ring_0013
00079092-5459-e1db-3768-8f20ad113a6a,Daniel Young,1979-01-11,SYN-142-94-2553,36028,644,2025-04-06,450,0,,00079092-5459-e1db-3768-8f20ad113a6a
6b2da0c8-6d0d-f6cc-917e-1d08b7aa7a49,Julian Obrien,1982-12-15,SYN-169-61-1670,103847,775,2025-11-21,221,0,,6b2da0c8-6d0d-f6cc-917e-1d08b7aa7a49
1b6be7f9-4651-8723-6b33-188d9bb0c6c0,Tyler Zavala,2003-02-01,SYN-267-13-3721,21490,616,2025-12-31,181,0,,1b6be7f9-4651-8723-6b33-188d9bb0c6c0
69ca3f30-1e22-ed2d-67cc-0af381f43f67,Lauren Coleman,1985-07-11,SYN-440-79-4587,34934,655,2025-02-05,510,0,,69ca3f30-1e22-ed2d-67cc-0af381f43f67
96853ebd-2413-1237-532f-924a225a195a,Lori Franco,1961-07-19,SYN-743-95-1712,82278,755,2026-02-14,136,0,,96853ebd-2413-1237-532f-924a225a195a
dcd1e399-846c-6442-12b8-4a5608c20a44,Jaime Williams,1981-03-08,SYN-263-12-8449,77824,771,2026-05-14,47,0,,dcd1e399-846c-6442-12b8-4a5608c20a44
06b33821-cdd8-787e-7d2b-c8323ee3fbd5,Jason Snow,1990-03-08,SYN-729-20-1687,39109,712,2025-05-15,411,0,,06b33821-cdd8-787e-7d2b-c8323ee3fbd5
5014c225-70aa-411d-6bd1-c3ee480c2f8d,Marissa Dorsey,1982-08-06,SYN-579-60-8235,49362,579,2026-05-21,40,0,,5014c225-70aa-411d-6bd1-c3ee480c2f8d
b7a6da49-d861-6c24-2880-cdb5d8e55afd,Jennifer Miranda,1985-12-14,SYN-561-20-3243,64359,684,2025-12-12,200,0,,b7a6da49-d861-6c24-2880-cdb5d8e55afd
ce459cc6-143e-1ff2-75e0-9085c57c7890,Megan Alvarado,1975-07-08,SYN-545-65-8287,31159,675,2026-05-02,59,0,,ce459cc6-143e-1ff2-75e0-9085c57c7890
2944b407-2120-002e-9002-7ab7368982b0,John Johnson,1974-02-26,SYN-529-56-6384,33756,636,2025-08-22,312,0,,2944b407-2120-002e-9002-7ab7368982b0
c10f8c3e-c7b1-df17-1fe8-d8bbf30003d8,Jeffrey Lynch,1969-01-28,SYN-431-97-5539,24576,686,2025-10-20,253,0,,c10f8c3e-c7b1-df17-1fe8-d8bbf30003d8
4bb0a5c6-435a-852e-2da7-4ab363d133e9,Gabriel Copeland MD,1987-03-03,SYN-569-81-3619,45113,722,2025-02-04,511,0,,4bb0a5c6-435a-852e-2da7-4ab363d133e9
b8e55d7d-d026-a8b1-5c0e-137a05f07f02,Daniel Sullivan,1979-10-17,SYN-305-33-2491,50593,787,2025-05-04,422,0,,b8e55d7d-d026-a8b1-5c0e-137a05f07f02
fa0220c4-79f4-e248-1287-d759160d1df6,Deborah Williams,1968-08-15,SYN-490-21-3057,33528,814,2025-10-01,272,0,,fa0220c4-79f4-e248-1287-d759160d1df6
9e0b1e28-8105-fd43-336c-b19c43524bb0,Douglas Ryan,1986-11-15,SYN-758-39-7600,131582,694,2026-02-16,134,0,,9e0b1e28-8105-fd43-336c-b19c43524bb0
51335bd8-4497-73e9-ef4c-bc4fdfb06f1e,Christina Franklin,1996-03-27,SYN-932-63-2654,20063,587,2025-02-06,509,0,,51335bd8-4497-73e9-ef4c-bc4fdfb06f1e
992eac99-af2c-bf5d-8fea-4fa8ac40157d,Annette Fernandez,2000-07-19,SYN-385-80-8465,28313,689,2026-01-13,168,0,,992eac99-af2c-bf5d-8fea-4fa8ac40157d
8303dfb9-135e-404c-fb66-60b333e1a43d,Jorge Lee,1968-05-09,SYN-926-51-2290,41415,670,2026-02-23,127,0,,8303dfb9-135e-404c-fb66-60b333e1a43d
a02f6d1a-a925-6a85-ef8e-ce0a8fa9a12d,Samuel Russell,1973-02-15,SYN-409-44-7874,92795,714,2025-05-21,405,0,,a02f6d1a-a925-6a85-ef8e-ce0a8fa9a12d
51e335e8-f19a-02c6-efad-c7355cb9bf32,Tiffany Harris,1989-02-28,SYN-136-33-6668,121148,759,2025-08-02,332,0,,51e335e8-f19a-02c6-efad-c7355cb9bf32
67e5abd6-944a-e813-de18-06e6c94c0ddb,Ronald Brown,1968-08-01,SYN-293-89-9940,43174,641,2025-11-30,212,0,,67e5abd6-944a-e813-de18-06e6c94c0ddb
490cd6b6-52c6-18e5-aeee-1da271a3a722,Kelly Rowe,1982-06-23,SYN-273-99-4844,64143,647,2025-06-26,369,0,,490cd6b6-52c6-18e5-aeee-1da271a3a722
380c4ec7-7b9c-80f9-3f23-7d1f69a85a06,Richard Perry,2006-11-03,SYN-739-13-7761,53575,735,2025-01-08,538,0,,380c4ec7-7b9c-80f9-3f23-7d1f69a85a06
cf69d5b9-cb7c-9e6e-88b7-c03ea2ac1b40,Ann Calderon,1985-01-08,SYN-240-79-4745,24921,709,2025-05-20,406,0,,cf69d5b9-cb7c-9e6e-88b7-c03ea2ac1b40
65d4e0ac-2577-1402-728f-8edd6cc967bd,Zachary Ferrell,1977-10-16,SYN-443-14-9170,24759,711,2026-05-24,37,0,,65d4e0ac-2577-1402-728f-8edd6cc967bd
3210b102-cb63-8517-7908-cab2e425cdc5,Jennifer Dawson,1975-09-30,SYN-498-15-8414,41546,813,2025-03-14,473,0,,3210b102-cb63-8517-7908-cab2e425cdc5
056ebd8a-199a-87fe-867d-8e1698993134,Diane Davis DDS,1987-04-26,SYN-949-11-4862,55498,642,2025-10-16,257,0,,056ebd8a-199a-87fe-867d-8e1698993134
5feae7c7-de09-3f9c-639b-d96420531a71,Heather Daniels,1963-03-07,SYN-236-90-3700,76469,622,2026-04-11,80,0,,5feae7c7-de09-3f9c-639b-d96420531a71
788b9e31-d49e-ffa5-386e-24b84b08ea2b,Christopher Brown,1991-01-25,SYN-133-94-6826,67406,671,2025-11-09,233,0,,788b9e31-d49e-ffa5-386e-24b84b08ea2b
15caa62f-4793-32da-15dd-910e71a95fc8,Jeffrey Mills,1977-08-12,SYN-798-98-2083,29441,696,2025-08-05,329,0,,15caa62f-4793-32da-15dd-910e71a95fc8
e3a5f8e1-9197-0cb6-f0ca-fa426aeb27e1,Amber Stevenson,2001-05-02,SYN-107-15-5857,64793,546,2026-02-02,148,0,,e3a5f8e1-9197-0cb6-f0ca-fa426aeb27e1
3992ac73-71d2-7f3f-0255-8be95dca149d,Colleen Cruz,1984-02-07,SYN-828-24-2886,71567,658,2025-12-31,181,0,,3992ac73-71d2-7f3f-0255-8be95dca149d
a1175ea9-94e9-beeb-84c2-3b123a966666,Matthew Morgan,2000-06-21,SYN-843-36-2081,39056,716,2025-09-25,278,0,,a1175ea9-94e9-beeb-84c2-3b123a966666
003ba095-0360-fced-5961-a1a779e78ef2,Margaret Coleman,1994-03-11,SYN-419-71-5072,107577,850,2026-05-19,42,0,,003ba095-0360-fced-5961-a1a779e78ef2
6e271730-d517-5776-667a-778c39aafbf8,Maria Cross,1984-07-08,SYN-729-70-3677,56214,689,2026-01-31,150,1,ring_0088,ring_0088
1f43bb27-47b7-c32e-1bcb-2d8e144a3a19,Eric Walker,2005-07-25,SYN-666-55-7949,32866,755,2025-01-24,522,0,,1f43bb27-47b7-c32e-1bcb-2d8e144a3a19
e70c3aee-5997-d6cb-1d23-d45b429fb3d7,Austin Kane,1987-05-05,SYN-869-28-6479,57182,776,2026-02-26,124,0,,e70c3aee-5997-d6cb-1d23-d45b429fb3d7
7dbe3a33-9669-b222-f45b-d3b535eae559,Julia Mullins,1980-04-19,SYN-461-85-3697,89449,658,2025-05-19,407,0,,7dbe3a33-9669-b222-f45b-d3b535eae559
0cb32541-b2fe-c408-be7f-88c6df2a65fd,Kelly Dominguez,1996-03-12,SYN-551-44-4292,39939,647,2025-10-24,249,0,,0cb32541-b2fe-c408-be7f-88c6df2a65fd
21787e92-fbab-9590-0344-886340acb8aa,Barry Hernandez,1974-09-17,SYN-335-98-9024,24204,712,2025-07-12,353,0,,21787e92-fbab-9590-0344-886340acb8aa
0fe5b129-6b84-d12d-4e06-a5114a004d52,Christian Anderson,1977-03-18,SYN-637-26-5662,118914,644,2025-06-21,374,0,,0fe5b129-6b84-d12d-4e06-a5114a004d52
673582df-0560-1d95-0e1f-9bbdad4d232d,Catherine Shannon,1980-01-13,SYN-964-84-2160,23691,690,2026-01-13,168,0,,673582df-0560-1d95-0e1f-9bbdad4d232d
ab4978d3-d7a4-ebc4-b6ce-fb58803f5d83,Diana Hernandez,1980-02-28,SYN-152-86-2135,31482,850,2025-10-19,254,0,,ab4978d3-d7a4-ebc4-b6ce-fb58803f5d83
90fa8176-7cbe-20c6-311c-c5a616021a02,Jennifer Moses,2006-07-10,SYN-717-59-9612,106302,653,2025-04-09,447,0,,90fa8176-7cbe-20c6-311c-c5a616021a02
2ee8ae82-f1e7-782e-18ce-4c851dd3c958,Lisa Guerra,1983-06-27,SYN-887-23-6222,70313,703,2026-04-09,82,0,,2ee8ae82-f1e7-782e-18ce-4c851dd3c958
5ccaf67f-f46e-d733-26cb-7cb99482ba13,Nicole Johnson,1996-08-05,SYN-658-98-8490,32255,789,2026-04-05,86,0,,5ccaf67f-f46e-d733-26cb-7cb99482ba13
4108200c-b102-a678-cb9f-8099afa11752,Rhonda Martin,1976-06-16,SYN-825-94-5777,24366,648,2025-07-03,362,0,,4108200c-b102-a678-cb9f-8099afa11752
9f93c87c-6298-69e0-c897-ffb23a039824,Steven Clark,1968-09-19,SYN-237-57-1486,20078,663,2025-12-16,196,0,,9f93c87c-6298-69e0-c897-ffb23a039824
0c8d8d48-1e35-a564-e1b8-95145c07f255,Kari Sandoval,1983-02-05,SYN-671-96-4957,52643,636,2026-05-21,40,0,,0c8d8d48-1e35-a564-e1b8-95145c07f255
0c61607a-1ea1-652c-324a-5aca69631f45,Ashley Dunn,1989-10-24,SYN-591-72-2128,71362,647,2025-08-01,333,0,,0c61607a-1ea1-652c-324a-5aca69631f45
6c645464-b94a-6405-4ed5-44cb9c7fbd68,Austin Snyder,1988-01-24,SYN-641-88-2140,46538,705,2026-01-24,157,0,,6c645464-b94a-6405-4ed5-44cb9c7fbd68
6bee3dc4-df0e-c398-e797-39412138426f,Sergio Knight,1978-10-11,SYN-359-70-7112,22236,687,2025-01-16,530,0,,6bee3dc4-df0e-c398-e797-39412138426f
58be6719-6610-5cc5-a3ff-01eac80f59c2,Katherine Avery,2007-07-27,SYN-288-89-3623,42476,745,2026-06-02,28,0,,58be6719-6610-5cc5-a3ff-01eac80f59c2
c9c9decd-9fa7-06b5-1c2f-e46c6d01b7aa,Alexander Guzman,1963-02-05,SYN-482-22-4741,70434,644,2025-03-01,486,0,,c9c9decd-9fa7-06b5-1c2f-e46c6d01b7aa
68b55791-f592-4c28-029f-6ed6819d1868,Brandon Pena,1988-08-20,SYN-368-23-9235,78872,763,2025-01-24,522,0,,68b55791-f592-4c28-029f-6ed6819d1868
704d2957-028b-09d3-eed2-3905c83a09e6,Chad Rivera,1986-01-03,SYN-149-89-2828,66654,679,2026-06-05,25,0,,704d2957-028b-09d3-eed2-3905c83a09e6
d8776c5e-46dd-26aa-b141-73337f6fdb20,Scott Anderson,2006-08-29,SYN-630-19-1410,53910,676,2026-02-27,123,0,,d8776c5e-46dd-26aa-b141-73337f6fdb20
e2bb29cd-91ec-9ed9-5dad-176a46450926,Taylor Stark,1971-12-31,SYN-754-46-5748,27745,644,2026-02-26,124,0,,e2bb29cd-91ec-9ed9-5dad-176a46450926
1a6c9227-b55e-f620-1822-7f491fb351bb,Nicole Barton,1994-02-23,SYN-644-17-4522,79593,644,2025-09-19,284,0,,1a6c9227-b55e-f620-1822-7f491fb351bb
a511c47c-d4cd-36d1-079e-237a2fb78b7c,Samantha Robinson,1989-08-25,SYN-892-54-9842,86129,757,2025-10-15,258,0,,a511c47c-d4cd-36d1-079e-237a2fb78b7c
c9fec4cc-ea68-eb0b-5e41-25d7e812a214,Jose Hartman,1964-01-06,SYN-718-59-8378,61898,685,2026-01-25,156,0,,c9fec4cc-ea68-eb0b-5e41-25d7e812a214
44216268-87d4-1ef2-573b-48b3773bf97d,Ryan Wheeler,1990-08-05,SYN-391-37-9417,84695,780,2026-03-11,111,0,,44216268-87d4-1ef2-573b-48b3773bf97d
d1f31a90-5fa3-d873-3a4b-8e98e653be8a,Brenda Harris,2001-12-31,SYN-212-17-8652,69793,679,2025-11-08,234,0,,d1f31a90-5fa3-d873-3a4b-8e98e653be8a
ac36ebe0-1a2d-191e-d6ce-75b1ba3ef02c,Eric Hall,2008-06-11,SYN-577-27-2932,61339,662,2025-06-10,385,0,,ac36ebe0-1a2d-191e-d6ce-75b1ba3ef02c
03e2e68c-647d-5c84-34f2-3196e2e57cac,Jason Patrick,1980-10-09,SYN-961-48-1024,88470,706,2025-05-03,423,0,,03e2e68c-647d-5c84-34f2-3196e2e57cac
47af5213-14e1-4725-c3a6-08667da32efa,Ronald Mahoney,1983-11-03,SYN-604-23-9666,56436,656,2026-01-29,152,1,ring_0197,ring_0197
7447dd1e-5ab6-1f5d-92ad-c1772c738aea,Anthony Mueller,1984-02-16,SYN-746-62-8480,47599,709,2026-05-20,41,0,,7447dd1e-5ab6-1f5d-92ad-c1772c738aea
7b5ef2ef-b1ff-8067-2997-60f20aa0aa73,Tammy Melton,1996-08-26,SYN-966-21-8597,56734,562,2026-06-01,29,0,,7b5ef2ef-b1ff-8067-2997-60f20aa0aa73
e34da75b-08f5-eb00-134c-2685f6b40726,Steven Thomas,2008-04-28,SYN-836-48-8526,90821,657,2026-06-01,29,0,,e34da75b-08f5-eb00-134c-2685f6b40726
d039712b-64b1-b51f-c4ee-c3a7c56f4378,Christina Bates,1985-06-26,SYN-868-85-5990,99601,795,2025-05-02,424,0,,d039712b-64b1-b51f-c4ee-c3a7c56f4378
7ed1781a-a0ac-5de4-3ab0-10b2c98157bc,Richard Roy,1981-12-18,SYN-207-92-8233,63418,688,2025-11-22,220,0,,7ed1781a-a0ac-5de4-3ab0-10b2c98157bc
a23bc153-b711-1ca2-c5ec-5fe162813361,Jeffrey Lyons,1996-09-19,SYN-167-74-6423,59876,694,2025-01-18,528,0,,a23bc153-b711-1ca2-c5ec-5fe162813361
fab9c6e5-5962-12a8-8d6f-5cf6a9211a60,Scott Lopez,1989-04-12,SYN-355-86-3292,70792,722,2025-09-10,293,0,,fab9c6e5-5962-12a8-8d6f-5cf6a9211a60
49111840-0228-3edd-a399-fb705075b0e8,Joe Gordon,1988-02-19,SYN-158-42-6651,73167,781,2025-06-08,387,0,,49111840-0228-3edd-a399-fb705075b0e8
473513fc-1043-1d61-bc50-6aed77db5129,Richard Mitchell,1999-01-07,SYN-966-53-8911,19335,706,2026-03-29,93,0,,473513fc-1043-1d61-bc50-6aed77db5129
ea8d78ad-b94b-8644-b1f5-27c2718bb5b7,Richard Rodriguez,1989-07-16,SYN-931-56-9483,109977,756,2026-02-15,135,0,,ea8d78ad-b94b-8644-b1f5-27c2718bb5b7
e1195bb7-18d8-b78e-4c2d-7f9d425b26f2,Tonya Harding,1988-05-12,SYN-322-93-1077,132729,696,2026-04-12,79,0,,e1195bb7-18d8-b78e-4c2d-7f9d425b26f2
2ab9f728-d96a-9264-e1f4-dad5c01af5f6,Terry Jones,1994-04-14,SYN-633-26-5856,77831,790,2026-01-11,170,0,,2ab9f728-d96a-9264-e1f4-dad5c01af5f6
5625b93e-bbb7-d6c6-c892-cad05e9d1b3a,Donna Freeman,1984-09-20,SYN-663-18-6822,48109,653,2025-01-01,545,0,,5625b93e-bbb7-d6c6-c892-cad05e9d1b3a
335ec859-2f74-383c-0ce2-140ac5862a02,Thomas Johnson,2006-02-18,SYN-530-53-2403,28280,616,2026-05-10,51,0,,335ec859-2f74-383c-0ce2-140ac5862a02
55e40c8f-e067-b7fd-e8a1-9741198c5f26,Derek Hall,1981-02-18,SYN-326-74-4067,52832,758,2026-05-17,44,0,,55e40c8f-e067-b7fd-e8a1-9741198c5f26
033cb1d2-b377-7601-9024-6cf60d918397,Mitchell Griffith,1997-07-26,SYN-570-87-5940,29539,806,2026-06-29,1,0,,033cb1d2-b377-7601-9024-6cf60d918397
b3822191-e624-5891-4c10-2b37094e0ca7,Jonathan Moss,1980-05-03,SYN-548-83-1082,123236,661,2026-01-19,162,0,,b3822191-e624-5891-4c10-2b37094e0ca7
e3c2726b-992c-bf6c-05f5-7ce1f4da3fed,Alexander Anderson,1982-07-03,SYN-403-16-4804,85899,782,2025-04-18,438,0,,e3c2726b-992c-bf6c-05f5-7ce1f4da3fed
4e1d8c74-f8f7-38bd-6b10-402e7f8a8999,Austin Smith,1971-02-13,SYN-442-49-1458,59392,626,2025-07-28,337,0,,4e1d8c74-f8f7-38bd-6b10-402e7f8a8999
dd528275-cf9b-d57c-28a5-a6b23a7f449f,Stacey Stone,1999-08-20,SYN-347-88-8290,71880,726,2026-02-08,142,0,,dd528275-cf9b-d57c-28a5-a6b23a7f449f
b1a924ea-ace8-a74f-7c3c-14f502996293,Dylan Long,1994-12-10,SYN-990-96-6185,37116,745,2026-01-14,167,0,,b1a924ea-ace8-a74f-7c3c-14f502996293
31a42e7b-ef20-2927-4b86-9722b31fed11,Lee Barry,2001-04-07,SYN-324-13-6845,77659,659,2025-12-01,211,0,,31a42e7b-ef20-2927-4b86-9722b31fed11
b4381a76-d4bd-72e1-b69d-ba9a3f9219a0,Veronica Osborne,1981-05-09,SYN-722-61-5406,109646,636,2025-08-15,319,0,,b4381a76-d4bd-72e1-b69d-ba9a3f9219a0
67c6dc09-5283-a835-d376-fb0b5f04fdcf,Joseph Richardson,1994-06-15,SYN-713-29-5051,60050,671,2026-03-16,106,1,ring_0168,ring_0168
ca6818e2-6b34-c0d4-9a47-54bb2a38f9c4,Jason Gomez,1989-10-23,SYN-254-10-9787,46684,696,2025-06-22,373,0,,ca6818e2-6b34-c0d4-9a47-54bb2a38f9c4
6ab852c7-e9cd-66cf-5969-93f7067c3431,Emily Robinson,1978-06-29,SYN-714-48-8204,23633,688,2025-10-25,248,0,,6ab852c7-e9cd-66cf-5969-93f7067c3431
1bc4ea14-f5d4-9ac1-f9a4-2227e928d9f8,Carrie Petersen,1989-08-31,SYN-797-86-5998,92603,700,2025-01-07,539,0,,1bc4ea14-f5d4-9ac1-f9a4-2227e928d9f8
4526b153-4c93-cf7f-a163-accadea81f9f,Robert Burns,1975-11-01,SYN-880-70-4629,55537,652,2025-11-07,235,0,,4526b153-4c93-cf7f-a163-accadea81f9f
a6029c81-b704-8c94-7dd2-203561cb5b13,Danny Lee,1974-04-22,SYN-149-33-8235,85781,678,2025-08-09,325,0,,a6029c81-b704-8c94-7dd2-203561cb5b13
7b71e190-95fc-8459-c12b-331d20b88bc3,Vickie Kennedy,1989-05-11,SYN-918-26-8225,24209,588,2025-04-09,447,0,,7b71e190-95fc-8459-c12b-331d20b88bc3
ac9047cf-cd35-c7a1-677e-1cac233b5e85,Ryan Hardy,1995-02-13,SYN-694-67-1933,144425,794,2025-11-18,224,0,,ac9047cf-cd35-c7a1-677e-1cac233b5e85
f302b9b7-e17c-f898-d968-b442d3998b98,Michael Gibson,1979-12-27,SYN-303-28-5672,58848,604,2025-07-16,349,0,,f302b9b7-e17c-f898-d968-b442d3998b98
141a4cff-1705-8555-a61b-a55e374308dc,Emily Bullock,1994-12-20,SYN-812-46-6537,23359,622,2025-07-29,336,0,,141a4cff-1705-8555-a61b-a55e374308dc
181b9c0b-4694-2465-0a89-baa7d0222e9a,Nathan Mcgee,1983-02-26,SYN-415-43-1914,45190,608,2025-12-23,189,0,,181b9c0b-4694-2465-0a89-baa7d0222e9a
f3cb492d-4969-6019-0da6-b1e14ed78b84,Jennifer Carpenter,1988-09-01,SYN-375-51-5517,41338,602,2025-06-22,373,0,,f3cb492d-4969-6019-0da6-b1e14ed78b84
7bebd4e7-226f-7769-dd8f-b848922192e0,Michael Young,1975-11-23,SYN-477-75-5521,56178,800,2026-06-28,2,0,,7bebd4e7-226f-7769-dd8f-b848922192e0
1cf1444a-4e60-fd62-a2f0-616462b1520e,Robert Lewis,2008-03-15,SYN-499-30-1996,43005,700,2025-05-04,422,1,ring_0196,ring_0196
1bcda053-f1e1-9bac-b1eb-91afeb041ab4,Timothy Wallace,1985-08-29,SYN-856-28-6808,45824,713,2026-01-29,152,0,,1bcda053-f1e1-9bac-b1eb-91afeb041ab4
1f59d714-95a5-ffdc-b112-5a7762405dad,Miranda Murray,1998-09-09,SYN-667-32-2377,30788,758,2025-05-18,408,1,ring_0004,ring_0004
ad75987a-d62c-5ae1-4cd8-d62eefbc6a33,Elizabeth Wilson,1984-02-26,SYN-715-21-1546,83582,546,2026-01-21,160,0,,ad75987a-d62c-5ae1-4cd8-d62eefbc6a33
fde2c39f-b79c-e938-2f39-b9da28b003c0,Scott Smith,1998-10-17,SYN-292-77-4715,45717,671,2026-04-12,79,0,,fde2c39f-b79c-e938-2f39-b9da28b003c0
348af959-ad87-9c73-f885-7e814ababdc5,Jonathan Williams,1972-01-05,SYN-807-42-4319,101496,819,2025-10-11,262,0,,348af959-ad87-9c73-f885-7e814ababdc5
4929bba0-46dc-1d5d-df78-15db3ab8fd15,Sara Jackson,1981-03-06,SYN-521-21-5235,39090,519,2026-03-20,102,1,ring_0046,ring_0046
e84e4bed-0dd9-9813-b419-24b12810697a,Brittany Kim,1976-11-18,SYN-574-85-4962,82920,567,2026-04-17,74,0,,e84e4bed-0dd9-9813-b419-24b12810697a
ed7ae7e2-b61f-5b1a-47e6-04f07881530f,Krista Williams,1992-01-02,SYN-333-35-6001,133242,596,2025-01-28,518,0,,ed7ae7e2-b61f-5b1a-47e6-04f07881530f
d56ff2af-0088-2319-fb61-9f03924939d8,Cheryl Newman,2005-09-08,SYN-895-24-9827,59317,713,2025-11-30,212,0,,d56ff2af-0088-2319-fb61-9f03924939d8
0a737455-1147-778e-df19-47585fff6fe5,Jeffrey Myers V,2008-02-01,SYN-841-42-1314,163320,698,2025-11-10,232,0,,0a737455-1147-778e-df19-47585fff6fe5
a04855d7-8f80-1830-9f12-657c602e7d3d,Scott Stephens,1993-07-04,SYN-911-55-6676,83100,579,2025-06-16,379,0,,a04855d7-8f80-1830-9f12-657c602e7d3d
79849bc6-2b9c-72a3-2b78-79952d5ef74a,Amanda Townsend,2008-05-22,SYN-235-87-4789,41032,707,2026-05-22,39,1,ring_0176,ring_0176
0b132547-b2eb-cc8b-fb3c-91a4193c4628,Robin Donovan,1978-02-16,SYN-813-56-3601,25208,554,2025-01-04,542,0,,0b132547-b2eb-cc8b-fb3c-91a4193c4628
ef3d9751-5517-e5d5-578c-f2c68cbabe6c,Kimberly Nelson,1990-06-24,SYN-381-31-3386,49249,827,2026-02-26,124,0,,ef3d9751-5517-e5d5-578c-f2c68cbabe6c
85a60ad1-0831-b579-f9cd-2c98bfc89c5b,Debra Davidson,1966-05-23,SYN-386-37-9310,250000,597,2026-04-05,86,0,,85a60ad1-0831-b579-f9cd-2c98bfc89c5b
c1f07df9-48ba-6806-978a-85810bf801c7,Brenda Cruz,1960-11-30,SYN-779-91-6775,126531,718,2025-01-03,543,0,,c1f07df9-48ba-6806-978a-85810bf801c7
4f690f72-2d24-e0d8-c3b2-91bb06e091b1,Jose Collins,1972-03-04,SYN-921-66-8845,57579,763,2026-05-25,36,0,,4f690f72-2d24-e0d8-c3b2-91bb06e091b1
93cef61c-e194-6000-3f3c-2b346af8bbac,Chelsea Green,1984-05-11,SYN-913-97-9526,20447,763,2026-01-01,180,0,,93cef61c-e194-6000-3f3c-2b346af8bbac
271d78b5-217a-89ff-e4c3-027c06658494,Billy Tate,1993-02-20,SYN-769-91-2545,73258,634,2025-03-20,467,0,,271d78b5-217a-89ff-e4c3-027c06658494
c452ee37-128a-6a77-6b86-ca60d5319d00,Kenneth Smith,1993-10-09,SYN-702-27-8982,89770,716,2025-04-22,434,0,,c452ee37-128a-6a77-6b86-ca60d5319d00
8ab20036-ae0d-cbcb-79d8-5d76762d2919,Kristen Sloan,1999-05-17,SYN-113-92-6371,42274,768,2026-03-17,105,0,,8ab20036-ae0d-cbcb-79d8-5d76762d2919
411e15f7-554f-aa7c-0dd4-585cf4b319fc,Katherine Thompson,1992-10-18,SYN-454-71-9572,49568,731,2025-08-08,326,1,ring_0072,ring_0072
5b51fa7d-f5fd-ae7d-89f7-b0bced7a79a2,Frank Robinson,1973-11-01,SYN-668-62-7631,47146,683,2025-06-08,387,0,,5b51fa7d-f5fd-ae7d-89f7-b0bced7a79a2
da4729af-b6ad-022e-f5c6-18f2129302db,Stanley Kelly,1999-10-05,SYN-540-60-1807,67681,684,2025-01-17,529,0,,da4729af-b6ad-022e-f5c6-18f2129302db
e21f084e-174a-14af-93d9-77e166ed8365,Dustin Blair,2001-02-09,SYN-966-88-9004,37445,718,2025-05-02,424,1,ring_0026,ring_0026
415ee55e-7e38-f6e2-e3c4-46ed3b4e5a34,Bethany Baxter MD,1979-05-15,SYN-869-97-5676,40076,659,2026-05-21,40,0,,415ee55e-7e38-f6e2-e3c4-46ed3b4e5a34
73f69e0f-066c-f529-5533-74e13fc1370b,James Bates,1995-12-02,SYN-263-79-7446,55495,619,2026-01-31,150,1,ring_0089,ring_0089
ee5cfd82-8782-d6ba-4378-f55dd2f909d1,Bradley Phillips,1996-03-11,SYN-299-15-8976,23647,687,2025-08-07,327,0,,ee5cfd82-8782-d6ba-4378-f55dd2f909d1
c01c4e14-0653-b103-4c1a-227ab49f12d7,Travis Tucker,2004-03-04,SYN-549-26-9806,31583,629,2025-01-03,543,0,,c01c4e14-0653-b103-4c1a-227ab49f12d7
b4e166d4-3d73-df0f-d89b-ce8aadb8efd7,Sara Hamilton,1983-07-25,SYN-312-23-1995,127638,653,2026-05-10,51,0,,b4e166d4-3d73-df0f-d89b-ce8aadb8efd7
33845bd5-f55e-b718-4326-8c4cbac51db7,Yvonne Rodriguez,1986-05-18,SYN-815-40-7550,35530,575,2025-09-03,300,0,,33845bd5-f55e-b718-4326-8c4cbac51db7
ee9ad686-4181-2ef4-169c-1132c0aa632f,Jonathan Johnson,2003-07-15,SYN-871-35-6047,45813,802,2026-03-31,91,0,,ee9ad686-4181-2ef4-169c-1132c0aa632f
53c2c4dc-8eba-9cc7-2c31-18651e7fc529,Carl Dean,1976-02-13,SYN-654-70-4774,70267,768,2025-12-15,197,0,,53c2c4dc-8eba-9cc7-2c31-18651e7fc529
c28865bc-4141-d5dc-5e8b-d198e44ad019,Stephanie Dominguez,1991-09-26,SYN-431-28-9877,163244,566,2025-11-25,217,0,,c28865bc-4141-d5dc-5e8b-d198e44ad019
58985d87-3534-72fa-5625-31e39da51203,Robert Price,1976-09-23,SYN-717-22-9108,101269,743,2025-02-18,497,0,,58985d87-3534-72fa-5625-31e39da51203
92508a88-5f4a-7de2-bd53-bc4ca0a3f1c2,James Nielsen,1981-07-28,SYN-521-20-5431,31474,770,2025-03-15,472,1,ring_0154,ring_0154
e006c6db-6192-b1b4-7d3b-eae905740452,Maria Taylor,1976-06-04,SYN-881-19-5061,24016,674,2026-02-25,125,0,,e006c6db-6192-b1b4-7d3b-eae905740452
667bbe89-f031-9158-8118-880f39b772b7,Penny Waters,1974-12-14,SYN-587-77-7419,52314,736,2025-03-28,459,0,,667bbe89-f031-9158-8118-880f39b772b7
bdc13495-7e1c-69cf-e3fb-877cb536f403,Victor Harmon,2007-09-04,SYN-759-43-6847,40610,715,2025-10-20,253,0,,bdc13495-7e1c-69cf-e3fb-877cb536f403
6a1e1211-744e-49f1-8817-28cf0a628daf,Justin Cuevas,1991-12-06,SYN-885-19-8428,55880,626,2025-02-06,509,0,,6a1e1211-744e-49f1-8817-28cf0a628daf
5d6b7ed9-34de-3eca-d378-64cef1fad7f3,Patricia Johnson,1971-01-21,SYN-897-86-1099,52975,740,2026-03-27,95,0,,5d6b7ed9-34de-3eca-d378-64cef1fad7f3
1898dd11-1345-28ac-76e4-38a697d0b446,Angela Trevino,2004-01-31,SYN-839-37-5761,62287,753,2025-08-21,313,0,,1898dd11-1345-28ac-76e4-38a697d0b446
e8402b2f-e87a-803d-1dbb-f0842c5cbe76,Erin Nelson,1975-08-11,SYN-561-82-3387,49951,661,2025-12-18,194,0,,e8402b2f-e87a-803d-1dbb-f0842c5cbe76
1dc41c8d-82d4-15d6-7d42-10ad9767145e,John Wheeler,1986-09-13,SYN-358-12-5207,50590,508,2026-05-09,52,1,ring_0210,ring_0210
1078a85c-76de-bc30-dfad-59d000f623f9,Larry Higgins,2007-10-02,SYN-875-25-6415,73715,652,2025-10-17,256,0,,1078a85c-76de-bc30-dfad-59d000f623f9
3ba6ff75-da5e-4933-05db-741ca51a58c2,Kristen Pena,1997-05-29,SYN-666-99-1363,41612,652,2025-01-10,536,0,,3ba6ff75-da5e-4933-05db-741ca51a58c2
a8dd65e6-0b75-4271-ef2a-4afb8597b3df,Misty Martinez,1990-06-28,SYN-210-41-4669,75578,818,2026-02-27,123,0,,a8dd65e6-0b75-4271-ef2a-4afb8597b3df
d254133b-76dc-bcd3-e74f-3fc0804259c1,Danielle Perkins,1993-06-09,SYN-621-14-8665,77975,647,2025-07-26,339,0,,d254133b-76dc-bcd3-e74f-3fc0804259c1
0df640a8-c65c-c7f2-9602-a6fe65c7c655,Linda Patrick,1984-02-10,SYN-605-29-5748,59441,719,2026-06-03,27,0,,0df640a8-c65c-c7f2-9602-a6fe65c7c655
1a2696ec-f523-a4b8-b454-eff2d02cfd70,Jessica Cobb,1985-06-05,SYN-613-15-9735,35246,814,2025-03-08,479,0,,1a2696ec-f523-a4b8-b454-eff2d02cfd70
74fbe46b-249f-9d19-4148-a8900372989f,Jesse Castro,2001-06-08,SYN-341-97-6004,94395,757,2026-02-10,140,0,,74fbe46b-249f-9d19-4148-a8900372989f
d2e76e94-f4b0-9d26-9cda-142d67c80625,Adrian Benson,2008-06-23,SYN-646-72-7563,60109,742,2025-06-30,365,1,ring_0200,ring_0200
b3beac32-e106-68cf-5602-c0a8ac0bd918,Heather Smith,1982-04-04,SYN-459-51-9210,72880,657,2025-04-07,449,0,,b3beac32-e106-68cf-5602-c0a8ac0bd918
5b0a38ef-0156-7d99-2e2a-fb0c72872b2a,Andrew Morales,1985-04-07,SYN-111-55-6303,33999,471,2026-05-05,56,0,,5b0a38ef-0156-7d99-2e2a-fb0c72872b2a
4f787f50-b98f-4be3-16e5-e4c825e3c9c4,Roger Moss,1988-03-07,SYN-748-77-3973,21217,643,2025-04-29,427,0,,4f787f50-b98f-4be3-16e5-e4c825e3c9c4
60ee8cbe-33ff-8856-93e0-7c464305245c,Earl Romero,2005-09-09,SYN-410-34-8305,25876,699,2025-09-07,296,0,,60ee8cbe-33ff-8856-93e0-7c464305245c
addb2743-7fad-7be1-6b13-fbb454a340eb,Mary Houston,1992-09-09,SYN-688-60-9314,66073,658,2025-06-13,382,0,,addb2743-7fad-7be1-6b13-fbb454a340eb
ffad63d8-de85-f7c3-3933-0574d0e009e0,Donald Cruz,1970-10-08,SYN-892-58-7252,78422,716,2025-09-01,302,0,,ffad63d8-de85-f7c3-3933-0574d0e009e0
3ad12811-717a-4aa4-1bbe-4e50752ed3ee,David Romero,1986-12-07,SYN-782-21-8834,74577,763,2026-06-11,19,0,,3ad12811-717a-4aa4-1bbe-4e50752ed3ee
6029d956-4a2d-b613-baea-e36a27dccd94,Ashley Moreno,1965-05-03,SYN-412-99-8507,38050,670,2025-03-18,469,0,,6029d956-4a2d-b613-baea-e36a27dccd94
708c315e-a406-d2bb-cbd9-446f935cf42f,Crystal Blackwell,1988-03-30,SYN-440-13-2321,39505,719,2025-01-15,531,1,ring_0141,ring_0141
2f914bf2-19ec-cc2a-3257-d951509dced4,Donna Williams,1975-01-25,SYN-787-37-9183,86202,638,2025-07-16,349,0,,2f914bf2-19ec-cc2a-3257-d951509dced4
9dbf07ec-431a-474b-caa7-947c8d3d1068,Nathaniel Baldwin,1968-11-17,SYN-241-87-1939,147906,664,2026-02-07,143,0,,9dbf07ec-431a-474b-caa7-947c8d3d1068
6c964110-95e5-1842-3a84-6e4c3e5c7c47,Jessica Lucas,1984-07-13,SYN-515-55-5976,74916,652,2025-10-05,268,0,,6c964110-95e5-1842-3a84-6e4c3e5c7c47
009755fb-0018-d1fe-3ca8-350466955fd6,Tyler Salazar,1973-10-13,SYN-429-75-6218,35035,777,2025-12-03,209,0,,009755fb-0018-d1fe-3ca8-350466955fd6
b1510a65-2861-5c38-c953-8c68495ae66d,Rachel Sullivan,1959-12-11,SYN-183-99-3565,27043,647,2025-01-16,530,0,,b1510a65-2861-5c38-c953-8c68495ae66d
620ea054-d527-3400-da30-6dece5bf1efc,Raymond Powell,1984-08-30,SYN-497-14-5996,177005,744,2026-05-02,59,0,,620ea054-d527-3400-da30-6dece5bf1efc
a1fae9be-324b-1662-2e7e-f1724681e9fc,Lance Hayes,1977-08-31,SYN-204-54-7268,78485,707,2025-01-17,529,1,ring_0044,ring_0044
3b187023-da6c-95a4-b709-038b4ab53467,John Moore,1986-01-15,SYN-701-35-5774,44607,598,2025-06-02,393,0,,3b187023-da6c-95a4-b709-038b4ab53467
bfdfcfb8-a812-d8ed-9c55-dcbe5e14d57a,Thomas Fisher,1970-11-12,SYN-339-44-6410,154520,754,2026-04-30,61,1,ring_0099,ring_0099
9bb7632e-e976-b95b-0a39-3190497302eb,Janet Ryan,1977-08-30,SYN-109-74-2240,63551,613,2026-03-18,104,0,,9bb7632e-e976-b95b-0a39-3190497302eb
c7c6378c-ee29-d50a-1f09-6a73769ffc55,Jennifer Sampson,1969-12-29,SYN-967-92-9857,26376,719,2026-06-16,14,0,,c7c6378c-ee29-d50a-1f09-6a73769ffc55
821b45cc-e161-dcb0-db5b-0af4eec54219,Miss Gina Walton,1983-11-27,SYN-900-18-2446,57257,685,2026-02-12,138,0,,821b45cc-e161-dcb0-db5b-0af4eec54219
082b4139-5629-5cd4-52e8-b34316087425,Andrew Medina,1997-08-21,SYN-483-22-7492,26051,704,2025-06-18,377,0,,082b4139-5629-5cd4-52e8-b34316087425
3f8801f4-d2ec-c3eb-9cef-2b7a8d4a89c5,Cynthia Moore,2006-02-24,SYN-760-14-1943,19818,731,2026-06-08,22,0,,3f8801f4-d2ec-c3eb-9cef-2b7a8d4a89c5
1437328a-3577-6edc-847e-fcdd97a5a68e,Thomas Sparks,1985-12-23,SYN-388-40-9510,69511,603,2025-06-23,372,0,,1437328a-3577-6edc-847e-fcdd97a5a68e
5a139fd4-9c20-3b2d-5e2c-f4f152987232,Kurt Daniels,2002-07-25,SYN-366-12-6898,56008,624,2025-12-31,181,0,,5a139fd4-9c20-3b2d-5e2c-f4f152987232
f1a6c3cc-44e7-72af-ad5c-880b4a965fa3,Rhonda Cervantes,1977-09-28,SYN-708-74-1928,33002,719,2025-02-02,513,0,,f1a6c3cc-44e7-72af-ad5c-880b4a965fa3
941b66d6-18db-301f-0979-543184d60225,Kayla Moore,1975-05-28,SYN-441-36-5936,59999,640,2026-01-20,161,0,,941b66d6-18db-301f-0979-543184d60225
c90452de-414f-2f5b-fbe1-bbd84127e393,Angela Ramirez,1981-07-29,SYN-287-30-2345,45088,718,2026-01-05,176,0,,c90452de-414f-2f5b-fbe1-bbd84127e393
64cc1bc9-49c1-08c2-a8c2-a679566dae53,Mark Baird,1966-07-22,SYN-690-94-6480,54450,839,2025-07-28,337,1,ring_0181,ring_0181
77c9d92f-2f08-5d24-54f0-39c90f2d5563,Ms. Stephanie Duran,1983-06-13,SYN-461-17-3985,26723,751,2025-04-05,451,0,,77c9d92f-2f08-5d24-54f0-39c90f2d5563
f619560d-d9bb-dae3-85be-7aaebc757062,Brittany Clements MD,1986-08-16,SYN-876-18-7858,72108,680,2025-01-21,525,0,,f619560d-d9bb-dae3-85be-7aaebc757062
86593596-892b-4b9c-c27e-f3368cbdc04e,Sara Fuller,1980-10-31,SYN-135-16-7556,106527,623,2025-06-09,386,0,,86593596-892b-4b9c-c27e-f3368cbdc04e
15598054-be59-f41a-3d3f-927c078a69ef,Carl Zimmerman,1967-04-19,SYN-352-21-5940,78908,619,2025-09-17,286,1,ring_0101,ring_0101
bc0c086f-0cf6-646a-2c95-8961b7a62cb9,Anna Thompson,1953-03-10,SYN-808-46-3569,58083,540,2025-12-16,196,0,,bc0c086f-0cf6-646a-2c95-8961b7a62cb9
2c4b29a3-9e33-d3e5-b0e6-9701d34121de,Jessica Mitchell,1981-11-05,SYN-138-91-1450,58600,655,2025-02-03,512,0,,2c4b29a3-9e33-d3e5-b0e6-9701d34121de
5a5d4779-0dbc-f3a1-d850-4ff414b3a2c6,Walter Bailey,1984-11-17,SYN-408-76-5740,31129,689,2026-04-19,72,0,,5a5d4779-0dbc-f3a1-d850-4ff414b3a2c6
198b6f0e-70cb-0d42-e445-88ccb02bebbf,Dean Thomas,1990-05-13,SYN-590-51-8713,42908,800,2026-03-28,94,0,,198b6f0e-70cb-0d42-e445-88ccb02bebbf
478b35e0-7228-3302-e04c-a4c3f57bf365,George Williams,1983-08-15,SYN-229-64-3017,15737,630,2026-06-18,12,0,,478b35e0-7228-3302-e04c-a4c3f57bf365
f1863d45-85bf-ae30-6af9-74c934fe7661,Glen Wood,1999-01-30,SYN-782-32-7825,230753,718,2025-09-27,276,0,,f1863d45-85bf-ae30-6af9-74c934fe7661
91546eae-2ef4-03da-c86a-776c5aaf48bd,Carolyn Cordova,1994-05-15,SYN-548-55-6618,67667,619,2025-08-09,325,0,,91546eae-2ef4-03da-c86a-776c5aaf48bd
ab5f0063-88ae-a5d1-32c6-78b12f8e53ae,Benjamin Werner,1983-04-18,SYN-809-86-9633,39224,636,2025-01-22,524,1,ring_0055,ring_0055
a1deef68-0fbb-3a29-050f-5319ffa6e8c2,Nicole Moore,1981-01-30,SYN-568-86-2703,38224,729,2025-05-06,420,0,,a1deef68-0fbb-3a29-050f-5319ffa6e8c2
26a899d9-3c6f-5b39-c101-696472ad44e8,John Todd,2002-03-13,SYN-349-82-3498,114382,621,2025-05-21,405,0,,26a899d9-3c6f-5b39-c101-696472ad44e8
5b6ddc44-e386-de2c-5792-acf040eda5a8,Heather Montes,1984-03-05,SYN-142-47-8039,113213,551,2025-10-04,269,0,,5b6ddc44-e386-de2c-5792-acf040eda5a8
342eb6e3-5cf3-ec8c-0be7-0452963fa6fb,Rachel Jones,1996-11-16,SYN-193-46-2784,100572,674,2025-02-01,514,0,,342eb6e3-5cf3-ec8c-0be7-0452963fa6fb
e5cd278d-6554-0f33-7a3c-11def2909983,William Austin,1985-12-28,SYN-826-86-2689,38273,740,2026-01-25,156,0,,e5cd278d-6554-0f33-7a3c-11def2909983
211d96b8-a25c-3e2e-ede6-ded013bd2203,David Smith,1985-06-16,SYN-365-33-1628,36980,614,2025-07-29,336,0,,211d96b8-a25c-3e2e-ede6-ded013bd2203
59703ad8-4f1a-4658-ed8f-1fbcc5dadc5e,Sarah Berry,1974-02-21,SYN-457-12-8870,32523,649,2026-03-12,110,0,,59703ad8-4f1a-4658-ed8f-1fbcc5dadc5e
d6b885b5-626d-f0a3-9f89-f18eb4fb4832,Katie Brown,1985-07-18,SYN-735-12-1286,49828,673,2025-02-10,505,0,,d6b885b5-626d-f0a3-9f89-f18eb4fb4832
69374fcc-a439-8b3d-c4d3-e35476224324,Rachel Taylor,1988-08-15,SYN-353-74-3974,58381,659,2025-04-24,432,0,,69374fcc-a439-8b3d-c4d3-e35476224324
259ff41b-832f-9e06-b7d3-6f37c4da102d,Willie Flynn PhD,1987-12-20,SYN-451-71-7068,55327,700,2025-10-03,270,0,,259ff41b-832f-9e06-b7d3-6f37c4da102d
e74b29b0-dd1d-88ed-a5ab-e431165fd1f5,Brian Fitzgerald,1986-08-06,SYN-414-65-7283,36879,668,2026-05-25,36,0,,e74b29b0-dd1d-88ed-a5ab-e431165fd1f5
ea79fd27-ceab-abd8-dc54-b64260fdca5c,Catherine Williams,1982-11-11,SYN-526-81-1636,48596,723,2025-08-14,320,0,,ea79fd27-ceab-abd8-dc54-b64260fdca5c
f5ee3a53-00e5-2011-2caa-bebbbb95ec8a,Matthew Leonard,2003-09-24,SYN-485-98-1914,61370,708,2025-10-30,243,0,,f5ee3a53-00e5-2011-2caa-bebbbb95ec8a
bfc94fc2-38ce-c8a7-7c57-1bcfb955bcb3,James Todd,1984-03-14,SYN-510-60-7025,57025,712,2025-06-14,381,0,,bfc94fc2-38ce-c8a7-7c57-1bcfb955bcb3
c4ea5def-79b6-84e8-cd59-012da32e6a42,Angel Becker DVM,1982-11-18,SYN-402-10-2652,41548,632,2025-09-14,289,0,,c4ea5def-79b6-84e8-cd59-012da32e6a42
e31cbbb8-8808-994d-0887-534749c1d22b,Heather Bowers,2002-02-04,SYN-122-33-2441,21608,535,2025-08-05,329,0,,e31cbbb8-8808-994d-0887-534749c1d22b
dc4f2b5a-a303-093b-6124-5bf98aadf78e,Miguel Williams,1983-10-17,SYN-266-16-2974,24272,634,2025-01-16,530,0,,dc4f2b5a-a303-093b-6124-5bf98aadf78e
7e2b184a-52ea-8e51-e3a0-86327774cd83,Dennis Thompson,1980-08-17,SYN-202-49-8657,35415,686,2026-03-20,102,0,,7e2b184a-52ea-8e51-e3a0-86327774cd83
7570d394-3aed-72db-de04-deeec861b214,Felicia Krueger,1985-02-10,SYN-988-47-7740,76467,697,2025-08-15,319,0,,7570d394-3aed-72db-de04-deeec861b214
0527d32a-cd32-c22b-5bb8-94b40fdaf490,Brad Lee,1991-04-02,SYN-930-89-5319,37720,736,2025-02-13,502,0,,0527d32a-cd32-c22b-5bb8-94b40fdaf490
3dd9dcac-7658-fd6b-2143-c4183ff530df,Kristopher Powers,1987-02-12,SYN-532-51-8951,62610,706,2025-06-20,375,1,ring_0194,ring_0194
c6446d75-40b1-15d0-9098-1c459a4af5fc,Andrew Whitney,2008-01-31,SYN-873-22-4255,45631,684,2025-06-30,365,0,,c6446d75-40b1-15d0-9098-1c459a4af5fc
332192ba-54ce-cbb7-b0c7-3e8f8328cf90,Mary Hoffman,1993-09-02,SYN-284-11-5728,51994,683,2025-11-23,219,0,,332192ba-54ce-cbb7-b0c7-3e8f8328cf90
47a7f775-ae89-ec6b-82df-df7ebd5101ef,Stephen Taylor,1980-08-07,SYN-171-37-3552,30773,549,2025-08-25,309,0,,47a7f775-ae89-ec6b-82df-df7ebd5101ef
20b7c03c-7af6-89ec-066d-e9d0369eda4b,Beth Hall,1995-06-20,SYN-574-24-9265,47651,644,2026-04-26,65,0,,20b7c03c-7af6-89ec-066d-e9d0369eda4b
154c8856-3d1b-3e07-78d6-8342af355928,Cassidy Paul,1986-05-19,SYN-756-48-4666,53932,813,2025-04-01,455,0,,154c8856-3d1b-3e07-78d6-8342af355928
6d479be8-dc3b-6633-6972-25863595a436,Paul Johnson,2001-10-02,SYN-936-12-6673,72566,803,2025-11-29,213,0,,6d479be8-dc3b-6633-6972-25863595a436
8f5401ef-8c11-a9a8-7ea4-1f6bc2f3d1f8,Mr. Joshua Cohen,2006-06-10,SYN-579-32-7688,54683,756,2026-06-08,22,0,,8f5401ef-8c11-a9a8-7ea4-1f6bc2f3d1f8
d102edb1-a4cc-340b-048e-295f69662b4c,Paul Fisher,1966-04-20,SYN-828-88-6991,91367,757,2026-03-20,102,0,,d102edb1-a4cc-340b-048e-295f69662b4c
1bba8409-5c19-da81-7fa6-fd9f1037e0ef,Maria Jones,1984-09-16,SYN-542-84-2563,96659,675,2026-04-19,72,0,,1bba8409-5c19-da81-7fa6-fd9f1037e0ef
da625c4f-50fd-e763-0d0a-b3fdaf34856d,Jodi Roach,1995-05-16,SYN-717-82-8568,61429,724,2025-11-04,238,0,,da625c4f-50fd-e763-0d0a-b3fdaf34856d
7d45b9d1-5e1d-b8ad-cfbd-499920a0c765,Michael Hicks,1995-10-08,SYN-331-80-4758,26141,638,2025-07-06,359,0,,7d45b9d1-5e1d-b8ad-cfbd-499920a0c765
01d723f0-84af-87ae-9db8-c04198a73680,Michael Woods,1958-09-08,SYN-251-22-4393,73903,654,2025-12-11,201,0,,01d723f0-84af-87ae-9db8-c04198a73680
9587bdc4-b931-b68e-0022-f507baf25d8c,Brandon Fleming,1994-10-18,SYN-357-34-2165,56333,648,2025-12-12,200,0,,9587bdc4-b931-b68e-0022-f507baf25d8c
305462b9-27e0-6224-61d8-8c96f76ee0e5,Antonio Johnson,2008-04-28,SYN-815-93-1464,31178,633,2025-05-09,417,0,,305462b9-27e0-6224-61d8-8c96f76ee0e5
e3564267-0bbb-89c0-deaf-404f8e66cce4,Nancy Lee,1975-01-11,SYN-317-48-3435,84938,733,2026-05-12,49,0,,e3564267-0bbb-89c0-deaf-404f8e66cce4
f99b6904-3aab-54b7-d21d-e3f727830fd5,Richard Rice,1997-02-09,SYN-980-98-2994,43864,696,2026-05-16,45,0,,f99b6904-3aab-54b7-d21d-e3f727830fd5
d7587fe3-89f7-95c6-0fc4-617a09d53dfa,Lisa Perry,1967-10-10,SYN-408-89-4362,110022,659,2025-08-07,327,0,,d7587fe3-89f7-95c6-0fc4-617a09d53dfa
b272799c-714e-1b20-d90a-3cb26266fb95,Shawn Duffy,1982-08-28,SYN-697-85-2522,55697,712,2025-09-16,287,0,,b272799c-714e-1b20-d90a-3cb26266fb95
3913839e-72df-bb37-3aad-1a5dcf58fd57,Teresa Adams,1963-09-02,SYN-719-43-4651,35197,775,2026-06-14,16,0,,3913839e-72df-bb37-3aad-1a5dcf58fd57
71b1e114-4f5a-9dca-25d5-a73543722813,Diana Nelson,1977-01-30,SYN-373-88-4421,39721,636,2026-01-17,164,1,ring_0030,ring_0030
7aec6042-3ce0-91c7-e9c9-88e8acba1fe0,Joshua Hayes,1982-02-25,SYN-560-96-3218,44941,667,2025-08-29,305,0,,7aec6042-3ce0-91c7-e9c9-88e8acba1fe0
f1afc581-e1df-7dc0-e70f-97d304f4c989,Kenneth Jackson,1970-05-07,SYN-687-50-2321,20479,459,2026-05-25,36,0,,f1afc581-e1df-7dc0-e70f-97d304f4c989
ed9e680c-506c-bb74-bed6-71422b77db1f,Michael Perry PhD,1989-08-10,SYN-994-43-8889,47612,738,2026-05-20,41,0,,ed9e680c-506c-bb74-bed6-71422b77db1f
07dee8e9-08ff-9efb-13f1-bdd46338cd90,Frank Lawrence,1991-05-16,SYN-238-23-1063,108648,812,2026-01-18,163,0,,07dee8e9-08ff-9efb-13f1-bdd46338cd90
d4762889-8c95-1b2e-2bfe-b4c3c058c796,Michael Rivera,1981-08-07,SYN-323-88-5031,69376,669,2026-05-10,51,1,ring_0048,ring_0048
53e351b5-8deb-a4fc-d13e-1b139659ed70,Raymond Porter,1977-08-28,SYN-434-66-2072,51870,578,2025-08-15,319,0,,53e351b5-8deb-a4fc-d13e-1b139659ed70
e315ce05-c44a-fa5f-97d7-280b231c1937,Joshua Oconnor,1979-05-16,SYN-131-60-4100,108604,538,2025-05-24,402,1,ring_0138,ring_0138
114f2b80-5a44-7992-6903-a9d413d8ebf1,Shannon Ramsey,1970-06-26,SYN-188-89-2009,110201,698,2025-01-16,530,0,,114f2b80-5a44-7992-6903-a9d413d8ebf1
9b87304d-6d17-21b0-f27b-74f649b35e4a,Joshua Reed,1981-01-31,SYN-679-52-7407,76548,589,2025-08-18,316,0,,9b87304d-6d17-21b0-f27b-74f649b35e4a
c8fa3564-f26a-6d0d-3ead-246003808244,Michael Henry,1970-11-29,SYN-792-62-8416,68469,708,2025-04-02,454,0,,c8fa3564-f26a-6d0d-3ead-246003808244
1e468439-3f8b-a375-c886-27bd8de65300,Melinda Hill,1976-03-25,SYN-114-57-4697,45234,690,2025-05-03,423,0,,1e468439-3f8b-a375-c886-27bd8de65300
c473bba4-c129-0545-27e1-2358a77cf9a6,Eileen Valdez,2008-01-04,SYN-206-94-9834,55341,683,2025-04-24,432,0,,c473bba4-c129-0545-27e1-2358a77cf9a6
667960ae-740c-b82d-d1fd-ebc6799750ac,Linda Bautista,1974-02-05,SYN-694-30-3709,129161,667,2025-03-29,458,0,,667960ae-740c-b82d-d1fd-ebc6799750ac
72294d77-754a-2f7f-b1fc-2107728cd595,Kyle Gross,2001-02-12,SYN-669-66-6727,32641,587,2025-10-28,245,0,,72294d77-754a-2f7f-b1fc-2107728cd595
c4ea7755-c6f0-1c67-e8ac-417bd33e37bc,Sonia Henderson,1975-04-02,SYN-685-44-9417,19513,704,2025-08-28,306,0,,c4ea7755-c6f0-1c67-e8ac-417bd33e37bc
f28190c9-124a-fd98-82c2-b974aab9bf78,Omar Weeks,1983-07-30,SYN-279-72-9350,79747,704,2025-10-21,252,0,,f28190c9-124a-fd98-82c2-b974aab9bf78
a3f838bf-92cf-ace8-a545-5bd76ec1111c,Nicole Brown,1981-03-30,SYN-796-16-1012,62168,789,2026-04-06,85,1,ring_0126,ring_0126
6e24abba-bad5-c34b-1938-c5e36d0bbb8a,Gavin Yates,1974-07-20,SYN-103-91-8502,34283,635,2025-10-16,257,0,,6e24abba-bad5-c34b-1938-c5e36d0bbb8a
0829e55a-f6a3-684e-913f-40c8bfbe415b,Ashley Norman,1989-09-15,SYN-574-76-4883,34140,647,2025-06-28,367,0,,0829e55a-f6a3-684e-913f-40c8bfbe415b
5e20780f-3cd9-239d-fd2f-2ff023635f9d,Mrs. Kristen Reyes,1993-11-18,SYN-614-55-2382,73388,475,2025-10-28,245,0,,5e20780f-3cd9-239d-fd2f-2ff023635f9d
359d9492-6878-f959-b614-52033def9a33,Tammy Williams MD,2008-05-20,SYN-686-65-5412,16042,763,2026-04-15,76,0,,359d9492-6878-f959-b614-52033def9a33
436ee95f-49d3-e61d-eea5-cdbbf1a25f04,Elizabeth Cooper,1999-08-26,SYN-524-60-5298,98960,735,2025-07-16,349,0,,436ee95f-49d3-e61d-eea5-cdbbf1a25f04
5635938e-a222-08c0-ebe5-179ff64ffae3,Karla Ramos,1983-01-25,SYN-489-32-9299,33842,687,2025-12-22,190,0,,5635938e-a222-08c0-ebe5-179ff64ffae3
0610b0ea-469a-b1f6-d7ad-d646db3ceba5,Zachary Mcgee,1979-08-11,SYN-416-55-6386,61866,759,2026-05-16,45,0,,0610b0ea-469a-b1f6-d7ad-d646db3ceba5
86c57dc9-9294-68b3-4f08-1a46cc02943b,Crystal Meza,1998-01-06,SYN-465-25-4555,39990,786,2026-03-04,118,0,,86c57dc9-9294-68b3-4f08-1a46cc02943b
a4a870fe-e588-fe8c-38d6-a8ac39a746c5,Susan Thompson,2002-11-25,SYN-688-87-5333,36952,609,2026-01-31,150,0,,a4a870fe-e588-fe8c-38d6-a8ac39a746c5
7c4fe0a8-17c9-8388-6ed5-6174e257db6c,Mrs. Raven Rivera DVM,1993-07-31,SYN-685-96-6508,79177,578,2025-02-26,489,0,,7c4fe0a8-17c9-8388-6ed5-6174e257db6c
1bb858bf-44e3-fb7e-0f81-891a50cba63a,Maria Olson,1991-04-27,SYN-891-59-5554,50177,651,2025-09-22,281,0,,1bb858bf-44e3-fb7e-0f81-891a50cba63a
08d88a81-bbdd-889a-2bbf-37b03b3f3b67,Annette Knapp,1994-12-20,SYN-150-56-9368,78272,718,2026-05-01,60,0,,08d88a81-bbdd-889a-2bbf-37b03b3f3b67
750c4f5c-16e5-45c7-16e6-5614b157fa28,Ryan Brown,1982-03-10,SYN-702-77-5226,50808,623,2026-03-14,108,0,,750c4f5c-16e5-45c7-16e6-5614b157fa28
79e501bc-f058-c663-f140-c55b242467a9,Erika Thompson,1989-07-20,SYN-918-64-3918,35712,549,2026-05-19,42,0,,79e501bc-f058-c663-f140-c55b242467a9
5135d74e-0a38-24d2-294f-610f2fe31843,Misty Garner,2002-02-28,SYN-347-31-9798,22116,673,2025-02-19,496,1,ring_0166,ring_0166
87443880-a70f-83a2-09b9-14ac8738aaad,Ryan Barker,1985-04-21,SYN-953-82-5963,36033,810,2025-07-22,343,0,,87443880-a70f-83a2-09b9-14ac8738aaad
456e0dff-411c-e762-84e9-91d8d04e9be5,Sarah Martin,1963-02-15,SYN-165-19-8918,105824,633,2026-06-02,28,0,,456e0dff-411c-e762-84e9-91d8d04e9be5
5ecee36e-b76f-6fb3-b754-efab83b8221c,Marie Davidson,1974-10-08,SYN-233-68-3542,40451,644,2025-09-21,282,0,,5ecee36e-b76f-6fb3-b754-efab83b8221c
eacfe4a5-ce43-afe6-d00b-babfc756c078,Raymond Finley,1977-01-22,SYN-962-40-2863,104229,681,2026-01-20,161,0,,eacfe4a5-ce43-afe6-d00b-babfc756c078
85e900da-3b98-1f9f-5e00-9681c46d8788,Destiny Joseph,1975-11-23,SYN-666-77-5403,92263,637,2025-01-25,521,0,,85e900da-3b98-1f9f-5e00-9681c46d8788
6fa889f2-df08-fbfc-5ff5-b94c69e1d925,Louis Brown,1999-11-07,SYN-676-88-1288,34517,781,2026-01-21,160,0,,6fa889f2-df08-fbfc-5ff5-b94c69e1d925
a6a7595c-ae7d-5b44-959a-aa51b3c500e1,Taylor Salinas,2004-07-09,SYN-766-36-6330,36025,669,2025-01-01,545,0,,a6a7595c-ae7d-5b44-959a-aa51b3c500e1
b07be2ec-5f23-80ed-ccd7-dec5150648ad,Jennifer Vaughn,1971-04-17,SYN-363-62-1545,29021,623,2025-10-12,261,0,,b07be2ec-5f23-80ed-ccd7-dec5150648ad
11362a01-07e6-afbe-a589-10f589a16c9b,Steven Davis,1961-03-15,SYN-669-85-5773,43335,635,2025-10-10,263,0,,11362a01-07e6-afbe-a589-10f589a16c9b
d07251ce-7d1f-b21f-88a9-5fd6f6cb6eee,Robert Hampton,1978-12-11,SYN-876-39-7047,125065,627,2025-09-22,281,0,,d07251ce-7d1f-b21f-88a9-5fd6f6cb6eee
4b0750bd-2dd1-1469-831c-b00144a16706,Linda Bailey,1985-08-22,SYN-260-76-1309,35899,644,2025-02-04,511,0,,4b0750bd-2dd1-1469-831c-b00144a16706
00022b77-6bfd-3e52-2123-e963019e6f9e,Angela Lin,1993-04-05,SYN-944-95-2992,67579,626,2025-03-12,475,0,,00022b77-6bfd-3e52-2123-e963019e6f9e
e6b0ffa7-142f-7721-bf1d-855828b4bdfd,Joshua Lopez,1996-08-12,SYN-727-45-6384,105881,651,2025-12-09,203,0,,e6b0ffa7-142f-7721-bf1d-855828b4bdfd
571cfb42-b2b7-52ee-721d-73f8148f574f,Andrew Harris,1974-11-24,SYN-877-19-5711,118665,738,2025-10-12,261,0,,571cfb42-b2b7-52ee-721d-73f8148f574f
5a3397bd-b8aa-2d4b-e53c-74f1724cb9f1,Sandra Joseph,2004-10-07,SYN-467-83-3382,94071,605,2025-10-16,257,1,ring_0214,ring_0214
b2b81ae6-01f7-0270-d469-d58ffde7110e,Samantha Morrow,1980-10-08,SYN-315-41-3345,52943,596,2025-04-12,444,0,,b2b81ae6-01f7-0270-d469-d58ffde7110e
f7ba2ab2-c6a3-92c1-852f-7ceafe03df59,Mrs. Laurie Williams MD,1990-04-09,SYN-899-66-9329,54112,592,2025-01-28,518,0,,f7ba2ab2-c6a3-92c1-852f-7ceafe03df59
24d13219-c1f3-23f7-b15e-0b5bc616ad43,Joel Newton,1987-03-19,SYN-451-25-4470,96394,560,2025-11-26,216,0,,24d13219-c1f3-23f7-b15e-0b5bc616ad43
34ab978e-f329-3b39-cbad-f731841329bf,Christopher Smith,1993-06-17,SYN-788-46-1534,73361,707,2026-06-28,2,0,,34ab978e-f329-3b39-cbad-f731841329bf
6a7d2411-0704-464d-4c3e-85622cecbb71,Melissa Clark,1976-07-08,SYN-908-31-9582,37667,588,2025-08-17,317,0,,6a7d2411-0704-464d-4c3e-85622cecbb71
9c15453e-867b-6467-1814-978813f8a47a,Jennifer Reilly,1985-06-11,SYN-649-99-6762,79069,644,2025-06-16,379,0,,9c15453e-867b-6467-1814-978813f8a47a
273c0a98-ef96-be16-e460-581e5da1b299,Leslie Diaz,1988-09-30,SYN-455-36-9254,33760,723,2025-10-27,246,0,,273c0a98-ef96-be16-e460-581e5da1b299
6769e879-f573-41b2-0e1f-043c125b220f,Christina Flores,1986-10-23,SYN-947-58-8571,83887,624,2025-02-06,509,0,,6769e879-f573-41b2-0e1f-043c125b220f
ecadd181-2e66-e798-a8ad-8b2297703b40,Megan Adams,1983-07-07,SYN-472-89-3582,37094,693,2025-12-07,205,0,,ecadd181-2e66-e798-a8ad-8b2297703b40
765d28d7-b0ff-726b-05df-aca533cf1049,Edward Lawson,1995-06-22,SYN-771-70-7224,31326,644,2025-08-18,316,0,,765d28d7-b0ff-726b-05df-aca533cf1049
12d52570-ff02-8ea0-b640-8de989c7960b,Michael Buchanan,1974-11-23,SYN-965-85-9758,42820,715,2025-02-12,503,0,,12d52570-ff02-8ea0-b640-8de989c7960b
737787a3-f38d-b896-f13b-b1dee0beb298,Andrea Ramos,1984-10-08,SYN-856-69-9057,53961,596,2026-03-19,103,0,,737787a3-f38d-b896-f13b-b1dee0beb298
6e3385e1-ff1d-279c-cd7b-9721b41d669c,David Hall,1958-06-02,SYN-802-93-4920,48889,565,2025-10-06,267,1,ring_0074,ring_0074
1ac1b7d6-d25f-f4e2-8340-15bbfd8e19b1,Lynn Smith,1984-09-30,SYN-326-91-2453,56529,622,2026-05-14,47,0,,1ac1b7d6-d25f-f4e2-8340-15bbfd8e19b1
bfeedb06-86dd-822b-a12e-96bf1032b983,Samuel Mata,2005-03-24,SYN-809-15-6071,30373,713,2025-11-19,223,0,,bfeedb06-86dd-822b-a12e-96bf1032b983
9d1ffec1-1bb4-26d7-3e8b-c707fe4fdbf2,Heidi Baldwin,1996-01-15,SYN-100-89-6112,50296,621,2025-09-26,277,0,,9d1ffec1-1bb4-26d7-3e8b-c707fe4fdbf2
e7aa41df-2353-45d3-63f2-1bfaa53ed475,Ethan Frey,1988-05-22,SYN-375-52-6647,102426,808,2026-05-19,42,0,,e7aa41df-2353-45d3-63f2-1bfaa53ed475
fafc0914-8f46-61a5-337d-4d7a2eacf615,Jane Shields,1950-09-14,SYN-515-89-5654,129947,795,2026-01-19,162,1,ring_0111,ring_0111
5692ad38-b812-19db-3fe5-53e1b348f22a,Toni Gill,1988-07-31,SYN-243-14-5967,88568,671,2026-01-20,161,0,,5692ad38-b812-19db-3fe5-53e1b348f22a
87c539a1-206b-e67b-7c0f-8ba11afe5fa5,David Robinson,2008-05-09,SYN-889-75-9846,43797,678,2026-04-17,74,0,,87c539a1-206b-e67b-7c0f-8ba11afe5fa5
9dfd6512-4a67-bcd1-6741-ea6e35502318,Amanda Cook,1983-06-17,SYN-947-47-7014,109145,557,2025-11-07,235,0,,9dfd6512-4a67-bcd1-6741-ea6e35502318
fa126e62-ce36-203a-cffe-1e7ca939c3bd,John Olson,1973-12-30,SYN-520-44-5451,81853,768,2025-08-06,328,0,,fa126e62-ce36-203a-cffe-1e7ca939c3bd
bb8055ff-b23b-fb52-08af-cf709700efd2,Randy Robinson,1992-12-18,SYN-659-97-6561,46906,850,2025-03-10,477,0,,bb8055ff-b23b-fb52-08af-cf709700efd2
7908c1d3-8055-e332-feb2-f49f675003db,Rebecca Patel,1988-12-06,SYN-191-62-2267,49521,530,2025-09-20,283,0,,7908c1d3-8055-e332-feb2-f49f675003db
de65e0fe-84ba-1641-0756-3554fecf013e,Christopher Thomas,1991-10-13,SYN-611-52-7567,44683,657,2025-04-02,454,0,,de65e0fe-84ba-1641-0756-3554fecf013e
bf0d0ce3-318d-6fba-4ccc-c820854ee7d3,Tanya Welch,1986-03-28,SYN-467-31-6120,114945,559,2025-04-05,451,1,ring_0015,ring_0015
fe95e1c8-bc2d-0337-2a10-96b66f5a9ec3,Tracy Hines,1977-11-12,SYN-642-73-5923,43554,724,2025-08-14,320,1,ring_0201,ring_0201
2e02ba0d-044f-5c6b-7112-8b25d50f8b0a,Zachary Ramos,1993-01-21,SYN-858-56-5324,43225,653,2025-02-19,496,0,,2e02ba0d-044f-5c6b-7112-8b25d50f8b0a
07a43843-ae9c-5639-bbed-fe05e15f85c7,Benjamin Johnson,1996-07-16,SYN-244-72-3281,146194,820,2025-12-30,182,0,,07a43843-ae9c-5639-bbed-fe05e15f85c7
a4170fd8-7b0e-dee0-d9fd-b69a5ed11bee,Andrew Brown,1979-12-16,SYN-887-80-7672,62652,722,2025-08-04,330,1,ring_0042,ring_0042
93eb4c92-5157-1172-0439-50c864c8a4eb,Stephanie Cortez,2007-11-19,SYN-874-35-7045,116833,850,2026-05-09,52,0,,93eb4c92-5157-1172-0439-50c864c8a4eb
e1370e66-428c-a05e-dd24-9d2b51d36c0e,Sarah Holt,2000-05-02,SYN-153-53-7635,42217,642,2025-02-24,491,0,,e1370e66-428c-a05e-dd24-9d2b51d36c0e
bec1ea88-bcaf-6f74-8764-32b98dbde4a4,Eric Ponce,1987-12-11,SYN-566-91-9947,96287,702,2025-07-06,359,0,,bec1ea88-bcaf-6f74-8764-32b98dbde4a4
26ffb412-ae7f-afdd-d65b-a6614f8d54a6,Natalie Martinez,1972-04-11,SYN-997-74-3971,64690,702,2025-09-16,287,0,,26ffb412-ae7f-afdd-d65b-a6614f8d54a6
37fb6748-0c69-2b3f-68c7-6f729eea2b29,James Tran,2003-03-26,SYN-798-39-7255,47609,577,2025-07-07,358,0,,37fb6748-0c69-2b3f-68c7-6f729eea2b29
583556e5-b427-0762-e49d-9c1326e354e4,Michael Guzman,1990-10-24,SYN-896-74-9400,70391,652,2025-12-04,208,1,ring_0090,ring_0090
5bba5c6d-82a5-7e0d-b963-270398b0f2d7,Benjamin Bowen,1979-01-24,SYN-121-83-5932,107017,754,2025-03-30,457,0,,5bba5c6d-82a5-7e0d-b963-270398b0f2d7
4d5c2a8f-c9b8-34f7-732f-401edcb0e76c,Joshua Gonzalez,1986-09-02,SYN-653-63-3669,37876,651,2025-02-21,494,1,ring_0118,ring_0118
93d25e7f-4c55-d2d1-257d-2c9210330e58,Tony Villa,1971-09-23,SYN-957-75-3720,89022,676,2025-06-18,377,1,ring_0063,ring_0063
034c5795-8a39-9be4-b141-a2f73fcff8e1,Sean Anderson,1981-03-13,SYN-935-64-7995,67678,628,2026-04-29,62,0,,034c5795-8a39-9be4-b141-a2f73fcff8e1
c459fa7f-ced4-53b7-f7a2-51f346d4cca1,Melanie Baker,1994-05-07,SYN-707-69-2873,74262,638,2026-02-04,146,0,,c459fa7f-ced4-53b7-f7a2-51f346d4cca1
e85ab1a1-f217-c682-5de7-8f0148b4aba5,Alex Jones DVM,1989-05-02,SYN-126-43-4145,30676,694,2025-07-05,360,0,,e85ab1a1-f217-c682-5de7-8f0148b4aba5
9cdd1169-ea7e-e8de-c94e-9b4cb7df4dbe,Kathy Robinson,1991-05-25,SYN-954-82-1669,64733,531,2025-09-26,277,0,,9cdd1169-ea7e-e8de-c94e-9b4cb7df4dbe
0b28cf81-b7b3-8dff-3cbd-c278eaca7f7a,John Coffey,1994-10-25,SYN-876-18-2904,75650,685,2026-03-22,100,0,,0b28cf81-b7b3-8dff-3cbd-c278eaca7f7a
c1dd36ed-2bb0-cc7b-df9d-d00175c9ac3a,Jill Ray,1991-06-19,SYN-751-25-2693,59579,670,2025-01-23,523,0,,c1dd36ed-2bb0-cc7b-df9d-d00175c9ac3a
167d4eaf-f7d1-ce4e-e153-ba5a64bfa92e,Arthur White,1992-04-26,SYN-254-52-1491,108753,670,2026-06-01,29,0,,167d4eaf-f7d1-ce4e-e153-ba5a64bfa92e
d099cb6c-c019-cd45-f14a-1465ea9d9201,Michael Stanley,1983-03-23,SYN-206-69-4854,62063,759,2025-08-28,306,0,,d099cb6c-c019-cd45-f14a-1465ea9d9201
4ceae24e-ca9c-4ccb-f4bc-6365f10189ce,Laura Ritter,1961-08-18,SYN-880-22-3221,48233,673,2025-03-10,477,0,,4ceae24e-ca9c-4ccb-f4bc-6365f10189ce
1bc4d267-a07d-ca92-668b-838b17078190,Deborah Roberson,1994-01-05,SYN-577-11-7514,76338,760,2025-07-24,341,0,,1bc4d267-a07d-ca92-668b-838b17078190
af34a522-599a-7d89-c197-431754f47546,Sherry Porter,1990-06-23,SYN-294-78-8228,66198,811,2025-12-24,188,0,,af34a522-599a-7d89-c197-431754f47546
00e6511d-d83a-90f3-e58b-ecbfa55003f3,Natalie Stanley,1959-08-12,SYN-287-86-5389,66250,634,2025-10-03,270,0,,00e6511d-d83a-90f3-e58b-ecbfa55003f3
61e5c7b2-5c57-c72f-233b-6c1956fd2aac,Lori Alvarez,1984-10-04,SYN-387-78-6221,49686,830,2025-01-26,520,0,,61e5c7b2-5c57-c72f-233b-6c1956fd2aac
e379f38c-8def-ab38-a001-a2b747fead4b,Rodney Avila,1994-11-24,SYN-158-14-6286,89985,679,2025-03-07,480,0,,e379f38c-8def-ab38-a001-a2b747fead4b
d9d50ff4-b425-e1ce-456b-c78247087e44,Lucas Nguyen,1997-11-23,SYN-849-54-1433,35310,640,2025-04-17,439,0,,d9d50ff4-b425-e1ce-456b-c78247087e44
d6ac50bc-4e8d-83a3-21f8-e83063faf193,Marilyn Henry,1969-02-16,SYN-106-19-2843,79369,662,2026-03-22,100,0,,d6ac50bc-4e8d-83a3-21f8-e83063faf193
31ecec69-956c-a546-6cb9-386a5bebdf14,Pam Hernandez,1989-08-31,SYN-385-94-3033,32306,622,2026-01-19,162,0,,31ecec69-956c-a546-6cb9-386a5bebdf14
5f85e812-7872-0a97-b933-668acf1b1239,Toni Whitaker,2003-12-01,SYN-945-52-8611,26591,584,2026-04-10,81,0,,5f85e812-7872-0a97-b933-668acf1b1239
db022c62-daec-1de4-99ac-505e9ae24f01,Garrett Carpenter,1982-06-19,SYN-899-84-9157,51859,718,2025-11-14,228,0,,db022c62-daec-1de4-99ac-505e9ae24f01
8a2ee6c3-ec01-b211-5791-85c92f930938,Jaclyn Long,1993-01-26,SYN-165-44-6599,60424,740,2025-09-30,273,0,,8a2ee6c3-ec01-b211-5791-85c92f930938
bf108ea3-3d44-064c-ed6e-3fe2bc54fc70,Sharon Kaufman,1991-04-17,SYN-524-22-7323,50439,640,2026-05-26,35,1,ring_0008,ring_0008
58ce91c8-95e6-2ef7-97e6-20eb897d4d2c,Isaac Mcfarland,1976-01-01,SYN-775-77-7007,22832,666,2025-01-05,541,1,ring_0141,ring_0141
8ad5292f-7dad-022f-372c-729f594647f9,Philip Hodges,1993-09-06,SYN-104-91-6463,35876,818,2026-02-18,132,0,,8ad5292f-7dad-022f-372c-729f594647f9
d902e059-c970-4b0c-6d96-f33dd5897524,Amber Zhang,2002-08-16,SYN-719-62-3695,24119,586,2025-01-25,521,0,,d902e059-c970-4b0c-6d96-f33dd5897524
542e6ee4-d572-87b7-da1b-9b841f6dfcaa,Austin Baker,1991-04-06,SYN-967-13-1465,20419,727,2025-05-30,396,0,,542e6ee4-d572-87b7-da1b-9b841f6dfcaa
9fe0ed45-9c1d-a362-87b8-1a2b56c4e362,Michael Nelson,1973-10-28,SYN-469-74-4481,29653,706,2025-06-18,377,0,,9fe0ed45-9c1d-a362-87b8-1a2b56c4e362
4ea54ee0-b4c2-5cc3-a09e-01d395f5821a,Richard Young,1978-12-09,SYN-225-15-4169,39632,756,2026-06-19,11,0,,4ea54ee0-b4c2-5cc3-a09e-01d395f5821a
22b0d009-55de-fcf5-20d1-d5d5f74c2a77,Dylan Johnston,1997-07-29,SYN-313-62-9301,82804,600,2025-01-02,544,0,,22b0d009-55de-fcf5-20d1-d5d5f74c2a77
d245893e-d350-9452-ed64-54ac76c2356e,Patrick Blackburn,1991-01-22,SYN-726-47-6348,56629,736,2025-02-04,511,0,,d245893e-d350-9452-ed64-54ac76c2356e
9d35d89b-8d9f-b10f-224c-7f738b258a98,Debra White,1996-03-28,SYN-320-67-3959,209406,777,2026-02-25,125,0,,9d35d89b-8d9f-b10f-224c-7f738b258a98
d1536b7a-8efd-703c-de95-a561db29d99c,Timothy Wilson,1991-09-09,SYN-506-31-2346,27889,666,2026-03-17,105,1,ring_0026,ring_0026
64ee2934-1959-dea8-4a66-4364af300d03,Dennis Arnold,1967-11-02,SYN-707-68-7968,49181,672,2025-12-12,200,0,,64ee2934-1959-dea8-4a66-4364af300d03
7ea5e0ed-9e6d-5bdd-b8ea-05919cda38de,Eric Williams,1980-11-17,SYN-330-18-5934,95598,669,2025-12-19,193,0,,7ea5e0ed-9e6d-5bdd-b8ea-05919cda38de
8f2d6f60-694f-9713-d141-5767ac10dd7f,Tiffany Mcgee,1994-08-03,SYN-432-74-8807,34911,639,2025-06-26,369,0,,8f2d6f60-694f-9713-d141-5767ac10dd7f
7eace72a-5cc4-c5bd-f1d9-1cd39851d1f1,Jennifer Lewis,1998-12-22,SYN-712-35-6350,69388,514,2025-08-08,326,0,,7eace72a-5cc4-c5bd-f1d9-1cd39851d1f1
d0fb2edb-476b-178e-2c71-ff152b949830,Nicole Sanchez,1968-10-15,SYN-781-46-5238,98471,658,2025-11-02,240,0,,d0fb2edb-476b-178e-2c71-ff152b949830
8fb15cd4-fdb6-4ee0-0209-9f9e6710376c,Annette Trevino,1986-06-11,SYN-392-64-6668,24141,782,2025-07-13,352,1,ring_0168,ring_0168
91de0bed-76ae-4dbb-fa37-f840a6abc80f,Joe Greene,1978-07-15,SYN-101-47-8388,53311,802,2025-11-13,229,0,,91de0bed-76ae-4dbb-fa37-f840a6abc80f
6b3ab83e-9f62-5fec-084a-928c1daf045b,Megan Hall MD,1997-08-24,SYN-221-55-4836,25341,617,2026-03-22,100,0,,6b3ab83e-9f62-5fec-084a-928c1daf045b
f8d95785-86a4-8df2-3980-e86817712c5c,Cynthia Green,1987-10-22,SYN-726-85-3854,48171,808,2026-05-21,40,0,,f8d95785-86a4-8df2-3980-e86817712c5c
7e271d2d-78df-95ca-6fb6-a2cd99191b14,Brian Allen,2004-12-30,SYN-457-93-9775,54728,602,2025-11-05,237,0,,7e271d2d-78df-95ca-6fb6-a2cd99191b14
3b080b17-354e-b11c-f7be-4ff82dda8e69,David Medina,1979-01-05,SYN-223-91-5342,45772,621,2026-01-19,162,0,,3b080b17-354e-b11c-f7be-4ff82dda8e69
71dfe655-cd27-e916-5f92-5dd29d25c3f1,Amy Higgins,1992-01-25,SYN-409-40-4503,34098,647,2026-02-28,122,0,,71dfe655-cd27-e916-5f92-5dd29d25c3f1
047154c4-144c-ea79-5cc8-28b395eddad3,Ashley Stevens,2008-01-17,SYN-444-23-7841,54658,730,2025-03-19,468,0,,047154c4-144c-ea79-5cc8-28b395eddad3
30d368e8-5848-54c0-349b-e1a89eb13b1d,Eric Taylor,1979-08-26,SYN-406-57-8212,59354,564,2025-12-04,208,0,,30d368e8-5848-54c0-349b-e1a89eb13b1d
0a1c50dc-4560-1674-a790-b2075fa031bd,Barbara Glover,1964-07-24,SYN-222-56-7980,17324,652,2026-03-04,118,0,,0a1c50dc-4560-1674-a790-b2075fa031bd
530f0c1a-9104-ff79-4b88-8165a32b80be,Emily Reed,1990-09-02,SYN-518-80-6597,24510,687,2025-03-23,464,0,,530f0c1a-9104-ff79-4b88-8165a32b80be
ba64d88a-4133-4f74-7835-0a295b904e1b,April Frost,1994-09-01,SYN-571-76-7658,43277,682,2025-08-08,326,0,,ba64d88a-4133-4f74-7835-0a295b904e1b
21d456d7-0fcc-1152-ae81-ce48483adbf6,Kaylee Hays,1975-04-15,SYN-349-75-5058,111173,704,2026-01-15,166,0,,21d456d7-0fcc-1152-ae81-ce48483adbf6
477126c6-1b6b-51d0-9e7a-20676338ec33,James Webster,1980-04-17,SYN-169-28-9707,61348,791,2025-12-23,189,0,,477126c6-1b6b-51d0-9e7a-20676338ec33
62df5107-b9a6-c6a3-dbc8-877daa6f7b74,Cassandra Moreno,1985-05-25,SYN-221-72-1461,63871,694,2025-12-17,195,0,,62df5107-b9a6-c6a3-dbc8-877daa6f7b74
7053f698-c0e1-ac22-ed2e-fb88a1cddcca,Nathan Brown,1987-07-12,SYN-670-47-8159,15000,767,2025-09-24,279,0,,7053f698-c0e1-ac22-ed2e-fb88a1cddcca
9257fd08-c155-ec0a-e40b-06eb87376ee1,Robert Thomas PhD,1982-04-10,SYN-859-74-4999,31062,724,2025-03-14,473,0,,9257fd08-c155-ec0a-e40b-06eb87376ee1
142910ba-c0bd-62c8-baeb-e6bc0220113a,Ashley Phillips,1979-10-10,SYN-673-21-6058,65340,665,2026-06-11,19,0,,142910ba-c0bd-62c8-baeb-e6bc0220113a
36bef6bf-cec9-a9b2-4d36-6dbe439300ab,Jenny Gray,1991-07-15,SYN-401-16-1006,106233,701,2025-12-02,210,0,,36bef6bf-cec9-a9b2-4d36-6dbe439300ab
b56bc7b1-0dea-3109-fad1-5eb2a73d0cd9,Michael Smith,1965-04-23,SYN-142-92-3473,28870,752,2026-06-25,5,0,,b56bc7b1-0dea-3109-fad1-5eb2a73d0cd9
e90e848b-2671-94b2-5dad-9690da0e975c,Patricia Paul,1991-09-22,SYN-958-28-8593,26419,626,2025-05-29,397,0,,e90e848b-2671-94b2-5dad-9690da0e975c
9a79081a-80f3-5d81-fd63-b0dfb17c9763,Glenn Collins DDS,1962-08-09,SYN-439-24-9269,68970,747,2025-05-21,405,0,,9a79081a-80f3-5d81-fd63-b0dfb17c9763
077cbc4d-a12a-d1a5-baf1-682714d65c9c,Joseph Jimenez,1990-04-08,SYN-257-54-2490,35229,577,2025-03-06,481,0,,077cbc4d-a12a-d1a5-baf1-682714d65c9c
d6fafc46-5ebb-f5ef-884d-3bcdc5df62a2,Monica Anderson,1989-05-17,SYN-549-80-2376,26534,785,2025-04-04,452,0,,d6fafc46-5ebb-f5ef-884d-3bcdc5df62a2
9d84e08c-8979-348d-33ba-d8dae12ccb12,Melissa Grant,1977-03-16,SYN-493-53-9284,45250,676,2025-05-30,396,0,,9d84e08c-8979-348d-33ba-d8dae12ccb12
86a304e2-81b4-19dd-649b-edb892481c5d,Wayne Alvarado,1993-04-01,SYN-536-38-1367,46775,608,2025-09-12,291,1,ring_0063,ring_0063
54e77557-5969-980f-ff13-98c907a80068,Barbara Stout,1990-03-25,SYN-567-11-2353,43445,769,2026-01-19,162,1,ring_0054,ring_0054
0daf88cf-ead5-e986-ae82-74ca26b078a0,Nathan Hess,1987-09-20,SYN-999-12-5561,37462,609,2025-12-08,204,0,,0daf88cf-ead5-e986-ae82-74ca26b078a0
ebc3b608-1e1e-fbc6-e814-6d003ff4691c,Kyle Armstrong,2007-08-01,SYN-568-72-9415,58427,729,2026-04-21,70,0,,ebc3b608-1e1e-fbc6-e814-6d003ff4691c
dc9c6063-51e9-13dc-8dbc-0fac9fef5c18,Jamie Johnson,1989-12-27,SYN-443-86-1873,49169,728,2026-01-25,156,0,,dc9c6063-51e9-13dc-8dbc-0fac9fef5c18
835f4fba-0cfa-bfb8-e406-5842531b50d3,Audrey Richardson,1994-11-30,SYN-135-55-7969,80175,610,2026-02-16,134,0,,835f4fba-0cfa-bfb8-e406-5842531b50d3
b0694fc5-a86f-fd33-3d65-1206b874200d,Katherine Wright,1973-06-25,SYN-371-96-1923,36627,724,2026-04-30,61,0,,b0694fc5-a86f-fd33-3d65-1206b874200d
ce7fe84a-de55-5e14-133a-f53288f7ed30,Jessica Munoz,2004-11-23,SYN-691-26-3272,82292,715,2026-02-18,132,0,,ce7fe84a-de55-5e14-133a-f53288f7ed30
77e2bfff-bbed-29bd-fdb3-a5ec7e8711d5,Mitchell Williams,1987-08-02,SYN-469-82-3938,25568,731,2026-05-25,36,0,,77e2bfff-bbed-29bd-fdb3-a5ec7e8711d5
1b46a85e-0ad0-091c-d50e-7118f5ff7766,Darryl Acosta,1968-01-22,SYN-247-29-6098,77430,606,2025-04-27,429,0,,1b46a85e-0ad0-091c-d50e-7118f5ff7766
83a09715-a290-21c3-0936-0397a13b9484,Lisa Randall,1982-09-19,SYN-286-50-2570,74381,609,2025-04-18,438,0,,83a09715-a290-21c3-0936-0397a13b9484
6a34fa83-f8e0-53e0-5edd-674587416ea2,David Walker,1982-05-26,SYN-679-35-7729,40052,692,2026-02-08,142,0,,6a34fa83-f8e0-53e0-5edd-674587416ea2
c9ec89e2-2c5d-d27e-b509-da3baa83fc5d,Thomas Garcia,1979-12-07,SYN-762-86-6652,15009,668,2025-02-12,503,0,,c9ec89e2-2c5d-d27e-b509-da3baa83fc5d
f5e3034a-d710-20b7-6f76-2e6baa0b0ebe,Colleen Middleton,1996-07-13,SYN-503-89-1793,176358,686,2026-05-23,38,1,ring_0157,ring_0157
f5dd2797-0bc9-fbe3-adf9-d51020fe0665,Michael Schultz,1992-04-19,SYN-631-98-1647,39401,647,2025-12-24,188,1,ring_0055,ring_0055
f6120e4b-bb69-9011-84f8-779c369f953c,Jason Crawford,1982-02-05,SYN-517-95-1239,78983,692,2025-04-28,428,0,,f6120e4b-bb69-9011-84f8-779c369f953c
a4471938-935f-57e2-f071-7c7528eca6b5,John Daniel,1975-02-28,SYN-182-79-2651,30567,713,2025-01-30,516,0,,a4471938-935f-57e2-f071-7c7528eca6b5
0fce1b87-5c53-236e-c731-fb354acb1ca4,Elizabeth Mendez,1981-06-10,SYN-167-47-7012,82790,651,2025-09-06,297,0,,0fce1b87-5c53-236e-c731-fb354acb1ca4
0aa039ad-920e-7fd0-5e1f-db4a05892251,John Taylor,2004-06-24,SYN-675-48-4208,105445,619,2025-07-15,350,0,,0aa039ad-920e-7fd0-5e1f-db4a05892251
f21846a7-4113-6b54-eb51-c9e6ac3542ac,Crystal Morales,1980-04-21,SYN-352-73-5461,250000,631,2026-03-13,109,0,,f21846a7-4113-6b54-eb51-c9e6ac3542ac
513378aa-0213-a44a-0a06-ba6dce3e2407,Chelsea Long,1994-02-10,SYN-198-16-2066,80920,673,2025-08-17,317,0,,513378aa-0213-a44a-0a06-ba6dce3e2407
4cb91cbe-4ea9-bf84-edb8-42241426fd48,Stephanie Sanders,1974-09-06,SYN-214-79-9032,23970,670,2026-03-26,96,0,,4cb91cbe-4ea9-bf84-edb8-42241426fd48
8399be67-5d76-4c78-0b35-f3818ad31311,Michael Jackson,1971-03-27,SYN-735-10-1072,57571,626,2025-08-05,329,0,,8399be67-5d76-4c78-0b35-f3818ad31311
d65d7b27-6170-4a58-c43a-54c6ef4e154d,Heather Allen,1983-05-18,SYN-610-12-4700,50789,674,2026-06-27,3,0,,d65d7b27-6170-4a58-c43a-54c6ef4e154d
7c87a374-117e-0b1f-31f8-f5d5fc809f51,Lydia Horn,1985-03-13,SYN-878-66-3381,89681,622,2025-02-28,487,0,,7c87a374-117e-0b1f-31f8-f5d5fc809f51
c522538f-9d29-b043-cd77-c4b575d0ea10,Kirk Moreno,1974-07-05,SYN-855-56-3327,72672,710,2025-08-09,325,0,,c522538f-9d29-b043-cd77-c4b575d0ea10
509ba32b-0c42-dfdd-5e4f-dbee4700753d,Jason Walker,1978-04-23,SYN-414-67-6527,103630,697,2025-05-09,417,0,,509ba32b-0c42-dfdd-5e4f-dbee4700753d
6a359d9b-b124-295a-fe94-445348585d24,Richard Chandler,1962-12-26,SYN-334-98-1630,27255,732,2025-09-08,295,0,,6a359d9b-b124-295a-fe94-445348585d24
748e9583-0251-c4b0-caaf-cf86702d3804,Andrea Hubbard,1964-08-18,SYN-627-25-8033,17722,694,2025-12-11,201,0,,748e9583-0251-c4b0-caaf-cf86702d3804
cc652b31-4f27-b182-1e45-6d997a7e4416,Michael Coleman,2005-07-06,SYN-959-65-1067,29682,615,2025-02-14,501,0,,cc652b31-4f27-b182-1e45-6d997a7e4416
1a45bac5-23a1-4ccd-7e53-9923071f1060,David Garrison,1999-11-23,SYN-348-12-4650,22860,768,2025-06-13,382,0,,1a45bac5-23a1-4ccd-7e53-9923071f1060
770d103f-605e-937f-11f4-80c9a7e2894a,David Hunt,1976-05-05,SYN-489-47-4589,104958,697,2025-12-22,190,0,,770d103f-605e-937f-11f4-80c9a7e2894a
4c43edc8-fb1c-9fa6-c9b8-e8ccd439e25c,Tammy Hendrix,1975-05-08,SYN-834-66-7518,80096,649,2025-03-23,464,0,,4c43edc8-fb1c-9fa6-c9b8-e8ccd439e25c
72cf64d6-b1c4-dbef-16bc-df276411e0b8,Lindsay Martinez,1992-12-25,SYN-884-61-7370,65771,813,2026-02-20,130,0,,72cf64d6-b1c4-dbef-16bc-df276411e0b8
331132a2-919b-e5eb-44f4-f58afbd3fc1b,Edgar Sloan,1981-09-08,SYN-634-33-4138,55177,612,2025-07-14,351,1,ring_0073,ring_0073
0d8aa89a-f7c2-872c-cc77-f4b51354278f,George Harper,1998-07-13,SYN-407-13-2151,112494,634,2026-03-15,107,0,,0d8aa89a-f7c2-872c-cc77-f4b51354278f
b72beead-25dd-18e6-5934-f92e73c4cab9,Barbara Hester,1986-08-23,SYN-729-41-5358,86971,685,2025-12-01,211,0,,b72beead-25dd-18e6-5934-f92e73c4cab9
a8c761f9-f393-37d8-2aae-4da5d203aacf,Jacqueline Dickerson,1988-04-05,SYN-220-21-3405,72507,732,2025-04-08,448,0,,a8c761f9-f393-37d8-2aae-4da5d203aacf
994c9a1a-7234-96f6-e8a9-0b9dedc83f76,Dalton Santos,1994-02-10,SYN-111-70-5252,90541,689,2025-03-20,467,0,,994c9a1a-7234-96f6-e8a9-0b9dedc83f76
c2b1bb0b-c025-1436-3772-da318a99b4a0,Adriana Johnson,1970-11-22,SYN-191-80-5515,48964,693,2025-10-01,272,0,,c2b1bb0b-c025-1436-3772-da318a99b4a0
6d36a642-6ad5-df4b-61f6-9e51ea86dd23,Grace Miller,1988-01-14,SYN-987-20-9192,34506,719,2026-01-11,170,0,,6d36a642-6ad5-df4b-61f6-9e51ea86dd23
403e8a7c-8950-db16-6a60-17c075d18ea3,David Washington III,1993-05-09,SYN-989-33-5271,26326,587,2025-04-23,433,0,,403e8a7c-8950-db16-6a60-17c075d18ea3
2822a84e-d6f2-7fa0-c2b7-6c54b90c5e63,William Barrett,1995-10-29,SYN-580-99-7946,19516,667,2025-07-30,335,0,,2822a84e-d6f2-7fa0-c2b7-6c54b90c5e63
8c065905-882d-66b6-dd76-95fb3671f047,Cody Davidson,1979-04-25,SYN-301-54-8066,101112,733,2025-09-18,285,0,,8c065905-882d-66b6-dd76-95fb3671f047
dd4ce5ca-b915-8b06-9ddc-9f274bf47348,Brittany Davis,1953-01-13,SYN-814-51-5043,44883,726,2025-09-02,301,0,,dd4ce5ca-b915-8b06-9ddc-9f274bf47348
3c05d46f-636f-f91a-7506-3e7cb40bc770,Matthew Simmons,1961-02-15,SYN-893-14-7443,43339,525,2025-11-04,238,0,,3c05d46f-636f-f91a-7506-3e7cb40bc770
0524e9c0-d1eb-a8da-eddb-a0cf2c481aa0,Jeffrey Williams,1991-02-16,SYN-430-62-4724,30156,629,2025-04-29,427,0,,0524e9c0-d1eb-a8da-eddb-a0cf2c481aa0
d2eb75cd-3c91-444b-877f-bcbd74e9b20d,Sara Schwartz,1989-09-25,SYN-831-59-6524,75117,714,2025-01-21,525,0,,d2eb75cd-3c91-444b-877f-bcbd74e9b20d
22f9b56e-6a00-d2db-cb35-4b854a52343e,Kyle Chambers,1998-11-04,SYN-743-30-2428,34669,566,2026-06-20,10,0,,22f9b56e-6a00-d2db-cb35-4b854a52343e
f74cb7e4-32c4-c609-f3a4-8ec08336329e,Jennifer Stewart,1985-01-18,SYN-579-90-3350,142108,754,2025-06-17,378,0,,f74cb7e4-32c4-c609-f3a4-8ec08336329e
79db2901-c52d-469a-d5e6-854648522d4e,Phillip Byrd,1975-05-25,SYN-143-51-4186,76262,762,2025-05-07,419,0,,79db2901-c52d-469a-d5e6-854648522d4e
7c845c44-8d18-819e-e485-94b5762c7941,Richard Harper,2001-05-05,SYN-934-96-6038,23503,673,2026-01-11,170,0,,7c845c44-8d18-819e-e485-94b5762c7941
0c20a21a-075d-7e06-3828-39cb4a2d7b27,Jordan Garcia,1993-12-28,SYN-844-28-5935,18949,606,2025-12-17,195,0,,0c20a21a-075d-7e06-3828-39cb4a2d7b27
d69e03c7-09fa-4793-0575-7c05c2cbd717,Sara Cain,2007-12-24,SYN-113-19-4879,103036,528,2025-11-17,225,0,,d69e03c7-09fa-4793-0575-7c05c2cbd717
47e946d7-6274-d35b-fccf-39e380e6a92d,Diana Miller,1984-05-25,SYN-309-66-3743,89775,731,2026-06-25,5,0,,47e946d7-6274-d35b-fccf-39e380e6a92d
d0b7b652-6192-2196-8652-b5f8dfd58286,Jordan Potter,1984-05-03,SYN-268-56-8338,34770,673,2025-10-29,244,0,,d0b7b652-6192-2196-8652-b5f8dfd58286
664e4e9f-d4d9-ce56-f249-8ccfaa61712d,Jeremy Smith,1967-12-23,SYN-234-94-8938,49178,672,2026-03-17,105,0,,664e4e9f-d4d9-ce56-f249-8ccfaa61712d
d018dd34-549d-ddbb-02da-5f3c285dad3d,Jonathan Stanley,2002-07-15,SYN-495-75-2793,92765,703,2025-09-14,289,0,,d018dd34-549d-ddbb-02da-5f3c285dad3d
29cc74b5-e08b-ca61-6a00-9b4944af7114,Jeffrey Maldonado DDS,2004-06-15,SYN-217-29-8177,73121,737,2025-07-07,358,0,,29cc74b5-e08b-ca61-6a00-9b4944af7114
ffa17c3e-a188-e32c-89cf-077e81da6d32,William Lindsey,1975-11-30,SYN-961-65-8804,81294,777,2025-11-05,237,0,,ffa17c3e-a188-e32c-89cf-077e81da6d32
9925c628-2616-4e1c-d608-afcbef14a08c,Christopher Dudley,1992-02-09,SYN-822-12-1485,56949,623,2025-02-28,487,0,,9925c628-2616-4e1c-d608-afcbef14a08c
0a97a9d4-ca5a-4248-7dcb-12f5a2a4b7ab,Joseph Kelly,1981-03-07,SYN-304-53-6371,128184,676,2026-04-05,86,0,,0a97a9d4-ca5a-4248-7dcb-12f5a2a4b7ab
5a190811-5bc0-e74e-def3-961b4f0ba8a2,Pamela Weaver,1954-11-01,SYN-228-94-2739,42484,687,2025-01-12,534,0,,5a190811-5bc0-e74e-def3-961b4f0ba8a2
ae682cac-9025-4090-9fb1-6f8621ce53ae,Kelly Haynes,1966-03-21,SYN-494-21-4151,41933,657,2025-10-10,263,0,,ae682cac-9025-4090-9fb1-6f8621ce53ae
e28db867-3de9-3eec-1482-4bb3393553fe,Jennifer Edwards,1961-01-09,SYN-557-49-3976,24160,787,2026-03-05,117,0,,e28db867-3de9-3eec-1482-4bb3393553fe
cbed373e-c78d-7aa1-a0b6-5a1b3e26b4af,Dennis Henderson,1975-05-25,SYN-543-58-4519,61199,654,2026-01-31,150,0,,cbed373e-c78d-7aa1-a0b6-5a1b3e26b4af
8937c8d6-87d2-9836-89ca-90265e27930c,Matthew Mccullough,1961-10-10,SYN-622-38-3617,49844,596,2026-05-19,42,0,,8937c8d6-87d2-9836-89ca-90265e27930c
ae8d78ea-4fad-d557-f0b5-ceeee4539e8d,Brian Barrett,1994-03-07,SYN-387-21-1765,106858,570,2025-01-13,533,0,,ae8d78ea-4fad-d557-f0b5-ceeee4539e8d
e8205726-8547-bff2-5bea-d86f5f52e375,Tammy Cox,1988-01-27,SYN-962-47-8566,51857,689,2025-02-15,500,0,,e8205726-8547-bff2-5bea-d86f5f52e375
81b078b5-aedf-41c0-311d-03e08c2012cc,Tyler Andrews,1993-11-02,SYN-180-34-7500,29544,710,2025-02-22,493,0,,81b078b5-aedf-41c0-311d-03e08c2012cc
a43ad812-df92-5e65-92a7-d8b72191acbf,Vickie Anderson,1978-04-15,SYN-557-44-5735,115927,672,2025-10-21,252,0,,a43ad812-df92-5e65-92a7-d8b72191acbf
5bc8ba46-b356-7a71-807c-de5edae12887,Brent Scott,1991-04-17,SYN-858-76-4174,42055,770,2026-03-04,118,0,,5bc8ba46-b356-7a71-807c-de5edae12887
dd046e0a-830e-9969-fdfa-41e4f3d85178,Christopher Hall,1978-01-11,SYN-256-26-3286,37150,772,2025-03-20,467,0,,dd046e0a-830e-9969-fdfa-41e4f3d85178
97a99476-df12-4bdb-3b86-ff04fe552ec2,Brian Ramirez,1992-11-08,SYN-488-37-6645,61744,638,2025-06-17,378,0,,97a99476-df12-4bdb-3b86-ff04fe552ec2
5ced5905-bfc3-b7be-9db9-2aff423bc1c3,Christopher Rubio,1985-06-02,SYN-532-66-5108,32029,710,2026-05-20,41,0,,5ced5905-bfc3-b7be-9db9-2aff423bc1c3
0337b199-8cdc-e3e6-5f0b-b6f87338a171,Sean Harper,1976-01-16,SYN-778-16-8414,40419,676,2026-03-13,109,0,,0337b199-8cdc-e3e6-5f0b-b6f87338a171
7bc06ba2-4481-e7c5-7c85-a6d6bddb7301,David Bird,1985-10-13,SYN-687-44-7783,67887,615,2025-09-30,273,0,,7bc06ba2-4481-e7c5-7c85-a6d6bddb7301
cdd6111d-b03b-d48c-35b0-0f55cf49e3f3,April Schneider,1976-05-02,SYN-200-49-6124,127933,667,2025-12-13,199,0,,cdd6111d-b03b-d48c-35b0-0f55cf49e3f3
67b98dcd-ccaa-a7e2-7582-e13beadce5da,Glenn Gallegos,1978-12-22,SYN-769-61-6035,31447,596,2025-12-26,186,0,,67b98dcd-ccaa-a7e2-7582-e13beadce5da
c8e138f6-218e-3110-4f42-789a673a8b82,Carol Gay,1990-06-06,SYN-584-75-4833,95329,698,2025-02-27,488,0,,c8e138f6-218e-3110-4f42-789a673a8b82
9acf1640-e486-9a02-bcc9-f990c1b4eda4,Mark Montoya,1976-08-09,SYN-678-63-7670,61934,822,2025-06-20,375,0,,9acf1640-e486-9a02-bcc9-f990c1b4eda4
d27e9e61-2cf2-adca-22a3-adfbb96a0079,Donna Mejia,1969-09-23,SYN-580-55-1915,87994,681,2025-08-29,305,0,,d27e9e61-2cf2-adca-22a3-adfbb96a0079
8480da90-e393-c0f0-7ab1-21b83135e3b2,Robert Hicks,1966-11-15,SYN-702-28-9155,31887,779,2025-02-02,513,0,,8480da90-e393-c0f0-7ab1-21b83135e3b2
c47c9e1b-8a4c-3f78-3bc9-017287507732,Brian Ibarra,1976-04-15,SYN-249-65-1046,184002,590,2025-12-23,189,0,,c47c9e1b-8a4c-3f78-3bc9-017287507732
19373dd9-b823-4c66-4cb1-69f91161922d,Danielle Davis,1965-02-13,SYN-788-57-8859,67241,689,2025-02-13,502,0,,19373dd9-b823-4c66-4cb1-69f91161922d
403234f7-1edc-1a3c-2883-41cbe093709b,John Mack,1992-01-01,SYN-933-34-6603,85060,565,2025-03-17,470,0,,403234f7-1edc-1a3c-2883-41cbe093709b
a2c13ede-dd65-d28a-d817-88602eebb485,Dennis Jones,1980-03-18,SYN-849-82-1063,49143,668,2025-07-22,343,0,,a2c13ede-dd65-d28a-d817-88602eebb485
d47309c6-cc07-6c96-2c5c-5fb7ae0db83d,Kevin Soto,1967-10-16,SYN-948-18-5012,74212,687,2025-02-24,491,0,,d47309c6-cc07-6c96-2c5c-5fb7ae0db83d
a2896bc5-44c6-34bb-4286-c8a58df74188,Michelle Ramirez,1966-07-06,SYN-446-79-1652,100542,758,2025-02-01,514,0,,a2896bc5-44c6-34bb-4286-c8a58df74188
adafdc2f-69f4-040e-d9d6-13619d86da11,Mr. Alexander Davies,1979-06-30,SYN-815-50-8776,43413,624,2026-05-06,55,0,,adafdc2f-69f4-040e-d9d6-13619d86da11
94d78345-fb97-3138-1abd-5ed023f8496e,Heather Rodgers,1978-11-30,SYN-423-39-5990,46007,745,2025-12-01,211,1,ring_0158,ring_0158
27b8d9c9-8c6a-111a-0d6c-3fbc12198a75,Heather Fernandez,1982-07-20,SYN-747-14-7722,75012,792,2025-11-27,215,0,,27b8d9c9-8c6a-111a-0d6c-3fbc12198a75
bd0c2a2f-4aa4-dbf6-89bd-d240b01f1a52,Tina Taylor,2001-04-22,SYN-811-44-9706,51273,782,2025-11-26,216,0,,bd0c2a2f-4aa4-dbf6-89bd-d240b01f1a52
d7adc2b9-bbf0-72e5-ff44-f13909a8b506,David Grant,1988-09-29,SYN-388-36-3025,149382,707,2025-04-03,453,0,,d7adc2b9-bbf0-72e5-ff44-f13909a8b506
8567ef82-e26f-7bb8-9d5d-2d13f06f880f,Christopher Hanna,1994-06-25,SYN-721-23-9293,42342,582,2025-05-21,405,0,,8567ef82-e26f-7bb8-9d5d-2d13f06f880f
1d0be075-37f0-9c1b-2b19-a6bc9ea8bc02,Paul Martin,1978-10-27,SYN-253-69-4985,110446,639,2025-09-11,292,0,,1d0be075-37f0-9c1b-2b19-a6bc9ea8bc02
6b58bab0-3a9d-67c4-976e-2c5db4f1ef4c,Dawn Garrett,1985-06-24,SYN-510-57-4817,68771,678,2026-05-10,51,0,,6b58bab0-3a9d-67c4-976e-2c5db4f1ef4c
402ad128-ce6f-105a-3c5f-632ff898277e,Mr. Thomas Garcia,1991-04-24,SYN-246-83-2115,75622,788,2025-09-17,286,0,,402ad128-ce6f-105a-3c5f-632ff898277e
26455f92-7ad0-f77f-3c31-1b42ec8aa21b,Brent Rojas,1981-11-30,SYN-438-86-7362,42223,766,2025-07-13,352,0,,26455f92-7ad0-f77f-3c31-1b42ec8aa21b
2a3f60cb-190c-3607-0b42-196854860571,Kimberly Lloyd,2007-09-28,SYN-237-60-4380,82401,644,2025-06-20,375,0,,2a3f60cb-190c-3607-0b42-196854860571
70667f82-f1ca-85f5-2285-fd1968590262,Bryan Richardson,1983-07-08,SYN-601-31-2456,52349,722,2026-01-23,158,0,,70667f82-f1ca-85f5-2285-fd1968590262
5df164be-4436-e00f-7e31-a49a96fa0e62,Mr. William Hopkins,1997-08-26,SYN-901-74-3207,68151,638,2025-10-05,268,0,,5df164be-4436-e00f-7e31-a49a96fa0e62
10dae8f8-61ce-a130-ce59-c1c1f5fd1f44,Ann Boyd,1987-07-24,SYN-516-26-3901,43281,515,2025-07-13,352,0,,10dae8f8-61ce-a130-ce59-c1c1f5fd1f44
f3c0691f-a427-7c75-6988-04b5bb458200,Jesse Tucker,1974-02-17,SYN-971-51-5403,61709,671,2025-02-08,507,0,,f3c0691f-a427-7c75-6988-04b5bb458200
2a31bfa7-e4b2-5975-bf35-99d4cbfe5f7e,Travis Allen,1955-09-21,SYN-749-36-7654,101924,698,2025-08-30,304,0,,2a31bfa7-e4b2-5975-bf35-99d4cbfe5f7e
064aa6df-344a-3a29-2485-ec1e8db894ac,James Padilla,1997-05-07,SYN-630-32-7156,128856,675,2026-01-23,158,0,,064aa6df-344a-3a29-2485-ec1e8db894ac
595b587f-bfe9-93c1-9176-4b78d6de672a,Caitlin Howard,1969-12-15,SYN-478-58-9295,22485,702,2025-12-16,196,0,,595b587f-bfe9-93c1-9176-4b78d6de672a
288f0822-2000-dc9a-a9c2-2c4016f0a3ce,William Ramos,2006-12-15,SYN-109-59-4105,64933,621,2026-03-08,114,0,,288f0822-2000-dc9a-a9c2-2c4016f0a3ce
03117ee7-b628-a9ad-d118-043906e7c102,Jerry Ferguson,1988-08-29,SYN-262-51-2627,65031,740,2026-02-15,135,0,,03117ee7-b628-a9ad-d118-043906e7c102
4cd8f7c5-7149-6cd6-500d-0ca38a2bffa3,Brandy Hunter,1978-11-28,SYN-972-79-7225,65493,600,2025-12-08,204,1,ring_0019,ring_0019
78fb6501-05f4-e1d1-1753-8014f5804209,Karen Chambers,1992-11-15,SYN-137-92-9446,43328,803,2025-05-12,414,0,,78fb6501-05f4-e1d1-1753-8014f5804209
850a3425-3ee4-06de-f98b-fa9cf48a5d31,Kristina Webb,1981-06-24,SYN-334-77-2144,96503,772,2025-03-22,465,0,,850a3425-3ee4-06de-f98b-fa9cf48a5d31
d0550a4f-f67a-d353-0867-2211c4e7239c,Scott Martinez,1979-12-05,SYN-881-48-9394,41377,680,2025-10-24,249,1,ring_0154,ring_0154
3f10c587-e5d6-1950-c3df-e81694b96383,Heidi Moran,2000-09-05,SYN-256-28-9036,46703,659,2025-08-30,304,0,,3f10c587-e5d6-1950-c3df-e81694b96383
32e0ca54-0bf7-a138-2ae1-5f888322805e,Sandra Rivera,1992-06-24,SYN-212-16-4445,50266,595,2025-10-06,267,0,,32e0ca54-0bf7-a138-2ae1-5f888322805e
37da9b0d-4092-2301-7bb5-535be4c56631,Pamela Gutierrez,1975-07-23,SYN-820-11-9238,96114,670,2025-09-20,283,0,,37da9b0d-4092-2301-7bb5-535be4c56631
9d324cf6-4389-bf7c-5349-6e2e715f9c40,Cathy Farmer,1980-10-10,SYN-609-75-2440,99872,572,2025-06-16,379,0,,9d324cf6-4389-bf7c-5349-6e2e715f9c40
05d63163-bfae-1a56-b06a-4cf8cae3ab75,Amy Dougherty,1988-05-25,SYN-382-39-2609,67451,543,2025-11-12,230,0,,05d63163-bfae-1a56-b06a-4cf8cae3ab75
c6827f5f-012f-4c7a-98d7-6cbeba9f94ec,Adam Drake,1981-08-31,SYN-783-75-4711,32462,724,2026-03-18,104,0,,c6827f5f-012f-4c7a-98d7-6cbeba9f94ec
68822a78-b4e8-80bb-8cf0-174734491657,Andrew Lopez,1999-08-19,SYN-795-82-2415,20806,629,2025-05-04,422,0,,68822a78-b4e8-80bb-8cf0-174734491657
f1a01906-d257-5f22-6fde-39d6ea5b07d0,Kelly Moore,1993-04-15,SYN-187-36-9976,99800,722,2025-02-22,493,0,,f1a01906-d257-5f22-6fde-39d6ea5b07d0
897ad477-4d22-3f50-c539-35a2f17e17a7,Sherri Guzman,1976-10-20,SYN-495-13-8031,49788,528,2025-03-04,483,0,,897ad477-4d22-3f50-c539-35a2f17e17a7
ce1d1a57-1e71-22c7-9584-73bb92913ab5,Patricia Hernandez,1970-03-12,SYN-625-44-7224,89209,665,2025-01-12,534,0,,ce1d1a57-1e71-22c7-9584-73bb92913ab5
b91558dc-3242-dfa2-e831-5818d6fe329f,Angelica Tucker,1977-10-21,SYN-570-94-7510,56315,761,2025-10-02,271,0,,b91558dc-3242-dfa2-e831-5818d6fe329f
8a6c2629-902f-edd3-fb7f-745d387c698d,Tina Harper,1997-10-26,SYN-167-51-2770,86090,782,2026-03-24,98,0,,8a6c2629-902f-edd3-fb7f-745d387c698d
940c401b-8a54-8bed-7f31-9112f2eabef6,Julie Moon,1992-10-08,SYN-633-67-2698,41242,638,2025-10-09,264,0,,940c401b-8a54-8bed-7f31-9112f2eabef6
a1cc5081-192e-2895-42ff-91dbde642565,Theresa Clark,1994-07-23,SYN-921-81-3220,55792,671,2025-05-11,415,0,,a1cc5081-192e-2895-42ff-91dbde642565
6e65e7e7-a70e-0dfa-4bae-1b125b6a2a08,Donna Boone,1985-05-13,SYN-893-92-2624,20958,723,2025-11-22,220,0,,6e65e7e7-a70e-0dfa-4bae-1b125b6a2a08
7d627b40-a162-10a0-4024-3c94e1603c21,Matthew Shaw,1977-08-24,SYN-990-35-8298,44196,726,2025-04-27,429,0,,7d627b40-a162-10a0-4024-3c94e1603c21
25260e05-3f25-f3e5-f576-786ddaeaa188,Joshua Ruiz,1981-12-22,SYN-756-60-4726,49860,739,2025-05-10,416,0,,25260e05-3f25-f3e5-f576-786ddaeaa188
cfc84f40-3dbf-56e9-2795-f62cabbc7b21,David Jones,1996-12-15,SYN-233-54-9357,31655,600,2025-07-07,358,0,,cfc84f40-3dbf-56e9-2795-f62cabbc7b21
2bc35e98-bf6d-535f-e90b-b74f27fb1564,Laurie Vargas,1974-02-02,SYN-729-92-8252,122089,766,2025-08-04,330,0,,2bc35e98-bf6d-535f-e90b-b74f27fb1564
3e14c9af-9117-d342-dfed-0ecf7357b79e,Brian Hoffman,2007-08-24,SYN-259-80-5755,39494,671,2025-09-07,296,0,,3e14c9af-9117-d342-dfed-0ecf7357b79e
a85c53e9-5305-b3b6-a344-6dadea53823e,Christopher Simmons,1998-09-05,SYN-649-88-7921,134580,659,2026-06-14,16,0,,a85c53e9-5305-b3b6-a344-6dadea53823e
ccc511d7-cc80-b637-f703-fbf2003d9b96,Donald Wright,1999-08-06,SYN-132-36-4765,64385,621,2025-12-13,199,0,,ccc511d7-cc80-b637-f703-fbf2003d9b96
9db540f0-95d0-2057-6037-48644f43f9df,Jonathan Jacobson,1989-11-01,SYN-241-50-3758,69864,735,2025-11-13,229,0,,9db540f0-95d0-2057-6037-48644f43f9df
f6f76f06-956c-07f1-a52d-6d87cf137df8,John Cole,1999-05-26,SYN-762-64-4322,250000,820,2025-02-12,503,0,,f6f76f06-956c-07f1-a52d-6d87cf137df8
66be4c4b-1532-92a8-46f3-51ef5e5d60d4,Michael Warner,1990-01-24,SYN-298-92-7407,22286,749,2026-02-25,125,0,,66be4c4b-1532-92a8-46f3-51ef5e5d60d4
1bae7369-1976-4fb4-8449-82b0e9e9463c,Mitchell Richardson,1963-02-17,SYN-379-18-3484,65823,666,2025-02-17,498,0,,1bae7369-1976-4fb4-8449-82b0e9e9463c
19992b51-2be8-9e0b-82ba-769db89d4220,Denise Espinoza,1998-07-11,SYN-431-77-2571,126337,766,2025-09-22,281,1,ring_0166,ring_0166
51f0a3b3-f4cb-33e5-7492-62d84f9ea7a6,Kathryn Mendez,2004-10-23,SYN-948-31-9746,60459,584,2025-05-08,418,0,,51f0a3b3-f4cb-33e5-7492-62d84f9ea7a6
69324fe6-c7cb-5e8c-61db-4a9192ae9ab0,Amy Adams,1987-08-17,SYN-648-86-1348,43725,589,2025-06-08,387,0,,69324fe6-c7cb-5e8c-61db-4a9192ae9ab0
b9013a55-6f9c-e8ec-fc1f-5e9391805135,Karen Bradley,1975-03-25,SYN-595-88-9959,104747,678,2025-12-08,204,0,,b9013a55-6f9c-e8ec-fc1f-5e9391805135
b9346bb9-8d29-2cbe-9e06-e8fab179688a,Yolanda Keith,1979-07-07,SYN-677-81-2128,21455,785,2025-05-11,415,0,,b9346bb9-8d29-2cbe-9e06-e8fab179688a
583eb937-11c9-803b-34ca-5ea825ad3c70,Christina Robinson,1984-09-26,SYN-233-31-4235,19032,768,2025-05-16,410,0,,583eb937-11c9-803b-34ca-5ea825ad3c70
b2f6ce13-94c5-8a81-4426-c084ec713782,James Robinson,1973-08-26,SYN-640-19-7455,20187,797,2025-09-21,282,0,,b2f6ce13-94c5-8a81-4426-c084ec713782
08724213-0a71-7bef-f367-477fc9626327,Debra Baxter,1972-09-21,SYN-216-13-9820,66566,584,2026-02-17,133,0,,08724213-0a71-7bef-f367-477fc9626327
e0a145fa-aaee-3c07-274a-3c7e6a9c956a,Andrea King,2005-05-30,SYN-733-77-5376,28589,833,2025-12-26,186,0,,e0a145fa-aaee-3c07-274a-3c7e6a9c956a
4828ab28-abef-8b58-b362-795a33139fa8,Stephen Ho,1989-01-02,SYN-614-14-8965,49341,594,2025-01-16,530,0,,4828ab28-abef-8b58-b362-795a33139fa8
e0b13ec2-63bb-0d6c-22eb-d84c47dfdd11,Andrea Hughes,2001-06-08,SYN-724-86-7652,48136,774,2025-03-28,459,0,,e0b13ec2-63bb-0d6c-22eb-d84c47dfdd11
60b1d7c4-0314-332d-be74-77b027714b0d,Amanda Hogan,1993-09-02,SYN-114-36-3912,46686,753,2025-01-29,517,1,ring_0206,ring_0206
676a3855-5a5a-8b58-cf49-3b7fdee2f84a,Jaime Walker,2008-04-27,SYN-993-69-5993,51377,776,2025-08-09,325,0,,676a3855-5a5a-8b58-cf49-3b7fdee2f84a
adc794dd-5074-625e-a4b3-6428f6d95780,Christine Gutierrez,1996-09-26,SYN-495-59-4586,48876,640,2025-10-08,265,0,,adc794dd-5074-625e-a4b3-6428f6d95780
54160f48-599d-987c-b01c-fe0147eeb054,Sophia Dawson,2003-08-27,SYN-134-46-9584,30265,798,2026-04-26,65,0,,54160f48-599d-987c-b01c-fe0147eeb054
b0c97407-191b-b288-bdd6-8c7b7633a187,Catherine Walls,1993-09-02,SYN-714-15-4768,76350,625,2025-12-28,184,0,,b0c97407-191b-b288-bdd6-8c7b7633a187
6cee479b-e490-f561-2a4c-6112e218ae73,Tanya Kim,1982-09-21,SYN-213-10-5933,77698,604,2025-10-11,262,0,,6cee479b-e490-f561-2a4c-6112e218ae73
bb942bae-c9b5-e64c-b477-05c2d1b66f6f,Randy Bradford,2007-09-30,SYN-467-33-3393,36646,684,2025-05-07,419,1,ring_0031,ring_0031
7275f6c6-f893-e6cb-5d7c-16480a024703,Gabriel Guzman,1985-09-18,SYN-403-97-8734,63424,664,2025-08-25,309,0,,7275f6c6-f893-e6cb-5d7c-16480a024703
5b442851-b6f1-95c9-9e82-ba0edf558b0f,Steven Carrillo,1979-09-09,SYN-934-87-2065,48645,694,2025-06-27,368,0,,5b442851-b6f1-95c9-9e82-ba0edf558b0f
fde0fca7-fdcd-54d1-9919-c8acb3a74858,Mary Hill,2000-01-19,SYN-537-71-5241,23149,682,2025-02-27,488,0,,fde0fca7-fdcd-54d1-9919-c8acb3a74858
11485a70-12a6-51d8-4e16-3ade84204131,Erika Bates,1975-11-12,SYN-868-75-8065,39283,738,2025-09-18,285,0,,11485a70-12a6-51d8-4e16-3ade84204131
ec337f8d-fb4c-7a48-05ad-b698c6e537a5,Ruth Harris,1991-02-25,SYN-884-73-4230,48766,653,2026-01-06,175,0,,ec337f8d-fb4c-7a48-05ad-b698c6e537a5
f8b5b256-28c9-5e68-e3d0-2856f34c583e,Sherry Patterson,2002-03-22,SYN-197-50-7066,60726,599,2025-06-06,389,0,,f8b5b256-28c9-5e68-e3d0-2856f34c583e
3537891b-198f-929a-b0e6-71143220ce92,Travis Price,1993-10-19,SYN-202-59-5339,61282,774,2025-09-29,274,0,,3537891b-198f-929a-b0e6-71143220ce92
15e03d98-83ab-726c-47cc-bcee1dbde6f5,Mark Edwards,1980-01-29,SYN-765-56-7902,76028,794,2025-09-01,302,0,,15e03d98-83ab-726c-47cc-bcee1dbde6f5
4dbb139c-9b9a-a5fb-0710-30af2b4e34b4,Jared Smith,1997-11-06,SYN-410-76-6872,43539,679,2025-08-01,333,0,,4dbb139c-9b9a-a5fb-0710-30af2b4e34b4
0e9b608b-d4e1-db2e-0be1-f04f2648c0f3,Joshua Herman,1990-12-05,SYN-268-10-7040,19677,670,2025-03-12,475,0,,0e9b608b-d4e1-db2e-0be1-f04f2648c0f3
985e7240-c56e-a067-c1b2-ccac64406aa8,Michael Lee,1987-05-14,SYN-298-17-5139,42759,735,2025-03-08,479,0,,985e7240-c56e-a067-c1b2-ccac64406aa8
62010fc2-d62a-a63b-3de3-d8fcd287843b,Kelsey Smith,1997-07-26,SYN-378-84-5937,39530,699,2026-05-25,36,0,,62010fc2-d62a-a63b-3de3-d8fcd287843b
2431c614-c527-3027-af95-87329689d8e4,Eric Short,1974-07-02,SYN-741-49-3829,97252,681,2025-03-19,468,0,,2431c614-c527-3027-af95-87329689d8e4
ba3a95ed-981c-a375-f690-6b53e0505b80,Angela Bradshaw,2008-06-19,SYN-147-48-8034,85058,616,2025-10-02,271,0,,ba3a95ed-981c-a375-f690-6b53e0505b80
09da6fee-76c4-2fd8-116e-c35436df897b,Sarah Moore,1982-11-02,SYN-866-43-5543,79918,726,2025-07-20,345,0,,09da6fee-76c4-2fd8-116e-c35436df897b
ae199b79-1a34-6a54-f905-552e7887a964,Mr. David Mercado,1993-07-22,SYN-347-72-5952,70327,670,2026-05-25,36,0,,ae199b79-1a34-6a54-f905-552e7887a964
bdca9398-23af-c879-a578-eda2dfafc66d,Jessica Buck,2007-07-21,SYN-621-10-6591,25212,681,2026-03-04,118,0,,bdca9398-23af-c879-a578-eda2dfafc66d
42a58ad2-0122-4999-2cde-c94bf7ca2e45,Chelsea Salinas,1978-12-22,SYN-514-60-1146,68642,690,2025-07-27,338,0,,42a58ad2-0122-4999-2cde-c94bf7ca2e45
1f55648e-42d0-c69c-7ce4-21e133f8404d,Maria Henderson,2008-01-14,SYN-560-59-4723,79121,748,2026-04-27,64,0,,1f55648e-42d0-c69c-7ce4-21e133f8404d
47befe18-10af-d2dd-6925-d9003bc66481,Donna Carter,1972-11-09,SYN-394-77-2868,62991,779,2026-06-21,9,0,,47befe18-10af-d2dd-6925-d9003bc66481
1945ad24-ff05-9f97-1a24-7b988146877c,Lisa Montes,1965-10-12,SYN-242-34-8226,18757,678,2026-03-07,115,0,,1945ad24-ff05-9f97-1a24-7b988146877c
baee51b9-93ad-a188-fbc5-0fd9f63818ca,David Nguyen,1968-04-09,SYN-668-54-8406,36116,790,2026-06-15,15,0,,baee51b9-93ad-a188-fbc5-0fd9f63818ca
dae12a43-bdfd-b29a-ff78-97bbfcd3a6a5,Bethany Neal,1994-04-04,SYN-404-25-1622,51698,764,2026-02-10,140,0,,dae12a43-bdfd-b29a-ff78-97bbfcd3a6a5
0332d2c7-d475-2863-1e82-a044413605e6,Matthew Valentine,1973-03-03,SYN-895-51-1443,32370,688,2026-04-09,82,1,ring_0073,ring_0073
15949e27-1ecb-9201-2431-bb89d2441278,Richard Potter,1981-11-22,SYN-238-62-8372,121677,731,2025-02-10,505,0,,15949e27-1ecb-9201-2431-bb89d2441278
be67a0a2-8fc0-7360-2f61-7e0fb44978ff,Allison Sharp,1961-03-11,SYN-894-41-2841,50482,617,2025-03-31,456,0,,be67a0a2-8fc0-7360-2f61-7e0fb44978ff
0e5bb522-7f1d-11a3-e252-1a57b3328c74,Christopher Norris,1979-10-25,SYN-296-65-5856,44136,722,2026-02-08,142,1,ring_0024,ring_0024
0c87d6fa-ed2e-6e5e-1cd7-7f9f90850bb3,Tracy Martinez,1983-01-17,SYN-347-90-6617,42918,585,2025-11-17,225,0,,0c87d6fa-ed2e-6e5e-1cd7-7f9f90850bb3
d0cd12ef-9f7f-82e6-a33e-f49bc6f10caa,Patricia Boyd,1979-02-15,SYN-672-66-2988,99048,751,2025-08-14,320,0,,d0cd12ef-9f7f-82e6-a33e-f49bc6f10caa
777d6ad4-9205-fff5-cd6d-f9789a4c5e8a,Andrew Avila,1973-01-12,SYN-749-93-9368,42266,685,2026-04-07,84,0,,777d6ad4-9205-fff5-cd6d-f9789a4c5e8a
24547a4e-527d-d773-7b2a-3a609e1928c7,Tina Walter,1971-08-15,SYN-199-96-2043,47366,709,2025-04-06,450,0,,24547a4e-527d-d773-7b2a-3a609e1928c7
735b3085-5419-e2bd-1988-917efe325ab3,Jeffrey Harrell,2005-04-05,SYN-673-48-2366,59426,591,2025-05-22,404,0,,735b3085-5419-e2bd-1988-917efe325ab3
74ea8b9a-6be1-f6ff-1eca-b732ec7ef3c4,Margaret Tanner,1979-03-05,SYN-329-25-3891,51699,618,2026-05-06,55,0,,74ea8b9a-6be1-f6ff-1eca-b732ec7ef3c4
0f7f0c80-e24b-485d-439f-e6216790d8af,Heather Page,2002-07-11,SYN-159-32-3860,54286,652,2026-04-17,74,0,,0f7f0c80-e24b-485d-439f-e6216790d8af
1b03cb66-ee17-ece1-3997-736455cd7fdf,Emily Winters,1995-02-09,SYN-941-73-5491,38901,577,2025-01-17,529,0,,1b03cb66-ee17-ece1-3997-736455cd7fdf
a4666068-9dc3-7c84-7114-50ba0714923d,William Hansen,1998-06-12,SYN-910-25-4520,39229,551,2026-01-05,176,0,,a4666068-9dc3-7c84-7114-50ba0714923d
030454b7-10f9-5012-aa5b-7696919ec057,Ronald Murray,1989-12-25,SYN-744-36-2793,51021,567,2025-06-17,378,0,,030454b7-10f9-5012-aa5b-7696919ec057
e7f66055-9d1d-f938-e31f-2d38ad9b3a66,Ryan Roman,1979-09-11,SYN-835-40-8409,46482,660,2025-08-02,332,0,,e7f66055-9d1d-f938-e31f-2d38ad9b3a66
68fed5ec-c899-9b12-b87d-f78cefe19ba3,Shannon Jones,1968-02-22,SYN-297-36-2537,15000,768,2026-04-30,61,0,,68fed5ec-c899-9b12-b87d-f78cefe19ba3
14dbca34-a232-9838-c31b-99f66648ab51,Dana Hanson,1982-03-13,SYN-166-26-7473,44977,706,2026-06-19,11,0,,14dbca34-a232-9838-c31b-99f66648ab51
9c6853d6-f4c4-2ae4-1424-6a0c66812c3f,James Whitaker,1986-05-01,SYN-115-55-9744,68224,690,2026-01-22,159,0,,9c6853d6-f4c4-2ae4-1424-6a0c66812c3f
ccbd263b-0336-15ab-5339-8790ef00a466,Christopher Gutierrez,2008-06-26,SYN-311-45-5748,109238,709,2025-06-09,386,0,,ccbd263b-0336-15ab-5339-8790ef00a466
172e5a23-1a53-1c57-de10-92f1639900af,Karen Ortiz,1982-11-11,SYN-896-69-8323,29165,735,2025-03-26,461,0,,172e5a23-1a53-1c57-de10-92f1639900af
d1d299e5-3ec3-badb-3f56-4fbaad26e966,Chris Rogers,1984-07-01,SYN-122-23-5422,39386,625,2025-04-15,441,0,,d1d299e5-3ec3-badb-3f56-4fbaad26e966
05a440bf-de74-4b8e-9378-ee0de584b3f9,Kenneth Huff,1966-09-17,SYN-266-63-9216,37022,515,2025-09-04,299,0,,05a440bf-de74-4b8e-9378-ee0de584b3f9
0363682d-dc4f-3658-4de4-5a16ca3c7584,Terry Barajas,1991-09-12,SYN-357-17-6849,63221,796,2025-01-20,526,0,,0363682d-dc4f-3658-4de4-5a16ca3c7584
6fb94050-003b-32bd-611f-ac0c6e2f0768,Laura Robertson,1990-06-18,SYN-307-23-8151,59461,673,2026-04-12,79,0,,6fb94050-003b-32bd-611f-ac0c6e2f0768
ac001ed3-808e-9419-9991-cdafec1631aa,Jessica King,1992-10-09,SYN-688-41-9091,113947,539,2026-05-15,46,0,,ac001ed3-808e-9419-9991-cdafec1631aa
72217ef6-e0b1-c2af-69ce-c82cbb84888c,Anthony King,2006-07-06,SYN-704-16-5693,47255,718,2026-02-11,139,0,,72217ef6-e0b1-c2af-69ce-c82cbb84888c
2f3b6fa3-8086-daab-ce95-923b02591cd8,Tonya Ellis,1973-10-29,SYN-959-64-2795,71494,829,2025-09-14,289,0,,2f3b6fa3-8086-daab-ce95-923b02591cd8
9eb32279-0fde-d3eb-22e2-b6c64529df36,Tony Peterson,1997-11-24,SYN-162-74-3482,36019,652,2026-06-21,9,1,ring_0072,ring_0072
53aa7649-7609-a5ea-5ab0-260a84b7bed6,Kristen Matthews,1981-06-28,SYN-234-39-2638,24898,656,2026-03-12,110,0,,53aa7649-7609-a5ea-5ab0-260a84b7bed6
a83f45dd-6704-8a6a-a76e-5cd20ae01564,Philip Powell,1970-05-21,SYN-467-31-1232,41553,676,2026-02-08,142,0,,a83f45dd-6704-8a6a-a76e-5cd20ae01564
00282d73-a1ab-dcd7-eff2-929c4774a1c6,Heather Herman,1993-04-29,SYN-234-63-8268,80415,631,2025-06-24,371,0,,00282d73-a1ab-dcd7-eff2-929c4774a1c6
f18f924c-7521-a914-35be-9421ae121112,Mr. Reginald Roman,1976-08-04,SYN-177-10-9352,52020,796,2025-02-09,506,0,,f18f924c-7521-a914-35be-9421ae121112
8e89d6b5-24bd-744a-ddfa-5eea5e1924d1,Kerry Ware,2002-10-23,SYN-258-35-7948,28213,653,2026-05-30,31,0,,8e89d6b5-24bd-744a-ddfa-5eea5e1924d1
099d4d81-224e-f014-99da-74be2d0c1694,Catherine Davis,1994-10-01,SYN-551-71-6625,15000,553,2025-05-11,415,0,,099d4d81-224e-f014-99da-74be2d0c1694
4fb9d2bc-92dc-f061-c6c9-f26801f3bf3f,Jack Mills,1990-12-18,SYN-231-71-3305,47053,568,2025-12-24,188,0,,4fb9d2bc-92dc-f061-c6c9-f26801f3bf3f
17ec7fd1-727a-0198-3cf1-f78d1b2b77e1,Drew Carson,1986-07-20,SYN-454-91-2385,79153,644,2025-10-25,248,1,ring_0041,ring_0041
e06265d3-98be-e433-f418-e3ff8b33842e,Steven Martinez,1974-11-13,SYN-525-22-4282,32692,708,2026-04-17,74,0,,e06265d3-98be-e433-f418-e3ff8b33842e
13d3da44-b467-69e7-660b-c20b491d917b,Latoya Howell,1989-04-27,SYN-238-89-5644,35624,786,2025-01-15,531,0,,13d3da44-b467-69e7-660b-c20b491d917b
141d82fb-d56b-2a94-c14f-3099c731d587,James Anderson,1990-02-26,SYN-769-43-4485,90290,762,2025-03-26,461,0,,141d82fb-d56b-2a94-c14f-3099c731d587
435bd509-2505-54e7-6858-0231aa65ae99,Donald Friedman,2003-07-15,SYN-435-43-2301,64439,763,2025-07-06,359,1,ring_0173,ring_0173
3432ecf6-b43c-22a9-83bb-30bb27f8f0d1,Frank Whitaker,2003-03-01,SYN-448-24-3890,76782,776,2025-11-14,228,0,,3432ecf6-b43c-22a9-83bb-30bb27f8f0d1
bd4168e5-6b65-862d-3dd1-b2d89b59229e,Helen Jones,1982-05-07,SYN-155-50-2667,26839,684,2025-05-08,418,0,,bd4168e5-6b65-862d-3dd1-b2d89b59229e
705d2da0-d2bd-473d-b018-a54fd61261c4,Arthur Gonzalez,1998-04-08,SYN-358-24-7494,19059,746,2026-03-26,96,0,,705d2da0-d2bd-473d-b018-a54fd61261c4
734832cc-f6bf-d89d-3a25-28d7ed3709f5,Alicia Nguyen,1980-02-29,SYN-627-40-4442,36154,668,2025-08-01,333,0,,734832cc-f6bf-d89d-3a25-28d7ed3709f5
b31c12a5-7292-1ef6-209c-588d02c58de3,Jacob Love,1981-11-01,SYN-620-50-4068,56069,602,2026-02-06,144,0,,b31c12a5-7292-1ef6-209c-588d02c58de3
e8f2c049-f1fd-7196-7282-4a53fc5188a6,Angela Brown,1993-08-03,SYN-971-76-1610,26847,809,2025-01-17,529,0,,e8f2c049-f1fd-7196-7282-4a53fc5188a6
115bbdc2-e6e4-4d25-a049-a985dd4936fd,Darlene Kelly,1996-02-19,SYN-549-56-2700,58954,663,2025-04-18,438,0,,115bbdc2-e6e4-4d25-a049-a985dd4936fd
53ef02bc-e8ca-8760-6a9e-bf33c8c9be81,Crystal James,1980-08-25,SYN-684-53-3037,50801,791,2026-02-16,134,0,,53ef02bc-e8ca-8760-6a9e-bf33c8c9be81
f31c6aa6-8924-c0a5-1ddb-65e11dfb83ec,Max Leblanc,1992-04-07,SYN-771-48-8024,31248,784,2025-08-05,329,0,,f31c6aa6-8924-c0a5-1ddb-65e11dfb83ec
06bec93e-b986-63f5-5d2f-fcc5965260ed,Kimberly Sharp,1972-09-06,SYN-127-60-1425,106916,701,2026-06-20,10,0,,06bec93e-b986-63f5-5d2f-fcc5965260ed
e2024c4f-dbb1-a4c1-e6d1-87efcf3e1689,John Moss,1989-11-01,SYN-105-23-6824,37354,819,2026-01-18,163,0,,e2024c4f-dbb1-a4c1-e6d1-87efcf3e1689
32f8e208-9544-a4a9-0b30-9fff16b70805,Mark Anderson,1974-10-24,SYN-393-79-2119,45262,587,2026-01-23,158,0,,32f8e208-9544-a4a9-0b30-9fff16b70805
b2d81266-5ec3-6556-a912-46f21918e99c,Ryan Parker,2007-08-13,SYN-913-75-2431,50022,762,2025-08-06,328,1,ring_0052,ring_0052
dff766fc-6127-10e3-50c8-be2ac0589d0d,Jessica Jones,1975-11-13,SYN-126-96-1012,59385,734,2026-06-15,15,0,,dff766fc-6127-10e3-50c8-be2ac0589d0d
627b5284-8a59-2614-cc38-aa5606a6674e,Jessica Singh,1998-06-09,SYN-797-45-4404,46790,635,2025-08-24,310,0,,627b5284-8a59-2614-cc38-aa5606a6674e
9783ee03-a7cd-e702-bc9d-d9d7d4689e6d,Shelly Moss,1993-11-05,SYN-712-36-8202,92474,699,2026-06-29,1,0,,9783ee03-a7cd-e702-bc9d-d9d7d4689e6d
54ebbaed-6aaf-b35c-ebae-b53bccf8de7e,Kelly Phillips,1993-06-02,SYN-676-44-4213,66634,757,2025-03-22,465,0,,54ebbaed-6aaf-b35c-ebae-b53bccf8de7e
a4889f35-01dc-8a9a-bbe1-cd946f3a1e85,Carmen Jordan,1990-11-19,SYN-709-40-7820,71324,725,2025-11-20,222,0,,a4889f35-01dc-8a9a-bbe1-cd946f3a1e85
da23ef1e-69af-8263-d38f-75fa7f59171e,Spencer Kelly,1994-11-11,SYN-499-62-7847,87688,665,2025-01-06,540,0,,da23ef1e-69af-8263-d38f-75fa7f59171e
3e302e65-6da8-b159-c68f-fcee786cbc5d,Rebecca Marquez,1987-04-07,SYN-921-79-8924,48545,679,2026-06-30,0,0,,3e302e65-6da8-b159-c68f-fcee786cbc5d
ee99f19f-790b-6609-7bb5-1a988fe9c180,Jessica Smith,1986-01-28,SYN-541-19-4287,30623,614,2026-02-15,135,1,ring_0173,ring_0173
f891a1cc-443c-8d49-a1fb-89190b359869,Brianna Martinez,1969-09-06,SYN-785-75-5867,115905,712,2025-06-12,383,0,,f891a1cc-443c-8d49-a1fb-89190b359869
0ab6f561-7a5c-f48e-40b0-5d699d1ae512,Patricia Young PhD,1988-10-04,SYN-700-21-5798,57905,786,2025-10-09,264,0,,0ab6f561-7a5c-f48e-40b0-5d699d1ae512
931cabda-da8f-cd39-22e2-79bf6b546090,Micheal Green,1998-11-16,SYN-783-83-3920,46171,834,2025-02-22,493,0,,931cabda-da8f-cd39-22e2-79bf6b546090
c766b204-cf02-5b42-bb9d-35e78bca7ce7,Judy Johnson,2004-12-11,SYN-989-23-5476,86098,718,2025-10-09,264,0,,c766b204-cf02-5b42-bb9d-35e78bca7ce7
ba28629c-8331-e250-14fa-c37259fcea64,Thomas Harris,1971-08-17,SYN-417-14-7796,74917,656,2025-07-14,351,0,,ba28629c-8331-e250-14fa-c37259fcea64
cd3032fa-4a72-c6e0-0590-cdfc26f593c0,April King,1965-11-06,SYN-848-46-3168,40340,673,2025-02-12,503,0,,cd3032fa-4a72-c6e0-0590-cdfc26f593c0
1d4e331b-cbcf-42c1-6ce5-73efae635d4a,Christopher White,1995-07-30,SYN-247-89-1362,47137,762,2025-08-13,321,0,,1d4e331b-cbcf-42c1-6ce5-73efae635d4a
c910b73e-eef1-cc09-b581-dc1db1a6611a,Carol Taylor,1988-03-27,SYN-380-75-3644,51966,729,2025-10-05,268,0,,c910b73e-eef1-cc09-b581-dc1db1a6611a
249a9cb5-8a32-9b0a-7259-b8f35cc211e3,Bonnie Santos,1994-05-14,SYN-109-55-1593,44580,607,2025-01-20,526,0,,249a9cb5-8a32-9b0a-7259-b8f35cc211e3
3103bb9c-954c-81a2-d095-e27297fdbf15,Cynthia Taylor,1992-04-05,SYN-593-84-5044,47328,808,2026-01-07,174,0,,3103bb9c-954c-81a2-d095-e27297fdbf15
85b73346-2b3a-9d1e-ca88-645edd244d9a,Grant Wood,1999-09-16,SYN-140-48-6345,20346,522,2025-01-12,534,0,,85b73346-2b3a-9d1e-ca88-645edd244d9a
e7120aa8-3db6-82de-cfcf-9a4f458192e3,Christina Aguilar,2004-02-29,SYN-733-51-8451,25656,766,2025-12-29,183,0,,e7120aa8-3db6-82de-cfcf-9a4f458192e3
f817a29f-6309-0612-1d09-e9785e2343be,Lisa Walton,1985-10-15,SYN-904-81-9250,43882,702,2026-06-14,16,0,,f817a29f-6309-0612-1d09-e9785e2343be
ab2ba06d-aeac-ca81-5dbf-26b19141d658,Jessica Smith,2008-04-08,SYN-717-25-3795,49122,652,2026-01-17,164,0,,ab2ba06d-aeac-ca81-5dbf-26b19141d658
4d5ec904-1b79-850b-5400-a9abeafa24db,Tiffany Jackson,1994-02-11,SYN-382-98-9332,88488,769,2026-05-19,42,0,,4d5ec904-1b79-850b-5400-a9abeafa24db
4e8af1ca-60ee-0804-b8e4-d2967f330653,Jacqueline Turner,1982-12-09,SYN-793-31-4309,70947,732,2025-05-10,416,0,,4e8af1ca-60ee-0804-b8e4-d2967f330653
4d023b2c-0944-38f4-8a9a-c40382aab588,Eric Shaffer,1984-11-24,SYN-758-56-1572,51082,647,2025-04-29,427,0,,4d023b2c-0944-38f4-8a9a-c40382aab588
f08aac2b-6269-e8c6-c6df-4bcea7684a29,Catherine Perkins,1973-07-24,SYN-866-81-6273,87247,634,2025-02-28,487,0,,f08aac2b-6269-e8c6-c6df-4bcea7684a29
d3acda87-541a-53b5-e669-3af819f316b9,Erica Baker,1978-11-16,SYN-979-73-3698,48341,544,2025-08-11,323,0,,d3acda87-541a-53b5-e669-3af819f316b9
8e68472a-ef94-6838-1a8c-efe0db41ee27,Monica Atkinson,2006-06-03,SYN-421-82-7836,76084,674,2025-02-01,514,0,,8e68472a-ef94-6838-1a8c-efe0db41ee27
848ba455-e8a4-4146-35f2-6a76446a1f38,Teresa Velasquez,1984-05-31,SYN-961-70-9141,35753,631,2025-07-31,334,0,,848ba455-e8a4-4146-35f2-6a76446a1f38
bff5732b-6005-ea49-999f-9de7b77de1db,Teresa Li,1993-11-13,SYN-837-68-8734,71288,667,2025-05-17,409,0,,bff5732b-6005-ea49-999f-9de7b77de1db
fc160621-aed0-7f3e-9385-bc6ce390889a,Danny Harris,1984-01-04,SYN-251-10-7133,87834,633,2025-03-12,475,0,,fc160621-aed0-7f3e-9385-bc6ce390889a
4f4335a4-ec60-ac34-9ce2-38dea94226e1,Candice Ramirez,1979-05-21,SYN-142-82-9836,61557,696,2026-06-23,7,0,,4f4335a4-ec60-ac34-9ce2-38dea94226e1
dac65c12-7790-d674-8185-b8a9b1ac395c,Michael Miller,1984-10-22,SYN-646-61-9941,47003,593,2025-03-17,470,0,,dac65c12-7790-d674-8185-b8a9b1ac395c
e8437aa2-ab8b-2305-bc3b-776ba155a6d4,Alexander Martin,1988-09-29,SYN-776-63-3985,38827,655,2026-05-01,60,0,,e8437aa2-ab8b-2305-bc3b-776ba155a6d4
9bdc27ff-3503-17df-14fd-6a67203c2d51,Andrew Proctor,1951-06-16,SYN-192-87-8067,44274,679,2025-06-10,385,0,,9bdc27ff-3503-17df-14fd-6a67203c2d51
51c22bee-4ddb-cd68-0617-bbec8e561e15,Michael Marsh,1996-10-26,SYN-645-52-3304,49470,619,2025-12-10,202,0,,51c22bee-4ddb-cd68-0617-bbec8e561e15
1b850c3b-dd31-8536-b339-3189e3e80acb,Danielle Bradley,1999-09-13,SYN-382-83-8901,204927,630,2025-03-04,483,0,,1b850c3b-dd31-8536-b339-3189e3e80acb
7f8669e8-a38c-2c6e-9ea8-639925bcc55a,Christopher Jensen,1989-03-13,SYN-140-48-6563,105964,561,2026-03-11,111,0,,7f8669e8-a38c-2c6e-9ea8-639925bcc55a
3c216058-5814-f2af-d742-fee43c9cfabc,Ashley Sanders,1979-01-14,SYN-211-78-7632,50097,748,2025-11-05,237,0,,3c216058-5814-f2af-d742-fee43c9cfabc
6af2c40e-23d2-6225-09fc-33ddb9f8ea24,Michael Mitchell,1978-05-21,SYN-361-27-6469,105716,793,2025-01-15,531,0,,6af2c40e-23d2-6225-09fc-33ddb9f8ea24
94226df2-bbc8-616b-ae01-6de71c44a866,Crystal Rogers,2000-11-30,SYN-825-68-7292,36277,610,2025-04-08,448,1,ring_0021,ring_0021
9fbeaf1d-d9dd-4838-426b-ebae9d7c381c,Erica Moon,1994-09-24,SYN-105-36-9085,68965,760,2026-02-23,127,0,,9fbeaf1d-d9dd-4838-426b-ebae9d7c381c
a3f1beeb-fd65-8bbb-1d22-6a074a5a0f30,Ronnie Frazier,1991-04-27,SYN-150-44-3545,75119,599,2025-11-16,226,0,,a3f1beeb-fd65-8bbb-1d22-6a074a5a0f30
0c1f2acf-cefa-1f12-0449-382bc8a22951,Connie Turner,1961-08-15,SYN-623-46-4707,36110,681,2025-01-18,528,0,,0c1f2acf-cefa-1f12-0449-382bc8a22951
a5168f93-36d4-5f88-d66f-758533c7e11c,Clinton Moore,1993-04-11,SYN-972-37-2175,79945,655,2026-06-01,29,0,,a5168f93-36d4-5f88-d66f-758533c7e11c
75d33b70-d992-001c-571c-fc376af09d1d,Jennifer Crawford,2007-05-07,SYN-224-57-3011,32084,761,2025-09-03,300,0,,75d33b70-d992-001c-571c-fc376af09d1d
ed18e9b6-6457-a404-71a1-06d177b6f15d,Stephen Wood,1985-12-14,SYN-244-91-8115,51048,627,2026-06-20,10,0,,ed18e9b6-6457-a404-71a1-06d177b6f15d
0f9874d9-b022-8388-a496-7e9e99e83375,Rebecca Valencia,1991-05-11,SYN-995-86-3620,57209,745,2026-01-11,170,0,,0f9874d9-b022-8388-a496-7e9e99e83375
945a85f8-4b90-1e0c-d72e-74e2158b99ac,Jason Hardy,1970-12-08,SYN-647-49-4424,30160,686,2025-03-28,459,0,,945a85f8-4b90-1e0c-d72e-74e2158b99ac
d76ff8bb-679a-6d98-b7f2-61a7cb1c069e,Allison Rice,1999-03-30,SYN-474-59-7877,94801,638,2026-01-11,170,0,,d76ff8bb-679a-6d98-b7f2-61a7cb1c069e
1ab9dfc4-a347-2b98-f81c-9b1dba3c96e8,Brian Vaughn,1971-05-18,SYN-865-49-6959,60059,704,2025-04-03,453,0,,1ab9dfc4-a347-2b98-f81c-9b1dba3c96e8
723dd56c-cbdd-aedb-25f9-5d88c09e6b7a,Victoria King,1984-08-03,SYN-688-79-7949,107771,686,2026-05-21,40,0,,723dd56c-cbdd-aedb-25f9-5d88c09e6b7a
2b564352-6469-eb2d-f0ca-ed12273a23fb,Debra Bradley,1987-01-20,SYN-676-89-7040,150455,628,2025-01-27,519,0,,2b564352-6469-eb2d-f0ca-ed12273a23fb
57e70429-8911-e4f2-4603-8835a3600397,David Hayes,1988-05-17,SYN-243-67-7551,116464,787,2026-05-20,41,0,,57e70429-8911-e4f2-4603-8835a3600397
aabc4856-fa7a-4b8e-a318-888a67270a61,Vincent Savage,1999-05-09,SYN-975-51-6394,109610,708,2025-07-11,354,0,,aabc4856-fa7a-4b8e-a318-888a67270a61
28a5caee-8896-5b45-8fc8-7773f34a24f8,Jamie Walton,1995-12-13,SYN-362-69-4153,49298,570,2026-03-14,108,0,,28a5caee-8896-5b45-8fc8-7773f34a24f8
b1b996c8-19fc-597c-7e65-ccfc214eef49,Richard Franklin,1988-10-23,SYN-489-79-4673,84902,776,2025-01-20,526,0,,b1b996c8-19fc-597c-7e65-ccfc214eef49
c5001b2c-0359-6f4d-e9a8-765c6cb191f2,Jose Schultz,1964-10-20,SYN-764-45-4628,45869,646,2026-05-03,58,0,,c5001b2c-0359-6f4d-e9a8-765c6cb191f2
217216c5-db0b-88a6-8b84-0aff37bf9152,Melissa Stephens,1982-03-20,SYN-368-23-3479,31385,684,2026-05-01,60,0,,217216c5-db0b-88a6-8b84-0aff37bf9152
95505a7d-a291-8a2c-de99-875aa01772a5,Jonathon Kim,1985-05-03,SYN-512-51-1660,71446,619,2025-09-11,292,0,,95505a7d-a291-8a2c-de99-875aa01772a5
04b06534-b21a-c8b7-7bb6-6e0afb467319,John Mendez,1994-06-04,SYN-757-69-7289,74496,752,2025-09-26,277,0,,04b06534-b21a-c8b7-7bb6-6e0afb467319
bb62b21c-2ff0-a001-4f41-bacb1fdd73be,Samantha Zavala MD,1971-07-27,SYN-993-11-8057,57342,601,2025-07-27,338,0,,bb62b21c-2ff0-a001-4f41-bacb1fdd73be
20f10b66-eb65-2a21-babd-ba4397cc94d3,Nicole Moore,1989-02-16,SYN-664-51-1797,63609,646,2025-06-30,365,0,,20f10b66-eb65-2a21-babd-ba4397cc94d3
381cb09b-48b3-ae1c-8ee3-b86f9cd5ec59,Matthew Mclaughlin PhD,1989-11-04,SYN-181-41-6142,81105,587,2025-09-30,273,0,,381cb09b-48b3-ae1c-8ee3-b86f9cd5ec59
faad890f-09cd-f856-ce80-92130d146f52,Jennifer Leon,1991-03-23,SYN-704-97-6555,39324,610,2025-10-10,263,0,,faad890f-09cd-f856-ce80-92130d146f52
b6012079-358e-bcab-b163-f86533ff0dbd,Michelle Baldwin,1994-03-01,SYN-893-52-8687,75439,605,2026-01-26,155,1,ring_0136,ring_0136
93c91c12-a566-bca6-27a9-5dc7b4f76529,Tiffany Hansen,1984-11-30,SYN-554-26-8911,30419,682,2026-03-01,121,0,,93c91c12-a566-bca6-27a9-5dc7b4f76529
95f25cdb-8d0d-21b0-bafa-8243999f1574,Deborah Smith,1996-07-11,SYN-386-86-5811,15000,653,2026-03-17,105,0,,95f25cdb-8d0d-21b0-bafa-8243999f1574
4193dc0a-3ec6-881c-92ea-dedf9bc954fe,James Randall,1976-04-07,SYN-414-83-3263,20210,555,2025-08-27,307,0,,4193dc0a-3ec6-881c-92ea-dedf9bc954fe
44d18fa4-3b93-5d67-7360-19f11b997fd5,Kelsey Davis,1999-01-07,SYN-996-76-5986,34821,659,2026-04-18,73,1,ring_0094,ring_0094
cdee74d6-984c-cd0f-5b01-9b10131ad15f,Suzanne Williams,1982-04-25,SYN-261-46-1329,66859,691,2025-04-05,451,0,,cdee74d6-984c-cd0f-5b01-9b10131ad15f
b238a23c-ec75-d2fa-bb25-9e0070991621,Robert Gonzales,1963-08-09,SYN-640-65-1763,43256,581,2026-04-01,90,0,,b238a23c-ec75-d2fa-bb25-9e0070991621
eb74fd27-54a2-584c-44b6-03f34b713bac,Alyssa Vance,2004-05-13,SYN-372-53-4164,59469,706,2025-02-02,513,0,,eb74fd27-54a2-584c-44b6-03f34b713bac
7e2428ad-fe32-109e-6c79-957fd037464b,Riley Bryant,1986-12-08,SYN-961-87-5764,135824,714,2025-04-30,426,0,,7e2428ad-fe32-109e-6c79-957fd037464b
4f0b3311-82b8-5ef0-a38a-953e0091d9fd,Christopher Ibarra,1976-03-24,SYN-951-99-6510,37274,676,2025-06-05,390,0,,4f0b3311-82b8-5ef0-a38a-953e0091d9fd
a17e8f73-7562-7943-4578-6685b457fa35,Sandra Torres,1978-03-05,SYN-534-62-6129,58099,626,2025-08-13,321,0,,a17e8f73-7562-7943-4578-6685b457fa35
daaec24c-538a-014b-12db-2e113b9431a2,Elizabeth Allen,1982-07-03,SYN-969-20-9181,48496,690,2025-10-25,248,0,,daaec24c-538a-014b-12db-2e113b9431a2
26cf0ad0-5967-e6ca-08c8-55f809ce9fe6,Kelly Preston,1971-04-25,SYN-759-48-9114,72971,624,2026-02-18,132,0,,26cf0ad0-5967-e6ca-08c8-55f809ce9fe6
1e50b45a-5fb5-5387-b339-6b06651581e1,Matthew Hamilton,1999-12-03,SYN-128-80-5778,85481,647,2026-04-16,75,0,,1e50b45a-5fb5-5387-b339-6b06651581e1
d3b98568-952a-49f7-99db-9ed676f306ed,Gavin Bauer,1975-06-06,SYN-617-37-8483,42199,625,2025-03-04,483,0,,d3b98568-952a-49f7-99db-9ed676f306ed
82d1ffdb-d6dc-c9a7-ade1-ebb90c9f9023,Richard Parsons,1991-07-26,SYN-279-27-1328,51812,543,2026-01-08,173,0,,82d1ffdb-d6dc-c9a7-ade1-ebb90c9f9023
30cd2cf0-5ecf-b9f1-b5cb-6f0a85232e5b,David Stokes,1975-10-02,SYN-728-29-6479,18493,801,2025-11-12,230,0,,30cd2cf0-5ecf-b9f1-b5cb-6f0a85232e5b
dff36cb5-e231-9730-e888-3f02f28e7e94,Alexandra Jackson,1970-09-19,SYN-752-11-3868,44150,648,2025-11-09,233,1,ring_0053,ring_0053
d7106dac-d437-02ad-4056-51dc4fcf588d,Allison Murray,1987-07-18,SYN-142-69-1206,34456,619,2026-03-22,100,0,,d7106dac-d437-02ad-4056-51dc4fcf588d
ea74c36a-7472-e7c8-05bc-c5e5714bcb4a,Theresa Wilkins,1964-06-29,SYN-498-41-1814,31658,564,2025-08-15,319,0,,ea74c36a-7472-e7c8-05bc-c5e5714bcb4a
cc53e9e9-d5dd-e1d1-50bd-15b6f7f1d9f4,Joshua Mitchell,1990-06-28,SYN-812-21-6045,63485,644,2025-09-23,280,0,,cc53e9e9-d5dd-e1d1-50bd-15b6f7f1d9f4
a5bc148a-7f93-9486-8444-a3efa309eede,Stephanie Valdez,1997-05-27,SYN-213-58-4660,51157,684,2025-06-11,384,0,,a5bc148a-7f93-9486-8444-a3efa309eede
3b72cb01-d773-c96d-c19d-e84263ae6515,Cynthia Martinez,1994-06-19,SYN-396-70-3815,68458,639,2026-01-15,166,0,,3b72cb01-d773-c96d-c19d-e84263ae6515
43edbd41-2b83-cfde-8361-76bd91b577ed,Marissa Davis,1990-09-12,SYN-827-10-8910,48026,734,2025-08-09,325,0,,43edbd41-2b83-cfde-8361-76bd91b577ed
52e45fb9-0277-453f-fea9-f3f688c365ea,Carl Larsen,1987-01-01,SYN-751-40-3318,134775,764,2026-02-12,138,0,,52e45fb9-0277-453f-fea9-f3f688c365ea
4f3d8045-3fb5-41c2-faee-734fe5ac73d0,Mr. Zachary Mora DVM,2008-02-18,SYN-779-51-4806,34489,615,2026-06-21,9,0,,4f3d8045-3fb5-41c2-faee-734fe5ac73d0
03a2b207-bcf3-7359-cb27-46c9ebc52e1b,Christina Powell,1964-04-06,SYN-201-59-4874,61064,676,2025-05-15,411,0,,03a2b207-bcf3-7359-cb27-46c9ebc52e1b
33bc0ed8-5a95-88cd-9cf6-214af43a18c4,Riley Knight,1987-03-13,SYN-933-25-9062,89603,584,2025-09-11,292,0,,33bc0ed8-5a95-88cd-9cf6-214af43a18c4
f0af440e-ffeb-8633-65cb-0561365999bc,Samuel Vargas,1985-07-26,SYN-800-87-4996,83931,662,2025-12-10,202,1,ring_0033,ring_0033
123edb3a-88a2-8986-f5d3-61b7940c2abe,Nicole Norton,1993-12-27,SYN-798-38-7873,126671,755,2026-04-29,62,0,,123edb3a-88a2-8986-f5d3-61b7940c2abe
4107556a-43ab-21f0-87df-4668bf523507,Dr. Jessica Chase MD,1992-04-25,SYN-289-32-6885,84181,672,2025-07-02,363,0,,4107556a-43ab-21f0-87df-4668bf523507
f857f737-e12e-bf9d-db82-46f2621f51e3,Derrick Brown,1977-01-03,SYN-733-56-4640,19147,639,2026-05-10,51,0,,f857f737-e12e-bf9d-db82-46f2621f51e3
b94502dd-31a8-5d3d-5de9-9be47cc085ab,Timothy Fletcher,1988-02-15,SYN-159-15-2543,69729,736,2025-01-19,527,0,,b94502dd-31a8-5d3d-5de9-9be47cc085ab
5b126db8-30e9-ca09-48e2-f127abd4ebab,Melissa Wolf,2008-06-27,SYN-828-19-2813,145178,850,2025-10-10,263,0,,5b126db8-30e9-ca09-48e2-f127abd4ebab
1b64620f-a1a6-f10a-b005-809a531bfa80,Stephanie Colon,1991-04-28,SYN-935-16-2615,82423,669,2025-10-03,270,0,,1b64620f-a1a6-f10a-b005-809a531bfa80
a966dee6-61b2-a047-71c9-ecfd1169e684,Nicole Gonzalez,1980-06-06,SYN-896-70-2575,73327,737,2026-01-31,150,0,,a966dee6-61b2-a047-71c9-ecfd1169e684
f250e41b-a855-6029-8c48-2dfc6d73dae9,Jacqueline Hall,1968-11-03,SYN-439-23-3181,52431,711,2025-06-06,389,0,,f250e41b-a855-6029-8c48-2dfc6d73dae9
ddea7525-b4a3-af1f-d49c-03c618c6b4e9,Beth Ellis,1989-03-14,SYN-250-23-9528,70156,711,2025-11-14,228,0,,ddea7525-b4a3-af1f-d49c-03c618c6b4e9
bfa1cb35-4b7c-c32a-212d-a8f8cc7661d5,Alejandra Ellis,2004-06-09,SYN-132-37-5134,19493,850,2026-03-25,97,0,,bfa1cb35-4b7c-c32a-212d-a8f8cc7661d5
622ac9cc-a4da-ed0c-103a-4bc64211b63a,Timothy Clark,1967-07-13,SYN-538-14-3424,23363,712,2025-05-12,414,0,,622ac9cc-a4da-ed0c-103a-4bc64211b63a
f608369a-6917-04d4-80e8-afd50d964d67,Dennis Guerra,1975-12-12,SYN-476-94-9950,27436,566,2025-01-29,517,0,,f608369a-6917-04d4-80e8-afd50d964d67
6386fdc9-9e37-0eba-b30e-5a52544fb754,Reginald Diaz,1988-11-16,SYN-999-61-7030,23503,822,2026-06-21,9,0,,6386fdc9-9e37-0eba-b30e-5a52544fb754
8da810c4-4ce3-cace-1101-8ddb7e011c67,Linda Johnson,1985-09-15,SYN-275-70-8930,20991,637,2025-06-11,384,0,,8da810c4-4ce3-cace-1101-8ddb7e011c67
102946fb-2587-a5a6-29c3-a6978fffb6c9,Mark Hanson,1994-05-15,SYN-703-77-1376,45769,598,2025-08-01,333,1,ring_0060,ring_0060
e784cd2c-834b-b71f-cf68-a3956c1393e6,Jennifer Porter,2001-12-03,SYN-148-41-8413,25879,793,2025-10-19,254,0,,e784cd2c-834b-b71f-cf68-a3956c1393e6
8868793b-6886-f51b-179b-39837305d0b0,Kristen Jones,1988-03-06,SYN-231-40-3072,21149,632,2026-01-08,173,0,,8868793b-6886-f51b-179b-39837305d0b0
bac2aefd-e277-383e-fcb0-fb300b118c17,Erin Nash,1985-08-26,SYN-402-63-1512,39509,614,2025-04-08,448,0,,bac2aefd-e277-383e-fcb0-fb300b118c17
f3c23064-bc6f-3ae0-e4ca-72a300bf4910,Whitney Macdonald DVM,1971-08-15,SYN-588-11-4190,53951,668,2025-09-19,284,0,,f3c23064-bc6f-3ae0-e4ca-72a300bf4910
2a347f78-6ff6-9d89-78b7-9ef52313362e,Emily Bauer,1972-04-12,SYN-567-24-8777,25482,795,2025-02-07,508,0,,2a347f78-6ff6-9d89-78b7-9ef52313362e
fabf8904-0113-6713-32c9-ce3fd8f4fef3,Mr. Jeremy Cohen Jr.,1977-06-17,SYN-852-55-7438,69334,672,2025-08-11,323,0,,fabf8904-0113-6713-32c9-ce3fd8f4fef3
22318a2e-96a6-7c68-66cb-93a23a18107c,Patricia Fox,1959-08-20,SYN-827-41-8784,62605,805,2025-01-25,521,0,,22318a2e-96a6-7c68-66cb-93a23a18107c
e827bcad-9c2a-2137-93ce-fdd8d1d27186,Christine Kennedy,1982-07-04,SYN-165-31-3871,33625,620,2025-01-25,521,0,,e827bcad-9c2a-2137-93ce-fdd8d1d27186
8003082f-3d14-6a07-f40b-572bd82f3a2b,Christine Moran,1981-08-07,SYN-141-47-6259,30700,529,2026-05-03,58,0,,8003082f-3d14-6a07-f40b-572bd82f3a2b
aba445e0-bbee-483b-6492-979c5f1fa300,William Hunter,2000-11-25,SYN-714-58-6253,181205,751,2026-05-05,56,0,,aba445e0-bbee-483b-6492-979c5f1fa300
96d1c90c-41a8-0052-3e70-e279867ac882,Angela Davis,1994-05-11,SYN-177-23-2131,76191,620,2026-03-30,92,1,ring_0060,ring_0060
4a020cd5-a0cd-4a99-0683-0b9c1f675db3,Amanda Robinson,1969-09-17,SYN-266-42-3121,34704,677,2025-07-01,364,0,,4a020cd5-a0cd-4a99-0683-0b9c1f675db3
e9213c5b-d6b1-10a3-a7f8-941d1835783a,Joseph Conway,1987-06-23,SYN-111-76-2592,50391,711,2026-03-08,114,0,,e9213c5b-d6b1-10a3-a7f8-941d1835783a
0d49e074-6740-8001-c5f7-b9603889cdd8,Cynthia Rowe,1995-12-27,SYN-230-11-6691,59506,640,2025-07-03,362,0,,0d49e074-6740-8001-c5f7-b9603889cdd8
bfc75d98-e2aa-43a8-1707-eeb0d9b78394,Robert Dennis,2002-04-14,SYN-656-31-8900,42237,662,2025-01-27,519,0,,bfc75d98-e2aa-43a8-1707-eeb0d9b78394
26c99fa8-30b3-8b29-e89d-db210e42bc46,Erin Mason,1983-10-13,SYN-473-85-1772,37876,593,2026-05-04,57,0,,26c99fa8-30b3-8b29-e89d-db210e42bc46
5ec6367f-edaf-4e7a-6fbb-7132eae79d1c,Shawn Rodriguez,1989-06-05,SYN-350-45-2775,37869,788,2026-06-21,9,0,,5ec6367f-edaf-4e7a-6fbb-7132eae79d1c
0a960793-3968-5bfd-44ee-0e106bdb0d8e,Christy Kennedy,1978-11-22,SYN-828-60-2602,30804,698,2025-07-02,363,0,,0a960793-3968-5bfd-44ee-0e106bdb0d8e
27216254-1eb0-2987-9823-513c3bf19255,Melissa Taylor,1984-11-07,SYN-625-37-1404,67773,716,2026-06-16,14,0,,27216254-1eb0-2987-9823-513c3bf19255
39ee37a5-a8ca-1036-51f6-90762eb55f30,Lawrence Harrington,1981-09-21,SYN-559-11-1811,62391,739,2026-01-31,150,0,,39ee37a5-a8ca-1036-51f6-90762eb55f30
752d86bc-3adb-f3d1-be23-e649c267c0ce,Jennifer Greene,1980-08-29,SYN-558-14-5864,42745,789,2025-12-21,191,0,,752d86bc-3adb-f3d1-be23-e649c267c0ce
e0b9a1cd-0352-a83d-947a-98e3df44ed7e,Catherine Maxwell,2003-12-20,SYN-181-32-6346,28539,626,2026-02-13,137,0,,e0b9a1cd-0352-a83d-947a-98e3df44ed7e
08abff2c-1310-80e5-001e-3c3fdbe111c9,Victoria Berry,1990-09-03,SYN-627-45-1965,19782,794,2025-12-28,184,0,,08abff2c-1310-80e5-001e-3c3fdbe111c9
fe793276-1291-d1cd-d033-18468890e6e3,Sergio Hodge,1984-08-14,SYN-742-40-6438,74470,584,2025-08-22,312,0,,fe793276-1291-d1cd-d033-18468890e6e3
f1f98dc6-6bc2-01dc-a5a6-716330a49ea8,Laura Atkins,1982-10-22,SYN-264-84-4368,40829,547,2025-11-21,221,0,,f1f98dc6-6bc2-01dc-a5a6-716330a49ea8
273a0bff-33c6-4ab8-2278-a714441417d7,Kristy Bryan,2005-03-09,SYN-318-11-7017,38174,702,2025-09-15,288,0,,273a0bff-33c6-4ab8-2278-a714441417d7
095236b0-f460-62fa-259e-b8306cc08321,Joseph Woodward,1980-03-13,SYN-698-41-5743,16354,621,2025-11-09,233,0,,095236b0-f460-62fa-259e-b8306cc08321
024a2f09-c31a-168b-f59a-e44698829089,Steven Morgan,2008-04-25,SYN-663-18-8209,156529,742,2025-07-31,334,1,ring_0015,ring_0015
054f88e4-2758-4746-91cc-5d1fcc8fc37c,Frances Aguilar,1996-07-05,SYN-919-68-6858,84891,668,2025-04-01,455,0,,054f88e4-2758-4746-91cc-5d1fcc8fc37c
ce9a4eab-06cb-fa3f-8d2b-b7e55ae0d2ba,Janet Shelton,1976-09-21,SYN-877-36-5755,50890,753,2026-05-19,42,0,,ce9a4eab-06cb-fa3f-8d2b-b7e55ae0d2ba
20707f98-fdcf-d37a-c5b4-bfe661e5c3d3,Justin Carter,1989-01-27,SYN-943-38-5480,25372,628,2025-01-08,538,0,,20707f98-fdcf-d37a-c5b4-bfe661e5c3d3
0cdd588f-9ba9-8c4e-12ed-411bc7a0806e,Joseph Howard,1994-09-21,SYN-597-62-1376,55678,617,2025-01-30,516,0,,0cdd588f-9ba9-8c4e-12ed-411bc7a0806e
e16d9a45-f7ef-e80f-52cd-8e78b5933b33,Andrew Lawrence,1998-04-01,SYN-219-52-2180,98096,696,2025-01-23,523,1,ring_0024,ring_0024
87cd07a7-d45d-5b61-fb1c-95d5292b7613,Kimberly Stone DDS,1974-02-12,SYN-785-52-3280,29678,661,2026-04-16,75,0,,87cd07a7-d45d-5b61-fb1c-95d5292b7613
450e8ceb-692c-57c5-d444-bd9533e768c5,Donald Freeman,1980-06-18,SYN-529-37-4606,57364,620,2025-01-27,519,0,,450e8ceb-692c-57c5-d444-bd9533e768c5
77b2acc8-7781-a6fe-eb22-3b4078b4d2d7,Cory Barrett,1982-07-07,SYN-457-64-9673,85543,739,2025-08-13,321,0,,77b2acc8-7781-a6fe-eb22-3b4078b4d2d7
bbcb9c63-87f0-bf8b-0fa3-31df9e4a51ea,Vanessa Flores,2005-03-25,SYN-873-45-3341,26278,763,2026-01-27,154,0,,bbcb9c63-87f0-bf8b-0fa3-31df9e4a51ea
32fef9ef-bf28-94e4-15ca-82a2bfddd606,Daniel Smith,1981-12-12,SYN-601-63-8796,60676,673,2025-11-30,212,0,,32fef9ef-bf28-94e4-15ca-82a2bfddd606
e3cdc6b6-2779-b995-ca2a-c78759df7677,Sandra Mccoy,1990-01-16,SYN-176-20-2836,32133,765,2025-07-17,348,0,,e3cdc6b6-2779-b995-ca2a-c78759df7677
81008a18-8fda-8ef6-09b1-2d122c160a95,Kelli Collins,1982-03-04,SYN-172-70-2645,38219,594,2026-01-14,167,0,,81008a18-8fda-8ef6-09b1-2d122c160a95
17b0e271-289f-130b-7622-814451a8e04e,Jennifer Fields,1987-02-23,SYN-812-88-8954,40927,572,2026-04-08,83,0,,17b0e271-289f-130b-7622-814451a8e04e
8b618724-ee38-8481-9306-71825ab7ecf3,Robert Hall,1977-02-27,SYN-335-68-2319,76776,667,2025-06-09,386,0,,8b618724-ee38-8481-9306-71825ab7ecf3
169e3867-06b0-22ef-2812-f199e64d4b10,Richard Wilson,1974-09-05,SYN-275-25-7938,114819,777,2025-06-28,367,0,,169e3867-06b0-22ef-2812-f199e64d4b10
7e3451d9-e384-13db-f9f7-1ab998709c47,Samantha Garcia,2008-04-27,SYN-199-46-5925,94933,682,2026-03-10,112,0,,7e3451d9-e384-13db-f9f7-1ab998709c47
8566c815-5d75-0664-7bd2-d95ca4036282,Marvin Flores,1991-08-30,SYN-503-55-8921,39928,768,2026-05-08,53,0,,8566c815-5d75-0664-7bd2-d95ca4036282
a61896c3-c989-1232-37d6-c4d446feb45f,Daniel Quinn,1963-02-24,SYN-924-70-1911,90259,795,2025-05-31,395,0,,a61896c3-c989-1232-37d6-c4d446feb45f
792b642f-248e-8c97-c4c1-53ec21ed2395,Matthew Brooks,1999-01-10,SYN-127-76-5473,250000,693,2026-02-15,135,0,,792b642f-248e-8c97-c4c1-53ec21ed2395
e8108e95-78ff-68ba-db97-8846f83d4de5,Destiny Duncan,1970-08-14,SYN-224-59-3218,115464,765,2026-04-03,88,0,,e8108e95-78ff-68ba-db97-8846f83d4de5
03feeffe-29bb-69e5-f16b-8ec9e646e51d,Tony Swanson,1995-06-02,SYN-724-93-4007,36003,626,2025-11-08,234,0,,03feeffe-29bb-69e5-f16b-8ec9e646e51d
af98c203-dc82-b2b9-af68-672bfb52729a,Joann Sanders,1977-02-20,SYN-188-39-6709,33842,652,2025-11-15,227,0,,af98c203-dc82-b2b9-af68-672bfb52729a
388de16f-e059-42d9-0c04-8fd7b4f6cd30,Todd Rosales MD,1995-08-08,SYN-171-85-5403,45559,849,2026-04-24,67,0,,388de16f-e059-42d9-0c04-8fd7b4f6cd30
7c7470d5-18bd-04da-2b08-5704b9f3ad7d,Katie Mitchell,1991-08-22,SYN-179-43-4244,47662,589,2026-01-12,169,0,,7c7470d5-18bd-04da-2b08-5704b9f3ad7d
4d340ed7-2a8b-1f6b-1519-86717a930c7c,Zachary Huff,1982-08-02,SYN-317-90-5359,72636,722,2025-03-03,484,0,,4d340ed7-2a8b-1f6b-1519-86717a930c7c
d1f757dd-a7db-bada-609d-df7b636c5eb8,Kathleen Martinez,1977-05-27,SYN-671-72-9005,59755,708,2025-11-29,213,0,,d1f757dd-a7db-bada-609d-df7b636c5eb8
04b3c213-fe47-f926-36dd-b25a239e4701,Mr. Edward Terry,2008-04-14,SYN-972-81-9463,29416,730,2026-04-11,80,0,,04b3c213-fe47-f926-36dd-b25a239e4701
98b7c45e-8d4c-e3ad-3574-b69ade069776,Danielle Mcconnell,1978-10-28,SYN-965-17-8654,62369,633,2026-05-24,37,0,,98b7c45e-8d4c-e3ad-3574-b69ade069776
39458fd0-62ab-15f6-0765-c6e4f43315cc,Robert Mclean,1964-02-28,SYN-497-12-7454,49230,626,2025-09-21,282,0,,39458fd0-62ab-15f6-0765-c6e4f43315cc
a5c69e75-63ad-696d-2fc2-724588008bc8,David Hernandez,1989-08-30,SYN-667-13-1530,29395,633,2025-09-25,278,0,,a5c69e75-63ad-696d-2fc2-724588008bc8
c608e2ca-5a53-7122-eb0f-b45c2d99194e,Jennifer Morris,1987-06-18,SYN-963-18-4224,107867,784,2025-04-30,426,0,,c608e2ca-5a53-7122-eb0f-b45c2d99194e
21e23f0a-3bc8-ec39-a8ae-da53f2b1345d,Megan Perry,1993-06-19,SYN-333-83-5554,49934,703,2025-12-11,201,0,,21e23f0a-3bc8-ec39-a8ae-da53f2b1345d
a15c8cec-82dd-ec70-075c-630ca9451c59,Christopher Williams,1991-09-11,SYN-828-30-8783,67225,672,2026-02-04,146,0,,a15c8cec-82dd-ec70-075c-630ca9451c59
7ece3823-4bba-3adf-4b51-7f5da41e98a8,Benjamin Reyes,1985-11-29,SYN-255-26-8896,89075,631,2025-06-09,386,0,,7ece3823-4bba-3adf-4b51-7f5da41e98a8
42cfab0c-4a30-337f-3409-ea19d17a5d95,Sandy Adkins,1989-04-25,SYN-230-19-1860,219612,677,2025-04-20,436,0,,42cfab0c-4a30-337f-3409-ea19d17a5d95
2c60955c-c313-3b6f-1081-dc1553853f95,Jim Foster,1993-12-31,SYN-263-57-4047,51340,537,2025-06-29,366,0,,2c60955c-c313-3b6f-1081-dc1553853f95
ae89bc99-11e7-e118-6a96-32998b705cf2,Mike Wright,1969-04-22,SYN-899-95-6669,62874,604,2026-05-14,47,1,ring_0167,ring_0167
d08ecac6-762b-8958-1c25-aee7747898f6,Dawn Burke,2008-06-19,SYN-544-67-5991,35649,624,2026-01-14,167,0,,d08ecac6-762b-8958-1c25-aee7747898f6
97e7a5dc-1d3d-6de5-f469-a242c46cf078,Erik Keller,1994-08-26,SYN-732-53-8026,26876,749,2025-07-20,345,0,,97e7a5dc-1d3d-6de5-f469-a242c46cf078
42693b4b-f9fb-2c40-da7f-425d262e6751,Renee Johnson,1988-02-10,SYN-245-91-5583,28698,513,2026-01-21,160,0,,42693b4b-f9fb-2c40-da7f-425d262e6751
cb76c9f7-f379-06f5-1a94-9a4cd1b55af7,Mr. Lawrence Brooks,1954-09-11,SYN-299-17-7217,76096,592,2026-03-11,111,0,,cb76c9f7-f379-06f5-1a94-9a4cd1b55af7
a7223a91-3385-ae85-2d77-16957b012ea4,Laura Harris,1997-08-30,SYN-287-18-8245,85919,670,2025-01-11,535,0,,a7223a91-3385-ae85-2d77-16957b012ea4
04af4553-a322-08ca-4fb8-c3f6df97d48a,Phillip Macias,1997-12-05,SYN-583-17-2932,40797,677,2025-12-12,200,0,,04af4553-a322-08ca-4fb8-c3f6df97d48a
da2d9126-d14e-40f0-54b7-93038a2d394a,Jamie Baird,1987-07-10,SYN-358-37-6793,55316,683,2025-05-04,422,0,,da2d9126-d14e-40f0-54b7-93038a2d394a
f51bac09-3f12-cefd-fb2c-260abba93126,Benjamin Miller,1974-04-13,SYN-211-75-4766,23686,677,2026-06-28,2,0,,f51bac09-3f12-cefd-fb2c-260abba93126
e74b38bf-105d-bc78-e740-8e2de074fbe6,Karen Stephens,1985-02-06,SYN-388-84-2378,157895,703,2025-01-27,519,0,,e74b38bf-105d-bc78-e740-8e2de074fbe6
737ab237-4400-5197-e029-f1c019d2c8fa,Jessica Wilson,1998-07-30,SYN-947-55-2846,27861,822,2025-06-07,388,0,,737ab237-4400-5197-e029-f1c019d2c8fa
c018b194-5d92-8ab3-e34b-f2f8f6035b73,Holly Bell,2004-12-03,SYN-323-31-7916,134564,567,2025-05-29,397,0,,c018b194-5d92-8ab3-e34b-f2f8f6035b73
415b6357-0507-c1ef-84e9-091dda8959a2,Patrick Rios,1979-07-25,SYN-449-22-3355,54360,708,2025-02-06,509,0,,415b6357-0507-c1ef-84e9-091dda8959a2
e2525f5c-7958-e391-7676-1feb6162cdfc,Sabrina Henderson DVM,1971-05-03,SYN-760-46-2198,192644,745,2026-04-29,62,0,,e2525f5c-7958-e391-7676-1feb6162cdfc
fc4e011f-b60a-91c9-3e1d-7c43ffbc3a99,Michelle Larsen,1971-05-16,SYN-832-18-1018,92683,694,2025-04-18,438,0,,fc4e011f-b60a-91c9-3e1d-7c43ffbc3a99
a5a6262a-f626-183e-c0bd-270e8f3d6d39,Barbara Fields,1979-04-02,SYN-383-22-5621,86684,598,2025-02-26,489,0,,a5a6262a-f626-183e-c0bd-270e8f3d6d39
f01b4663-3c1b-18a3-6747-785fb000819f,Mr. Michael Peters,1959-01-09,SYN-756-54-7295,55996,763,2025-02-27,488,0,,f01b4663-3c1b-18a3-6747-785fb000819f
b7768f0a-389f-704e-43cd-618a325a2808,Amanda Brown,1992-02-03,SYN-227-15-4981,26212,792,2026-06-18,12,0,,b7768f0a-389f-704e-43cd-618a325a2808
4d512aac-2714-e99f-0c80-4ce96c0bff9a,Katelyn Tran,1961-05-25,SYN-842-21-9983,15350,616,2025-05-18,408,1,ring_0173,ring_0173
c0e3df9a-e7c3-23c3-44be-e870757fc37a,Chelsey Clark,1971-12-15,SYN-282-96-4795,30038,614,2026-02-04,146,0,,c0e3df9a-e7c3-23c3-44be-e870757fc37a
ddd154bb-3e70-8081-74b5-607fd635ca12,Bailey Hughes,1984-07-27,SYN-180-14-2765,47608,850,2026-05-30,31,0,,ddd154bb-3e70-8081-74b5-607fd635ca12
774440e3-a1a7-9d42-c388-ef008c5328f7,Earl Marquez,1979-09-27,SYN-789-24-3299,87939,693,2025-10-16,257,0,,774440e3-a1a7-9d42-c388-ef008c5328f7
4cb42768-6dc0-b06f-859c-44692d4b25d6,Kayla Rodriguez,1976-11-11,SYN-735-77-5415,76663,713,2025-07-22,343,0,,4cb42768-6dc0-b06f-859c-44692d4b25d6
16f66065-a071-f85a-2bde-a6034700b19e,Sandra Casey,1982-04-23,SYN-878-99-9972,114358,712,2026-03-26,96,0,,16f66065-a071-f85a-2bde-a6034700b19e
e93cd2eb-054c-303b-29e7-fa9619ead3c0,Gail Johnson MD,1983-06-07,SYN-577-71-2415,101639,753,2025-06-17,378,0,,e93cd2eb-054c-303b-29e7-fa9619ead3c0
80550bec-ec42-604f-0a6c-2e2fa6e8758e,Haley Jackson,2001-03-20,SYN-783-41-4198,35519,762,2026-06-26,4,0,,80550bec-ec42-604f-0a6c-2e2fa6e8758e
88c6b7a7-24aa-c8ee-444c-78e86589d584,Kelly Gilbert,1992-01-19,SYN-942-88-6458,63868,684,2026-06-25,5,0,,88c6b7a7-24aa-c8ee-444c-78e86589d584
4fb64dad-ff1b-921a-34f8-158bfa992d09,Tammy Russell,1975-10-17,SYN-983-46-6978,49009,723,2025-08-12,322,1,ring_0142,ring_0142
50532267-208a-e517-5cd4-d3142736e064,Sandra Becker,1988-09-04,SYN-202-99-3445,107277,661,2026-03-15,107,0,,50532267-208a-e517-5cd4-d3142736e064
5ea702b5-b40d-4cc9-28d6-1c27a17b23d5,Leslie Torres,1972-07-13,SYN-411-95-8582,45234,724,2026-06-14,16,0,,5ea702b5-b40d-4cc9-28d6-1c27a17b23d5
aa4a5f1e-493c-6b85-d722-92fc6fd4c473,Elaine Herman,2003-04-10,SYN-411-31-2376,56094,682,2025-05-05,421,0,,aa4a5f1e-493c-6b85-d722-92fc6fd4c473
aa2f1670-2abd-b5ca-964f-f7a9348938e9,James Hernandez,1986-06-06,SYN-993-80-1935,86597,729,2025-04-14,442,0,,aa2f1670-2abd-b5ca-964f-f7a9348938e9
dc07ecf8-8403-01b0-8c68-2f77914129a9,Mark Alvarez,1983-10-12,SYN-879-62-6963,59087,641,2025-08-04,330,0,,dc07ecf8-8403-01b0-8c68-2f77914129a9
f1e5b433-db9e-90f6-153b-71a28dd276e1,Matthew Mcmillan,1990-03-06,SYN-898-96-9661,64580,619,2025-07-11,354,0,,f1e5b433-db9e-90f6-153b-71a28dd276e1
3b0021bf-c438-70b3-a839-808be87e6719,Matthew Doyle,1978-04-25,SYN-192-18-6459,52001,682,2025-06-18,377,0,,3b0021bf-c438-70b3-a839-808be87e6719
d2c2d241-01b4-366e-8ca0-743973aa8890,Matthew Miller,1960-02-19,SYN-461-75-7429,30480,612,2026-02-01,149,0,,d2c2d241-01b4-366e-8ca0-743973aa8890
9d39a5c9-b258-7ade-10e9-d23d752b077b,Crystal Clayton,1976-10-29,SYN-242-93-8759,74831,600,2026-04-26,65,0,,9d39a5c9-b258-7ade-10e9-d23d752b077b
5ee5be07-731a-2ccf-b97f-2218485dd6a3,Shawn Ware,1981-11-01,SYN-811-83-1396,25802,621,2025-10-21,252,0,,5ee5be07-731a-2ccf-b97f-2218485dd6a3
4a9ee3ec-9ad6-ce56-ab27-ecb2f6c719b5,Brandon Peterson,1993-03-22,SYN-703-36-6880,63143,651,2025-01-31,515,0,,4a9ee3ec-9ad6-ce56-ab27-ecb2f6c719b5
7e6c41ee-6d08-d0d0-6cfc-dbca196912c9,Edward Taylor,1985-02-21,SYN-950-89-6448,51051,551,2025-04-02,454,0,,7e6c41ee-6d08-d0d0-6cfc-dbca196912c9
a4d11e06-1291-7c13-5815-5c13572513f6,Anthony May,2002-10-02,SYN-271-12-3437,85516,663,2025-05-08,418,0,,a4d11e06-1291-7c13-5815-5c13572513f6
738b46a5-c212-cf27-238f-6cacb5d4dc38,Martin Wilcox,1994-07-31,SYN-330-40-1860,79241,806,2025-03-05,482,0,,738b46a5-c212-cf27-238f-6cacb5d4dc38
2cb76b4d-fb7c-48ef-d544-d696dcd8950e,Alison Zuniga,2008-05-16,SYN-231-51-4969,74268,630,2026-03-10,112,0,,2cb76b4d-fb7c-48ef-d544-d696dcd8950e
e12955df-a89d-5321-007b-d7670e4f5e21,Melissa Hanson,1979-10-01,SYN-415-51-7701,48619,651,2025-09-17,286,0,,e12955df-a89d-5321-007b-d7670e4f5e21
b4cd9e17-a7bc-fda5-529e-0b42322ae4cb,Stephanie West,1995-04-06,SYN-116-66-5955,74584,665,2025-12-27,185,0,,b4cd9e17-a7bc-fda5-529e-0b42322ae4cb
27e7679a-17e9-26ca-8402-c30ba000a530,Caleb Jackson,1997-09-22,SYN-278-38-8540,22026,654,2026-06-06,24,0,,27e7679a-17e9-26ca-8402-c30ba000a530
927abd4c-c599-8f7e-c17e-8768d72bb51d,Peter Morgan,2007-12-02,SYN-180-54-8140,203781,552,2026-01-31,150,0,,927abd4c-c599-8f7e-c17e-8768d72bb51d
5262e629-4125-46bc-874f-3e309da244a6,Ariel Sandoval,1999-05-18,SYN-105-42-2039,55205,728,2025-01-12,534,0,,5262e629-4125-46bc-874f-3e309da244a6
d1079e5d-329a-824c-8fcf-e650470368da,Elizabeth Jenkins,1979-10-22,SYN-310-33-1013,111571,728,2026-02-01,149,0,,d1079e5d-329a-824c-8fcf-e650470368da
5ae0b259-f9a7-c319-2d0c-43a21aa999e1,Sandra Smith,1988-01-03,SYN-950-71-9635,45009,678,2026-06-28,2,0,,5ae0b259-f9a7-c319-2d0c-43a21aa999e1
2f327dec-2a05-150d-44f6-2afa38b6c2bf,Nancy Brown,1988-05-14,SYN-761-90-4757,63106,712,2025-10-01,272,0,,2f327dec-2a05-150d-44f6-2afa38b6c2bf
b066d342-3857-28bc-1c45-6971295f72b7,Thomas Kaufman,1977-07-01,SYN-103-51-5229,112212,703,2026-01-11,170,0,,b066d342-3857-28bc-1c45-6971295f72b7
d92a885a-b501-d68e-2c98-50758c9ab979,Ian Porter,1973-10-04,SYN-152-27-9031,68045,695,2025-07-12,353,0,,d92a885a-b501-d68e-2c98-50758c9ab979
e6281395-10d4-d3dc-c214-27b8a7b229bb,Dustin Stein,1982-08-21,SYN-859-13-7235,111649,677,2026-02-13,137,0,,e6281395-10d4-d3dc-c214-27b8a7b229bb
4f4c0c18-0f8e-0513-882c-9334dbe4205e,Mary Lee,1993-05-04,SYN-129-92-3301,37637,629,2026-05-18,43,0,,4f4c0c18-0f8e-0513-882c-9334dbe4205e
3f0ad501-2d2b-44ae-0969-c0b3cb18cc24,Adam George,1979-10-17,SYN-502-29-4552,115462,654,2025-12-26,186,1,ring_0107,ring_0107
7a339a2a-82f5-72aa-f7fa-2512d0c8a9dd,Philip Espinoza,1997-08-27,SYN-599-48-2081,54708,611,2026-06-25,5,0,,7a339a2a-82f5-72aa-f7fa-2512d0c8a9dd
68585f43-77e9-8621-f687-f9dc99beb941,Brian Chen,1988-08-11,SYN-493-51-2484,90457,645,2025-08-22,312,0,,68585f43-77e9-8621-f687-f9dc99beb941
26ce4b73-48d4-057c-3349-15175f593411,Andrea Hall,1982-11-13,SYN-913-17-3119,115947,692,2025-04-02,454,1,ring_0113,ring_0113
3de48984-7e18-f9d7-d881-b88b3e3a0069,Linda Jones,1992-01-21,SYN-605-55-5563,27297,715,2025-08-18,316,0,,3de48984-7e18-f9d7-d881-b88b3e3a0069
2e2d81a7-78bb-9b35-46f0-68dab8236aa2,Lisa Booker,1978-10-24,SYN-517-53-8897,228349,656,2026-05-16,45,0,,2e2d81a7-78bb-9b35-46f0-68dab8236aa2
9aec0df6-46c7-0e23-f1be-ec3a81ff64c0,Joseph Meyers,1971-12-15,SYN-634-63-5811,68088,564,2025-04-05,451,0,,9aec0df6-46c7-0e23-f1be-ec3a81ff64c0
48db4492-66bd-3157-5934-0c045936eacf,Corey Garcia,1967-08-05,SYN-758-67-2162,43132,668,2026-06-18,12,0,,48db4492-66bd-3157-5934-0c045936eacf
97bbb287-6eb3-1b52-e1d5-b614d954a036,David Gutierrez,1965-05-17,SYN-621-33-6100,26738,831,2025-12-02,210,0,,97bbb287-6eb3-1b52-e1d5-b614d954a036
8a883fdf-b548-5ab7-0408-63c0fa352a3c,Elizabeth Serrano,1987-01-24,SYN-872-43-8529,15000,714,2026-04-30,61,0,,8a883fdf-b548-5ab7-0408-63c0fa352a3c
8ef46460-002f-ff28-4c67-305eea7dbe94,Sandra Craig,1994-08-18,SYN-322-74-6041,67088,615,2025-06-19,376,0,,8ef46460-002f-ff28-4c67-305eea7dbe94
d48cfef4-874f-4ff9-a7f7-971a5e70fc18,Andrew Phelps,1986-03-12,SYN-557-82-7005,26532,763,2025-03-08,479,0,,d48cfef4-874f-4ff9-a7f7-971a5e70fc18
92aabbf1-613f-089d-be37-35c8105f0591,Amber Lee,1986-12-05,SYN-666-60-8417,63170,633,2025-10-12,261,0,,92aabbf1-613f-089d-be37-35c8105f0591
6cfce627-8afb-6096-eb8b-a78747d4de98,Brittany Rios,1983-02-20,SYN-749-91-3180,34736,717,2025-04-12,444,0,,6cfce627-8afb-6096-eb8b-a78747d4de98
6bcc2e0c-4dc8-fad9-ccee-02f00bdf5605,Tiffany Phillips,1987-01-30,SYN-640-31-8623,110692,683,2025-11-25,217,0,,6bcc2e0c-4dc8-fad9-ccee-02f00bdf5605
56e4e803-899b-4f7f-ebfc-06d0a711c103,Mark Davis,1990-09-23,SYN-413-77-6429,134143,603,2026-03-05,117,0,,56e4e803-899b-4f7f-ebfc-06d0a711c103
c30cc49c-4644-1c88-8420-e4488ac257a7,Abigail Wilson,1951-02-18,SYN-451-65-9494,91290,795,2026-04-24,67,0,,c30cc49c-4644-1c88-8420-e4488ac257a7
a0320d21-9f6a-cc38-92d1-91ea6efcbfd0,Casey Blanchard,1989-03-22,SYN-439-46-8400,28949,659,2025-08-04,330,0,,a0320d21-9f6a-cc38-92d1-91ea6efcbfd0
c08197e7-7b51-83d9-609a-562c05286fae,Rodney Perry,1960-01-26,SYN-768-58-7069,15564,549,2026-01-04,177,0,,c08197e7-7b51-83d9-609a-562c05286fae
5d8e3aeb-987b-6bc7-e172-51889bbe2bdb,Jennifer Adkins,1988-12-14,SYN-948-84-5486,41027,679,2025-04-15,441,0,,5d8e3aeb-987b-6bc7-e172-51889bbe2bdb
d12e7fed-7381-43c3-6ab9-43ef21ee5b50,Traci Wilson,1988-04-09,SYN-394-70-2323,50254,720,2025-08-26,308,0,,d12e7fed-7381-43c3-6ab9-43ef21ee5b50
47b0c313-8da8-3ef3-7ad4-2baf53a1f7d3,Robert Smith,1998-02-19,SYN-146-26-2382,64555,781,2025-03-25,462,0,,47b0c313-8da8-3ef3-7ad4-2baf53a1f7d3
18e36918-7c4c-26ec-cf7e-67494591a1da,Jean Davis,1987-07-17,SYN-994-30-7963,28999,712,2026-06-14,16,1,ring_0171,ring_0171
753e7b05-1956-d514-29b6-51dd4a9e6013,Timothy Collins,1993-04-15,SYN-415-29-2135,75340,499,2026-02-09,141,0,,753e7b05-1956-d514-29b6-51dd4a9e6013
d268fe81-7220-6a76-b48b-c613f219df71,Matthew Krause,1995-06-12,SYN-704-39-3288,36624,629,2026-02-27,123,0,,d268fe81-7220-6a76-b48b-c613f219df71
3309989a-73d4-7433-5dbf-c5b89fe1eea0,Diane Anderson,1996-09-04,SYN-169-54-1530,52485,660,2025-12-13,199,1,ring_0058,ring_0058
add813af-81c5-11b3-6b4d-6e0f6b2b2e4c,Curtis Dunlap,1987-09-16,SYN-331-72-8368,25214,666,2025-05-15,411,1,ring_0187,ring_0187
4630a07e-28db-c33b-14b7-17eb8778f0f4,Sue Warner,1959-09-16,SYN-422-44-2743,41070,760,2025-12-27,185,0,,4630a07e-28db-c33b-14b7-17eb8778f0f4
306f1394-dd44-8d1f-55b3-ae4a697f9e34,Jacqueline Dyer,1983-06-13,SYN-872-91-1224,117259,737,2026-04-10,81,0,,306f1394-dd44-8d1f-55b3-ae4a697f9e34
7d35950c-e3d3-89f9-ad64-65b3fe81d13d,Brittney Martin,1967-07-31,SYN-616-34-7271,70891,648,2025-05-23,403,0,,7d35950c-e3d3-89f9-ad64-65b3fe81d13d
868867b9-bb76-fb50-8c4a-c79494010d53,Mason Price,1971-08-18,SYN-853-20-6878,50532,595,2025-09-14,289,0,,868867b9-bb76-fb50-8c4a-c79494010d53
080241e7-490c-8cda-931a-51f105831dd7,Bianca Chavez,1984-05-30,SYN-650-95-4273,41786,688,2025-02-02,513,0,,080241e7-490c-8cda-931a-51f105831dd7
a40975c8-45b4-1320-9b64-7f6f3f6a1ffc,James Lopez,2008-01-03,SYN-125-70-3287,106189,604,2026-02-14,136,0,,a40975c8-45b4-1320-9b64-7f6f3f6a1ffc
a223edd2-0351-a333-598d-29136c925e75,Daniel Taylor,1968-09-28,SYN-498-73-8055,53910,648,2025-05-10,416,0,,a223edd2-0351-a333-598d-29136c925e75
1e594df8-034c-3f28-2079-c28268ec72fd,Terry King,1981-02-28,SYN-253-59-5261,39867,783,2025-08-07,327,1,ring_0016,ring_0016
b6f90f5b-ad2b-86f4-9747-f48b86f74394,Stephanie Santiago,1983-07-14,SYN-503-69-9129,68124,610,2025-11-10,232,0,,b6f90f5b-ad2b-86f4-9747-f48b86f74394
13b9e5cf-7e07-6c2f-85a9-859568de963a,Cristian Mendoza,1987-07-04,SYN-702-19-2673,46790,737,2025-05-18,408,0,,13b9e5cf-7e07-6c2f-85a9-859568de963a
49335999-c002-7c6a-1a66-736f29291f12,Jennifer Johnson,1962-12-22,SYN-749-34-3013,26757,583,2026-03-01,121,0,,49335999-c002-7c6a-1a66-736f29291f12
38565c7b-50ad-4d8b-7af8-234798eee34b,Judith Bartlett,1970-07-24,SYN-861-74-5935,70738,540,2026-04-05,86,0,,38565c7b-50ad-4d8b-7af8-234798eee34b
45fb1434-c81c-afb4-d2d2-8c8b5976404d,Ashley Barton,1988-02-19,SYN-140-37-9422,192994,702,2026-06-27,3,0,,45fb1434-c81c-afb4-d2d2-8c8b5976404d
cb3502ff-154a-fcf1-8cc3-bf0efb1e3e5a,Thomas Holloway,1991-01-03,SYN-858-89-9416,23137,553,2026-02-07,143,0,,cb3502ff-154a-fcf1-8cc3-bf0efb1e3e5a
7e661f28-237e-612a-9e9a-84f5c44c2a93,Jordan Calhoun MD,1990-08-18,SYN-787-46-6944,211366,589,2025-03-27,460,0,,7e661f28-237e-612a-9e9a-84f5c44c2a93
ebefe30d-0d1a-00b1-a989-fb174bca251f,Justin Foster,1993-10-30,SYN-671-12-2789,25280,633,2025-01-03,543,0,,ebefe30d-0d1a-00b1-a989-fb174bca251f
dd66662c-6615-4e99-bfa5-de2449f02435,Kenneth Walsh,1978-02-02,SYN-723-50-1196,61550,715,2025-05-15,411,0,,dd66662c-6615-4e99-bfa5-de2449f02435
617173f0-1239-8f7f-7b68-398937fe03ed,Richard Cooper,2008-01-30,SYN-562-56-7399,98966,718,2025-10-11,262,0,,617173f0-1239-8f7f-7b68-398937fe03ed
33ffb9f7-4557-24ee-b2ba-48d110b70fbb,Melissa Mcfarland,1980-05-12,SYN-971-44-4858,89320,665,2025-01-26,520,0,,33ffb9f7-4557-24ee-b2ba-48d110b70fbb
0a0c3bea-89dc-aba2-a6e5-1cdbea99b599,Jody Rice,1997-02-08,SYN-303-85-6106,49700,478,2025-10-01,272,0,,0a0c3bea-89dc-aba2-a6e5-1cdbea99b599
57f1d75c-e4db-187e-0b74-587e92425a87,Robert Chapman,1980-01-11,SYN-813-62-2016,101553,611,2025-11-03,239,0,,57f1d75c-e4db-187e-0b74-587e92425a87
fe3b3f10-7f38-ecfe-b8e5-07db86925c7b,Paul Keller,1979-03-12,SYN-299-71-9132,32667,711,2025-09-03,300,0,,fe3b3f10-7f38-ecfe-b8e5-07db86925c7b
d21e5220-1661-bbbc-036b-43d6bcf7818e,Megan Hood,2008-03-26,SYN-110-53-5581,44182,725,2025-04-08,448,0,,d21e5220-1661-bbbc-036b-43d6bcf7818e
20ddedab-5876-985a-f156-fd2b51ec7f71,Brenda Lee,1973-05-08,SYN-899-20-7474,39568,572,2025-04-11,445,0,,20ddedab-5876-985a-f156-fd2b51ec7f71
c20dd9c3-f91c-c5f0-afb9-8126571cb7cf,Evelyn Pacheco,1999-02-02,SYN-794-22-5552,110256,657,2026-06-13,17,0,,c20dd9c3-f91c-c5f0-afb9-8126571cb7cf
37a68953-a071-8329-2c28-331cda9100de,Edward Jones,1976-07-10,SYN-144-77-2232,93339,663,2026-04-06,85,1,ring_0214,ring_0214
d5a36a7a-fa5e-fcf5-4608-b9d351ad8b6f,Shannon Rogers,1971-01-12,SYN-712-63-8460,87269,777,2025-09-21,282,0,,d5a36a7a-fa5e-fcf5-4608-b9d351ad8b6f
63e7043f-0d9b-3965-6fda-236b6e94af7a,Nicholas Arellano,1978-12-30,SYN-272-81-4260,66429,772,2026-04-12,79,0,,63e7043f-0d9b-3965-6fda-236b6e94af7a
0649cf88-4cfb-70a8-215a-1c0731903270,Karen Griffin,1967-04-29,SYN-803-47-1423,57937,751,2026-06-06,24,0,,0649cf88-4cfb-70a8-215a-1c0731903270
729c5531-b207-ecf8-c7ec-e7ba7f115378,Anthony Randolph,1996-10-09,SYN-515-24-1967,15000,674,2025-07-08,357,0,,729c5531-b207-ecf8-c7ec-e7ba7f115378
f887ee52-47bb-97a9-ff26-040c71afe37d,Michael Lee,1992-05-29,SYN-629-92-1506,27282,727,2026-01-22,159,0,,f887ee52-47bb-97a9-ff26-040c71afe37d
8c6c3612-a17e-1a19-3d65-f0e7b20b62ec,Lisa Ryan,1991-05-10,SYN-542-84-7835,27520,681,2026-02-15,135,0,,8c6c3612-a17e-1a19-3d65-f0e7b20b62ec
52925aca-be22-1915-9ffd-5cea0901685d,Daniel Davenport,1994-10-19,SYN-592-90-7792,27080,675,2026-01-02,179,0,,52925aca-be22-1915-9ffd-5cea0901685d
25b376fb-fe3d-9e25-a5b3-30066f68ec88,Stacy Myers,1977-01-24,SYN-374-11-1896,102522,805,2025-01-25,521,0,,25b376fb-fe3d-9e25-a5b3-30066f68ec88
9ac7c9d4-d9d6-19ff-466b-3c4f2790ad6e,Melanie Saunders,1980-05-11,SYN-408-32-4402,53994,761,2025-08-10,324,0,,9ac7c9d4-d9d6-19ff-466b-3c4f2790ad6e
9c7e8e82-4256-a5c4-08a4-3d76b6a078bd,Cindy Kelley,1963-03-15,SYN-601-73-8988,158702,716,2025-05-08,418,0,,9c7e8e82-4256-a5c4-08a4-3d76b6a078bd
0f4a40af-54c8-1687-ac98-3f50ea662fcf,Randall Cox,1973-08-28,SYN-668-33-2810,74047,787,2026-03-03,119,0,,0f4a40af-54c8-1687-ac98-3f50ea662fcf
43ae53ae-1710-d32a-ef90-4cc5844cd9bf,Connie Ramirez,1980-06-02,SYN-530-37-5763,35152,699,2025-09-07,296,0,,43ae53ae-1710-d32a-ef90-4cc5844cd9bf
1407ad41-6986-66c2-7a94-d909e793612f,Mike Martinez,1995-02-22,SYN-305-44-7070,67062,642,2025-03-30,457,0,,1407ad41-6986-66c2-7a94-d909e793612f
698c0830-8172-187f-5b95-b30a14f0091d,Brian Porter,2008-02-29,SYN-424-52-7289,73421,687,2025-06-19,376,0,,698c0830-8172-187f-5b95-b30a14f0091d
ecd10c0d-4149-8cf3-93b1-a49dc9ef26bd,Darren Morse,1976-12-08,SYN-387-55-9524,115287,786,2025-09-01,302,0,,ecd10c0d-4149-8cf3-93b1-a49dc9ef26bd
94e75171-831d-b6b8-019f-f0ff286295c3,Jeremy Reed,1971-01-29,SYN-331-53-7937,40666,613,2025-09-26,277,0,,94e75171-831d-b6b8-019f-f0ff286295c3
ab257a32-6c11-e8a0-e374-5fe4ffdf7a07,Michelle Johnson,1969-04-12,SYN-422-39-7709,109527,589,2025-03-10,477,0,,ab257a32-6c11-e8a0-e374-5fe4ffdf7a07
26673936-6cda-1e27-203f-4d16150d1dac,Patricia Hale,1994-04-16,SYN-179-86-7999,44702,735,2025-12-04,208,0,,26673936-6cda-1e27-203f-4d16150d1dac
f101e351-a03c-eaf0-a76a-f9b4025a5424,Alexa Buck,1987-03-30,SYN-721-90-7391,53054,718,2025-07-16,349,0,,f101e351-a03c-eaf0-a76a-f9b4025a5424
6e30133e-cb7c-e25e-bf07-3b240579f09b,Taylor Mack,1987-08-04,SYN-257-94-8170,56082,734,2025-01-20,526,0,,6e30133e-cb7c-e25e-bf07-3b240579f09b
9efd5df0-8f55-b3e3-cfed-a4ec9ca84a90,Mark Santos,1996-08-05,SYN-408-17-3147,50476,717,2025-12-29,183,0,,9efd5df0-8f55-b3e3-cfed-a4ec9ca84a90
6f73e06a-b5dd-9c8e-fd5f-91dfb6921e85,Nathan Adams,1995-03-17,SYN-691-68-1663,63467,625,2025-05-02,424,0,,6f73e06a-b5dd-9c8e-fd5f-91dfb6921e85
2090202e-d7f3-83a7-36ab-cda7099bc897,Wesley Jensen MD,1988-08-18,SYN-454-57-2259,28016,694,2025-04-22,434,0,,2090202e-d7f3-83a7-36ab-cda7099bc897
70aa382a-c430-9d17-ed16-fb9e77b4ced5,Elijah Archer,2006-09-23,SYN-215-10-3844,92944,577,2025-11-05,237,0,,70aa382a-c430-9d17-ed16-fb9e77b4ced5
c52e0d82-1301-541b-14ee-18515ef3206a,Tyler Garcia,1991-01-22,SYN-147-68-3816,46181,726,2026-05-23,38,0,,c52e0d82-1301-541b-14ee-18515ef3206a
f2e8bf38-f087-92c2-10c6-225f04b2a109,Dalton Clark,1964-02-18,SYN-688-61-8436,59472,627,2025-11-15,227,0,,f2e8bf38-f087-92c2-10c6-225f04b2a109
2932824f-e638-891b-93de-beeb7acc0b34,Mark Smith,1985-04-04,SYN-825-72-2409,75959,746,2026-06-03,27,0,,2932824f-e638-891b-93de-beeb7acc0b34
d6e0954c-b363-c125-9964-7ecf6c86c66d,Elizabeth Burch,1992-02-23,SYN-590-61-7041,40595,736,2025-06-05,390,1,ring_0128,ring_0128
4fef7ba9-c0d1-9c55-fcc1-47ced592ad42,Nicole Juarez,2005-05-29,SYN-770-70-2247,104466,758,2025-05-22,404,0,,4fef7ba9-c0d1-9c55-fcc1-47ced592ad42
e324036d-1338-c142-616f-bb8c8f08920b,Eric Walker,1988-01-04,SYN-526-17-1945,58065,575,2025-12-18,194,0,,e324036d-1338-c142-616f-bb8c8f08920b
9ec538e8-0932-cf06-14fd-87d285cd6223,Zachary White,1989-06-10,SYN-169-79-1538,35043,727,2026-03-09,113,0,,9ec538e8-0932-cf06-14fd-87d285cd6223
551ed987-914d-0622-cb1a-ef589ca9bb8f,Chase Burnett,2008-03-25,SYN-146-88-5639,79400,725,2025-03-25,462,0,,551ed987-914d-0622-cb1a-ef589ca9bb8f
91688b4b-4127-ae5b-efc8-c70f49093c67,Christine Dillon,1993-03-05,SYN-805-15-4457,46436,647,2025-11-14,228,0,,91688b4b-4127-ae5b-efc8-c70f49093c67
12e1d8bd-25f2-1533-6dfd-9b8c9bf2bfc0,Jose Green,1989-04-15,SYN-599-47-6887,151206,688,2025-11-10,232,0,,12e1d8bd-25f2-1533-6dfd-9b8c9bf2bfc0
3c6b9114-f693-c457-8364-285b81f44250,Richard Brown,1976-12-17,SYN-748-51-3437,116762,628,2025-08-19,315,0,,3c6b9114-f693-c457-8364-285b81f44250
ba9cdfa1-a3a5-5fad-9fc4-8d2d4abdfc50,Laura Roberts,1991-03-30,SYN-984-33-8679,250000,743,2025-10-03,270,0,,ba9cdfa1-a3a5-5fad-9fc4-8d2d4abdfc50
a8394a9a-4bfe-bb3a-da0d-c8ab42081f14,Todd Sherman,2005-12-31,SYN-550-99-1773,38257,842,2026-03-24,98,0,,a8394a9a-4bfe-bb3a-da0d-c8ab42081f14
bb6267da-9f14-2257-9f5e-e810b89593b0,David Molina,1982-07-19,SYN-298-59-2805,60101,630,2025-05-29,397,0,,bb6267da-9f14-2257-9f5e-e810b89593b0
f144a863-23a5-2f6b-1464-17eb71cddbce,Matthew Farmer,1984-09-25,SYN-848-21-7459,24749,710,2025-09-21,282,0,,f144a863-23a5-2f6b-1464-17eb71cddbce
0ec3dc9c-7b76-d516-138b-99f5431cf591,Bonnie Larson,1997-04-23,SYN-576-35-3856,22981,597,2025-06-16,379,0,,0ec3dc9c-7b76-d516-138b-99f5431cf591
21de80e0-d014-8e11-1eb0-e980ddf79f61,Edwin Munoz,1985-04-06,SYN-919-98-4908,58188,657,2026-04-01,90,0,,21de80e0-d014-8e11-1eb0-e980ddf79f61
5550b909-bdbb-1ed6-d6d4-4ea0787f1cdb,Susan Rivera,1990-03-21,SYN-529-63-4388,30569,738,2025-10-27,246,0,,5550b909-bdbb-1ed6-d6d4-4ea0787f1cdb
39435c13-b0c7-01e0-57b5-5f16f92af0ec,Jacob Hart,1999-01-16,SYN-799-52-1748,44364,723,2025-09-19,284,0,,39435c13-b0c7-01e0-57b5-5f16f92af0ec
0fa2d3d8-35e2-ec87-eb34-be740bcbf90c,Madison Wilson,1986-03-19,SYN-581-91-8554,37449,703,2025-10-10,263,0,,0fa2d3d8-35e2-ec87-eb34-be740bcbf90c
a2be561d-cc8d-c7f7-87c1-e5fd0f694d14,Jennifer Yu,1980-05-15,SYN-679-92-2465,53314,596,2025-07-29,336,0,,a2be561d-cc8d-c7f7-87c1-e5fd0f694d14
cbe38dc0-92f7-ca7a-915b-905eff823fbe,Kyle Nguyen,2000-07-06,SYN-697-59-1132,61694,760,2025-07-25,340,0,,cbe38dc0-92f7-ca7a-915b-905eff823fbe
f67e9ad3-e42c-0a6f-1080-4d44b053a28d,Richard Bush,1993-09-05,SYN-215-44-5928,70850,714,2025-11-10,232,0,,f67e9ad3-e42c-0a6f-1080-4d44b053a28d
a8c16313-31e3-fb12-542e-7fcc3c448f5f,Colton Dixon,1984-04-19,SYN-300-82-6417,46992,576,2026-03-29,93,1,ring_0173,ring_0173
0a72dac9-ce07-7018-51a1-a48359feaa44,Roger Johnson,1994-07-19,SYN-898-64-9509,51316,636,2026-01-21,160,0,,0a72dac9-ce07-7018-51a1-a48359feaa44
f5948097-62bf-96a8-8f68-1deea8571bdf,Melissa Goodman,1999-02-14,SYN-336-36-4876,58824,719,2026-02-11,139,0,,f5948097-62bf-96a8-8f68-1deea8571bdf
bdd2146a-ca84-0856-1583-7dc34336716d,Michael Wiggins,1973-07-01,SYN-635-60-5271,57339,681,2025-01-21,525,0,,bdd2146a-ca84-0856-1583-7dc34336716d
96fa4504-0dcf-e7ae-8b98-f62d3688fa48,Jeffery Collins,1965-06-04,SYN-662-77-9554,31287,704,2025-07-27,338,0,,96fa4504-0dcf-e7ae-8b98-f62d3688fa48
82a3bfb5-7ed5-e7f7-db2b-473b76e76cc9,Chad Williams,1982-04-21,SYN-887-61-1678,38235,755,2026-02-03,147,0,,82a3bfb5-7ed5-e7f7-db2b-473b76e76cc9
4a144c0e-387d-8103-d065-16a105909e40,Ashley Valentine,1970-01-24,SYN-517-21-1017,89010,676,2025-02-23,492,0,,4a144c0e-387d-8103-d065-16a105909e40
e7ae7b49-a372-3527-65cb-cd67c7a97edf,Bryan Jones,1977-12-21,SYN-166-15-6630,50389,821,2026-01-04,177,0,,e7ae7b49-a372-3527-65cb-cd67c7a97edf
6efda344-0607-5e50-af7d-0f9c93eae2da,Christopher Johnson,1992-04-22,SYN-437-14-7717,51375,530,2025-09-16,287,0,,6efda344-0607-5e50-af7d-0f9c93eae2da
1e39fb3d-1988-4c06-701f-0780198a4243,Julie Williams,1989-09-03,SYN-890-66-1489,25645,760,2026-01-16,165,1,ring_0179,ring_0179
39234f86-1762-0e23-f748-94337c5189b6,Kimberly Sanchez,1987-12-19,SYN-294-44-6243,39028,746,2025-06-04,391,0,,39234f86-1762-0e23-f748-94337c5189b6
da355c97-8275-28b9-8f0e-6f94588f6632,Ashley Bowman,2008-02-02,SYN-327-70-4881,68715,652,2025-08-31,303,0,,da355c97-8275-28b9-8f0e-6f94588f6632
bc3813ec-380c-2df7-9bce-4725b77b30c1,Jennifer Hernandez,1968-09-07,SYN-619-81-1460,79435,684,2026-06-14,16,0,,bc3813ec-380c-2df7-9bce-4725b77b30c1
9563742c-673b-abfa-4fbc-7dc9982718f1,Renee Wolfe,2000-11-08,SYN-587-83-8819,136512,685,2026-05-05,56,0,,9563742c-673b-abfa-4fbc-7dc9982718f1
5b94a1f6-3f88-a15c-8cf9-bc10cad7a93c,Shannon Cowan,1998-10-22,SYN-570-74-2797,110604,753,2025-08-23,311,0,,5b94a1f6-3f88-a15c-8cf9-bc10cad7a93c
39cbb41b-2869-3f6a-16cd-11a72656eeb0,Debra Wolfe,2007-03-11,SYN-842-55-5802,88388,679,2026-01-25,156,0,,39cbb41b-2869-3f6a-16cd-11a72656eeb0
25663b35-110d-7b31-6e87-3a00890df9f2,Adam Merritt,1981-07-03,SYN-349-57-9243,127066,599,2026-01-04,177,0,,25663b35-110d-7b31-6e87-3a00890df9f2
738426fd-a5ef-0191-d868-e1cc500bbb53,Jill Smith DDS,1990-09-12,SYN-799-50-6365,114296,706,2025-06-25,370,0,,738426fd-a5ef-0191-d868-e1cc500bbb53
cb883c4b-eca5-9acc-7b65-b71dc3b271b5,David Hinton,1976-12-27,SYN-938-90-4637,49073,730,2026-04-03,88,0,,cb883c4b-eca5-9acc-7b65-b71dc3b271b5
d3c94aec-770c-bb0c-6c6b-a3c507cc6a7a,Christopher Macdonald,1994-02-15,SYN-947-27-2593,38407,526,2025-03-03,484,0,,d3c94aec-770c-bb0c-6c6b-a3c507cc6a7a
700587f9-a9a2-49fa-97e7-e0055a7ded60,Krystal Hamilton,1977-09-12,SYN-844-22-7723,109008,784,2025-11-11,231,0,,700587f9-a9a2-49fa-97e7-e0055a7ded60
c0b00290-7306-9cfc-7411-8b431aab0aa5,Brent Stewart,1985-01-25,SYN-548-98-8596,67351,560,2025-03-16,471,0,,c0b00290-7306-9cfc-7411-8b431aab0aa5
e4a79bb3-8df4-45ab-64d0-40989dff5e55,Tammy Alexander,1993-09-09,SYN-642-46-4153,49083,685,2026-01-18,163,0,,e4a79bb3-8df4-45ab-64d0-40989dff5e55
d27f11e5-1538-a39c-60e1-2d0baa597f1b,Robert Johnson,1993-05-25,SYN-906-76-7900,91488,639,2025-09-28,275,0,,d27f11e5-1538-a39c-60e1-2d0baa597f1b
15316319-29df-d89a-5113-1a7df5d826e2,Dylan Guzman,1980-11-24,SYN-879-21-5556,22844,825,2025-08-24,310,0,,15316319-29df-d89a-5113-1a7df5d826e2
59f58bc1-67aa-7ba1-af93-030db012a0b7,Erin Thomas,2005-11-28,SYN-957-31-1045,76743,758,2026-01-08,173,1,ring_0048,ring_0048
a7d76460-cc40-5277-76e3-fafe92e90b12,Gwendolyn Klein,1976-06-19,SYN-465-67-1304,62384,710,2025-01-22,524,0,,a7d76460-cc40-5277-76e3-fafe92e90b12
a12d5f24-f680-00a1-d9a3-0a52138e1778,Ryan Crane,1986-07-11,SYN-444-70-2439,70768,772,2026-03-10,112,0,,a12d5f24-f680-00a1-d9a3-0a52138e1778
0384a81c-e65f-7724-c47d-05d72748fd15,John Johnson,1986-03-25,SYN-601-17-9472,25283,681,2026-05-22,39,0,,0384a81c-e65f-7724-c47d-05d72748fd15
4919b850-643d-3bb0-afdb-ab5c68a46e62,Jesse Mccormick,1991-04-20,SYN-187-74-9433,66170,631,2025-02-25,490,0,,4919b850-643d-3bb0-afdb-ab5c68a46e62
257c3169-f8ab-b43d-52e0-b0e0d16cdf7d,Kristina Monroe,1992-11-17,SYN-530-97-9770,44608,687,2025-05-10,416,0,,257c3169-f8ab-b43d-52e0-b0e0d16cdf7d
50338cf5-ca6b-ba82-2282-23d1c8bfc6ed,Molly Watts,1987-11-02,SYN-387-48-5479,47855,701,2025-11-13,229,0,,50338cf5-ca6b-ba82-2282-23d1c8bfc6ed
539c16d6-4293-ec38-8d52-35b4311cf882,Randall Nguyen,1984-07-31,SYN-152-80-9866,61387,629,2025-08-22,312,0,,539c16d6-4293-ec38-8d52-35b4311cf882
381a315d-7d19-6409-3334-32f5da8abd86,Nicole Hodge,1995-01-12,SYN-246-60-8501,38378,743,2025-02-14,501,0,,381a315d-7d19-6409-3334-32f5da8abd86
0b729098-e30d-0e3b-ef3f-de12f45ce63b,Carrie Stafford,2004-09-13,SYN-197-22-2162,109542,657,2025-04-18,438,0,,0b729098-e30d-0e3b-ef3f-de12f45ce63b
4368e6b6-a383-597d-87cb-4ee8c086784d,Steven Lee,1994-08-24,SYN-752-78-9336,70063,711,2025-04-05,451,0,,4368e6b6-a383-597d-87cb-4ee8c086784d
49e8b8d5-b1a6-e2a9-cb29-368df5f404fc,Eric Blackburn,1995-01-11,SYN-992-75-7282,32636,720,2025-06-10,385,0,,49e8b8d5-b1a6-e2a9-cb29-368df5f404fc
03df7aa7-18f7-0442-f116-c46266e8e003,Katelyn Yang,1973-06-23,SYN-859-34-7601,31861,742,2025-01-20,526,0,,03df7aa7-18f7-0442-f116-c46266e8e003
98bb57dc-58c9-6ddc-fb11-f927d9fd679c,Christina Roberts,1963-07-04,SYN-735-24-2653,27111,715,2025-08-17,317,0,,98bb57dc-58c9-6ddc-fb11-f927d9fd679c
fbd6c87b-bd2d-328f-2a74-98201a161e3e,Steven Martin,1977-07-22,SYN-543-30-1453,67798,794,2025-07-05,360,0,,fbd6c87b-bd2d-328f-2a74-98201a161e3e
18c5c3b5-1031-3c3c-c277-85020cd09d08,Bobby Matthews,1989-12-01,SYN-166-52-6264,36602,696,2025-10-21,252,0,,18c5c3b5-1031-3c3c-c277-85020cd09d08
bc7664cd-7f06-985c-3bd0-55fa8a2ad490,Jessica Rosario,1993-01-20,SYN-960-83-7295,40358,708,2025-03-25,462,0,,bc7664cd-7f06-985c-3bd0-55fa8a2ad490
981e888f-b0f1-6fe8-1f1d-661c37ab2537,Sharon Newton,2000-05-17,SYN-734-64-1135,20327,727,2025-06-29,366,0,,981e888f-b0f1-6fe8-1f1d-661c37ab2537
ef7b4455-3293-2fb1-a51d-1aec24d72a6b,Christian Cooper,1988-12-28,SYN-428-68-6458,42809,616,2025-09-04,299,1,ring_0117,ring_0117
7293bf8e-c521-472c-fae1-83aeabd9ba7f,Amy Diaz,1991-03-15,SYN-384-12-5545,111696,669,2026-04-25,66,0,,7293bf8e-c521-472c-fae1-83aeabd9ba7f
4ff4d64c-5073-b16a-bc8f-34d9d3e0fec0,Sonya Alvarado,1963-06-09,SYN-329-57-6889,58527,648,2025-01-23,523,0,,4ff4d64c-5073-b16a-bc8f-34d9d3e0fec0
0e1be2a7-4808-4c17-a196-04e44d147431,Alexis Rodriguez,1978-11-28,SYN-107-94-9021,64847,786,2026-03-15,107,0,,0e1be2a7-4808-4c17-a196-04e44d147431
dafd6a5f-c652-0458-769e-2b7b09d1fb42,James Bradley,1981-07-07,SYN-935-31-2485,54461,602,2025-09-04,299,0,,dafd6a5f-c652-0458-769e-2b7b09d1fb42
daddd63b-8b0a-b744-0231-f94337da6106,Charles Davila,1989-01-29,SYN-374-46-7025,17837,625,2026-02-01,149,0,,daddd63b-8b0a-b744-0231-f94337da6106
2b00019b-cc88-d342-7225-9523b61ba7a3,Melissa Parker,1978-11-13,SYN-293-79-2393,66930,608,2026-03-19,103,0,,2b00019b-cc88-d342-7225-9523b61ba7a3
0d0ce500-aed0-2654-aec0-81837763b9ac,Kimberly Myers,1969-04-13,SYN-466-49-3766,77071,492,2025-11-05,237,0,,0d0ce500-aed0-2654-aec0-81837763b9ac
52f8b5d6-6b57-6b8d-9196-e9094a85ed6a,Lisa Martin,1991-05-15,SYN-392-88-7656,25799,671,2026-04-02,89,0,,52f8b5d6-6b57-6b8d-9196-e9094a85ed6a
9266477a-cde0-0ad5-668a-f6ce12c1ddce,Robert Haynes,1998-07-12,SYN-492-77-3128,78580,804,2025-02-09,506,0,,9266477a-cde0-0ad5-668a-f6ce12c1ddce
c4ea7c83-bd8b-5cbf-c3fd-06e50a77af2c,Raymond Johnson,1979-11-30,SYN-577-25-2604,54826,793,2025-09-01,302,0,,c4ea7c83-bd8b-5cbf-c3fd-06e50a77af2c
ef2bd143-ac6a-2125-17b0-201e0499481a,Albert Davis,1968-02-03,SYN-813-84-5692,18034,697,2026-01-27,154,0,,ef2bd143-ac6a-2125-17b0-201e0499481a
b5a2472e-4fad-8330-47bd-81b59797c03c,Sean Smith,1976-05-03,SYN-654-51-4526,167986,711,2025-04-25,431,1,ring_0202,ring_0202
69ccb772-2f11-ff94-08ee-2d9bd991c270,Brittney Mccoy,1989-09-15,SYN-790-32-7845,75910,607,2025-04-29,427,0,,69ccb772-2f11-ff94-08ee-2d9bd991c270
134b183b-5035-7118-48e2-d03ee2f0760b,Jennifer Nguyen,1989-02-18,SYN-140-19-7211,74780,696,2025-04-29,427,0,,134b183b-5035-7118-48e2-d03ee2f0760b
e20c1309-f8da-dd82-2179-f781070882fe,Sonya Jackson,1973-04-25,SYN-346-26-1419,15000,849,2025-11-06,236,0,,e20c1309-f8da-dd82-2179-f781070882fe
83d1050c-3bf1-ee88-b196-9ad653ab915f,David Perkins,2003-10-01,SYN-893-61-7975,42687,671,2026-03-20,102,0,,83d1050c-3bf1-ee88-b196-9ad653ab915f
80e3d991-be41-f0f9-4b3a-65dce8c30ba3,Matthew Guzman,1989-07-04,SYN-120-81-8554,64972,707,2025-10-31,242,0,,80e3d991-be41-f0f9-4b3a-65dce8c30ba3
097a394f-b375-df1c-e683-c67b1861392d,Jessica Rodriguez,1988-02-05,SYN-231-80-2507,46935,626,2026-02-17,133,1,ring_0134,ring_0134
03a14132-79e9-9db9-5040-633045a90d23,Matthew Armstrong,1984-12-27,SYN-756-99-1853,70093,563,2025-09-02,301,0,,03a14132-79e9-9db9-5040-633045a90d23
f64f5951-8821-b1f3-a0d6-eaed314daea8,Timothy Thompson,1965-10-16,SYN-735-98-9174,35590,553,2025-05-19,407,0,,f64f5951-8821-b1f3-a0d6-eaed314daea8
3e84b6a5-c6de-1d58-e84e-bb8d73672d5c,Madison Rodriguez,1983-04-15,SYN-155-23-3138,95208,716,2025-03-06,481,0,,3e84b6a5-c6de-1d58-e84e-bb8d73672d5c
86d5f6d9-dcfe-c0a0-23f7-5614d5520dde,Blake Owens,2000-09-29,SYN-230-76-6435,37526,652,2026-01-04,177,0,,86d5f6d9-dcfe-c0a0-23f7-5614d5520dde
37fa334e-eb16-6b0a-9090-6226d7df66ce,Richard Smith,1968-08-30,SYN-616-22-5067,54526,513,2026-01-16,165,0,,37fa334e-eb16-6b0a-9090-6226d7df66ce
b7533537-8147-d9db-f54c-45fbb878e26d,Bobby Jones,1978-01-07,SYN-876-57-3476,44089,652,2026-02-27,123,1,ring_0032,ring_0032
31c32d9f-917d-7a72-3395-359870a0cc21,Evelyn Galvan,1982-03-26,SYN-979-85-2707,49857,627,2025-04-01,455,0,,31c32d9f-917d-7a72-3395-359870a0cc21
c9282da7-bdf1-d3f3-3e41-5d919b0941de,Jonathan York,1987-07-11,SYN-631-57-4012,44596,616,2025-12-29,183,0,,c9282da7-bdf1-d3f3-3e41-5d919b0941de
bee6abd7-777e-9663-5e05-9cf688a969c4,Philip Huff,1988-04-04,SYN-139-65-6982,59015,629,2026-06-23,7,0,,bee6abd7-777e-9663-5e05-9cf688a969c4
29216cb6-9e12-6e46-15a0-34e20eff0cc8,Timothy Andrews,1976-01-06,SYN-423-73-4609,56777,758,2025-10-16,257,0,,29216cb6-9e12-6e46-15a0-34e20eff0cc8
237e5533-1ebb-3c93-7ff7-c9f9b571c54c,Christian Wagner,1965-01-17,SYN-804-74-2882,38422,679,2025-07-19,346,0,,237e5533-1ebb-3c93-7ff7-c9f9b571c54c
a37281bb-60a2-4956-fbe5-945b58c8115e,Sandra Reyes,2002-03-04,SYN-534-66-7010,26532,658,2025-01-24,522,0,,a37281bb-60a2-4956-fbe5-945b58c8115e
f2cb9f3c-c7d6-1cd0-f331-e4da4d4dc268,Bradley Porter,1998-10-01,SYN-156-48-8273,136700,657,2025-04-23,433,1,ring_0088,ring_0088
ea076727-6ba2-c566-ba4d-81d6b663123e,Bradley Cameron,1971-02-19,SYN-708-27-1352,25329,568,2025-05-01,425,0,,ea076727-6ba2-c566-ba4d-81d6b663123e
a1d90540-fc8c-5f03-be0a-9a730ba19c7c,Samantha Cohen,1963-06-11,SYN-486-26-7825,41135,640,2025-04-08,448,0,,a1d90540-fc8c-5f03-be0a-9a730ba19c7c
776f182b-a5f6-ecdc-7b5a-fc42fa9e4aa2,Anthony Paul,1971-09-24,SYN-446-95-7063,215622,751,2026-06-20,10,0,,776f182b-a5f6-ecdc-7b5a-fc42fa9e4aa2
d1f7c363-6c4f-7d5a-54ae-5bd34be7ec5c,Tyler Ramos,1995-12-09,SYN-728-35-1963,20931,655,2026-06-26,4,1,ring_0134,ring_0134
a899d7e1-64d2-79e8-dd8b-0b2435658b3e,Lisa Salazar,1980-01-01,SYN-232-53-5534,33882,712,2026-02-06,144,0,,a899d7e1-64d2-79e8-dd8b-0b2435658b3e
9a408090-8f5e-a134-6f97-e4ac9038dcea,Dr. John Ramirez,1984-11-20,SYN-310-15-6756,53107,625,2025-12-09,203,0,,9a408090-8f5e-a134-6f97-e4ac9038dcea
2cb4eaa6-8fa6-8d93-1c8a-f956bcc4a6d3,Jason Smith,2007-02-28,SYN-187-34-2682,67278,772,2025-01-17,529,0,,2cb4eaa6-8fa6-8d93-1c8a-f956bcc4a6d3
b6fa221b-07ce-4f87-78dc-3521aa192421,Krista Martinez,1991-10-29,SYN-938-41-4022,64426,719,2025-12-31,181,0,,b6fa221b-07ce-4f87-78dc-3521aa192421
bd3243d1-8dc2-a4b5-3c43-f0111413d929,James Hart,1970-02-22,SYN-485-79-8184,44546,655,2025-10-18,255,0,,bd3243d1-8dc2-a4b5-3c43-f0111413d929
8670208a-8b6d-0b1b-5f63-b7c35e58782f,William Sanders,1970-12-30,SYN-380-40-4863,90005,550,2026-02-09,141,0,,8670208a-8b6d-0b1b-5f63-b7c35e58782f
6ef34927-054f-4539-c74d-22f770bf4ba2,Michelle Holden,2003-08-15,SYN-596-84-1333,73501,748,2025-07-11,354,0,,6ef34927-054f-4539-c74d-22f770bf4ba2
3ceec4b4-d2bf-55d7-2af6-38329d8051bf,Anna Jordan,1996-04-25,SYN-375-55-8978,75582,772,2026-01-15,166,1,ring_0168,ring_0168
25cb194f-780f-1488-6b7d-2d456b1033d4,Christina Mccarthy,1974-05-01,SYN-540-34-9659,96665,639,2026-04-05,86,0,,25cb194f-780f-1488-6b7d-2d456b1033d4
557fc9f1-45f7-930e-f0b4-d72021a7d7eb,Mary Miller,1983-04-26,SYN-573-61-6929,119218,715,2025-11-26,216,0,,557fc9f1-45f7-930e-f0b4-d72021a7d7eb
0b68629c-c2cb-f4d0-edfc-d772d75f1b15,Michelle Ryan,1995-09-14,SYN-106-95-4195,27543,656,2025-12-18,194,0,,0b68629c-c2cb-f4d0-edfc-d772d75f1b15
808164e4-c964-1095-47bc-189128096d13,Lauren Barr,1986-06-10,SYN-545-62-2433,16497,769,2026-01-24,157,0,,808164e4-c964-1095-47bc-189128096d13
f3730227-7d08-9d86-74a1-f091b6d32f64,Dr. Mario Harris DDS,2003-07-16,SYN-594-27-1784,49035,757,2025-03-09,478,0,,f3730227-7d08-9d86-74a1-f091b6d32f64
f36ecd06-02f0-3c67-6e38-f0bef10d8d14,Carlos Ryan,1985-02-15,SYN-987-39-2880,68118,603,2026-05-17,44,0,,f36ecd06-02f0-3c67-6e38-f0bef10d8d14
f0516c67-8507-2b45-c7db-1c07e4d64fef,Travis Hopkins,1981-07-27,SYN-642-22-9150,42939,721,2025-09-09,294,0,,f0516c67-8507-2b45-c7db-1c07e4d64fef
bdc9b457-30f8-4efe-2e00-1a157de2b996,James Parks,1984-01-11,SYN-589-66-7290,70132,839,2025-07-08,357,0,,bdc9b457-30f8-4efe-2e00-1a157de2b996
e9d93adc-a574-7090-7ce5-a150ad7bb468,Crystal Abbott,2007-10-22,SYN-580-87-1126,70729,573,2025-03-03,484,0,,e9d93adc-a574-7090-7ce5-a150ad7bb468
8bf4f1a8-4f43-a43a-1438-b44b4fb9f122,Aaron Pennington,1980-10-11,SYN-927-94-5439,33726,787,2025-10-13,260,0,,8bf4f1a8-4f43-a43a-1438-b44b4fb9f122
f081ed1a-4c71-268c-447a-7123b5946ccc,John Lane,1977-06-30,SYN-690-11-2510,42759,638,2025-11-19,223,1,ring_0098,ring_0098
a47ca73f-fb89-54e4-9060-9dd3a1dcb071,Alice Conley,1992-09-12,SYN-144-19-1572,74767,735,2026-04-16,75,0,,a47ca73f-fb89-54e4-9060-9dd3a1dcb071
324db4db-98bc-0b88-3cb0-ec58e5364f41,Stephen Roth,1986-05-28,SYN-253-66-3722,29387,645,2026-04-15,76,0,,324db4db-98bc-0b88-3cb0-ec58e5364f41
26905648-62c8-af80-0431-088fc2187904,Marc Mitchell,2001-10-09,SYN-409-67-7757,36481,694,2025-06-13,382,0,,26905648-62c8-af80-0431-088fc2187904
bb3b65d2-def4-b000-a6aa-27632fdf3143,Katherine Weaver MD,1978-05-30,SYN-690-49-5163,47239,544,2026-03-02,120,0,,bb3b65d2-def4-b000-a6aa-27632fdf3143
5dbfe2fc-11d3-49ae-0493-56681b004493,Victoria Gray,2008-04-02,SYN-323-28-1502,85727,672,2025-07-26,339,0,,5dbfe2fc-11d3-49ae-0493-56681b004493
6d0732d6-173e-1fd1-095f-d7eb6fc2df48,Colin Mckay,1968-03-12,SYN-887-60-5969,151444,707,2025-08-27,307,0,,6d0732d6-173e-1fd1-095f-d7eb6fc2df48
ce4540f5-2e03-548e-55b1-52331d46cdd6,Whitney Peters,1969-11-19,SYN-227-55-5034,88769,794,2025-04-01,455,0,,ce4540f5-2e03-548e-55b1-52331d46cdd6
a0ade6ea-f730-26d2-eeca-b798ab4c9b85,Teresa Young,1979-11-08,SYN-649-53-2862,46993,703,2025-07-28,337,0,,a0ade6ea-f730-26d2-eeca-b798ab4c9b85
d6e70281-d925-8a80-c210-6fd82a7f8718,Desiree Patterson,1995-11-15,SYN-312-46-1490,63896,673,2025-12-09,203,0,,d6e70281-d925-8a80-c210-6fd82a7f8718
4e4bb8d2-48a6-d572-fa75-4f9d9e595d4f,Elizabeth Crane,1978-03-01,SYN-422-91-2855,39117,671,2025-03-19,468,1,ring_0059,ring_0059
e3407348-d36e-ca4d-2b9a-7e8d7cadce60,Kevin Hansen,1978-11-24,SYN-293-49-6548,32792,776,2025-07-10,355,0,,e3407348-d36e-ca4d-2b9a-7e8d7cadce60
148e6181-ce62-df01-130c-63e120771bc9,Desiree Stafford,1972-02-10,SYN-514-79-8561,169489,626,2026-02-27,123,0,,148e6181-ce62-df01-130c-63e120771bc9
5c184cf0-3adf-5e33-ff62-3ac7b71df85c,Amy Watts,1983-01-03,SYN-765-23-5933,115744,722,2025-10-15,258,0,,5c184cf0-3adf-5e33-ff62-3ac7b71df85c
4adefdd7-43fd-5d7e-ff25-bed92262c941,Dylan Tucker,1982-09-26,SYN-299-77-5570,50553,706,2025-10-26,247,0,,4adefdd7-43fd-5d7e-ff25-bed92262c941
ca641db5-ee12-73df-072d-35f45f5cfd46,Eugene Patterson,1982-01-31,SYN-124-63-1349,40829,831,2025-05-13,413,0,,ca641db5-ee12-73df-072d-35f45f5cfd46
9bf1dfb8-1fde-fa53-7c0b-829577906d4d,Paula Gentry,2002-07-29,SYN-506-56-8019,64143,693,2025-11-28,214,0,,9bf1dfb8-1fde-fa53-7c0b-829577906d4d
de9a652e-9cab-8ca4-2a32-bdf894affbf7,Andrew Potter,1993-06-03,SYN-875-13-7178,29896,704,2026-01-12,169,0,,de9a652e-9cab-8ca4-2a32-bdf894affbf7
69f79a5a-a6d2-e331-190b-56320e0f3dbc,Jacob Allen,1992-12-10,SYN-584-51-4483,29014,807,2025-07-10,355,0,,69f79a5a-a6d2-e331-190b-56320e0f3dbc
40973247-b6d8-93db-8827-d8a672949f60,Ethan Obrien,1993-06-25,SYN-724-33-8382,99889,765,2026-03-29,93,0,,40973247-b6d8-93db-8827-d8a672949f60
5b93288d-be31-f656-5bd8-a642bbdd886d,Jesse Fleming,1980-10-26,SYN-124-80-6820,42258,792,2025-05-17,409,0,,5b93288d-be31-f656-5bd8-a642bbdd886d
f4028a0a-692b-9fc5-9f03-55be064f9882,Crystal Fitzpatrick,1992-12-11,SYN-647-97-1277,74153,595,2026-03-11,111,1,ring_0129,ring_0129
de0d70a2-a335-88a7-a365-fe7d8563b57a,Jordan Nelson,1972-11-10,SYN-492-74-2240,91687,700,2025-12-29,183,0,,de0d70a2-a335-88a7-a365-fe7d8563b57a
9df9e0ec-6f5a-2919-85db-bb0ffb62ec3f,Heather Shaffer,1989-04-15,SYN-169-95-1069,34318,572,2025-04-12,444,0,,9df9e0ec-6f5a-2919-85db-bb0ffb62ec3f
25a4dcde-0c90-1567-bb5a-be1c085fa1d5,Dana Dodson,1977-04-26,SYN-531-70-2235,35402,639,2025-11-04,238,0,,25a4dcde-0c90-1567-bb5a-be1c085fa1d5
705e26ae-e47b-ce79-33cd-3a975b5ce8d3,Ashley Thomas,1993-07-23,SYN-469-69-1665,68966,625,2026-06-27,3,0,,705e26ae-e47b-ce79-33cd-3a975b5ce8d3
36657e08-80c9-5769-affd-928307e006ee,Lisa Durham,2000-01-02,SYN-261-52-5818,15000,797,2025-10-01,272,0,,36657e08-80c9-5769-affd-928307e006ee
e2afb62f-228c-a84d-be6d-0b37ebdc305f,Tamara Huang,1991-01-22,SYN-270-53-3038,54500,671,2026-03-25,97,0,,e2afb62f-228c-a84d-be6d-0b37ebdc305f
372ef21b-1820-8975-731c-9dbe32ef3302,James Chapman,2001-09-20,SYN-473-87-7062,105688,850,2026-05-15,46,0,,372ef21b-1820-8975-731c-9dbe32ef3302
1977832f-0420-7be5-5ed9-d08b12c78a98,Amber Allen,2000-06-23,SYN-560-83-5961,64829,715,2026-01-25,156,0,,1977832f-0420-7be5-5ed9-d08b12c78a98
3362d1fe-98af-6708-91f0-ac58116fd2bd,Jason Jenkins,2002-02-26,SYN-678-48-5220,18057,552,2025-06-19,376,0,,3362d1fe-98af-6708-91f0-ac58116fd2bd
e7a3fedb-b801-8538-0d1e-506ead2117a3,Taylor Smith,2004-10-19,SYN-676-96-2524,133798,725,2025-12-17,195,0,,e7a3fedb-b801-8538-0d1e-506ead2117a3
a111d43b-64b9-aa2c-bc3d-34764be8a8c6,Anna Evans,2004-11-21,SYN-686-48-5248,104169,676,2026-06-29,1,0,,a111d43b-64b9-aa2c-bc3d-34764be8a8c6
8f093f57-50cb-7576-acda-3d9147047fd6,Samantha Gillespie,1981-06-04,SYN-280-43-8663,103523,660,2026-02-07,143,0,,8f093f57-50cb-7576-acda-3d9147047fd6
0d108a19-0e76-1869-3335-23497cd11901,Matthew Davis,1992-06-02,SYN-764-15-3117,21316,586,2025-06-29,366,0,,0d108a19-0e76-1869-3335-23497cd11901
f15b42af-45eb-0475-1d3c-beca468519f2,Claudia Colon,2008-01-01,SYN-582-14-5226,43295,732,2025-10-03,270,1,ring_0083,ring_0083
9e45d247-7772-6a24-711b-06571c236eab,Phillip Miller,1975-07-09,SYN-605-62-9826,62859,663,2026-04-08,83,0,,9e45d247-7772-6a24-711b-06571c236eab
939f5964-549b-aaee-4d99-3af2b9137dee,Elizabeth Daniels,2007-05-08,SYN-496-61-2786,51151,651,2025-09-07,296,0,,939f5964-549b-aaee-4d99-3af2b9137dee
9578f722-b6e9-f05d-2cab-9de59f8262a3,Amy Boone,1975-01-04,SYN-274-53-4477,51819,709,2025-04-05,451,0,,9578f722-b6e9-f05d-2cab-9de59f8262a3
f66a2473-c935-429d-e607-dfb064c93a1e,Jessica Bowen,1993-03-06,SYN-725-70-4720,28619,680,2025-02-22,493,0,,f66a2473-c935-429d-e607-dfb064c93a1e
ce3eee7a-3b41-3336-cde9-3834a2c34799,Jonathan Cisneros,2000-04-26,SYN-268-92-1348,37362,788,2025-03-05,482,0,,ce3eee7a-3b41-3336-cde9-3834a2c34799
1ebc3b38-bb94-311a-7cab-204a11858e7c,Edward Barton,1973-05-12,SYN-576-84-7848,30709,632,2025-10-27,246,0,,1ebc3b38-bb94-311a-7cab-204a11858e7c
be0b4684-938c-ab6c-f805-78e4fe914714,Timothy Melton,1986-01-01,SYN-325-49-7585,35053,823,2025-01-17,529,0,,be0b4684-938c-ab6c-f805-78e4fe914714
4d2429b1-fac2-5500-7357-7e37adf9c4c0,Peter Stephenson,1985-01-08,SYN-588-37-2966,20013,690,2026-01-26,155,0,,4d2429b1-fac2-5500-7357-7e37adf9c4c0
f307669c-08fb-3d19-f430-0ad036aa7987,Donald Pierce,1992-10-29,SYN-410-23-2894,47024,693,2025-08-02,332,1,ring_0116,ring_0116
3135a4dc-6256-ef24-9ca8-467263d764d5,Erika Daugherty,1992-01-30,SYN-644-21-4197,40758,750,2025-04-22,434,0,,3135a4dc-6256-ef24-9ca8-467263d764d5
58c7d225-ff6e-4239-cb96-dea256c255cf,Kristen Blair,2002-07-04,SYN-425-18-4616,156419,633,2026-03-09,113,0,,58c7d225-ff6e-4239-cb96-dea256c255cf
fd035a0e-664c-f427-0c69-8286820f476b,John Carr,1973-07-11,SYN-445-33-3750,182825,645,2026-06-21,9,1,ring_0165,ring_0165
bccec00c-2fb0-1d28-8400-36d6687f4d94,Kathryn Morris,1993-07-22,SYN-532-56-1955,71391,625,2025-02-15,500,0,,bccec00c-2fb0-1d28-8400-36d6687f4d94
eb65573c-aef4-7e99-5f61-9e23797f65ee,Shane Henderson,1978-09-29,SYN-205-74-1789,68025,793,2026-02-22,128,0,,eb65573c-aef4-7e99-5f61-9e23797f65ee
ea846e10-cc4c-cba0-b5e5-3dcd8e2e5f92,Samuel Warren,1980-12-01,SYN-255-40-5443,198879,611,2025-05-09,417,0,,ea846e10-cc4c-cba0-b5e5-3dcd8e2e5f92
be0717b5-0d25-98d7-a31f-eebc4b9c919b,Destiny Obrien,1994-06-11,SYN-193-42-5177,68443,551,2026-03-29,93,0,,be0717b5-0d25-98d7-a31f-eebc4b9c919b
47209918-289f-84d0-13e0-5d200befa123,Aaron Webb,1986-05-28,SYN-246-59-4350,16528,786,2026-05-12,49,0,,47209918-289f-84d0-13e0-5d200befa123
84b68f54-fef6-ea65-85b0-92222c51475f,Brenda Wright,1980-02-02,SYN-575-13-8811,30770,664,2026-01-12,169,0,,84b68f54-fef6-ea65-85b0-92222c51475f
ff8a80cc-bea5-6008-bde3-f943c872c621,Gerald Kelly,1967-12-15,SYN-988-77-5200,126063,712,2025-08-05,329,0,,ff8a80cc-bea5-6008-bde3-f943c872c621
6788ebcf-1b33-ab69-43c1-a655bc16996b,Ann Kennedy,1988-12-17,SYN-902-11-5828,40029,673,2025-01-01,545,0,,6788ebcf-1b33-ab69-43c1-a655bc16996b
4c889546-3e67-bc64-95ac-9e3365b73b6b,Ashley Edwards,1986-05-22,SYN-986-38-2780,53289,742,2025-10-11,262,0,,4c889546-3e67-bc64-95ac-9e3365b73b6b
55bab12e-4d7c-a58a-f8b5-f7171881c4e7,Corey Roberts,1979-12-19,SYN-226-55-1666,74372,676,2025-04-24,432,0,,55bab12e-4d7c-a58a-f8b5-f7171881c4e7
ed5fc914-5973-e843-0374-399b13ce908a,Anthony Ayala,1988-12-25,SYN-145-88-5880,41382,758,2026-03-21,101,0,,ed5fc914-5973-e843-0374-399b13ce908a
574b0f35-cd52-cfc1-4be3-5b893e173395,John Hernandez,1995-01-29,SYN-361-46-2816,41255,647,2026-05-13,48,0,,574b0f35-cd52-cfc1-4be3-5b893e173395
433c5194-11d7-8bc7-04c6-b8a0b2c879a4,Brittany Farmer,1989-10-13,SYN-221-84-5824,29415,646,2026-05-08,53,0,,433c5194-11d7-8bc7-04c6-b8a0b2c879a4
a2bf0f38-31a2-30cf-e845-0c4a14d94786,Christopher Mcclure,1987-08-18,SYN-175-92-6399,82396,656,2025-12-18,194,0,,a2bf0f38-31a2-30cf-e845-0c4a14d94786
c5d833b0-9477-e9f1-5136-9d3e8c5a5cc6,Paul Ross,1994-05-11,SYN-374-52-5393,56629,673,2025-11-02,240,0,,c5d833b0-9477-e9f1-5136-9d3e8c5a5cc6
fe9f9fbc-dadb-0e61-c08e-31bcf366b948,Jeremy Fernandez,1976-04-30,SYN-324-21-3184,16940,743,2025-11-13,229,0,,fe9f9fbc-dadb-0e61-c08e-31bcf366b948
e6900b1d-527a-3adb-2a8e-e0abc4d22a3f,Patrick Garcia,1974-12-31,SYN-484-63-4740,32662,847,2025-06-29,366,0,,e6900b1d-527a-3adb-2a8e-e0abc4d22a3f
86e08170-3425-fa81-6f25-01fa1a04172e,Jose Crawford,1977-03-25,SYN-693-29-3980,21843,709,2025-12-18,194,0,,86e08170-3425-fa81-6f25-01fa1a04172e
52b401df-e911-805e-a4dd-396c24ceed5d,Julia Ortiz,1971-08-29,SYN-212-68-4747,99264,657,2025-08-07,327,1,ring_0196,ring_0196
5fd989b5-64e6-70e1-79e7-2eb3735724bc,Sally Fernandez,1987-03-07,SYN-224-57-9703,125231,635,2025-08-08,326,0,,5fd989b5-64e6-70e1-79e7-2eb3735724bc
7f06e40e-a426-4a8a-9ddb-879b174f4f2d,Robert Cortez,1969-11-05,SYN-333-30-2767,78434,724,2026-05-31,30,0,,7f06e40e-a426-4a8a-9ddb-879b174f4f2d
e49e9aa5-68ff-4b83-7403-9e1779a169f5,Mathew Griffin,1979-06-19,SYN-520-27-9926,38402,748,2025-03-27,460,1,ring_0158,ring_0158
78b003f5-38d1-b1c9-c649-e5b850ef76f5,Bethany Jensen,1980-04-07,SYN-807-67-8407,63852,681,2025-11-24,218,1,ring_0155,ring_0155
c5cfbdab-565b-0c9d-70b2-d54f57214778,Stacey Howe,1981-06-13,SYN-825-53-9535,74244,681,2025-08-01,333,0,,c5cfbdab-565b-0c9d-70b2-d54f57214778
559dad14-94e7-c879-775e-b2c523462ecd,Dr. John Jenkins,1992-04-22,SYN-410-52-7116,51535,655,2025-07-03,362,0,,559dad14-94e7-c879-775e-b2c523462ecd
f1bbf626-b69a-bc62-db6b-795a5b3af3ac,Sandra Brown,1990-07-06,SYN-782-98-4886,25088,607,2026-05-21,40,0,,f1bbf626-b69a-bc62-db6b-795a5b3af3ac
6fd53e86-22a7-3685-de7c-5b21a9a59395,Jon Graham,1992-03-05,SYN-574-94-7741,76882,620,2025-01-28,518,0,,6fd53e86-22a7-3685-de7c-5b21a9a59395
505ed4ae-53c7-2a74-8504-00140168f073,Jacob David,1969-09-03,SYN-504-84-9156,61840,686,2025-06-07,388,0,,505ed4ae-53c7-2a74-8504-00140168f073
e617d820-3c97-d28e-fc2c-174ab7b7a093,Tina Hall,1981-05-29,SYN-169-24-2000,115140,682,2025-03-09,478,0,,e617d820-3c97-d28e-fc2c-174ab7b7a093
bee03944-dfd4-cfee-6885-864903a825f9,Kristen Fry,1978-10-09,SYN-900-73-5685,58725,617,2026-02-11,139,1,ring_0156,ring_0156
14783862-a62c-2bcb-92d1-d8bc6d7730ff,Johnny Mcmillan,1993-08-17,SYN-491-22-2200,169705,690,2025-04-23,433,0,,14783862-a62c-2bcb-92d1-d8bc6d7730ff
048ad135-55b4-daf4-5c76-b4d814dd6bb4,Joseph Thomas,1987-12-09,SYN-909-74-9678,16452,730,2025-10-11,262,0,,048ad135-55b4-daf4-5c76-b4d814dd6bb4
512f2d43-7e62-1d84-e9d4-5379b30be461,Tracy Hernandez,1990-06-21,SYN-165-54-8391,60005,610,2026-03-30,92,0,,512f2d43-7e62-1d84-e9d4-5379b30be461
ada98be7-fd3c-f05b-f233-c2d9d9034d15,Patricia Johnson,1992-05-23,SYN-502-93-2621,17192,609,2025-04-05,451,0,,ada98be7-fd3c-f05b-f233-c2d9d9034d15
bcc45951-ac9c-98a6-aefd-4aa71d6015f2,Michelle Garcia,1993-02-18,SYN-542-17-2817,65677,609,2026-04-16,75,1,ring_0097,ring_0097
9c9697e5-4af7-e1be-08be-e40050eea0ba,Michael Perkins,1979-06-01,SYN-213-56-5864,26916,590,2026-04-23,68,0,,9c9697e5-4af7-e1be-08be-e40050eea0ba
046104d0-0eb0-841e-3d98-4f2af658e8d2,Mark Johnson,1977-04-18,SYN-552-91-5401,16376,741,2025-03-14,473,0,,046104d0-0eb0-841e-3d98-4f2af658e8d2
98ab86d6-edce-95aa-7430-005c9a07884e,Susan Porter,1987-09-11,SYN-437-54-3335,43927,722,2026-06-14,16,0,,98ab86d6-edce-95aa-7430-005c9a07884e
140a19b2-d9dd-ad0d-6d20-c9029b449857,Mary Torres,1989-10-03,SYN-838-35-2054,236461,640,2025-04-26,430,0,,140a19b2-d9dd-ad0d-6d20-c9029b449857
87bf9cb3-8691-8c40-a4c2-b05162f09fdb,Kristin Brown,1992-11-25,SYN-656-81-8676,24888,745,2026-01-11,170,0,,87bf9cb3-8691-8c40-a4c2-b05162f09fdb
b000d069-f908-dcdc-ff30-849ea950671a,Linda Jones,1965-08-08,SYN-336-21-7696,38207,622,2026-01-28,153,1,ring_0026,ring_0026
579dd0f8-8f9b-04b5-1534-366ef9b65106,Lori Gardner,1977-12-16,SYN-555-36-6850,37709,592,2025-06-17,378,0,,579dd0f8-8f9b-04b5-1534-366ef9b65106
4fa650ee-4acf-bc4a-53cd-76efbe33e073,Heather Parrish,1993-07-18,SYN-325-96-6867,77185,844,2026-04-27,64,0,,4fa650ee-4acf-bc4a-53cd-76efbe33e073
5ae2fa3e-647d-f0ad-73cb-5564c2ac8f3d,Jonathan Glass MD,1979-03-11,SYN-290-40-2157,65303,693,2025-04-27,429,0,,5ae2fa3e-647d-f0ad-73cb-5564c2ac8f3d
52feb90e-c272-332a-dda4-9ab8475f4479,Sarah Howell,1980-07-06,SYN-255-52-9239,54681,708,2026-04-09,82,0,,52feb90e-c272-332a-dda4-9ab8475f4479
359c991f-bceb-4908-532d-795479e91530,Jennifer Banks,1990-08-23,SYN-907-85-2151,19212,640,2026-04-25,66,0,,359c991f-bceb-4908-532d-795479e91530
47ab2de3-c902-cbff-093a-0c11323807f6,Christina Patrick,1984-06-17,SYN-752-47-3346,47608,691,2025-02-09,506,0,,47ab2de3-c902-cbff-093a-0c11323807f6
148282fb-cf15-b972-9dee-ff9fb6b0b12a,David James,1976-11-30,SYN-399-43-3447,61342,666,2025-09-21,282,0,,148282fb-cf15-b972-9dee-ff9fb6b0b12a
41fd3a54-29d8-269e-485d-aba43cb4354c,Ryan White,2008-01-24,SYN-639-10-7593,49163,713,2025-05-27,399,0,,41fd3a54-29d8-269e-485d-aba43cb4354c
6fa9c52c-f996-8cb8-fa0b-c05af2fb8341,Joshua Johnson,1984-07-09,SYN-844-97-9170,22869,629,2026-05-18,43,0,,6fa9c52c-f996-8cb8-fa0b-c05af2fb8341
892dae0f-7687-ccf6-0dc1-c23f76569a02,Kevin Parker,1991-12-25,SYN-631-33-9236,42388,590,2025-11-23,219,1,ring_0158,ring_0158
0e315d06-5a3f-3ed7-9d17-1c1b18ac2bb9,Rebecca Henderson,1984-05-20,SYN-105-96-2493,61906,692,2025-09-30,273,0,,0e315d06-5a3f-3ed7-9d17-1c1b18ac2bb9
46aea8e4-48fe-9073-4a15-d7e36b59b845,Dustin Campbell,1996-10-07,SYN-965-26-1121,55602,715,2026-02-26,124,0,,46aea8e4-48fe-9073-4a15-d7e36b59b845
094837c1-d629-2b13-afba-5c05e8f05c15,Megan Grant,1998-10-28,SYN-961-13-7646,103501,642,2026-02-12,138,0,,094837c1-d629-2b13-afba-5c05e8f05c15
6f47eb0f-008f-100d-b7e5-9b5f1007c960,Tara Brown,1997-07-10,SYN-864-60-7503,58810,614,2025-09-29,274,0,,6f47eb0f-008f-100d-b7e5-9b5f1007c960
e9731ff3-8601-a5c1-51e9-7d4680537cab,Eric Cox,1998-01-31,SYN-736-44-3287,116692,711,2025-07-09,356,0,,e9731ff3-8601-a5c1-51e9-7d4680537cab
0b478e29-e799-72e1-89ef-e6547942dd5b,William Vasquez,2007-09-05,SYN-380-54-3372,70997,776,2025-03-17,470,0,,0b478e29-e799-72e1-89ef-e6547942dd5b
bc405721-de8b-331f-30c1-f43058f6b2f1,David Cervantes,1975-07-22,SYN-912-41-7818,61593,661,2025-10-23,250,0,,bc405721-de8b-331f-30c1-f43058f6b2f1
37a49c60-00eb-0805-4869-704388b462b4,Cristina Thompson MD,1987-11-20,SYN-598-72-4876,47461,764,2026-03-21,101,0,,37a49c60-00eb-0805-4869-704388b462b4
d739a882-f820-2851-91e0-31da3f824e73,Michael Summers,1994-12-25,SYN-800-66-2610,84133,717,2025-11-29,213,0,,d739a882-f820-2851-91e0-31da3f824e73
4b7c5cb1-31cc-654a-2b90-29afa15ff256,Christina Perez,1984-09-15,SYN-368-68-6201,33872,609,2025-10-01,272,0,,4b7c5cb1-31cc-654a-2b90-29afa15ff256
806b50e0-1419-da74-67f0-90995cc1ffac,Samantha Robertson,1991-05-31,SYN-207-55-9275,52247,724,2026-05-20,41,0,,806b50e0-1419-da74-67f0-90995cc1ffac
bdd353ae-9696-e1a8-4141-936d18675e07,Timothy Johnson,1974-07-08,SYN-749-55-9999,50687,705,2025-04-23,433,0,,bdd353ae-9696-e1a8-4141-936d18675e07
9c6925a0-4344-0cdd-550c-83f4bdaf1a3e,Andre Jones,1991-05-27,SYN-922-23-4773,53090,661,2025-12-28,184,0,,9c6925a0-4344-0cdd-550c-83f4bdaf1a3e
cbc2c901-d234-6edc-0bd7-bd996bc193e1,Ronald Kramer,1986-02-21,SYN-816-70-3993,66876,613,2026-03-02,120,0,,cbc2c901-d234-6edc-0bd7-bd996bc193e1
dbf239f9-9f8c-4daa-5637-7241cd083093,Tiffany Peterson,1982-02-17,SYN-126-17-8906,26059,612,2026-04-22,69,0,,dbf239f9-9f8c-4daa-5637-7241cd083093
302fc8c9-2024-1793-02fa-befb6187f903,Loretta Williams,2004-07-25,SYN-253-13-2010,69877,630,2025-01-10,536,0,,302fc8c9-2024-1793-02fa-befb6187f903
410e8d53-7d43-a005-d125-d926a6761cfb,Keith Knox,1984-10-27,SYN-633-91-3702,105736,648,2025-04-27,429,0,,410e8d53-7d43-a005-d125-d926a6761cfb
06ed2657-ea56-d04d-3d2a-a61040bd0ef8,Bonnie Valencia,1978-03-04,SYN-140-91-2976,39387,788,2026-02-04,146,0,,06ed2657-ea56-d04d-3d2a-a61040bd0ef8
3a432559-2cc8-befb-38f7-3ce4c3c952e5,Matthew Sweeney,1980-01-07,SYN-991-18-7505,84665,672,2025-03-30,457,0,,3a432559-2cc8-befb-38f7-3ce4c3c952e5
d0f8c442-402d-8789-42a3-fba801da40a0,Karen Graham,1980-01-08,SYN-820-87-6560,79385,697,2025-04-17,439,0,,d0f8c442-402d-8789-42a3-fba801da40a0
c85f8fef-d501-9889-c2c4-1f8a2601f65b,Brian Valdez,1990-10-02,SYN-516-57-9504,91571,712,2025-03-23,464,1,ring_0171,ring_0171
bf70f3ca-bb52-1b0e-9a0a-51c767862a8d,Angela Richards,1986-07-23,SYN-255-17-7349,81232,520,2025-07-14,351,0,,bf70f3ca-bb52-1b0e-9a0a-51c767862a8d
0db33158-9e5a-7bfd-af90-e92def7825df,Heather Hernandez,1972-12-06,SYN-736-26-2573,67481,750,2025-09-04,299,0,,0db33158-9e5a-7bfd-af90-e92def7825df
ca063294-527a-3264-d939-2fba926fd819,Earl Hall,1994-03-26,SYN-967-97-1431,54503,599,2025-12-03,209,0,,ca063294-527a-3264-d939-2fba926fd819
f18d9122-2618-923b-2af2-9ef9f9fe31e2,Heidi Torres,1979-02-28,SYN-287-34-1631,87461,685,2026-02-07,143,0,,f18d9122-2618-923b-2af2-9ef9f9fe31e2
12bee635-6274-eb42-addd-50255170480d,Brittany Heath,1979-12-17,SYN-165-69-2337,49139,559,2025-10-29,244,0,,12bee635-6274-eb42-addd-50255170480d
be5d11e7-0954-182d-bc09-1764999a60f2,Amber Meza,1977-12-30,SYN-794-54-6207,49021,684,2026-06-18,12,0,,be5d11e7-0954-182d-bc09-1764999a60f2
cad56d51-ebb5-e510-9363-aa6cd797613e,Isaac Brock,1984-06-18,SYN-500-70-4366,15000,605,2026-05-10,51,1,ring_0089,ring_0089
f577d2ee-6ea1-7e45-78c6-49a6e1e966d7,Derrick Ford,1975-12-24,SYN-627-92-1504,32029,713,2025-11-08,234,0,,f577d2ee-6ea1-7e45-78c6-49a6e1e966d7
ad8808ad-512a-1612-ae54-bcd7cb98cd07,Veronica Silva,2002-01-04,SYN-960-93-3511,66082,773,2025-04-12,444,0,,ad8808ad-512a-1612-ae54-bcd7cb98cd07
c14de82f-01f6-8edb-bd6c-e417d5681bcf,Thomas Bishop,1998-05-19,SYN-461-69-2493,47353,654,2026-01-12,169,1,ring_0149,ring_0149
8755138e-1fab-dfa1-28e0-905099f09342,Melanie Smith,1994-04-28,SYN-382-69-6300,24141,673,2025-02-20,495,0,,8755138e-1fab-dfa1-28e0-905099f09342
ded77ecc-e5e3-aeae-172f-6fddab468da6,Susan Davis,1983-06-29,SYN-967-80-4020,25441,602,2025-11-10,232,0,,ded77ecc-e5e3-aeae-172f-6fddab468da6
9f48b05b-bb08-9ce9-b7bb-83e38e6ca005,Nicholas Eaton,1977-03-26,SYN-785-49-3323,22623,688,2025-06-26,369,0,,9f48b05b-bb08-9ce9-b7bb-83e38e6ca005
35b0e708-bec6-9dd8-1000-911e54c56218,Anthony Parker,1991-05-24,SYN-407-69-6928,72399,653,2026-06-29,1,0,,35b0e708-bec6-9dd8-1000-911e54c56218
de3d0839-6f29-dc28-0d59-846b8d72773a,Kathleen Garcia,1996-11-11,SYN-704-78-9706,152409,698,2025-03-29,458,0,,de3d0839-6f29-dc28-0d59-846b8d72773a
0ac4f578-b9f9-0f1c-f706-128152e63b94,Michael Cooper,1979-06-04,SYN-230-46-4501,28064,666,2025-10-12,261,0,,0ac4f578-b9f9-0f1c-f706-128152e63b94
9499308c-5e19-c097-c450-0bfe9a20b95d,Jacqueline Roberts,1976-05-10,SYN-858-47-4747,43757,768,2025-08-01,333,0,,9499308c-5e19-c097-c450-0bfe9a20b95d
158185f8-49ea-de9e-e3f7-ac9ecf0f325b,Christopher Johnson,1951-07-01,SYN-505-15-6370,53472,733,2025-09-26,277,0,,158185f8-49ea-de9e-e3f7-ac9ecf0f325b
0a892e9d-027e-f0b9-d2c6-f98efa122d42,John Johnson,1967-04-23,SYN-689-34-4433,64728,604,2025-03-20,467,0,,0a892e9d-027e-f0b9-d2c6-f98efa122d42
6fc9d516-5b34-6e97-4871-c76a2661c5bd,Brittany Allen,1992-09-12,SYN-385-43-7349,57741,621,2025-12-14,198,0,,6fc9d516-5b34-6e97-4871-c76a2661c5bd
06cc0e8a-1db0-10b4-5ce5-9f48ebf4f57e,Gerald Price,1985-04-24,SYN-685-54-9725,78188,636,2026-04-23,68,0,,06cc0e8a-1db0-10b4-5ce5-9f48ebf4f57e
00b91d87-1106-dd8f-7ab6-5789aa784a61,Jon Green,1978-11-18,SYN-449-84-4205,48129,732,2026-01-12,169,0,,00b91d87-1106-dd8f-7ab6-5789aa784a61
819dfe34-a0d7-5474-4b5a-0c4da900027d,Crystal Mitchell,1994-06-16,SYN-479-26-5629,49161,727,2025-02-26,489,0,,819dfe34-a0d7-5474-4b5a-0c4da900027d
85dd4f49-fcac-9389-d8f1-f6afa9c964a7,Patrick Gibson,2007-07-17,SYN-787-26-7929,36904,626,2026-01-26,155,0,,85dd4f49-fcac-9389-d8f1-f6afa9c964a7
ed939d2f-78ae-eaa8-56b9-22f8e5d5f7fc,Kimberly Wilson,1987-11-28,SYN-669-83-3036,125376,587,2025-04-03,453,0,,ed939d2f-78ae-eaa8-56b9-22f8e5d5f7fc
f4269643-33c6-c546-4c89-7b994a744a89,Steven Fisher,1982-11-28,SYN-896-93-5474,28562,626,2025-09-17,286,0,,f4269643-33c6-c546-4c89-7b994a744a89
2fbe292e-42d9-5c0d-5074-a778084357ad,Richard Gutierrez,1972-03-23,SYN-311-36-2079,114707,679,2026-04-23,68,0,,2fbe292e-42d9-5c0d-5074-a778084357ad
11b520a0-8a01-1d8b-5a1e-ae436a51358f,Richard Jackson,1971-02-07,SYN-165-97-6249,27048,704,2025-08-24,310,0,,11b520a0-8a01-1d8b-5a1e-ae436a51358f
efe7e187-e79c-870a-409c-3cc38fa03a9b,Nancy Moreno,2005-04-29,SYN-828-65-4206,51384,733,2025-12-16,196,0,,efe7e187-e79c-870a-409c-3cc38fa03a9b
c2cbfab6-7426-c22d-1dac-cc3984b40a47,Jason Kim,1993-10-17,SYN-656-53-2610,87458,568,2025-12-06,206,1,ring_0112,ring_0112
749a1adb-c598-010d-3d36-0ad4de17f9f1,Sharon Mann,1989-11-02,SYN-527-98-5902,44845,761,2025-11-01,241,0,,749a1adb-c598-010d-3d36-0ad4de17f9f1
bc370c5d-0938-f5f0-2782-6f8a81d24e61,Lisa Morgan,1993-05-17,SYN-515-47-5046,22958,623,2025-05-25,401,0,,bc370c5d-0938-f5f0-2782-6f8a81d24e61
9624f5e3-aeb7-ebce-4782-0757dd50727d,James Tucker,1976-01-29,SYN-532-16-2520,34087,657,2025-07-24,341,0,,9624f5e3-aeb7-ebce-4782-0757dd50727d
ab187692-202f-5a8b-7316-da0431a44f2e,Matthew Robinson,1997-01-15,SYN-735-72-6628,64124,678,2025-12-08,204,0,,ab187692-202f-5a8b-7316-da0431a44f2e
11c9c2cd-b414-79aa-4c44-04dd9476e2f6,Cynthia Cohen,1981-08-03,SYN-217-73-3225,52123,517,2025-05-12,414,0,,11c9c2cd-b414-79aa-4c44-04dd9476e2f6
7b139f93-9762-45fe-f637-1267371f3ed1,Victor Williams,1985-01-27,SYN-718-32-5140,34761,731,2026-03-30,92,0,,7b139f93-9762-45fe-f637-1267371f3ed1
5b0aaf8b-48e7-9363-3b91-3080c6b9d134,Anthony David,1978-03-29,SYN-650-66-2890,50570,663,2025-03-27,460,0,,5b0aaf8b-48e7-9363-3b91-3080c6b9d134
cada52b1-a23a-9bae-4e51-8555f4f8c3d8,Michele George,1977-09-11,SYN-977-81-6269,74803,694,2026-01-15,166,0,,cada52b1-a23a-9bae-4e51-8555f4f8c3d8
05d2758d-d336-433b-948b-cc6b6186b0eb,Roy Paul,1979-03-18,SYN-287-28-5717,20341,751,2025-05-18,408,0,,05d2758d-d336-433b-948b-cc6b6186b0eb
088ffb6f-a560-b77b-7227-8b95509e914b,Valerie Lopez,1986-05-16,SYN-673-33-4988,113126,664,2025-05-26,400,0,,088ffb6f-a560-b77b-7227-8b95509e914b
b5e73c47-d0b2-78d7-7d78-1ec2188a0d8e,Jeffrey Evans,1969-09-27,SYN-698-61-4343,82867,692,2026-06-15,15,0,,b5e73c47-d0b2-78d7-7d78-1ec2188a0d8e
90404678-aa2e-57fa-03f0-d9906af87e43,Jill Barajas,1991-02-09,SYN-160-37-9240,34860,562,2025-10-17,256,0,,90404678-aa2e-57fa-03f0-d9906af87e43
f272cb6c-55d5-f620-fe66-4f1ed5e296e1,Lawrence Adkins,1994-09-21,SYN-162-35-7354,15000,655,2026-05-12,49,0,,f272cb6c-55d5-f620-fe66-4f1ed5e296e1
3474645b-d87f-b259-ce1a-8b39d1924349,Becky Sellers,1980-04-23,SYN-352-17-9066,46837,553,2025-10-13,260,0,,3474645b-d87f-b259-ce1a-8b39d1924349
def0d64d-2981-6760-06f1-f327ef284b3a,Carl Campbell,1982-02-08,SYN-474-10-5235,94447,769,2025-07-29,336,0,,def0d64d-2981-6760-06f1-f327ef284b3a
f8091c4d-40e9-db27-8230-f5517020e95e,Michael Henderson,1998-11-05,SYN-127-56-2898,27733,542,2025-04-16,440,0,,f8091c4d-40e9-db27-8230-f5517020e95e
3a8f49cb-f817-2977-ac70-293b3365a3be,Bobby Roberson,2004-03-29,SYN-153-14-9171,66225,685,2025-08-18,316,1,ring_0147,ring_0147
f6afb083-4156-cee0-5a87-da82455ec180,Melanie Preston,2000-11-03,SYN-362-85-3105,26647,697,2026-01-24,157,0,,f6afb083-4156-cee0-5a87-da82455ec180
03266bf2-b540-c849-4dd9-25e119c95ae2,Andrew Johnson,1993-05-07,SYN-310-82-7110,46890,621,2025-03-11,476,0,,03266bf2-b540-c849-4dd9-25e119c95ae2
66827a79-1cb2-b825-331e-c027ab403924,Michael Lopez,2007-12-10,SYN-834-86-6405,73926,793,2026-03-09,113,0,,66827a79-1cb2-b825-331e-c027ab403924
5b4b0ad1-2ef5-a8f7-04f3-ce60c3778c2f,Matthew White,1999-03-31,SYN-566-42-6855,56673,670,2025-03-06,481,0,,5b4b0ad1-2ef5-a8f7-04f3-ce60c3778c2f
28b3aa9d-12c6-2b3a-4bda-c74c24fa22f0,Andrea Taylor,1982-04-20,SYN-902-86-9557,66391,634,2025-03-15,472,0,,28b3aa9d-12c6-2b3a-4bda-c74c24fa22f0
105cbb31-048f-5d93-3e01-becabdf5ef3a,Lisa Gibson,1989-04-30,SYN-717-56-2629,60278,577,2025-11-10,232,0,,105cbb31-048f-5d93-3e01-becabdf5ef3a
93bf9127-3064-a49d-8354-c1ac11b60902,Denise Reese,1987-01-22,SYN-333-91-7848,69933,761,2025-05-26,400,0,,93bf9127-3064-a49d-8354-c1ac11b60902
8d3fb034-6868-0d10-6560-d186efcc7a1e,Cynthia Haas,1977-02-10,SYN-594-79-2156,56414,643,2025-07-14,351,0,,8d3fb034-6868-0d10-6560-d186efcc7a1e
211eb45c-b1f9-2185-8ac2-317ce6fd3fda,Timothy Sanchez,1990-08-27,SYN-390-74-6378,58312,771,2025-10-27,246,0,,211eb45c-b1f9-2185-8ac2-317ce6fd3fda
c5491f7d-ce46-9f78-7f27-c01da5362a64,Michael Nixon,1982-04-30,SYN-380-31-2211,75235,716,2025-01-24,522,0,,c5491f7d-ce46-9f78-7f27-c01da5362a64
5d846c11-c48b-a638-5700-d09dfdf2fd97,Kenneth Knight,1990-06-14,SYN-131-45-7544,42606,819,2025-01-21,525,0,,5d846c11-c48b-a638-5700-d09dfdf2fd97
e9fe2bcd-06d0-7675-d8c0-0bd88d1cecd9,Virginia Casey,1974-07-23,SYN-505-48-6990,115888,733,2025-06-08,387,0,,e9fe2bcd-06d0-7675-d8c0-0bd88d1cecd9
619e0f36-8f58-9944-7ef9-acce04adfa58,Wesley Brown,1978-11-09,SYN-561-55-7633,58224,600,2025-04-05,451,0,,619e0f36-8f58-9944-7ef9-acce04adfa58
ccd94332-9359-a101-80ca-7f84dc17d255,Emily Lopez,1989-06-20,SYN-109-71-9202,23308,601,2025-02-12,503,0,,ccd94332-9359-a101-80ca-7f84dc17d255
b1cd8e86-d11c-7471-af07-22957223fc9d,Laura Hernandez,2004-08-04,SYN-199-92-2770,83524,631,2025-06-06,389,0,,b1cd8e86-d11c-7471-af07-22957223fc9d
17e21089-6a25-e3eb-6f1c-ec406595479f,Edgar Brown,1963-02-15,SYN-944-56-3194,53602,702,2026-06-15,15,0,,17e21089-6a25-e3eb-6f1c-ec406595479f
a350e2ab-5492-23c5-201a-159e710d6f50,Justin Murphy,2006-10-19,SYN-590-35-7903,87217,698,2026-06-04,26,0,,a350e2ab-5492-23c5-201a-159e710d6f50
73ceb5bf-939a-5774-da73-f9d5dd18c3cf,Brenda Smith,1982-04-10,SYN-101-61-5754,47565,694,2025-11-23,219,0,,73ceb5bf-939a-5774-da73-f9d5dd18c3cf
935e2fd6-41c9-a1a5-0572-176b4a463b20,Jennifer Allen,1980-05-26,SYN-667-56-2958,42905,650,2025-09-01,302,0,,935e2fd6-41c9-a1a5-0572-176b4a463b20
e5691b72-04c6-1118-941d-92ccc47529f3,John Young,2007-02-09,SYN-888-53-2228,173968,696,2025-12-23,189,0,,e5691b72-04c6-1118-941d-92ccc47529f3
ccdee1d7-3c12-71da-ce0a-28c5d03458c9,Jeffrey Compton,1991-12-18,SYN-762-74-3881,57677,638,2026-01-09,172,1,ring_0202,ring_0202
7593fc5e-c937-3cd7-b711-634ecade3054,Bradley Burns,1976-09-02,SYN-109-86-6602,69755,731,2026-02-12,138,0,,7593fc5e-c937-3cd7-b711-634ecade3054
78cfb036-76fe-2d57-717c-d1b094fa8868,Michael Nelson,1988-04-18,SYN-768-22-1278,59662,768,2025-09-16,287,1,ring_0168,ring_0168
2da138f1-c8cd-c050-dfa5-328de1d5918e,Anthony Werner,1975-03-12,SYN-101-72-1141,78028,782,2025-06-13,382,0,,2da138f1-c8cd-c050-dfa5-328de1d5918e
89530acf-a696-2ca8-ee3e-49034a2fc6c7,Tina Brown,1984-07-12,SYN-317-27-3803,95993,606,2025-02-16,499,0,,89530acf-a696-2ca8-ee3e-49034a2fc6c7
92f33f2d-46f1-e944-bb9b-0bf193eb3b3d,Justin Perez,1981-03-30,SYN-703-81-3092,17751,756,2026-04-15,76,0,,92f33f2d-46f1-e944-bb9b-0bf193eb3b3d
fe2f807a-8441-64c5-8f4b-2aad7cdb187d,Rebecca Lowery,1998-09-24,SYN-466-81-9842,57779,615,2025-06-23,372,0,,fe2f807a-8441-64c5-8f4b-2aad7cdb187d
dbf36cfe-7bd9-2169-ba80-d5849885fae9,Steven Scott,1985-01-27,SYN-266-12-7257,35128,735,2026-03-14,108,0,,dbf36cfe-7bd9-2169-ba80-d5849885fae9
6f9588c3-0fe3-b535-479f-f88e9088b014,Francis Robinson,2007-10-10,SYN-855-62-9186,118633,598,2025-07-11,354,0,,6f9588c3-0fe3-b535-479f-f88e9088b014
7a25c29b-8992-cd55-0fa7-e91a5f854fa1,Chad Thornton,1977-12-25,SYN-103-35-5616,15000,604,2026-03-24,98,0,,7a25c29b-8992-cd55-0fa7-e91a5f854fa1
f1743814-6192-b179-96d5-3bd2baf8115f,Matthew Henderson,1998-11-02,SYN-347-48-3770,72838,759,2026-03-15,107,0,,f1743814-6192-b179-96d5-3bd2baf8115f
eb08cba5-e3c1-0300-d960-0dd579121af4,Kiara Sexton,1989-01-06,SYN-392-68-7786,38649,726,2025-08-29,305,0,,eb08cba5-e3c1-0300-d960-0dd579121af4
0bedfd26-c201-8d2a-699b-8a6137c91f3d,Lisa Hensley,1987-03-22,SYN-646-42-9637,69257,726,2026-05-28,33,0,,0bedfd26-c201-8d2a-699b-8a6137c91f3d
10fafd8a-e49f-dda7-6b84-f7b3c6932a8d,Erin Smith,1995-01-16,SYN-689-59-6925,111459,665,2025-02-13,502,0,,10fafd8a-e49f-dda7-6b84-f7b3c6932a8d
87986194-a03f-3de3-5c33-647e53b8e70d,Sandra Kirby,1979-08-30,SYN-922-91-7198,142848,850,2025-11-17,225,0,,87986194-a03f-3de3-5c33-647e53b8e70d
ed64d537-78cc-2fcb-55b9-d061c2187c1a,Tammy Morris,1996-01-07,SYN-869-35-6746,33079,738,2025-10-28,245,0,,ed64d537-78cc-2fcb-55b9-d061c2187c1a
e23f8eed-971a-7eba-e5c1-68726a980ca1,Dr. Daniel Sweeney,1999-09-18,SYN-615-98-8629,60042,622,2025-07-01,364,0,,e23f8eed-971a-7eba-e5c1-68726a980ca1
5cd7d6ac-d60e-4407-ad0d-f9c776c79116,Jennifer Anderson,1973-12-24,SYN-603-65-6200,68218,672,2025-12-19,193,0,,5cd7d6ac-d60e-4407-ad0d-f9c776c79116
17c94969-0e27-5ec2-8250-0d2598ecd351,Melissa Foster,1977-10-06,SYN-932-19-9928,173397,695,2025-09-10,293,0,,17c94969-0e27-5ec2-8250-0d2598ecd351
d7a19400-2303-89b6-6f10-a6c0a3e29229,Carrie Coffey,1995-05-22,SYN-236-97-2809,57506,782,2026-03-25,97,0,,d7a19400-2303-89b6-6f10-a6c0a3e29229
a22266a1-b743-1e58-74fa-6df27f319499,Leslie Barton,1997-09-22,SYN-338-50-5530,45216,821,2025-11-14,228,0,,a22266a1-b743-1e58-74fa-6df27f319499
5db3e5aa-de69-2c63-34b0-b13d7ff1ddd8,Tamara Gonzales,1991-12-30,SYN-829-41-7459,23912,685,2025-03-01,486,0,,5db3e5aa-de69-2c63-34b0-b13d7ff1ddd8
8016a765-c456-af4a-62cc-b87dae0dc158,John Hall,2008-01-07,SYN-226-44-4203,140877,821,2026-03-21,101,0,,8016a765-c456-af4a-62cc-b87dae0dc158
255b0d3a-0d41-d2ed-d770-38c332569186,Amy Simmons,1980-06-16,SYN-354-38-9573,36384,725,2025-09-16,287,1,ring_0187,ring_0187
e760352a-dc66-be54-e7dc-22c4151cfb62,Colleen Cox,2001-03-01,SYN-288-93-8802,77587,624,2026-04-01,90,0,,e760352a-dc66-be54-e7dc-22c4151cfb62
845e33f0-1aab-adf5-9a49-0a50fd5a4298,Chad Jones,1988-10-31,SYN-738-61-7337,28301,671,2026-02-21,129,0,,845e33f0-1aab-adf5-9a49-0a50fd5a4298
4fbf6bc3-b15d-c64f-f24f-9da9449aca57,Chris Jones,1988-11-29,SYN-770-38-1106,72099,714,2026-01-09,172,0,,4fbf6bc3-b15d-c64f-f24f-9da9449aca57
41b1cc61-f468-a80d-2603-c13e2c0e6098,Amy Gordon,1968-08-08,SYN-578-59-8206,74558,583,2025-12-11,201,0,,41b1cc61-f468-a80d-2603-c13e2c0e6098
c9768404-b7bd-cbde-66c5-29798021b779,Yolanda Murillo,1977-04-17,SYN-313-93-5903,51003,760,2025-04-26,430,0,,c9768404-b7bd-cbde-66c5-29798021b779
938c08be-a615-6706-2662-a44c6ef9c7da,Denise Jacobs,1976-04-15,SYN-259-23-4123,83421,699,2026-06-22,8,0,,938c08be-a615-6706-2662-a44c6ef9c7da
2bb1551b-b0eb-d69d-838b-3674ea5f4d4e,Andrew Rodriguez,2001-08-23,SYN-338-43-8226,47237,558,2025-07-25,340,0,,2bb1551b-b0eb-d69d-838b-3674ea5f4d4e
86cd4a20-fc40-def8-60e8-924aec93c579,Jeanne Mills,1988-11-15,SYN-775-79-7067,93135,830,2026-06-21,9,0,,86cd4a20-fc40-def8-60e8-924aec93c579
5c20f87a-c291-96a8-796e-8c4922412a79,Rhonda Clark,1987-09-14,SYN-610-33-4445,43438,699,2025-10-30,243,0,,5c20f87a-c291-96a8-796e-8c4922412a79
692fd8fe-4fbc-6f55-a57b-a261f696d747,Joseph Dougherty,1998-09-15,SYN-322-29-2296,41115,623,2026-06-01,29,0,,692fd8fe-4fbc-6f55-a57b-a261f696d747
47bef4ea-39b8-e114-ea1f-edf3c7fa40e8,Allison Simmons,1968-11-17,SYN-682-42-8918,59938,695,2025-06-25,370,0,,47bef4ea-39b8-e114-ea1f-edf3c7fa40e8
82cca71d-cbe6-1f15-16b6-637176c46a52,Cynthia Shannon,1973-07-29,SYN-980-20-2710,60769,638,2025-10-15,258,0,,82cca71d-cbe6-1f15-16b6-637176c46a52
aab0081f-47ba-318f-f72b-6cbc8dd1ba22,Troy Patton,1997-03-09,SYN-966-14-2340,65694,762,2025-03-19,468,1,ring_0178,ring_0178
db8c74b8-078a-3140-3eea-0bc72e942186,Leslie Hernandez,2003-04-28,SYN-239-94-2914,46582,707,2025-07-05,360,0,,db8c74b8-078a-3140-3eea-0bc72e942186
0e396fbb-5805-2010-89f6-e39808bc6ea6,Gina Cunningham,1970-03-29,SYN-482-12-2217,28619,629,2026-03-26,96,0,,0e396fbb-5805-2010-89f6-e39808bc6ea6
0594b0e3-103c-c5d7-7748-6fa8f789d7d0,Chelsea Powell,1977-09-25,SYN-835-30-8889,58180,622,2025-05-24,402,0,,0594b0e3-103c-c5d7-7748-6fa8f789d7d0
6c371f3b-62ac-66b3-e158-a404e09651cc,Margaret Stevenson,2004-04-15,SYN-760-41-5778,75770,736,2025-02-08,507,0,,6c371f3b-62ac-66b3-e158-a404e09651cc
14d53f1e-5bf2-77ae-856a-39f84f6ea08f,Francisco Coleman,1968-02-27,SYN-651-52-7536,35916,693,2025-11-23,219,0,,14d53f1e-5bf2-77ae-856a-39f84f6ea08f
3dc23f3d-f678-9c8a-6a2f-0f3941406bc2,Heather Sweeney,1972-10-01,SYN-166-64-8933,67994,726,2025-11-28,214,0,,3dc23f3d-f678-9c8a-6a2f-0f3941406bc2
f5145eb9-10ca-95ae-1d92-091ebfcab3a3,Taylor Espinoza,1982-08-13,SYN-397-36-5388,75660,724,2025-12-06,206,0,,f5145eb9-10ca-95ae-1d92-091ebfcab3a3
8d9a8925-049c-6fc7-dd34-9025108e0484,Dustin Williams,2007-12-20,SYN-156-89-4837,97174,689,2026-01-06,175,0,,8d9a8925-049c-6fc7-dd34-9025108e0484
671ae985-2aa0-c1fd-8838-1e7d7974982d,Allison Gilbert,2007-08-22,SYN-532-48-5692,47387,530,2026-04-25,66,0,,671ae985-2aa0-c1fd-8838-1e7d7974982d
522ebcbb-4991-84c0-3c87-da94c2cf9a71,David Yoder,1975-04-27,SYN-389-30-1051,112236,779,2025-09-17,286,0,,522ebcbb-4991-84c0-3c87-da94c2cf9a71
27268b80-9d48-6f03-d074-bdd8c9384157,Joshua Chapman,1973-08-27,SYN-767-28-2714,89615,646,2025-10-10,263,0,,27268b80-9d48-6f03-d074-bdd8c9384157
aa09f69b-b818-4d84-8afc-b6a72a7bf38d,Rebecca Edwards,1994-02-18,SYN-689-30-2927,32764,607,2026-05-27,34,0,,aa09f69b-b818-4d84-8afc-b6a72a7bf38d
d6eea0f4-190c-c01e-c73a-363d562ee3fb,Caleb Rodriguez,1974-07-08,SYN-204-28-1774,54067,648,2026-05-05,56,0,,d6eea0f4-190c-c01e-c73a-363d562ee3fb
0f330c8a-a741-5597-cd61-e323776a2a36,David Sullivan,1994-06-06,SYN-943-93-7865,35179,673,2025-11-30,212,0,,0f330c8a-a741-5597-cd61-e323776a2a36
32d791b4-9e85-5f29-ea32-7f3426e9323f,Michelle Smith,1992-08-20,SYN-281-44-1849,195513,739,2026-06-15,15,1,ring_0197,ring_0197
2c67331a-266c-b508-9b17-0b9d418b1f93,Bonnie Carter,1988-12-04,SYN-333-61-8222,17682,659,2026-03-24,98,0,,2c67331a-266c-b508-9b17-0b9d418b1f93
5e3ddd5f-9c97-af80-2844-b90c777adc26,Carolyn Miller,1959-12-07,SYN-609-59-4720,34716,684,2025-10-02,271,0,,5e3ddd5f-9c97-af80-2844-b90c777adc26
1903dfd3-7fdb-f016-4ba5-0aa18aff9cbc,Joshua Richardson,1999-05-01,SYN-172-52-7275,42462,635,2025-07-30,335,0,,1903dfd3-7fdb-f016-4ba5-0aa18aff9cbc
8a4e0eb9-2689-dabf-2b8b-e0bda59680e5,Gregory Madden,1960-01-04,SYN-803-95-1407,173081,702,2025-05-12,414,0,,8a4e0eb9-2689-dabf-2b8b-e0bda59680e5
280cf9bc-a037-70bf-6658-e4499e88f869,Amy Perez,1953-09-28,SYN-536-38-3996,68600,634,2025-11-18,224,0,,280cf9bc-a037-70bf-6658-e4499e88f869
57a57789-09fd-fc16-42b3-1d3324514c76,Lisa Johnson,2008-06-09,SYN-817-37-5951,37661,596,2026-01-14,167,0,,57a57789-09fd-fc16-42b3-1d3324514c76
e45204e5-c554-7488-e7e1-f1ebd0dba566,Benjamin Jordan,1977-03-04,SYN-801-14-7101,101141,697,2026-03-15,107,0,,e45204e5-c554-7488-e7e1-f1ebd0dba566
3ad3d115-7130-1687-3415-aa07a08d66aa,Eugene Martinez,1988-06-11,SYN-342-96-9861,72102,572,2026-06-29,1,0,,3ad3d115-7130-1687-3415-aa07a08d66aa
4f53c626-889a-dde5-a03c-92df68f8c794,Matthew Clark,1992-01-30,SYN-808-18-4659,42736,682,2026-03-02,120,0,,4f53c626-889a-dde5-a03c-92df68f8c794
003a45cc-a3f5-bc85-10fd-aa61f14b3f9d,Gina Wallace,2003-02-09,SYN-598-60-8250,237140,718,2025-02-19,496,0,,003a45cc-a3f5-bc85-10fd-aa61f14b3f9d
72bd356f-fc75-9df9-6758-8507f5db3ebe,Penny West,1973-10-31,SYN-979-37-4429,73623,685,2025-06-19,376,0,,72bd356f-fc75-9df9-6758-8507f5db3ebe
e3bc43d8-05dc-3550-475a-4abc01651570,Andrew Cruz,1952-11-12,SYN-959-14-9072,62170,755,2025-12-15,197,0,,e3bc43d8-05dc-3550-475a-4abc01651570
53354557-7c58-fed6-d1f3-cce42184a3f8,Heather Russell,1983-06-27,SYN-479-50-9870,23759,751,2025-08-09,325,0,,53354557-7c58-fed6-d1f3-cce42184a3f8
aa63f3bd-c44f-bd9b-5e14-e542edcb6ed2,Heather Trujillo,1987-11-29,SYN-205-75-3676,105330,669,2025-12-29,183,0,,aa63f3bd-c44f-bd9b-5e14-e542edcb6ed2
b5f6bb31-63a7-0443-dbb8-b3a1366c02c2,Michael Rivera,1980-08-06,SYN-416-29-1428,92433,660,2025-03-09,478,0,,b5f6bb31-63a7-0443-dbb8-b3a1366c02c2
260faecd-dcda-1dba-1eb5-1ecdd97f118a,Andrea Bowman,1984-08-13,SYN-170-90-9175,32270,682,2026-05-02,59,0,,260faecd-dcda-1dba-1eb5-1ecdd97f118a
d0e031e9-4c97-d75c-3301-3b9f6cb00a05,Deborah Campbell,1969-12-29,SYN-416-13-5158,213568,654,2025-10-07,266,0,,d0e031e9-4c97-d75c-3301-3b9f6cb00a05
5520b3bf-8c13-181a-08bf-6d6801d46cfd,Andrew Harper,1982-02-19,SYN-755-34-6149,69435,648,2025-07-23,342,0,,5520b3bf-8c13-181a-08bf-6d6801d46cfd
7e012f72-4afe-a4f0-853f-16bad2b5f3ba,Allen Martinez,1963-09-06,SYN-698-30-3412,99172,681,2025-03-03,484,0,,7e012f72-4afe-a4f0-853f-16bad2b5f3ba
b114d7f7-74cf-9308-7524-39dce44e96c5,Annette Holland,2003-07-11,SYN-772-55-7619,36988,717,2025-11-20,222,0,,b114d7f7-74cf-9308-7524-39dce44e96c5
49aaa12b-049d-d235-600d-f47a61da541e,Tina Ellis,1964-09-12,SYN-341-63-8307,239806,839,2025-11-20,222,0,,49aaa12b-049d-d235-600d-f47a61da541e
7f2f1f17-9e6e-781f-f65f-92c4b854b955,Christopher Harrison,1975-10-30,SYN-665-50-5965,31619,849,2025-04-10,446,0,,7f2f1f17-9e6e-781f-f65f-92c4b854b955
fee5c07c-adf9-5507-4aa0-6c8fd4c95b0a,Sandra Hines,1990-04-21,SYN-509-25-3882,89749,643,2025-03-31,456,0,,fee5c07c-adf9-5507-4aa0-6c8fd4c95b0a
f8fb28b4-3a02-f769-c72d-1a8144291848,Robin Jones,1982-05-04,SYN-702-84-2490,65398,644,2025-10-31,242,0,,f8fb28b4-3a02-f769-c72d-1a8144291848
ca14bffb-4d60-ec05-5fdc-2dd452fd13ea,Jerome Parker,2006-01-01,SYN-924-84-7089,49349,784,2025-05-10,416,0,,ca14bffb-4d60-ec05-5fdc-2dd452fd13ea
1079d9d7-8978-0f3f-aa29-4e1e659d8ea8,Sarah Berry,2005-05-06,SYN-692-12-4620,30395,643,2025-06-07,388,0,,1079d9d7-8978-0f3f-aa29-4e1e659d8ea8
cb715e40-a6c5-5030-23d2-343dfbbc3a78,Mary Miller,1977-03-18,SYN-462-59-4433,32770,710,2025-06-28,367,0,,cb715e40-a6c5-5030-23d2-343dfbbc3a78
ca0ab98d-8e5a-c95d-5a10-fa4cf23bc5eb,Adam Stewart,1991-12-05,SYN-861-53-2363,68656,688,2025-06-23,372,0,,ca0ab98d-8e5a-c95d-5a10-fa4cf23bc5eb
96f1c726-2818-a660-79a4-9879e7872700,Kevin Anderson,2007-12-12,SYN-241-34-9498,50268,792,2026-01-11,170,0,,96f1c726-2818-a660-79a4-9879e7872700
34118c1c-282e-c723-5e19-520f14255dc5,Christopher Wright,2000-03-22,SYN-390-46-9070,79101,682,2025-02-27,488,0,,34118c1c-282e-c723-5e19-520f14255dc5
812f1c05-49c0-d8df-3842-9d8807e9d7ac,Mr. Mark Landry,1974-11-19,SYN-734-48-5583,187990,637,2026-01-11,170,0,,812f1c05-49c0-d8df-3842-9d8807e9d7ac
07bc2750-1eae-489f-00a4-4b47ed1888c2,Martha Martinez,2006-04-10,SYN-858-54-1775,105537,794,2025-04-30,426,0,,07bc2750-1eae-489f-00a4-4b47ed1888c2
dbd26906-2d9e-b319-2ba5-52c9f44eab82,Erica Lane,1994-04-19,SYN-552-60-3511,113983,760,2025-10-10,263,0,,dbd26906-2d9e-b319-2ba5-52c9f44eab82
9b8927b8-e5d4-d890-8d56-fbc1b847e27c,Antonio Woods,1978-09-25,SYN-161-50-2826,41564,586,2026-03-01,121,0,,9b8927b8-e5d4-d890-8d56-fbc1b847e27c
eab762a8-c1c6-b04b-4989-a5edc593bba0,Joseph Williams,1992-12-03,SYN-686-42-3585,66298,658,2025-10-17,256,0,,eab762a8-c1c6-b04b-4989-a5edc593bba0
78576b20-e24a-88bd-1314-a824d43d4f48,Brittany Stevens,1988-03-11,SYN-710-97-5228,68272,716,2025-07-03,362,0,,78576b20-e24a-88bd-1314-a824d43d4f48
bc435cb8-742d-e65e-968f-e343a2d9de21,Amanda Moody,1997-01-28,SYN-300-35-2472,100823,727,2026-06-18,12,0,,bc435cb8-742d-e65e-968f-e343a2d9de21
de8ab629-f376-f225-9439-5846a1c98eb9,Samuel Lee,1983-06-03,SYN-855-78-1795,41955,709,2026-01-09,172,0,,de8ab629-f376-f225-9439-5846a1c98eb9
8a41ce2f-2b58-6ba3-a59f-8e3939da87ca,Sabrina Galvan,1984-02-28,SYN-980-11-3318,90399,675,2025-07-02,363,0,,8a41ce2f-2b58-6ba3-a59f-8e3939da87ca
dd197e2b-fcc2-5f83-7349-1905b964b469,Theresa Colon,1991-03-30,SYN-714-59-9450,27040,795,2025-07-18,347,0,,dd197e2b-fcc2-5f83-7349-1905b964b469
830cc750-6cfb-a4fa-170b-ab22f5dfacf1,Jason Mathews,2007-03-13,SYN-228-30-9526,32438,705,2025-09-16,287,0,,830cc750-6cfb-a4fa-170b-ab22f5dfacf1
7748b8ba-9dd1-f9d7-38cd-000a2f5e5c5a,Sandra Smith,2001-03-29,SYN-971-72-2115,68307,646,2025-07-06,359,0,,7748b8ba-9dd1-f9d7-38cd-000a2f5e5c5a
2ee058a5-f098-0961-246d-ba699b635b84,Crystal Johnson,1971-11-18,SYN-758-58-8046,19457,682,2025-09-14,289,0,,2ee058a5-f098-0961-246d-ba699b635b84
8253f788-9fee-53a6-51f7-93719fdfc32e,Maria Wright,1965-09-05,SYN-323-79-1883,26236,686,2026-01-02,179,0,,8253f788-9fee-53a6-51f7-93719fdfc32e
28d66de5-ddf6-d317-6ce4-65257b4ed2ab,Karen Munoz,1967-02-07,SYN-676-69-2703,59321,638,2025-11-16,226,0,,28d66de5-ddf6-d317-6ce4-65257b4ed2ab
2102bc28-e819-3551-b190-b4eda912109d,David Trujillo,1987-10-04,SYN-131-34-1951,45319,618,2026-04-28,63,1,ring_0073,ring_0073
b4386ec5-6651-78fa-9ed3-4d7cf16df667,Pamela Davis,1999-11-18,SYN-473-54-9234,74690,618,2025-05-19,407,0,,b4386ec5-6651-78fa-9ed3-4d7cf16df667
f7d8deeb-5538-3128-c8a0-ad35eb26e292,Carol Jackson,1986-05-11,SYN-399-71-9975,151348,773,2026-05-06,55,0,,f7d8deeb-5538-3128-c8a0-ad35eb26e292
632b4779-5dfc-6e23-fb73-b346c7c715a0,Adam Long,1985-11-23,SYN-898-78-8343,20714,668,2025-03-25,462,0,,632b4779-5dfc-6e23-fb73-b346c7c715a0
1c62239d-b665-d579-f610-4c6c25baf49e,Emma Reed,1990-12-15,SYN-523-35-3612,35714,560,2025-06-29,366,0,,1c62239d-b665-d579-f610-4c6c25baf49e
5d301991-811b-2e10-36b5-3623b697586f,Glenn Walker,1973-06-29,SYN-484-69-3581,37375,781,2025-03-06,481,1,ring_0186,ring_0186
695417b0-c941-ceec-a2e9-85d047724370,Victoria Lewis,1988-02-28,SYN-698-81-1282,52893,736,2025-10-01,272,0,,695417b0-c941-ceec-a2e9-85d047724370
c8a22356-58f5-50d9-834b-fb5045c44a46,Joshua Hernandez,1992-04-28,SYN-891-59-3092,41035,714,2026-06-17,13,0,,c8a22356-58f5-50d9-834b-fb5045c44a46
e20f1da4-fb9c-2e53-bd2b-7e4de990b729,Zachary Robinson,1991-03-04,SYN-573-52-3437,45087,667,2025-02-06,509,0,,e20f1da4-fb9c-2e53-bd2b-7e4de990b729
e25cba41-308d-0d9e-002f-ecb0794a4f4c,Michael Snyder,1984-10-15,SYN-140-21-6669,31424,681,2026-04-10,81,0,,e25cba41-308d-0d9e-002f-ecb0794a4f4c
0ac94116-0f66-ba8d-d976-ec34c3be72fd,Leon Duncan,1984-08-25,SYN-989-39-5998,50467,718,2025-05-02,424,0,,0ac94116-0f66-ba8d-d976-ec34c3be72fd
a68574cb-4d74-2050-6037-8cb9ce9c3b9c,Jennifer Ferguson,1975-05-11,SYN-193-59-8265,47414,781,2025-02-04,511,0,,a68574cb-4d74-2050-6037-8cb9ce9c3b9c
c258be5d-03bc-d15c-a413-40dd44b6a9f3,David Williams,1994-12-24,SYN-803-45-9504,16951,607,2025-08-12,322,0,,c258be5d-03bc-d15c-a413-40dd44b6a9f3
37b5afe6-1843-c220-fecb-cae80b589d16,Angel Johnson,1990-04-16,SYN-890-28-4979,81664,814,2026-03-24,98,0,,37b5afe6-1843-c220-fecb-cae80b589d16
2118149e-85aa-0d16-686b-1dc703b2c4c4,Darryl Christensen,2002-06-05,SYN-727-63-8196,38797,715,2026-05-09,52,0,,2118149e-85aa-0d16-686b-1dc703b2c4c4
94d3398b-b3ca-94f2-a7e2-cc503cedd5be,Joseph Chapman,1985-07-02,SYN-167-93-1842,81401,687,2026-02-12,138,0,,94d3398b-b3ca-94f2-a7e2-cc503cedd5be
4812b49f-091c-ea3c-87dd-c2c39f71f0e1,Raymond Valenzuela,1996-02-04,SYN-372-70-4664,62715,678,2025-08-17,317,0,,4812b49f-091c-ea3c-87dd-c2c39f71f0e1
169e2a93-8434-18d4-8caa-b1e1960edf56,Ana Hill,1982-10-18,SYN-104-69-2529,69781,749,2026-06-26,4,0,,169e2a93-8434-18d4-8caa-b1e1960edf56
79fbd02e-8f17-c7e6-fc29-a75f3b129525,Justin Bishop,1976-06-10,SYN-385-69-9761,27700,697,2025-03-19,468,0,,79fbd02e-8f17-c7e6-fc29-a75f3b129525
efcf37ab-5c8b-68e8-09b5-bbe14edbd588,Robert Valdez,1999-01-26,SYN-555-66-5696,32469,802,2026-01-24,157,0,,efcf37ab-5c8b-68e8-09b5-bbe14edbd588
229f825c-35d6-ab95-e1d4-d8294ecfab1b,Becky King,1997-01-02,SYN-559-45-3850,36665,613,2026-06-19,11,0,,229f825c-35d6-ab95-e1d4-d8294ecfab1b
1ae0b358-7887-c06a-c4bb-0c7ad7913e94,Jennifer Moore,1994-06-04,SYN-100-33-8355,42661,722,2025-03-23,464,0,,1ae0b358-7887-c06a-c4bb-0c7ad7913e94
df002d5b-dc9c-b64c-15a5-91b79e1b4991,Kelly Pena,1987-10-21,SYN-176-86-2543,68982,673,2026-02-21,129,0,,df002d5b-dc9c-b64c-15a5-91b79e1b4991
b98c3a68-43ae-fe23-673e-e41787913a5e,Hector Bryant,1999-12-21,SYN-593-66-3562,25276,826,2026-05-13,48,0,,b98c3a68-43ae-fe23-673e-e41787913a5e
922b31a5-1ff3-d247-7c40-a36b40612466,Dennis Mills,1983-09-23,SYN-267-25-7445,56561,668,2025-09-01,302,0,,922b31a5-1ff3-d247-7c40-a36b40612466
8a7dfd60-94e7-a34c-1f7d-a0858f1f771f,Keith Jennings,1980-08-13,SYN-416-15-7398,75556,755,2025-01-10,536,0,,8a7dfd60-94e7-a34c-1f7d-a0858f1f771f
f908bf35-6b25-1a4d-4492-c8ec2f5d3e93,Angel Meyer,2006-04-24,SYN-362-72-5612,43608,686,2025-06-11,384,0,,f908bf35-6b25-1a4d-4492-c8ec2f5d3e93
edf600e5-852c-03fe-ea5b-1822ebfffa02,Jeffery Neal,1983-08-28,SYN-518-10-3006,31053,694,2025-02-12,503,0,,edf600e5-852c-03fe-ea5b-1822ebfffa02
58f42a53-873e-2714-6bc6-39047451f733,Jimmy Reyes,1984-05-26,SYN-863-16-3278,70230,696,2025-10-15,258,1,ring_0096,ring_0096
b2d06ed9-f639-76f8-b52c-5acba1f2a37e,Lance Sanchez,1986-02-20,SYN-135-10-4464,16391,737,2025-10-11,262,1,ring_0184,ring_0184
cb8a4c8e-4249-e10c-3a4b-773b8a86dcd8,Stephanie Lopez,1994-06-04,SYN-138-25-4458,57054,645,2025-01-01,545,0,,cb8a4c8e-4249-e10c-3a4b-773b8a86dcd8
836d1627-f3d8-d60b-7759-7db217457760,Julia Williamson,1989-10-25,SYN-288-32-9722,50966,736,2025-08-27,307,0,,836d1627-f3d8-d60b-7759-7db217457760
0bb7b919-3b48-c075-5710-3ba50e95f731,Lauren Walker,1976-03-19,SYN-514-63-9572,22619,850,2026-03-28,94,0,,0bb7b919-3b48-c075-5710-3ba50e95f731
78c15786-9013-dadd-0b7d-2939a24ffebe,Lori Guerrero,1984-03-24,SYN-294-59-5781,40370,569,2026-06-01,29,0,,78c15786-9013-dadd-0b7d-2939a24ffebe
756ad8e8-9a1b-5c62-58f5-305709103a95,Angela Lopez,1993-01-07,SYN-565-19-1197,35794,607,2025-08-24,310,0,,756ad8e8-9a1b-5c62-58f5-305709103a95
e5fadff7-6806-7a9a-c188-d0e8e8fd11fc,Christine Wright,1972-10-19,SYN-831-23-3865,45954,608,2025-05-19,407,0,,e5fadff7-6806-7a9a-c188-d0e8e8fd11fc
7688220d-6363-036e-90ea-371cdd7b3273,Melissa Harvey,1998-11-15,SYN-128-92-3655,26004,732,2025-11-06,236,0,,7688220d-6363-036e-90ea-371cdd7b3273
7c54adb5-247c-aa66-f958-214374dd2f4b,Christopher Sanchez,1967-07-01,SYN-795-91-6460,15000,658,2026-01-29,152,0,,7c54adb5-247c-aa66-f958-214374dd2f4b
d2ea6af9-487c-c1e1-50f7-ec63aa26f523,Barbara Burns,1969-03-29,SYN-610-48-1231,68226,564,2025-04-25,431,0,,d2ea6af9-487c-c1e1-50f7-ec63aa26f523
a4d37917-4358-22f7-e25f-707a83530860,Jerry Gilmore,1999-11-07,SYN-142-74-8501,49653,793,2026-05-18,43,0,,a4d37917-4358-22f7-e25f-707a83530860
d991143f-8a4a-c8b2-dcaf-a6808c95af8c,Jamie Guerrero,1979-08-07,SYN-194-72-9422,40256,713,2025-11-21,221,0,,d991143f-8a4a-c8b2-dcaf-a6808c95af8c
2d519d1b-8893-0f2f-75db-58c786e7c373,Joshua Brown,1970-11-29,SYN-711-98-4115,36253,801,2025-06-13,382,0,,2d519d1b-8893-0f2f-75db-58c786e7c373
5c2548b6-eedd-8501-86e8-40efffdd77ac,Joseph Young,1966-07-05,SYN-249-81-8601,41207,642,2025-07-19,346,0,,5c2548b6-eedd-8501-86e8-40efffdd77ac
a0b90bc9-842d-0bf7-89ee-b4898b643ae7,Jessica Smith,1980-10-10,SYN-249-39-5710,15000,640,2026-01-22,159,0,,a0b90bc9-842d-0bf7-89ee-b4898b643ae7
8ec55f34-8af8-c146-7130-6f784a72c818,Michael Williams,1967-10-29,SYN-775-43-4187,64527,625,2025-07-19,346,0,,8ec55f34-8af8-c146-7130-6f784a72c818
14537a34-4da9-7963-cee1-e586a2e1dfe8,Thomas Bowman MD,1990-01-08,SYN-219-99-7198,103235,543,2025-11-05,237,0,,14537a34-4da9-7963-cee1-e586a2e1dfe8
9ad56cf0-433c-edff-bc20-ed7fef05caa0,Alexis Tucker,1994-03-22,SYN-606-59-3981,19001,576,2025-01-08,538,0,,9ad56cf0-433c-edff-bc20-ed7fef05caa0
3cf08de4-f048-f355-1af1-588b6512253d,Robert Fleming,1991-03-03,SYN-881-65-8541,41325,772,2025-02-04,511,0,,3cf08de4-f048-f355-1af1-588b6512253d
566b34e0-88bb-5bb3-0819-0ced830cb09a,Michael Barnes,1996-05-06,SYN-381-92-8216,126637,680,2025-07-17,348,0,,566b34e0-88bb-5bb3-0819-0ced830cb09a
d4560525-8d51-d6c0-8082-ba5fa63df5ca,Andrew Lynch,1990-01-20,SYN-320-54-2122,90098,628,2025-05-03,423,0,,d4560525-8d51-d6c0-8082-ba5fa63df5ca
7e570431-3b31-b616-74b4-a55145090764,Timothy Kelley,1995-10-07,SYN-679-25-2750,15000,627,2026-05-15,46,1,ring_0058,ring_0058
4970dd7c-5720-b6b2-9cff-28357d3fcc74,Robert Bauer,1960-02-24,SYN-638-28-6336,148019,652,2025-03-14,473,0,,4970dd7c-5720-b6b2-9cff-28357d3fcc74
74445ba9-c8c4-185f-8de6-15d951d7276c,Michael Sims,1956-10-09,SYN-933-81-3892,33599,675,2026-06-17,13,0,,74445ba9-c8c4-185f-8de6-15d951d7276c
9024e74a-654d-b7e1-6ed3-003c94af5152,Michelle Smith,1971-01-09,SYN-210-17-8746,80763,673,2025-03-22,465,0,,9024e74a-654d-b7e1-6ed3-003c94af5152
50915a0e-d0a4-0d98-76fc-b1f814189c8d,Christina White,1957-09-07,SYN-885-87-3811,52246,679,2025-06-16,379,0,,50915a0e-d0a4-0d98-76fc-b1f814189c8d
4e6cfedb-b146-c0bb-d7c9-cc86cde03cdd,John Miller,1979-04-05,SYN-852-85-3364,26527,696,2025-10-16,257,0,,4e6cfedb-b146-c0bb-d7c9-cc86cde03cdd
60b23648-79c1-d8b3-49b8-87ef46ed23d3,Peter Gonzalez,1997-08-26,SYN-197-48-3381,63629,647,2026-04-30,61,0,,60b23648-79c1-d8b3-49b8-87ef46ed23d3
3ad081c0-3cad-4406-47f7-b521206be120,Brandon Bell,1959-01-16,SYN-189-62-3187,51791,629,2025-12-09,203,1,ring_0193,ring_0193
379837da-a19a-17c1-829c-cf765c557ac3,John Stewart,1970-11-04,SYN-273-48-8446,84984,651,2025-07-18,347,0,,379837da-a19a-17c1-829c-cf765c557ac3
206906c2-a4ac-6228-0593-a762d2442dc1,Paul Castaneda,1981-04-04,SYN-246-38-5054,22468,626,2025-05-22,404,0,,206906c2-a4ac-6228-0593-a762d2442dc1
31e918c7-206a-5a29-8696-294a9d93b739,Melissa Patel MD,1983-01-23,SYN-477-80-4340,37997,716,2026-06-09,21,0,,31e918c7-206a-5a29-8696-294a9d93b739
db2ab542-be0a-b856-48b4-429f270ac855,Thomas Moses,1988-11-28,SYN-956-10-1940,81183,685,2026-01-23,158,0,,db2ab542-be0a-b856-48b4-429f270ac855
c97b0e64-67ad-8353-18b0-1de2b1ea6d26,Sarah Sosa,1997-08-20,SYN-828-89-3133,129612,601,2025-09-03,300,0,,c97b0e64-67ad-8353-18b0-1de2b1ea6d26
f827e062-85dc-539b-536e-ed4bc97c4090,Manuel Robinson,1992-11-19,SYN-404-13-2435,29217,635,2025-04-02,454,0,,f827e062-85dc-539b-536e-ed4bc97c4090
98be6ab3-2b3c-fc37-d31d-b4736ba11840,Krista White,1978-01-31,SYN-779-97-2381,66062,784,2025-02-27,488,0,,98be6ab3-2b3c-fc37-d31d-b4736ba11840
c2474c1b-0a7c-705a-f994-30b22e058e3d,Thomas Hunt,1977-03-07,SYN-734-36-2083,45501,537,2025-01-04,542,0,,c2474c1b-0a7c-705a-f994-30b22e058e3d
c4d87467-fdf3-87a2-d9a9-8eaba789d2d7,Patrick Harris,1984-09-16,SYN-937-96-7733,51735,703,2025-07-07,358,0,,c4d87467-fdf3-87a2-d9a9-8eaba789d2d7
d119113a-e908-62e9-8e6b-449252b838c6,Maria Case,1996-05-06,SYN-478-89-8275,42370,676,2026-02-20,130,0,,d119113a-e908-62e9-8e6b-449252b838c6
821a1eb6-17ab-6b19-4232-b7aac6aa7e57,Alexander Shelton,1991-11-21,SYN-958-49-9421,22589,643,2025-07-31,334,0,,821a1eb6-17ab-6b19-4232-b7aac6aa7e57
ad4dd35d-1666-6527-db73-71d3a7db4998,Daniel Matthews,1955-03-13,SYN-503-59-4247,110632,674,2026-06-23,7,0,,ad4dd35d-1666-6527-db73-71d3a7db4998
61a7c5b0-28d0-c96d-8deb-052f8bf50295,William Armstrong,1970-10-13,SYN-705-31-6236,68557,685,2026-01-01,180,1,ring_0135,ring_0135
56d8e6ee-79c0-5dc0-e301-279ce022ba01,Devon Roberts,1986-03-27,SYN-423-89-4086,62692,649,2025-09-28,275,0,,56d8e6ee-79c0-5dc0-e301-279ce022ba01
55018e49-b6e3-4586-0121-66dac14c71fa,Kayla Carlson,1980-10-13,SYN-999-36-4466,58627,633,2025-12-25,187,0,,55018e49-b6e3-4586-0121-66dac14c71fa
60e39472-36c5-b845-08e9-049efcc22c7e,Jerry Ortega,1962-03-01,SYN-214-63-9254,33039,779,2025-05-08,418,1,ring_0001,ring_0001
e7c67d21-fb36-ed1e-075f-6a535ba9dd54,Taylor Johnson,1993-05-07,SYN-442-55-3461,27077,663,2025-02-26,489,0,,e7c67d21-fb36-ed1e-075f-6a535ba9dd54
ad34812f-cc08-3f7c-bdde-753f8cf685ba,Catherine Holland,1982-06-29,SYN-406-31-7109,47177,588,2025-09-09,294,0,,ad34812f-cc08-3f7c-bdde-753f8cf685ba
f2bc5345-982b-b9fd-69d3-055ddd4bd142,Nicole Phillips,1992-03-09,SYN-864-62-2444,41082,699,2025-05-19,407,0,,f2bc5345-982b-b9fd-69d3-055ddd4bd142
c53664ed-5567-1782-ce0a-300b936642bd,Lisa Singh,1983-03-11,SYN-544-19-2958,83632,790,2025-06-27,368,0,,c53664ed-5567-1782-ce0a-300b936642bd
a08bac9d-d9af-d4d6-a632-abf93c4952ec,Sheena Hayes,1991-12-14,SYN-387-70-6429,49732,605,2025-10-26,247,0,,a08bac9d-d9af-d4d6-a632-abf93c4952ec
9269785c-2344-bc96-eb1d-42576e734db9,Stephen Lopez,1997-01-08,SYN-306-96-1941,110314,564,2025-11-29,213,0,,9269785c-2344-bc96-eb1d-42576e734db9
ddc2f5cf-1d6f-7c3d-eac2-b9ab98a2280a,Sheila Ramirez,2008-05-14,SYN-286-99-9934,46558,591,2025-09-22,281,0,,ddc2f5cf-1d6f-7c3d-eac2-b9ab98a2280a
7d8f0765-e58e-a64e-6bf5-c6243162fd18,Maria Hayes,1971-10-16,SYN-734-51-8884,39529,742,2025-11-01,241,0,,7d8f0765-e58e-a64e-6bf5-c6243162fd18
3d0e2881-31a4-4736-0c8e-4f49a14486e4,Justin Glover,1988-05-11,SYN-976-71-5431,16986,637,2025-06-13,382,0,,3d0e2881-31a4-4736-0c8e-4f49a14486e4
caa80d35-a5db-efac-818d-c95dbc77d759,April Clark,1980-10-11,SYN-222-82-7563,134018,522,2025-04-12,444,0,,caa80d35-a5db-efac-818d-c95dbc77d759
2a3386c4-a1bf-bb03-19f5-6ece08388629,Eric Fitzpatrick,1979-09-14,SYN-671-45-9015,23244,718,2025-11-08,234,0,,2a3386c4-a1bf-bb03-19f5-6ece08388629
504352a4-19dc-6dfc-3631-66abb5ea2dbc,Kimberly Grant,1994-12-20,SYN-631-58-2527,17741,710,2025-12-01,211,0,,504352a4-19dc-6dfc-3631-66abb5ea2dbc
46e1e176-4519-2789-0e48-055788ccd08b,Lisa Kelly,1990-02-12,SYN-390-55-6858,57795,810,2025-03-29,458,1,ring_0005,ring_0005
63e4ea8c-5434-7acd-cb0a-c673d95b5120,Matthew Schwartz,2007-09-20,SYN-883-46-8938,19554,612,2025-06-19,376,0,,63e4ea8c-5434-7acd-cb0a-c673d95b5120
e0d9a206-2fdc-ca2a-4018-cbf0205d8335,Jennifer Pearson,1971-11-17,SYN-348-99-4242,15000,710,2026-02-16,134,0,,e0d9a206-2fdc-ca2a-4018-cbf0205d8335
bb4aefe6-4a69-0834-5724-feef5ad92aa7,Joshua Knox,2000-08-26,SYN-404-95-4779,35174,850,2025-10-14,259,0,,bb4aefe6-4a69-0834-5724-feef5ad92aa7
47d001c9-25fe-2a8f-d101-788cc0bbede4,Rhonda Williams,1993-10-17,SYN-620-60-4151,30770,811,2026-06-21,9,0,,47d001c9-25fe-2a8f-d101-788cc0bbede4
7f7ebfd0-fb48-d9c3-7b08-a2992395b32d,Claudia Brown,1980-07-29,SYN-778-65-8113,58745,656,2025-02-01,514,0,,7f7ebfd0-fb48-d9c3-7b08-a2992395b32d
d6c8edb8-992b-4aeb-a962-07b5acb8a409,Michelle Sanders,1978-08-14,SYN-577-31-6128,104397,784,2025-10-29,244,0,,d6c8edb8-992b-4aeb-a962-07b5acb8a409
e7456100-ff79-f980-d9c4-a5987b7899d6,Robert Garza,1995-01-06,SYN-670-96-6009,44699,742,2026-05-22,39,0,,e7456100-ff79-f980-d9c4-a5987b7899d6
0d869c25-cbaa-4f07-93df-c38da93501cf,Denise Flores,1965-01-10,SYN-376-53-3703,75106,785,2026-05-09,52,0,,0d869c25-cbaa-4f07-93df-c38da93501cf
dd73de22-0f37-61f3-f1df-7881b6d923de,Cory Martinez,1984-01-19,SYN-310-95-9386,20326,733,2026-02-18,132,0,,dd73de22-0f37-61f3-f1df-7881b6d923de
2ce2ffb5-5ae4-d342-93dd-e90091f972ba,Susan Bryant,1991-01-04,SYN-234-42-9862,35283,644,2025-07-03,362,0,,2ce2ffb5-5ae4-d342-93dd-e90091f972ba
369ac4a6-84b7-f66c-d74e-cf94950034ec,Alexis Allen,1973-02-24,SYN-401-27-5954,36205,660,2025-06-26,369,1,ring_0206,ring_0206
45894295-7101-035a-f61c-fc9cbf1245cb,Karen Mendez,1982-03-29,SYN-318-71-7234,110983,824,2025-10-27,246,0,,45894295-7101-035a-f61c-fc9cbf1245cb
f8a38db4-0344-37a0-aaed-63a7964d945b,Rodney Williams,2000-05-28,SYN-870-16-2727,37025,662,2025-04-10,446,0,,f8a38db4-0344-37a0-aaed-63a7964d945b
16e625ec-7425-aa0c-8667-a5efc67cb0ab,Donald Gamble,1987-01-25,SYN-900-50-4349,28790,533,2026-04-10,81,1,ring_0173,ring_0173
3d016406-fc2b-2c22-120b-1ae441ce88df,Alyssa Guerra,1973-09-28,SYN-779-85-5073,43805,714,2025-01-04,542,0,,3d016406-fc2b-2c22-120b-1ae441ce88df
8f49ae1b-e5e2-65ed-fff9-0d55381ef8b8,Carmen Preston,1984-01-09,SYN-522-12-1675,46445,620,2025-02-18,497,0,,8f49ae1b-e5e2-65ed-fff9-0d55381ef8b8
a08a944e-0525-1a0c-f383-6e419e1dbf08,Christina Mullen,1995-12-22,SYN-495-34-5071,64573,775,2025-07-20,345,0,,a08a944e-0525-1a0c-f383-6e419e1dbf08
bbfde5e9-c972-1fca-1b54-39caa06531f7,Randy Perez,1986-10-12,SYN-659-80-4353,45368,721,2026-02-12,138,0,,bbfde5e9-c972-1fca-1b54-39caa06531f7
2280004c-f4d6-ddb9-efd6-c4f050732c98,Nicole Hardy,2003-06-25,SYN-158-70-4333,96248,701,2025-02-08,507,0,,2280004c-f4d6-ddb9-efd6-c4f050732c98
29c9cd21-217c-012c-1419-57a06e4091e5,Joshua Hopkins,1990-08-22,SYN-529-27-5185,50990,665,2025-03-14,473,0,,29c9cd21-217c-012c-1419-57a06e4091e5
729bf2ed-d5e1-aa12-88ee-09fed7533b4d,Desiree Thomas,1986-10-30,SYN-816-60-4099,52003,693,2026-02-03,147,0,,729bf2ed-d5e1-aa12-88ee-09fed7533b4d
8baf1a5c-78d9-c121-4a04-c325ea5130ed,Hunter Williams,1980-04-06,SYN-225-56-2056,44832,636,2026-05-03,58,0,,8baf1a5c-78d9-c121-4a04-c325ea5130ed
d9872267-186f-bfd8-94d8-cca1d1a93166,Bailey Duran DDS,1996-06-06,SYN-245-80-6753,72596,850,2026-05-31,30,0,,d9872267-186f-bfd8-94d8-cca1d1a93166
59ce2a05-c0a5-b3fa-cd99-e3bf432dc80d,Jamie Solomon,1988-12-30,SYN-763-32-5558,23197,608,2026-03-17,105,0,,59ce2a05-c0a5-b3fa-cd99-e3bf432dc80d
96b5d262-260e-9b91-3427-0994bf14929e,Nicholas Fritz,1988-10-24,SYN-277-31-5457,71301,718,2025-10-26,247,0,,96b5d262-260e-9b91-3427-0994bf14929e
082065a6-73ad-77c8-ecc2-b64dd71d7f72,Jennifer Parker,1987-09-20,SYN-873-94-3624,121495,685,2026-02-07,143,0,,082065a6-73ad-77c8-ecc2-b64dd71d7f72
6bcfc864-b127-43d6-466d-be82f9ce2fd2,Connie Franklin,2004-06-14,SYN-445-75-6327,69381,617,2025-07-27,338,0,,6bcfc864-b127-43d6-466d-be82f9ce2fd2
3a282bc4-c6e3-06a2-d833-8d12fb90c449,Anthony Humphrey,1975-07-01,SYN-282-63-7253,85424,659,2025-12-23,189,0,,3a282bc4-c6e3-06a2-d833-8d12fb90c449
f4200473-1424-a770-35ef-fe78f5c12043,Craig Hammond,1969-01-13,SYN-525-80-5623,107276,777,2026-04-01,90,0,,f4200473-1424-a770-35ef-fe78f5c12043
1cd11b52-f991-8b6c-5154-1ff81261a4d9,Thomas Rodriguez,1986-11-05,SYN-734-85-6032,24539,596,2025-07-09,356,0,,1cd11b52-f991-8b6c-5154-1ff81261a4d9
aa6e8cce-77cd-fbc5-9d7d-000f06f8c17e,Michael Baker,1986-12-27,SYN-996-44-5069,43806,803,2025-04-20,436,0,,aa6e8cce-77cd-fbc5-9d7d-000f06f8c17e
402182c3-1da7-3f56-ec05-7c6ae5615174,Dawn Nixon,2004-09-09,SYN-485-83-8839,47408,712,2026-01-21,160,0,,402182c3-1da7-3f56-ec05-7c6ae5615174
eafb03ae-943f-83d5-c5bc-f9927c232641,Donald Smith,1991-06-28,SYN-206-88-4423,58650,640,2026-06-09,21,0,,eafb03ae-943f-83d5-c5bc-f9927c232641
15f8d0d0-27dd-060c-4249-83d072c6eac5,Linda Chandler,1974-10-07,SYN-627-40-8584,52593,799,2025-04-14,442,1,ring_0179,ring_0179
691eab4e-d344-3ca1-979a-3dbfb36fa35f,Matthew Wilson,1982-07-28,SYN-388-82-3923,79385,742,2025-11-21,221,0,,691eab4e-d344-3ca1-979a-3dbfb36fa35f
ecd556f7-e648-0010-5836-629ec0d111dc,Stacy Rodriguez,1989-06-11,SYN-858-15-4920,62457,580,2026-03-02,120,0,,ecd556f7-e648-0010-5836-629ec0d111dc
802daf3e-fbf4-6b50-6bb7-0853ddbdbb81,James Mckinney,1975-05-03,SYN-227-14-6954,134784,650,2025-08-06,328,0,,802daf3e-fbf4-6b50-6bb7-0853ddbdbb81
8bf1beee-32e5-8b6a-ad45-4867d32005ad,Ms. Kelly Holder,2003-03-13,SYN-561-16-2691,68606,798,2025-04-01,455,0,,8bf1beee-32e5-8b6a-ad45-4867d32005ad
4bbf1f9b-7e47-a635-787f-74776c9a106a,Ariel Taylor,1998-08-29,SYN-446-87-6589,29784,717,2026-04-18,73,0,,4bbf1f9b-7e47-a635-787f-74776c9a106a
2ee51bc9-1d0a-ce63-6ef7-681e253be320,Donald Cole,1969-03-17,SYN-172-86-1471,52675,694,2025-03-08,479,0,,2ee51bc9-1d0a-ce63-6ef7-681e253be320
3e837fa9-ca29-f194-c80b-ae2403bfbda1,Elizabeth Dean,1980-01-08,SYN-795-97-2710,203946,707,2025-07-24,341,0,,3e837fa9-ca29-f194-c80b-ae2403bfbda1
b0ecc2ed-d4ee-0b4b-45bd-ef403d151856,Paul Burton,1977-03-16,SYN-858-12-7065,62163,815,2025-05-19,407,0,,b0ecc2ed-d4ee-0b4b-45bd-ef403d151856
f5592fa9-f8dd-7836-ba5e-abb45df9879b,Savannah Stokes,1973-02-16,SYN-423-58-9972,18281,726,2026-01-20,161,0,,f5592fa9-f8dd-7836-ba5e-abb45df9879b
063ee0ba-2f0b-a732-ddfe-f8cbc33b91f0,Travis Hughes,2007-09-14,SYN-197-80-8134,220354,696,2025-11-25,217,0,,063ee0ba-2f0b-a732-ddfe-f8cbc33b91f0
c10605d1-c1c8-daf2-749d-b007f5c3bc65,Amanda Franklin,1993-08-16,SYN-353-44-6586,48276,716,2025-12-12,200,0,,c10605d1-c1c8-daf2-749d-b007f5c3bc65
c5c791fd-c6dd-a1f3-41b2-45f0b14465bf,Ronnie Powers,1964-10-06,SYN-253-55-3633,103106,653,2025-12-04,208,0,,c5c791fd-c6dd-a1f3-41b2-45f0b14465bf
56f49326-eb0a-fd6f-f5cb-f80506dbe39f,Michael Scott,1989-01-23,SYN-497-85-6838,51717,633,2025-04-22,434,0,,56f49326-eb0a-fd6f-f5cb-f80506dbe39f
019eb900-d747-ac39-af30-422fb5975b77,Alexandra Ho,2006-05-23,SYN-708-52-1675,154481,574,2025-08-02,332,0,,019eb900-d747-ac39-af30-422fb5975b77
c62951a6-3907-cc29-1623-ef635203451b,Brian Ware,1961-11-20,SYN-410-98-1406,83850,699,2026-03-29,93,0,,c62951a6-3907-cc29-1623-ef635203451b
974855ea-e74b-b4ab-9363-7212e96ee7f6,Kelly Woods,1993-09-01,SYN-433-43-6185,127059,593,2025-02-07,508,0,,974855ea-e74b-b4ab-9363-7212e96ee7f6
e8eec03e-b3f7-ea9b-9591-54f18cfeca9d,Robert Lane,1963-07-14,SYN-441-17-8132,25339,765,2026-04-01,90,0,,e8eec03e-b3f7-ea9b-9591-54f18cfeca9d
f2df7e35-1b1a-1fa8-30a7-9d3f87e33e8b,Gregory Rivers,1998-02-20,SYN-982-70-6386,70349,698,2025-02-23,492,0,,f2df7e35-1b1a-1fa8-30a7-9d3f87e33e8b
de49d4ba-0cde-d757-8dae-c679ea1368d7,Alexander Gomez,1989-09-07,SYN-412-47-8556,74735,762,2025-04-19,437,0,,de49d4ba-0cde-d757-8dae-c679ea1368d7
18b76bff-99bc-a2b0-1aa9-bfe646d6f6c6,Thomas Zhang,1988-06-25,SYN-305-68-8576,127882,681,2025-12-13,199,0,,18b76bff-99bc-a2b0-1aa9-bfe646d6f6c6
cc6422af-4dd4-b5b3-0dc3-9c2e342efb09,Anthony Price,1981-11-23,SYN-373-19-3446,24959,798,2025-11-04,238,0,,cc6422af-4dd4-b5b3-0dc3-9c2e342efb09
0fd94655-d364-3ff6-839b-86adfe197283,Carol Torres,1995-10-15,SYN-858-74-5150,51839,678,2025-01-22,524,0,,0fd94655-d364-3ff6-839b-86adfe197283
3fe23744-7b5e-6109-0462-0bcef0eb3edc,Virginia Hall,1983-12-15,SYN-678-25-6531,42731,738,2025-07-04,361,0,,3fe23744-7b5e-6109-0462-0bcef0eb3edc
aca01114-7bae-a337-0400-f21032130821,Eric Clark,1977-09-28,SYN-456-76-1851,41268,636,2025-07-04,361,0,,aca01114-7bae-a337-0400-f21032130821
d9f099b4-3b0e-e86d-e6a5-1b8fc03dfcdd,Tina Little,1978-04-26,SYN-281-51-7358,102813,684,2026-03-01,121,0,,d9f099b4-3b0e-e86d-e6a5-1b8fc03dfcdd
a9c0dfe4-8207-9e2b-10f4-50803966aff3,Vincent Reeves,1980-09-14,SYN-284-31-9887,35750,774,2026-03-21,101,0,,a9c0dfe4-8207-9e2b-10f4-50803966aff3
4e191803-98db-9edc-ce38-6ea3fcdf6e56,Karen Perez,1999-12-04,SYN-578-15-6602,16182,720,2025-12-27,185,0,,4e191803-98db-9edc-ce38-6ea3fcdf6e56
d48418a1-8b9d-d0c8-d07c-4f457773e653,Kelly Brown,1974-06-04,SYN-561-31-7367,24284,635,2026-05-01,60,0,,d48418a1-8b9d-d0c8-d07c-4f457773e653
7f87b609-6222-2a20-09d8-a70b6114b979,Lisa Salazar MD,1992-04-09,SYN-253-11-9329,79731,701,2025-12-25,187,0,,7f87b609-6222-2a20-09d8-a70b6114b979
87f1a337-a68d-ea34-4fda-4deef30e5094,Brett Swanson,1987-01-25,SYN-613-72-2675,59150,676,2026-01-13,168,0,,87f1a337-a68d-ea34-4fda-4deef30e5094
419bb993-de6e-c7b7-c93c-94679768b3f7,Heidi Burnett,1985-11-17,SYN-770-73-7676,98603,699,2025-04-05,451,0,,419bb993-de6e-c7b7-c93c-94679768b3f7
b16afe30-8a76-54f9-95f0-bcefdfebca7e,Matthew Mcbride,1983-05-09,SYN-140-68-4193,15000,764,2025-12-02,210,1,ring_0062,ring_0062
e950b230-269c-19a1-2643-e28a10c8bdf0,Dana Hernandez,1990-11-23,SYN-848-13-1700,41240,738,2025-11-26,216,0,,e950b230-269c-19a1-2643-e28a10c8bdf0
62e14506-7706-de4d-c5b6-ad0064f92c92,Darlene Collins,1980-10-27,SYN-276-77-5461,51169,665,2025-09-30,273,0,,62e14506-7706-de4d-c5b6-ad0064f92c92
935542c4-d71e-8c07-2626-85b7b3f6c96c,Patricia Zamora,1985-11-26,SYN-933-99-8946,71000,665,2025-03-21,466,0,,935542c4-d71e-8c07-2626-85b7b3f6c96c
96fb94ab-eccb-a647-938a-a2146162a5dd,Jasmine Scott,1991-06-25,SYN-948-65-4769,30175,617,2025-02-27,488,0,,96fb94ab-eccb-a647-938a-a2146162a5dd
6c2eea63-720e-3dfa-d99e-0532119e7c0f,Terri Pennington,2000-01-06,SYN-877-54-1481,43830,710,2025-08-04,330,0,,6c2eea63-720e-3dfa-d99e-0532119e7c0f
14921704-c7f0-f7dd-2bc3-47370ceade83,Jose Jordan,1995-08-16,SYN-696-94-8823,31196,666,2025-12-09,203,0,,14921704-c7f0-f7dd-2bc3-47370ceade83
78555791-381a-b146-d8ee-359b06f9d7a0,Kyle Sanchez,2001-03-22,SYN-592-23-7937,32422,582,2025-01-23,523,0,,78555791-381a-b146-d8ee-359b06f9d7a0
bb07cbf2-5495-e1a4-56bd-c79bb2d3678a,Jennifer Foster,1971-01-29,SYN-765-89-9241,39433,616,2025-02-27,488,1,ring_0079,ring_0079
3507d855-0d7b-45bf-e60c-c0b12aba9018,Brandi Brown,1978-10-10,SYN-303-77-4248,42132,637,2026-02-07,143,0,,3507d855-0d7b-45bf-e60c-c0b12aba9018
d1f789e6-1e4d-af7f-987a-cc19aa1a8e10,Tammy Lopez,1976-12-16,SYN-509-30-2616,103767,572,2025-12-08,204,0,,d1f789e6-1e4d-af7f-987a-cc19aa1a8e10
76cd64dd-8ad4-2073-3e9f-22ec69c46c16,Lisa Delgado,1986-08-10,SYN-833-98-2923,63336,713,2025-12-04,208,1,ring_0049,ring_0049
f96d1847-b868-6afe-5d45-6db44015cd25,Rodney Evans,2001-02-13,SYN-617-51-7844,53699,804,2025-01-25,521,0,,f96d1847-b868-6afe-5d45-6db44015cd25
d3044b3f-e608-6f3c-93fa-60a386ff3c8a,Randall Murphy,1979-05-03,SYN-867-38-7527,136676,512,2025-06-02,393,1,ring_0094,ring_0094
402871bd-3fde-66d6-4899-6e6306348e90,Scott Lin,1976-02-26,SYN-865-73-2570,102012,702,2026-04-02,89,0,,402871bd-3fde-66d6-4899-6e6306348e90
ab6f49fa-963c-75af-6561-ba18763b37a4,Tammy Hill,2007-09-15,SYN-988-36-2009,81630,655,2026-04-11,80,0,,ab6f49fa-963c-75af-6561-ba18763b37a4
ce00b941-81a8-026a-4a18-399fa53382a9,Rachel Rogers,1994-05-20,SYN-881-55-8190,17790,793,2025-09-27,276,1,ring_0102,ring_0102
1e4cd25c-da4a-c174-4f56-8960ea6ef994,Mark Miller,1981-02-14,SYN-251-37-8960,107094,814,2026-02-04,146,0,,1e4cd25c-da4a-c174-4f56-8960ea6ef994
3c1238dd-4bf7-b71c-6e30-3017f222d178,Debra Christian,1975-04-22,SYN-658-95-8644,108392,775,2025-12-22,190,0,,3c1238dd-4bf7-b71c-6e30-3017f222d178
6f26927f-f9e3-db49-3f88-ac25e735f6d7,Debra Perry,1988-11-04,SYN-171-36-9319,76239,725,2025-08-19,315,0,,6f26927f-f9e3-db49-3f88-ac25e735f6d7
0be9b40e-d73a-8b10-1c19-4fe37c313917,Michael Mooney,1979-12-24,SYN-973-20-3532,20655,782,2025-09-26,277,0,,0be9b40e-d73a-8b10-1c19-4fe37c313917
dc1cf48e-fe84-3c12-80a5-2d7de789cac3,Mr. John Khan,1961-06-16,SYN-265-27-5735,95564,643,2025-11-08,234,0,,dc1cf48e-fe84-3c12-80a5-2d7de789cac3
250c0e8a-3913-cc55-87d0-4e6924b719fd,Kimberly Ryan,1999-10-30,SYN-362-77-4146,18839,705,2026-02-01,149,0,,250c0e8a-3913-cc55-87d0-4e6924b719fd
ba48c076-773b-1f08-0afa-26fc23ea1dbd,Jesus Becker,1961-05-15,SYN-912-95-4723,77293,682,2025-07-23,342,0,,ba48c076-773b-1f08-0afa-26fc23ea1dbd
6d59c29f-1ac1-30c5-3a6f-ae13c599e94b,Lauren Wright,1973-08-26,SYN-257-75-4911,166668,719,2025-05-25,401,0,,6d59c29f-1ac1-30c5-3a6f-ae13c599e94b
9c59329f-25de-bbec-d996-9422cc51d353,Sara Johnston,1995-10-28,SYN-603-71-6484,188566,607,2025-06-05,390,0,,9c59329f-25de-bbec-d996-9422cc51d353
1399f157-774b-b2d9-ab37-23f66d68b6d6,David Walker,1998-04-09,SYN-410-63-2101,35607,660,2026-01-12,169,1,ring_0028,ring_0028
b9bfd0d1-e6e5-ca48-9e5c-7f0700333c0c,Roberto Smith,1969-11-08,SYN-630-28-7826,43935,769,2025-05-30,396,0,,b9bfd0d1-e6e5-ca48-9e5c-7f0700333c0c
6a7d0a34-4f03-461e-62e8-f138efa71c87,Ronald Carr,1989-01-10,SYN-514-70-7773,28698,624,2026-04-07,84,0,,6a7d0a34-4f03-461e-62e8-f138efa71c87
e88022dd-c6bd-5bf4-37b9-7373ade66d31,Paula Brown,1991-07-12,SYN-627-41-5043,160023,569,2026-03-18,104,0,,e88022dd-c6bd-5bf4-37b9-7373ade66d31
5e5027ca-effa-09b7-ce1f-f943a803158a,Tony Brooks,1984-07-29,SYN-728-48-9188,93652,542,2026-05-06,55,0,,5e5027ca-effa-09b7-ce1f-f943a803158a
3d89bf4b-04bc-3fee-4140-4cf9e4d9fc1f,Tanner James,1980-05-01,SYN-793-39-6819,59522,550,2026-02-14,136,0,,3d89bf4b-04bc-3fee-4140-4cf9e4d9fc1f
6605a40e-f7ce-a163-05be-e2bb93317693,Alexandra Marshall,1985-12-03,SYN-239-48-9019,80207,580,2025-03-25,462,0,,6605a40e-f7ce-a163-05be-e2bb93317693
1c7bdc80-b1ae-ce4a-a451-2a38e1b2e27c,Dana Wolfe,1995-03-25,SYN-375-17-2098,45617,619,2025-12-23,189,0,,1c7bdc80-b1ae-ce4a-a451-2a38e1b2e27c
df47a8de-0313-b325-7fba-8377e4fe0b3e,Susan Matthews,2004-10-18,SYN-411-16-7012,54032,648,2025-12-03,209,0,,df47a8de-0313-b325-7fba-8377e4fe0b3e
8d1b2328-c424-4fca-c601-05c24d2cf549,Dawn Jones,1991-09-21,SYN-734-78-5223,42437,774,2025-03-03,484,0,,8d1b2328-c424-4fca-c601-05c24d2cf549
bb35cd4f-a621-f0c6-ef05-32045ae8a318,Priscilla Romero,2001-04-23,SYN-281-42-5621,89313,558,2025-03-01,486,0,,bb35cd4f-a621-f0c6-ef05-32045ae8a318
f7d6d06c-2544-ac33-7a7b-8da34e19ee0f,Rebecca Estrada,1990-10-06,SYN-395-52-1743,28342,676,2026-04-20,71,0,,f7d6d06c-2544-ac33-7a7b-8da34e19ee0f
7a048e87-31f2-1792-23b1-2bb17e1079a5,Brendan Walton,1968-10-10,SYN-509-51-3388,99475,736,2025-05-20,406,0,,7a048e87-31f2-1792-23b1-2bb17e1079a5
43ec4f83-a034-d55e-d7ed-5b92a3871e11,Richard Flynn,2007-09-12,SYN-357-91-4452,36161,612,2026-02-01,149,0,,43ec4f83-a034-d55e-d7ed-5b92a3871e11
abe03ac6-8b87-5a73-88df-a4ff966d5649,Victoria Larson,1984-05-01,SYN-123-48-4609,29347,663,2026-01-18,163,0,,abe03ac6-8b87-5a73-88df-a4ff966d5649
b73abc02-c30b-7bbb-a365-2af8ef9d8f42,Michael Gonzalez,1975-02-06,SYN-130-27-9046,51972,671,2025-09-19,284,0,,b73abc02-c30b-7bbb-a365-2af8ef9d8f42
a781f044-d4a4-c958-8272-a29dd298b556,Terry Rivera,2000-08-03,SYN-945-13-4795,20326,679,2026-03-15,107,0,,a781f044-d4a4-c958-8272-a29dd298b556
ab150861-ba64-0b6c-80fd-7b91c321e194,John Yang,1990-03-27,SYN-950-58-8538,45180,655,2025-12-05,207,0,,ab150861-ba64-0b6c-80fd-7b91c321e194
3f33b726-416a-d82b-14ca-cabc201f965b,Larry Lane,1984-09-30,SYN-307-69-3561,59659,566,2025-03-28,459,0,,3f33b726-416a-d82b-14ca-cabc201f965b
c72ee791-1fc9-11b3-7429-96dddb9177dc,Garrett Lin,1989-09-21,SYN-102-28-4879,29135,653,2026-06-03,27,0,,c72ee791-1fc9-11b3-7429-96dddb9177dc
19fa290c-be16-ef50-27ac-c1bb50f148de,Sara Goodman,1970-12-28,SYN-513-88-8203,22717,632,2026-02-03,147,0,,19fa290c-be16-ef50-27ac-c1bb50f148de
bb997e22-d9cf-2fce-4da7-17df40e6529e,Michael Price,1981-02-10,SYN-221-46-2522,120868,714,2026-03-25,97,0,,bb997e22-d9cf-2fce-4da7-17df40e6529e
5221f9fc-3b79-4c50-3c2c-aa3f5eb89fcd,Meghan Rush,1995-06-17,SYN-850-56-3002,25627,818,2025-03-24,463,0,,5221f9fc-3b79-4c50-3c2c-aa3f5eb89fcd
677196d1-8102-d179-c915-4245455a303e,Randy Friedman,2004-09-07,SYN-762-58-6974,112581,544,2025-03-29,458,0,,677196d1-8102-d179-c915-4245455a303e
49f1619c-9c00-a061-7e0b-28a1155cfd63,Stephanie Hoffman,1961-10-07,SYN-898-53-1155,41251,635,2025-10-21,252,0,,49f1619c-9c00-a061-7e0b-28a1155cfd63
fd8eb906-7aba-eba0-3d47-1a5bd90a8589,Beth Andrade,1980-12-24,SYN-134-84-3128,22875,635,2026-01-03,178,1,ring_0136,ring_0136
aef77121-fa2c-35dc-9326-0e308e178762,Victor Morris,1970-10-11,SYN-776-63-8002,41937,632,2025-01-05,541,0,,aef77121-fa2c-35dc-9326-0e308e178762
7888f179-fce7-31dc-e768-6af6cde760a5,Elizabeth Hunter,1995-10-04,SYN-829-74-6259,70989,590,2025-11-07,235,0,,7888f179-fce7-31dc-e768-6af6cde760a5
d56267cb-03a1-8dcb-27ed-9e7e13b6696c,Juan Davis,1966-04-02,SYN-701-88-4707,52061,616,2025-07-07,358,0,,d56267cb-03a1-8dcb-27ed-9e7e13b6696c
bb0b8d5c-49bc-a1d9-c81e-51e9a22c5a3e,Miss Leslie Booker,1993-10-03,SYN-609-87-1608,66251,705,2026-01-06,175,0,,bb0b8d5c-49bc-a1d9-c81e-51e9a22c5a3e
9f36c30a-68f2-49a2-2a16-f8efbf661b65,Gerald Allen,1979-10-27,SYN-606-78-3610,64131,850,2025-09-13,290,0,,9f36c30a-68f2-49a2-2a16-f8efbf661b65
cc76c3cc-d610-28ba-7e64-43507268827b,Bethany Garcia,1970-06-06,SYN-373-38-5160,87814,666,2026-04-04,87,0,,cc76c3cc-d610-28ba-7e64-43507268827b
f89f7ea0-b835-aeef-fbb9-dd3c5dc943cd,Alexander Lopez,1980-06-04,SYN-808-80-6442,36515,596,2026-05-31,30,1,ring_0105,ring_0105
30faa7b9-274a-16a4-c027-d101b9d3a264,Daniel White,1972-11-19,SYN-779-43-9327,55363,798,2025-01-28,518,0,,30faa7b9-274a-16a4-c027-d101b9d3a264
37ea4d8c-e4fa-adb2-3e2f-0864d4d62a13,Erin Williams,1986-12-20,SYN-138-40-3124,75995,669,2025-04-25,431,0,,37ea4d8c-e4fa-adb2-3e2f-0864d4d62a13
3e22d8d3-a349-0317-3d64-c9c344cbc1d6,Nicole Parker,1989-08-13,SYN-768-67-8079,43402,758,2025-12-24,188,0,,3e22d8d3-a349-0317-3d64-c9c344cbc1d6
ba0b4265-8893-4cfd-a062-ca69ca498547,Carl Harper,1988-08-31,SYN-387-35-8379,127023,698,2026-06-23,7,0,,ba0b4265-8893-4cfd-a062-ca69ca498547
dc5348e5-f78b-3d6a-36dd-4fdac3823186,Shirley Suarez,1956-03-12,SYN-912-36-7386,114628,607,2026-01-18,163,0,,dc5348e5-f78b-3d6a-36dd-4fdac3823186
38898032-fa61-132f-2197-6094d048881c,Mr. Kyle Thomas DDS,1995-07-02,SYN-155-16-5824,54361,616,2026-03-02,120,0,,38898032-fa61-132f-2197-6094d048881c
4b8672b6-e269-ca44-8bbb-644818ab7c8a,Stephanie Garcia,1979-10-19,SYN-200-85-5400,39719,511,2026-04-10,81,0,,4b8672b6-e269-ca44-8bbb-644818ab7c8a
0b8b4cc4-5788-f5e2-652d-4614e6332432,Richard Burke,1990-06-15,SYN-934-26-5670,43649,772,2025-10-29,244,0,,0b8b4cc4-5788-f5e2-652d-4614e6332432
b2d9b069-0182-0933-0495-94e84a77cc29,Andrea Taylor,1997-01-04,SYN-868-73-6915,41867,776,2025-01-11,535,0,,b2d9b069-0182-0933-0495-94e84a77cc29
2304328b-7881-5c5f-4a07-e4ee5ad8ce03,Anne Medina,1972-06-02,SYN-656-32-4746,37588,827,2025-02-24,491,0,,2304328b-7881-5c5f-4a07-e4ee5ad8ce03
501ede5c-564b-7fb6-8441-5905cd382580,Alicia Roth,1992-09-18,SYN-471-87-6713,62305,576,2026-04-08,83,0,,501ede5c-564b-7fb6-8441-5905cd382580
ead0dae1-5abd-cce5-023e-15e6bfb69f03,Mary Johnson DDS,1983-11-07,SYN-895-98-7435,60206,518,2026-05-02,59,0,,ead0dae1-5abd-cce5-023e-15e6bfb69f03
ccab715e-6701-0fb2-b1b9-677deae96dac,Edward Guzman,1978-04-07,SYN-148-29-1399,75023,654,2026-04-04,87,0,,ccab715e-6701-0fb2-b1b9-677deae96dac
e5a859c1-38a5-bded-f836-260da0eac5de,Jessica Barnett,2005-04-23,SYN-222-69-2493,60861,642,2026-03-17,105,0,,e5a859c1-38a5-bded-f836-260da0eac5de
7e080f1e-6a99-8603-a4e7-d317be32418c,Sheila Greer,2003-03-31,SYN-124-57-7653,73304,671,2026-04-11,80,0,,7e080f1e-6a99-8603-a4e7-d317be32418c
44d9aa65-602d-f562-5b5b-206218e63c83,William Bowen,1988-09-21,SYN-914-54-6230,18604,575,2025-05-05,421,1,ring_0102,ring_0102
c524dfe0-3bcc-1b64-704c-f88f9bae8b20,Jennifer Cochran,1987-03-13,SYN-627-91-1389,40389,600,2026-04-26,65,0,,c524dfe0-3bcc-1b64-704c-f88f9bae8b20
e66cfdff-d825-f567-dcb9-ea1c2062ad20,Brian Bright,1982-07-10,SYN-353-72-7102,49394,674,2026-03-09,113,0,,e66cfdff-d825-f567-dcb9-ea1c2062ad20
0c3dcbb3-952f-07bf-b121-17af6b99290f,Joseph Ortega,1990-10-24,SYN-778-82-6944,250000,774,2025-12-24,188,0,,0c3dcbb3-952f-07bf-b121-17af6b99290f
d7f0e335-4622-e2d9-9f56-a9e68eb4bfa4,Teresa Cohen,2002-09-22,SYN-824-61-5716,94300,716,2026-05-26,35,0,,d7f0e335-4622-e2d9-9f56-a9e68eb4bfa4
cadf6459-b023-bcdf-7ce2-b78a36314287,Crystal Wallace,1995-01-01,SYN-694-22-2274,166450,631,2026-06-14,16,0,,cadf6459-b023-bcdf-7ce2-b78a36314287
21681e49-c37d-f055-bcd3-380d442b1782,Christine Parker,1979-07-28,SYN-825-24-6733,105434,745,2025-07-24,341,0,,21681e49-c37d-f055-bcd3-380d442b1782
1262fa51-bc68-8dd2-3a1e-2d1b433947da,Matthew Kline,1991-12-14,SYN-784-85-9006,99059,777,2025-06-05,390,1,ring_0212,ring_0212
2f95b96e-05a3-bfc1-b538-89b88a49a58e,Danielle Thornton,1971-06-12,SYN-225-28-5069,64103,710,2025-01-07,539,0,,2f95b96e-05a3-bfc1-b538-89b88a49a58e
13dae292-4deb-da80-6496-a683875d9451,Dennis Garcia,2003-09-04,SYN-799-10-2538,24133,628,2026-03-05,117,0,,13dae292-4deb-da80-6496-a683875d9451
86592017-60e5-a428-bcb8-920b22e0a883,Bonnie Wade,1987-12-13,SYN-148-66-6741,27996,720,2025-10-05,268,0,,86592017-60e5-a428-bcb8-920b22e0a883
fac5e346-5630-acfe-6c91-5719e0e27c7c,Allen Rosales,1972-08-11,SYN-479-97-1601,51746,649,2025-10-11,262,0,,fac5e346-5630-acfe-6c91-5719e0e27c7c
e504d2ac-d0b4-fba4-0e15-af3742d1f76f,Jessica Richardson,1995-09-10,SYN-999-35-6929,105402,595,2026-06-06,24,0,,e504d2ac-d0b4-fba4-0e15-af3742d1f76f
20a4997c-44cd-3097-6db5-ef22ea365955,Reginald Morrow,1978-08-11,SYN-481-11-1250,27100,612,2025-06-18,377,0,,20a4997c-44cd-3097-6db5-ef22ea365955
e667e348-a7ef-1152-630c-4e4ef9f31254,Richard Riley,1971-11-03,SYN-610-74-3042,24591,715,2026-01-15,166,0,,e667e348-a7ef-1152-630c-4e4ef9f31254
9f0e3cc4-7a51-b420-21ac-725ccc741b32,John Kennedy,1984-05-05,SYN-841-17-6943,44292,706,2026-01-11,170,0,,9f0e3cc4-7a51-b420-21ac-725ccc741b32
f3f2993e-3fac-57b5-98c1-f184b908be4a,Edwin Nunez,1997-12-17,SYN-617-71-3893,144599,637,2025-10-17,256,0,,f3f2993e-3fac-57b5-98c1-f184b908be4a
49d3bbfc-6804-df73-7e36-416c40619361,Daniel Grant,1993-12-06,SYN-626-60-1534,31813,750,2026-04-23,68,1,ring_0063,ring_0063
9e32fb86-c79d-03b2-b22f-3ec88588bacb,Crystal Pierce,1986-12-16,SYN-387-13-8344,26769,662,2026-05-18,43,0,,9e32fb86-c79d-03b2-b22f-3ec88588bacb
2caa9f40-c265-374d-6a1e-70e03bf8cdc5,Larry Dixon,1974-08-18,SYN-652-98-4193,47976,672,2025-05-08,418,0,,2caa9f40-c265-374d-6a1e-70e03bf8cdc5
091c9457-fc6d-fa6f-b0de-6d765eeb10d2,Stephanie Marshall,1986-05-01,SYN-843-36-1535,60984,800,2025-07-12,353,0,,091c9457-fc6d-fa6f-b0de-6d765eeb10d2
d6e5aac0-7baa-aa09-fad1-290b42217f0d,Michael Clay,2002-05-10,SYN-626-16-8204,48359,610,2025-09-06,297,0,,d6e5aac0-7baa-aa09-fad1-290b42217f0d
7e9f913c-9a2c-6ffc-5183-4451c6a18297,Michelle King,1985-09-23,SYN-359-50-9034,181939,624,2026-01-20,161,0,,7e9f913c-9a2c-6ffc-5183-4451c6a18297
8547178a-d3cc-c227-13ec-673e79c89d11,Alejandro Sanders,1964-03-08,SYN-431-35-3000,51727,660,2026-04-02,89,1,ring_0046,ring_0046
fe6e9c36-112a-4aea-3e35-9fe8054828be,Cheryl Atkins,1981-05-26,SYN-714-13-3566,71969,751,2025-02-12,503,0,,fe6e9c36-112a-4aea-3e35-9fe8054828be
efb3b1e5-0c13-a8b4-3927-e93fa66da8ab,Timothy White,1996-08-20,SYN-537-92-7979,68425,743,2025-03-19,468,0,,efb3b1e5-0c13-a8b4-3927-e93fa66da8ab
323437f3-9cd0-3717-8792-97ad088676fc,Rebecca Jackson,1978-09-07,SYN-989-50-3606,23344,696,2025-12-02,210,0,,323437f3-9cd0-3717-8792-97ad088676fc
787e33af-cbfb-b54d-3b9e-6c1538479f4f,Vicki Horton,1982-01-21,SYN-217-46-5174,48050,715,2026-05-04,57,0,,787e33af-cbfb-b54d-3b9e-6c1538479f4f
311f6379-1660-a6f2-7ef5-2f47e4aae917,Connor West,1997-03-18,SYN-807-64-4607,169793,684,2026-05-14,47,0,,311f6379-1660-a6f2-7ef5-2f47e4aae917
2f2ee10f-e469-390d-e66d-c970792ac9ba,Deborah Atkins,1994-08-09,SYN-624-67-9758,113341,637,2026-05-22,39,1,ring_0040,ring_0040
17a24579-1503-7787-91ee-fd6dc85b6913,Nicole Mitchell,1971-12-31,SYN-600-93-9143,19957,693,2025-11-04,238,1,ring_0190,ring_0190
4b6dec36-46f8-f8aa-7421-37bdc4caba78,Kevin Marshall,1976-12-09,SYN-825-73-3505,41236,596,2025-01-26,520,0,,4b6dec36-46f8-f8aa-7421-37bdc4caba78
23490c6e-1a6c-7a8e-0d4a-12110cfebb0e,Manuel Brock,1998-12-18,SYN-486-36-7381,41645,713,2026-05-05,56,0,,23490c6e-1a6c-7a8e-0d4a-12110cfebb0e
e498a371-d8b0-044b-1509-3af206a8f6af,Brandon Acosta,1970-08-02,SYN-351-37-3687,72689,790,2025-06-21,374,0,,e498a371-d8b0-044b-1509-3af206a8f6af
41f15702-141d-3a0d-6652-01fb7552a997,Deborah Patel,1987-03-11,SYN-106-61-3038,46184,700,2026-01-22,159,0,,41f15702-141d-3a0d-6652-01fb7552a997
83d24083-8668-a913-db75-c646568dcc4f,Michael Gutierrez,1995-08-03,SYN-255-24-5609,28681,678,2025-04-22,434,0,,83d24083-8668-a913-db75-c646568dcc4f
72da7c33-200f-e86f-022c-13d06d1eecbc,Garrett Riley,1996-03-16,SYN-152-23-8128,45925,641,2026-05-18,43,0,,72da7c33-200f-e86f-022c-13d06d1eecbc
50666a4f-6701-a1ab-b926-3cbb885e4e9b,Jonathan Swanson,1986-06-25,SYN-960-38-5268,82744,652,2025-12-09,203,0,,50666a4f-6701-a1ab-b926-3cbb885e4e9b
01553e39-b534-ec6c-2d0e-ea4dc431f6c1,Michael Stewart,1983-09-14,SYN-507-95-6447,95127,729,2025-08-21,313,0,,01553e39-b534-ec6c-2d0e-ea4dc431f6c1
bc077e1f-2cfb-5ee1-d6e9-dd984682b4ed,David Sanchez,2006-02-16,SYN-875-59-8288,91107,705,2025-06-25,370,0,,bc077e1f-2cfb-5ee1-d6e9-dd984682b4ed
05f025f6-ef36-3575-2867-15718b32c556,Carol Christensen,1977-05-10,SYN-439-36-1510,51654,547,2025-05-17,409,0,,05f025f6-ef36-3575-2867-15718b32c556
e8ace5fb-4b0e-3285-72c0-87070ae9d8a5,Joshua Warner,1971-10-24,SYN-330-35-6190,121783,676,2026-06-10,20,1,ring_0184,ring_0184
d94f12ff-5954-9bed-10c9-a1d1a18a2d09,Brandi Cunningham,1989-06-21,SYN-830-75-7642,119225,745,2025-10-16,257,0,,d94f12ff-5954-9bed-10c9-a1d1a18a2d09
a4eccde6-cb12-cc28-f849-9899df918799,Gerald Hunt,2004-06-04,SYN-425-60-6516,23819,587,2025-01-25,521,0,,a4eccde6-cb12-cc28-f849-9899df918799
dafeaec9-112b-e48a-e6cd-da3c19d47fc0,Lance Simmons,1979-03-31,SYN-369-63-1426,21888,782,2025-01-22,524,0,,dafeaec9-112b-e48a-e6cd-da3c19d47fc0
0e7c44c7-5d80-a2cc-b6bb-e3dae32a3ef6,Mark Cox,2004-12-12,SYN-738-19-7812,46864,773,2026-04-10,81,0,,0e7c44c7-5d80-a2cc-b6bb-e3dae32a3ef6
0498b109-f4da-e47e-23f1-341ab7a94b58,Ryan Landry,1998-12-15,SYN-491-19-4857,47145,755,2025-11-29,213,0,,0498b109-f4da-e47e-23f1-341ab7a94b58
a39f34d3-4f25-ea0b-4dda-778d4574b947,David Walker,1986-08-12,SYN-176-86-2328,76602,711,2025-05-14,412,0,,a39f34d3-4f25-ea0b-4dda-778d4574b947
dd5ea448-78de-2a3c-15e1-6a00fec22b79,Tammy Mcdowell,1985-11-06,SYN-238-77-8754,29948,709,2025-09-10,293,0,,dd5ea448-78de-2a3c-15e1-6a00fec22b79
a2ad5f0f-cb3e-12cc-28e2-f79362c24f73,Dorothy Brown,1978-09-07,SYN-142-71-5227,69371,654,2025-03-19,468,0,,a2ad5f0f-cb3e-12cc-28e2-f79362c24f73
11683a10-178c-17bb-a51e-44904910d0b2,James Patterson,1980-07-07,SYN-705-15-8201,143605,740,2025-05-22,404,0,,11683a10-178c-17bb-a51e-44904910d0b2
3709fa79-4e01-c3e6-9455-ca4c5ac4d3db,Nicole Hawkins,1974-09-06,SYN-539-48-9319,85019,785,2025-06-16,379,0,,3709fa79-4e01-c3e6-9455-ca4c5ac4d3db
a651e11f-5b7d-1442-de2d-99e5f6924a06,Scott Hamilton,1989-06-24,SYN-966-62-5791,101348,649,2026-06-25,5,1,ring_0134,ring_0134
164c9322-3b55-bc8e-d2e5-0cf565c371ad,Lisa Bryant,2002-11-07,SYN-194-93-5917,109968,592,2026-02-09,141,0,,164c9322-3b55-bc8e-d2e5-0cf565c371ad
d0494ff6-8ade-e464-4a5c-baea010d1e11,John Valenzuela,1984-11-21,SYN-273-47-4078,78688,672,2025-04-06,450,0,,d0494ff6-8ade-e464-4a5c-baea010d1e11
a3472006-b36c-0d6d-c466-02357d4ef53b,Ashley Thomas,2000-04-08,SYN-372-23-7681,80712,611,2026-03-18,104,0,,a3472006-b36c-0d6d-c466-02357d4ef53b
e4d1cec0-694a-bd7d-c15f-e77bb52d53c4,Tony Moore,1978-05-11,SYN-614-48-5596,29935,688,2025-04-01,455,0,,e4d1cec0-694a-bd7d-c15f-e77bb52d53c4
e6a87da3-ad67-5102-30e5-d8bfe8520fbb,Tammy Taylor,1993-07-19,SYN-336-46-7788,45888,767,2025-04-06,450,0,,e6a87da3-ad67-5102-30e5-d8bfe8520fbb
868a956e-79e8-0329-b47b-2c71a756febf,Dylan Foster,1981-12-07,SYN-279-99-7361,25418,759,2026-01-14,167,0,,868a956e-79e8-0329-b47b-2c71a756febf
a8fcf006-f6aa-5c1f-f1c4-0e4c871bc3c7,Jeremy Nicholson,1964-12-17,SYN-772-90-3123,46926,591,2026-05-18,43,0,,a8fcf006-f6aa-5c1f-f1c4-0e4c871bc3c7
503e14c3-af59-caab-c11d-df5efea89ff5,Samuel Keller,2000-03-27,SYN-369-29-6231,66411,624,2025-12-06,206,0,,503e14c3-af59-caab-c11d-df5efea89ff5
a87b8a2c-f0e7-7b5b-824e-e78f0f8d89fe,David Watson,1958-06-26,SYN-967-64-9216,112959,738,2026-04-20,71,1,ring_0148,ring_0148
bbfc01ab-a99b-b21f-b6e7-a048640b1662,Austin Walker,1986-10-02,SYN-195-54-5352,56518,722,2025-06-14,381,0,,bbfc01ab-a99b-b21f-b6e7-a048640b1662
9e278326-da44-7989-7810-9d971963bfc4,Brett Martin,1987-03-06,SYN-388-75-5922,56512,628,2025-01-09,537,0,,9e278326-da44-7989-7810-9d971963bfc4
383d6c09-6192-400d-19ef-57375b052bae,Carol Gray,2004-02-10,SYN-813-71-8284,99162,617,2025-03-04,483,0,,383d6c09-6192-400d-19ef-57375b052bae
e43a9a4a-c88f-363f-de5c-497138246c7a,Elizabeth Brock,1971-11-07,SYN-440-27-1887,23952,627,2025-04-01,455,0,,e43a9a4a-c88f-363f-de5c-497138246c7a
e6a817bc-0539-cca1-87a9-1d24828df496,Michael Robertson,1990-06-25,SYN-466-99-9454,27036,644,2026-03-01,121,0,,e6a817bc-0539-cca1-87a9-1d24828df496
9fb175e8-a784-4fce-0919-993a8ff67bdf,Victor Leonard,1984-09-21,SYN-312-62-2877,85238,653,2026-04-23,68,0,,9fb175e8-a784-4fce-0919-993a8ff67bdf
833f41b5-df41-94be-feac-a4e4d37104d9,Barbara Sanchez,1986-09-08,SYN-290-99-1394,109761,635,2025-07-21,344,1,ring_0035,ring_0035
bc18358a-6170-8aae-a9fd-92e509c94dd0,Luis Murphy,1984-07-19,SYN-812-75-2382,53693,670,2026-05-26,35,0,,bc18358a-6170-8aae-a9fd-92e509c94dd0
90d67d51-7456-c135-43ce-290d6888655e,David Wright,1999-11-04,SYN-391-80-7130,100866,722,2025-06-24,371,0,,90d67d51-7456-c135-43ce-290d6888655e
bbd6937f-35d8-ae14-7fe9-50119d1f1d46,William Mclaughlin,1976-12-11,SYN-468-43-8618,60087,722,2025-03-21,466,0,,bbd6937f-35d8-ae14-7fe9-50119d1f1d46
307c1454-a541-8b19-f0ba-36790010fc21,Daniel Meyer,1995-02-22,SYN-563-90-6876,62734,714,2025-09-27,276,0,,307c1454-a541-8b19-f0ba-36790010fc21
9039fcf5-779d-064a-6946-2f5282d918cd,Alexander Stein,1984-03-06,SYN-742-77-7374,40489,585,2025-01-27,519,0,,9039fcf5-779d-064a-6946-2f5282d918cd
c093ac85-8ee1-a0ca-d4d7-af537b67698b,John Kim,1997-12-17,SYN-920-12-4381,25069,727,2026-06-04,26,0,,c093ac85-8ee1-a0ca-d4d7-af537b67698b
f11ce2f7-44df-7b41-54cb-07189089ec5c,Michael Parker,1977-10-02,SYN-665-32-1383,22812,593,2026-02-18,132,0,,f11ce2f7-44df-7b41-54cb-07189089ec5c
8f9e6db2-3aab-2f9e-929e-15553cfb0955,Dr. Jose Garcia,1984-12-20,SYN-492-24-7621,45854,743,2026-04-16,75,0,,8f9e6db2-3aab-2f9e-929e-15553cfb0955
f349fa82-96cd-6050-1090-c809dc5544ba,Jonathan Torres,1993-10-10,SYN-726-64-4969,84967,674,2025-02-06,509,0,,f349fa82-96cd-6050-1090-c809dc5544ba
61c744eb-b506-e3c5-ebfb-eb32c87e6d0a,Brian Porter MD,1979-04-12,SYN-141-71-6298,108073,682,2025-06-28,367,0,,61c744eb-b506-e3c5-ebfb-eb32c87e6d0a
e2a97982-fe6b-a538-699b-0744e0aa9d91,Lauren Walker,1987-10-21,SYN-576-27-9000,61719,707,2025-03-27,460,0,,e2a97982-fe6b-a538-699b-0744e0aa9d91
4c8ff664-df36-5754-4fea-3ec53c6e6564,David Johnson,2007-12-31,SYN-926-27-8512,104727,694,2025-06-10,385,0,,4c8ff664-df36-5754-4fea-3ec53c6e6564
cd4368eb-07d4-2223-185b-91e4aaf58455,Mary Church,1974-11-29,SYN-687-54-8678,36018,699,2025-11-18,224,0,,cd4368eb-07d4-2223-185b-91e4aaf58455
e1dc3a55-1109-0c6b-e454-c1ee2721565b,Scott Thomas,1987-02-05,SYN-773-10-9179,25710,712,2026-01-24,157,0,,e1dc3a55-1109-0c6b-e454-c1ee2721565b
f55b4afd-ab15-c38c-e843-aeb5ea430839,Oscar Haley,1972-03-15,SYN-966-98-1192,26311,850,2026-04-21,70,1,ring_0083,ring_0083
1beaf56c-439c-c32d-3979-a0ea3d1445b4,Sylvia Dalton,1994-07-08,SYN-221-54-8150,42264,569,2026-02-07,143,0,,1beaf56c-439c-c32d-3979-a0ea3d1445b4
0d092256-591c-b5e8-77c8-2e6509b84751,Anthony French,1982-12-02,SYN-764-88-7768,186001,744,2026-04-22,69,0,,0d092256-591c-b5e8-77c8-2e6509b84751
5732828e-032e-efb6-981c-c72ec562683a,David Robertson,2004-08-21,SYN-474-17-7324,28921,703,2025-11-02,240,0,,5732828e-032e-efb6-981c-c72ec562683a
912bc560-4f5b-4c9d-ff8a-a3f9f0281a8d,Rebecca Barrett,1996-04-23,SYN-928-61-4656,72517,628,2026-04-26,65,0,,912bc560-4f5b-4c9d-ff8a-a3f9f0281a8d
1b196ee1-0fa7-f6e0-c1a6-06fd0ee6805f,Alex Hernandez,1977-06-21,SYN-343-70-2445,62177,587,2025-01-03,543,0,,1b196ee1-0fa7-f6e0-c1a6-06fd0ee6805f
6eb33f28-3d47-0517-ee17-d11eb2a4beb3,Paul Young,2001-07-04,SYN-435-33-8934,67538,695,2026-06-13,17,0,,6eb33f28-3d47-0517-ee17-d11eb2a4beb3
8004517f-c59c-6cf1-5b53-855de5562464,Nathaniel Rodriguez,1972-11-24,SYN-673-46-7984,120097,732,2026-02-07,143,0,,8004517f-c59c-6cf1-5b53-855de5562464
acc916d7-e43d-3144-cf34-091a9c1dfc7a,Michael Bennett,2000-01-27,SYN-675-14-4134,19895,696,2025-03-04,483,0,,acc916d7-e43d-3144-cf34-091a9c1dfc7a
276ca074-9de3-dc09-1ad1-ee4c478105f6,Mark Boyle,1980-07-18,SYN-418-35-2696,107568,626,2025-05-23,403,0,,276ca074-9de3-dc09-1ad1-ee4c478105f6
57f65c7d-cd43-4453-63c4-58faa0eaed3d,Michael Evans,1993-02-08,SYN-684-17-2997,84705,696,2026-06-10,20,0,,57f65c7d-cd43-4453-63c4-58faa0eaed3d
92ebbc6c-c980-9bc8-1173-f06cdf0da039,Tamara Riddle,1981-07-15,SYN-632-42-9749,56894,634,2025-08-04,330,0,,92ebbc6c-c980-9bc8-1173-f06cdf0da039
a9da3890-2248-7636-a4b3-b70098fe9ce8,Wesley Reyes,1987-09-24,SYN-427-25-8319,63257,668,2025-10-25,248,0,,a9da3890-2248-7636-a4b3-b70098fe9ce8
a9de0e62-68be-0786-98ec-1fd6a1390b48,John Rodriguez,1958-03-07,SYN-703-21-2853,33685,628,2026-05-05,56,0,,a9de0e62-68be-0786-98ec-1fd6a1390b48
94207c22-ba50-a74a-84cb-cf5382b3566d,James Dudley,1982-01-08,SYN-411-40-5599,44371,607,2025-11-02,240,0,,94207c22-ba50-a74a-84cb-cf5382b3566d
7e2ac3ab-9411-dbbb-d906-3accc540f4bb,Amber Crawford,2003-12-18,SYN-186-48-7075,52233,637,2025-01-06,540,0,,7e2ac3ab-9411-dbbb-d906-3accc540f4bb
150ec50c-766e-aea4-edae-3e0ca6398e82,Dillon Nelson,1974-06-24,SYN-677-72-9999,35293,647,2026-04-26,65,0,,150ec50c-766e-aea4-edae-3e0ca6398e82
308d7b60-b004-ddd7-8486-b9a9f4b4189b,Charles Castaneda,1997-10-30,SYN-833-13-7500,28014,623,2026-02-07,143,0,,308d7b60-b004-ddd7-8486-b9a9f4b4189b
1f07d7a0-af00-0cc2-532c-3862474a5ed5,Mark Moss,1974-11-09,SYN-559-43-4340,37770,706,2025-12-03,209,0,,1f07d7a0-af00-0cc2-532c-3862474a5ed5
eba5ff25-50e6-61b3-b28c-9df094648839,Kimberly Lutz,2005-03-29,SYN-954-50-6950,20055,663,2026-06-03,27,0,,eba5ff25-50e6-61b3-b28c-9df094648839
8d8fb1e1-5740-0fe5-2317-2613a7fa4149,Denise Combs,1979-01-27,SYN-527-97-8329,52349,733,2025-02-11,504,0,,8d8fb1e1-5740-0fe5-2317-2613a7fa4149
2f6405a7-b412-46d0-4498-9f230a1ecabc,Laura Daniel,1991-04-04,SYN-382-83-2755,31774,696,2025-12-23,189,0,,2f6405a7-b412-46d0-4498-9f230a1ecabc
ae5806ba-2dc4-2583-9080-8da5dbb3af20,Matthew Moore,1994-04-09,SYN-260-36-5453,72264,652,2025-05-30,396,0,,ae5806ba-2dc4-2583-9080-8da5dbb3af20
fa36cc70-d08b-03ba-9a4d-f88014634839,Mary Alvarez,2008-06-27,SYN-837-51-5065,111368,767,2025-08-26,308,0,,fa36cc70-d08b-03ba-9a4d-f88014634839
f149348d-1bf8-e948-9fe4-b1945811cbd2,Ashley Sullivan,1979-03-03,SYN-642-75-1613,71988,670,2025-04-20,436,0,,f149348d-1bf8-e948-9fe4-b1945811cbd2
e6af3894-78ed-d818-1080-17ff268303cf,Sharon Wilson,1986-07-22,SYN-960-47-3082,26468,666,2026-02-06,144,0,,e6af3894-78ed-d818-1080-17ff268303cf
fd6953e9-3c1d-9f93-0774-00e9b1deb80a,Anthony Morse,1968-12-21,SYN-504-35-8171,29206,749,2026-03-26,96,0,,fd6953e9-3c1d-9f93-0774-00e9b1deb80a
89c620f9-bfa1-b541-829a-6e6deb9697af,Mr. Phillip Edwards,1974-04-04,SYN-864-65-4589,34882,586,2026-01-08,173,0,,89c620f9-bfa1-b541-829a-6e6deb9697af
5a1e305b-4c21-256d-dde3-7a9e2f283182,Robert Berg,1982-12-20,SYN-597-96-3223,61038,839,2026-01-11,170,0,,5a1e305b-4c21-256d-dde3-7a9e2f283182
d945a27e-c185-95e3-c581-1702753ad5df,Justin Anderson,1989-02-07,SYN-596-93-5806,23305,804,2025-08-04,330,0,,d945a27e-c185-95e3-c581-1702753ad5df
9c4e3064-1983-7f90-3c40-d8dda34d03c1,Alexander Acevedo,1981-08-09,SYN-619-16-9262,70986,638,2026-01-28,153,1,ring_0182,ring_0182
f66a201c-f124-a538-313a-db27f0e33d13,Susan Trujillo,1985-05-12,SYN-511-44-2619,29508,647,2025-05-29,397,0,,f66a201c-f124-a538-313a-db27f0e33d13
810f1d96-a593-f2d9-10d8-20402e7f2ffa,Kevin Smith,1981-07-24,SYN-326-68-8508,16028,669,2025-03-21,466,0,,810f1d96-a593-f2d9-10d8-20402e7f2ffa
81c2efd2-f7d3-975d-ff9e-367ccc43211a,Rachel Gibson,1990-03-03,SYN-196-40-5328,61978,716,2025-07-10,355,0,,81c2efd2-f7d3-975d-ff9e-367ccc43211a
3383a369-53b0-e597-20ec-b42ced6cb21f,Ryan Caldwell,1958-06-27,SYN-762-81-2308,20539,632,2025-08-13,321,0,,3383a369-53b0-e597-20ec-b42ced6cb21f
fabb2eaa-96e2-1c43-c49b-70b784e6b48a,Terry Woods,1954-03-22,SYN-120-74-1136,56192,783,2025-12-29,183,0,,fabb2eaa-96e2-1c43-c49b-70b784e6b48a
98de045a-891e-9201-680d-624bd7c64f5d,Kathryn Morgan,1984-03-03,SYN-769-35-5956,33433,546,2025-10-17,256,0,,98de045a-891e-9201-680d-624bd7c64f5d
037148f9-1bff-3c34-d748-69a62f8afee1,Jacob Hoover,1985-01-10,SYN-819-67-1366,44080,798,2026-05-01,60,0,,037148f9-1bff-3c34-d748-69a62f8afee1
cf7d2b25-ede1-3537-5037-b02dc865ff56,Nicholas Abbott,1987-10-12,SYN-230-37-3505,41005,657,2025-01-01,545,0,,cf7d2b25-ede1-3537-5037-b02dc865ff56
bb9ecd25-7ffc-85a1-6fee-a8fa3194ca35,Adam Holland,1990-05-08,SYN-845-48-8079,21213,766,2025-08-18,316,0,,bb9ecd25-7ffc-85a1-6fee-a8fa3194ca35
fb62d7a5-34f9-2ea7-d019-dc8f06a438ac,Victoria Juarez,1997-06-25,SYN-401-61-9125,41029,639,2025-03-06,481,0,,fb62d7a5-34f9-2ea7-d019-dc8f06a438ac
cd8271de-cfa4-0f02-21a7-dc9cbef1bd15,Rodney Stewart,1966-07-08,SYN-430-90-2379,109462,714,2026-02-04,146,0,,cd8271de-cfa4-0f02-21a7-dc9cbef1bd15
e5b79f19-c694-7605-f35b-8d0f46c70e32,Nicholas Cisneros,1977-01-15,SYN-478-48-2768,35833,745,2026-06-24,6,0,,e5b79f19-c694-7605-f35b-8d0f46c70e32
dfc64d66-f77c-a0f9-f420-d5fe07371ad7,Courtney Briggs,1990-12-28,SYN-679-31-6191,86443,629,2025-11-08,234,0,,dfc64d66-f77c-a0f9-f420-d5fe07371ad7
dcef6b3d-81e2-8eca-a2ee-4258cfebfbe6,Courtney Page,1951-01-12,SYN-604-61-5528,43171,784,2025-07-14,351,0,,dcef6b3d-81e2-8eca-a2ee-4258cfebfbe6
a6d403db-a641-3307-d787-c73b37c4784b,Amanda Johnson,1982-02-21,SYN-429-47-8851,41614,651,2025-12-11,201,0,,a6d403db-a641-3307-d787-c73b37c4784b
83ec0a2a-7a6b-1eb4-c148-63b045d9e1f1,John Mcneil,2007-06-28,SYN-333-68-5187,106796,638,2025-03-24,463,0,,83ec0a2a-7a6b-1eb4-c148-63b045d9e1f1
0448f63c-b699-489b-4597-42c4e064bd8e,Erica Turner,1985-03-12,SYN-883-17-5749,213278,716,2026-04-20,71,0,,0448f63c-b699-489b-4597-42c4e064bd8e
08a20887-6a41-098c-f3a8-4db1c8fde3d1,Michael Cooper,1990-06-29,SYN-527-83-8788,36221,675,2025-12-31,181,0,,08a20887-6a41-098c-f3a8-4db1c8fde3d1
7ff34e10-eb36-0657-fd96-2597d235e402,Sara Stuart,1988-03-27,SYN-345-48-7526,61881,640,2026-05-31,30,0,,7ff34e10-eb36-0657-fd96-2597d235e402
d72f67a1-2723-37c3-1bb9-0c0d6c3d44ab,Karen Alvarez,1982-11-14,SYN-176-77-9236,40002,524,2026-02-14,136,0,,d72f67a1-2723-37c3-1bb9-0c0d6c3d44ab
b85178a3-9c17-3dc4-c7a0-c20016767f04,Ellen Wright,1980-07-10,SYN-256-47-3514,63559,673,2025-12-02,210,0,,b85178a3-9c17-3dc4-c7a0-c20016767f04
63d28b49-2382-15e6-b88a-3ca6da70289e,Jonathan Tanner,1994-11-02,SYN-239-49-8883,222874,635,2025-08-31,303,0,,63d28b49-2382-15e6-b88a-3ca6da70289e
4578165c-9a81-2b20-1780-b82e2ba3c6f3,Jason Powell,1972-09-12,SYN-957-23-2472,47679,685,2025-10-20,253,0,,4578165c-9a81-2b20-1780-b82e2ba3c6f3
6915a256-45b6-b991-d647-e017f6357fa8,Charles Strickland,1982-05-20,SYN-931-38-3701,116503,771,2025-01-26,520,0,,6915a256-45b6-b991-d647-e017f6357fa8
cc74af55-668f-7524-9dad-df6d7f7e25cf,Michael Patrick,1992-04-26,SYN-222-26-5158,92713,780,2025-02-13,502,0,,cc74af55-668f-7524-9dad-df6d7f7e25cf
f6ac87d9-74bc-276f-9f5f-393d143c76be,Cory Willis,1976-08-05,SYN-746-74-2985,59474,671,2025-06-05,390,0,,f6ac87d9-74bc-276f-9f5f-393d143c76be
ed90b06a-5271-bc59-3b1a-81cea4255811,Jeffrey Torres,1991-02-15,SYN-167-25-3713,137398,665,2025-12-27,185,0,,ed90b06a-5271-bc59-3b1a-81cea4255811
cbadd895-c3a5-21d8-dc39-daaa7e4e82cb,Amy Ray,1971-10-09,SYN-692-76-1895,78868,638,2026-05-10,51,1,ring_0134,ring_0134
7b0f8923-0c9c-cf3a-6abb-bf113a39cb18,Rhonda Willis,1987-06-22,SYN-799-45-6858,74073,531,2025-04-20,436,0,,7b0f8923-0c9c-cf3a-6abb-bf113a39cb18
fc1eddbb-2784-e36a-a968-00d9c29cc378,Jessica Beck,1976-11-01,SYN-478-58-6377,79945,811,2026-03-15,107,1,ring_0166,ring_0166
8514ccce-c57d-73ee-618f-2c8e3c48e0d3,Aaron Little,1972-09-14,SYN-108-13-8953,34884,680,2025-04-13,443,0,,8514ccce-c57d-73ee-618f-2c8e3c48e0d3
e26bd6d4-6d86-c97a-c8cf-904b58d02308,Keith Horton,1997-01-15,SYN-831-34-1993,59870,734,2026-02-01,149,0,,e26bd6d4-6d86-c97a-c8cf-904b58d02308
ad9df8ac-b483-a9a0-533f-bf2ea987acbb,Danielle Griffin,1982-01-17,SYN-391-27-6050,72247,702,2026-02-24,126,0,,ad9df8ac-b483-a9a0-533f-bf2ea987acbb
0de32150-ac3c-5928-c89a-17f68f21d525,Eric Carney,1974-12-23,SYN-494-76-4449,33696,669,2025-05-28,398,0,,0de32150-ac3c-5928-c89a-17f68f21d525
fcd26e86-9213-0ea0-a80b-525cdd9f0f73,Dana Ruiz,1990-07-02,SYN-441-45-4765,15000,613,2026-04-04,87,0,,fcd26e86-9213-0ea0-a80b-525cdd9f0f73
db0db331-8564-a172-e0b5-b6c6ea7751dd,Mark Frank,1978-08-02,SYN-566-25-6826,46245,682,2026-03-14,108,0,,db0db331-8564-a172-e0b5-b6c6ea7751dd
75c82c22-103b-18bc-da40-6fcf207d23c2,William Day,1988-10-25,SYN-194-43-5552,67633,698,2026-04-21,70,0,,75c82c22-103b-18bc-da40-6fcf207d23c2
e61e1c0f-8be9-318b-66ef-3d59cb047869,Michele Davis,1969-04-19,SYN-397-74-3022,32418,692,2025-06-25,370,0,,e61e1c0f-8be9-318b-66ef-3d59cb047869
71b66542-8fe1-8911-8ee7-1b239385d211,Regina Ramos,1995-06-27,SYN-105-94-3508,118915,617,2025-11-23,219,0,,71b66542-8fe1-8911-8ee7-1b239385d211
2372f647-cc88-bbac-4364-15ea332f0be9,Angel Perry,1981-07-26,SYN-587-59-7312,45014,723,2025-05-31,395,0,,2372f647-cc88-bbac-4364-15ea332f0be9
5edf3d99-4ab5-f168-2c05-8fa63be6e5d8,Johnny Cox,1988-12-24,SYN-639-84-4890,35027,651,2026-05-03,58,0,,5edf3d99-4ab5-f168-2c05-8fa63be6e5d8
8bef2177-07fa-f58c-3d08-72661ece3d0a,Christina Taylor,1987-03-10,SYN-600-85-1043,44108,507,2026-04-24,67,0,,8bef2177-07fa-f58c-3d08-72661ece3d0a
7c623d26-e1f0-95ae-1d2f-153302287feb,Julia Torres,1982-09-01,SYN-319-29-4083,28949,646,2025-09-13,290,0,,7c623d26-e1f0-95ae-1d2f-153302287feb
7edf9fc1-fd32-e6f9-de9f-18fbc66ee68c,Dr. Morgan Young,2008-01-13,SYN-918-67-1892,67717,710,2025-01-22,524,0,,7edf9fc1-fd32-e6f9-de9f-18fbc66ee68c
00990354-8b75-ee89-de15-bcb89aed747e,Carl Jackson,1999-03-08,SYN-108-33-7447,59561,600,2025-07-06,359,0,,00990354-8b75-ee89-de15-bcb89aed747e
2a7ce4b8-6f38-fe83-6921-12e174f8b5a2,Richard Shepherd,2008-03-25,SYN-778-98-2322,31420,790,2025-05-18,408,1,ring_0081,ring_0081
9edac163-5938-0c9f-7141-cefdadf04eb3,Maria Gonzalez,1997-05-24,SYN-576-88-5842,83916,666,2026-06-10,20,0,,9edac163-5938-0c9f-7141-cefdadf04eb3
f306cfc9-54ee-f69f-6248-eb92ff758a4e,Jason Smith,1974-11-09,SYN-102-54-6696,48223,714,2026-03-20,102,1,ring_0081,ring_0081
289bede9-b0a0-0b4e-aaf2-fc2cb7141b42,Crystal Shelton,1988-03-24,SYN-179-25-3240,63025,687,2025-01-09,537,0,,289bede9-b0a0-0b4e-aaf2-fc2cb7141b42
2595c0dd-4319-22d3-9b6b-b3fd631b4a31,David Barnes,1994-12-24,SYN-167-68-7723,37781,686,2026-05-19,42,1,ring_0010,ring_0010
585cc122-4d69-3901-dc08-29702335f7a4,Ashley Allison,1979-10-19,SYN-950-37-4503,35694,798,2026-04-11,80,1,ring_0081,ring_0081
59d10ff7-4214-6a28-a513-579f5263de5d,Michele Harrison,1973-08-06,SYN-208-86-2359,46233,665,2025-08-05,329,1,ring_0001,ring_0001
127b85ff-2848-79ba-84b9-be4ed8d284c3,Caitlin Curry,1997-11-26,SYN-988-79-5639,57893,637,2025-12-15,197,0,,127b85ff-2848-79ba-84b9-be4ed8d284c3
31f26605-635e-75a8-b5b4-7f54c6226b33,Bryan Sullivan,1994-06-15,SYN-373-17-3620,46388,559,2026-03-17,105,0,,31f26605-635e-75a8-b5b4-7f54c6226b33
63ec67d3-9964-642e-0a05-398d06ac1176,Robert Brandt,1979-03-15,SYN-435-51-8952,31486,620,2026-01-03,178,0,,63ec67d3-9964-642e-0a05-398d06ac1176
647bfed0-5782-00d0-c3a7-8b6937f31184,Courtney Hayes,1985-08-25,SYN-555-75-1907,74748,684,2025-10-13,260,0,,647bfed0-5782-00d0-c3a7-8b6937f31184
1e77f466-b98c-c9c5-b6d7-56c0638ff5fc,James Grimes,1964-04-09,SYN-645-57-2365,40681,688,2026-03-31,91,0,,1e77f466-b98c-c9c5-b6d7-56c0638ff5fc
79b4e5de-68a9-e4af-e7d4-f8d84a1a02d9,Andrew Lewis,1987-02-15,SYN-734-48-4986,85339,709,2025-10-18,255,0,,79b4e5de-68a9-e4af-e7d4-f8d84a1a02d9
3544706c-ce2f-9ce2-0e16-d3681c46bccf,Nicholas Duffy,1981-12-29,SYN-521-41-6870,103743,712,2025-09-10,293,0,,3544706c-ce2f-9ce2-0e16-d3681c46bccf
84eb1077-9719-514d-5e36-fce91ce76a1b,Travis Hobbs,2005-08-07,SYN-685-37-8197,24191,634,2025-02-02,513,0,,84eb1077-9719-514d-5e36-fce91ce76a1b
ebd79a0d-4eae-a370-1547-5416073fb74b,Elizabeth Sanders,1986-08-02,SYN-132-69-6704,30167,548,2026-05-15,46,0,,ebd79a0d-4eae-a370-1547-5416073fb74b
845937b6-7ca3-fc15-bb29-0eea3ee29f3e,Scott Williams,1985-05-15,SYN-987-85-3002,19654,632,2025-12-31,181,0,,845937b6-7ca3-fc15-bb29-0eea3ee29f3e
7489aa3b-10fd-2a12-9ec5-7143138acee8,Tammy Estrada,1989-01-07,SYN-420-53-9855,63607,534,2026-04-09,82,0,,7489aa3b-10fd-2a12-9ec5-7143138acee8
c8e80caf-ffbe-c5ba-fdd6-3f99f6633a15,Paul Estrada,1983-10-17,SYN-706-45-6156,32007,687,2026-02-13,137,0,,c8e80caf-ffbe-c5ba-fdd6-3f99f6633a15
1c321dcf-3a4e-64e4-8bcc-e9380faec3d9,Cheryl Gregory,1983-07-16,SYN-766-64-7873,37006,594,2025-03-24,463,0,,1c321dcf-3a4e-64e4-8bcc-e9380faec3d9
94b30a1f-302f-3a49-1a96-5f2ef9d64bec,Beth Schmidt,1977-04-16,SYN-572-60-1749,20035,747,2025-01-04,542,0,,94b30a1f-302f-3a49-1a96-5f2ef9d64bec
f1d36889-cf47-5c16-1c02-57b31c70b37e,William Lozano,1979-12-25,SYN-769-32-1838,62075,698,2025-10-02,271,0,,f1d36889-cf47-5c16-1c02-57b31c70b37e
9ea7037d-7d86-c3d0-5416-9ec350ccf0d5,Sylvia Anderson,1974-02-07,SYN-102-46-7536,30725,542,2025-06-15,380,0,,9ea7037d-7d86-c3d0-5416-9ec350ccf0d5
14eb2fd9-1d12-820b-9c10-d78ba5cb0b31,Mitchell Wilson,2007-09-15,SYN-115-24-3580,27833,724,2025-05-10,416,0,,14eb2fd9-1d12-820b-9c10-d78ba5cb0b31
7c8bf02b-de99-c355-718b-bf1ea8cfe9ef,Joseph Acosta,1986-04-27,SYN-166-52-7947,73082,668,2025-09-22,281,0,,7c8bf02b-de99-c355-718b-bf1ea8cfe9ef
1e93f69a-6654-5701-dafa-9bf2a814adf5,Brandon Bean,1975-09-08,SYN-100-55-4845,23308,626,2025-02-02,513,0,,1e93f69a-6654-5701-dafa-9bf2a814adf5
36c48652-fa1e-74d1-2ba2-b9c1a6b77b4e,Albert Garcia,1962-10-27,SYN-783-17-3169,38716,676,2025-08-01,333,0,,36c48652-fa1e-74d1-2ba2-b9c1a6b77b4e
b5792702-eed4-39b9-c319-5bd66f2074a6,Patrick Perez,1979-06-29,SYN-946-34-4751,103890,790,2026-02-02,148,0,,b5792702-eed4-39b9-c319-5bd66f2074a6
e72f0add-0ea8-3656-c598-6baabfcc2ab4,Donald Terry,1993-04-16,SYN-659-10-7574,69890,559,2025-03-10,477,0,,e72f0add-0ea8-3656-c598-6baabfcc2ab4
9089e453-4ac9-0eee-9086-892b6c547809,April Taylor,1993-03-13,SYN-666-64-7517,18092,702,2025-01-18,528,0,,9089e453-4ac9-0eee-9086-892b6c547809
9ea99883-4290-d079-fd40-f01d5f2788c9,Renee Bruce,1984-06-03,SYN-298-41-3828,57711,691,2025-10-30,243,0,,9ea99883-4290-d079-fd40-f01d5f2788c9
7977d0b1-d7f2-d806-c771-a15e62b2ed31,Robert West,1991-06-06,SYN-578-99-1356,24144,677,2026-03-06,116,0,,7977d0b1-d7f2-d806-c771-a15e62b2ed31
915af53f-b4b5-2b39-01a6-06a199a5f0da,Jacob Cabrera,1979-11-14,SYN-493-71-4416,66763,606,2025-09-02,301,0,,915af53f-b4b5-2b39-01a6-06a199a5f0da
ad665ef7-05f3-210e-71e9-d7a6c7064162,Nancy Rowland,1996-02-12,SYN-597-38-7140,45436,591,2026-03-14,108,0,,ad665ef7-05f3-210e-71e9-d7a6c7064162
4e333f44-0641-9d4c-d83e-aaf5584eccaa,Erik Small,1996-01-05,SYN-985-10-8796,72736,639,2026-03-15,107,0,,4e333f44-0641-9d4c-d83e-aaf5584eccaa
0e017751-3f16-1134-6f73-4ecc20723e85,Kevin Barton,2007-07-13,SYN-469-16-2997,38350,782,2025-02-24,491,0,,0e017751-3f16-1134-6f73-4ecc20723e85
c55dae6e-9961-277d-1f4c-d114ffe57546,Anthony Cherry,1988-03-24,SYN-381-75-4678,54335,663,2026-03-25,97,0,,c55dae6e-9961-277d-1f4c-d114ffe57546
65e0ddbc-aa3c-b3c6-2d0a-4fbac800f1c9,Gordon Hahn,2008-03-21,SYN-778-46-6689,51072,716,2026-01-25,156,0,,65e0ddbc-aa3c-b3c6-2d0a-4fbac800f1c9
69e54716-5ed2-9862-a256-15de12477971,Christopher Dalton,1986-03-03,SYN-249-11-4118,28624,667,2025-06-19,376,0,,69e54716-5ed2-9862-a256-15de12477971
61d6a253-e27d-3148-458d-34e18556db78,Cynthia Le,1977-02-05,SYN-296-21-2584,39207,630,2025-06-19,376,0,,61d6a253-e27d-3148-458d-34e18556db78
45ed2fae-5724-e855-5b64-53beee0daa26,Nicole Herring,2007-08-28,SYN-282-51-5069,66173,664,2026-05-26,35,0,,45ed2fae-5724-e855-5b64-53beee0daa26
aa0690f0-5510-61c5-0b21-45fd225e8115,Rebecca Dougherty,2006-09-19,SYN-872-33-7669,54875,763,2025-07-10,355,0,,aa0690f0-5510-61c5-0b21-45fd225e8115
3a3974ee-49e2-3810-84f1-25c7637e48f0,Steven Howard,1969-10-11,SYN-292-86-7294,62248,744,2025-08-23,311,0,,3a3974ee-49e2-3810-84f1-25c7637e48f0
2d1efe19-42b5-0178-d69e-414173ce93c2,Christine Jones,1997-11-23,SYN-587-13-9162,65570,628,2025-08-12,322,0,,2d1efe19-42b5-0178-d69e-414173ce93c2
cfc9a44f-26bc-e710-da53-09abc5a81b18,Daniel Roberson,1988-08-23,SYN-792-58-2871,250000,507,2025-06-06,389,0,,cfc9a44f-26bc-e710-da53-09abc5a81b18
8ec67599-238c-dca9-1670-4c2574132c65,Andrew Meyers,1993-07-11,SYN-121-47-1460,92653,649,2025-04-21,435,0,,8ec67599-238c-dca9-1670-4c2574132c65
881c32e1-d0b8-3b67-4f79-7a341ab529f5,Lori Ferguson,1981-05-30,SYN-199-14-5982,91803,629,2026-05-14,47,0,,881c32e1-d0b8-3b67-4f79-7a341ab529f5
586fd939-6f85-3383-599f-56d25b095baf,William Martinez,1985-04-15,SYN-224-36-7775,70875,587,2025-06-28,367,1,ring_0040,ring_0040
f6a18985-7660-c600-bbdb-f7b667ae633c,Samantha Jones,1998-01-19,SYN-433-26-8997,20600,776,2025-05-03,423,0,,f6a18985-7660-c600-bbdb-f7b667ae633c
5eb630ca-c568-2ae7-70e4-a88b99ca5418,Larry Fritz,1988-10-31,SYN-618-49-5209,94638,784,2026-05-10,51,0,,5eb630ca-c568-2ae7-70e4-a88b99ca5418
ac19b0d7-3c48-311b-8de8-0cbf3c17a3c8,Daniel Palmer,1995-06-30,SYN-861-23-9242,36504,673,2025-09-25,278,0,,ac19b0d7-3c48-311b-8de8-0cbf3c17a3c8
c0fda751-808b-8452-c2ea-bed5e9c1e813,Suzanne Wood,2007-08-12,SYN-625-90-7928,98858,651,2025-11-03,239,0,,c0fda751-808b-8452-c2ea-bed5e9c1e813
74f09822-dad8-2222-aaa9-d8f080c70be5,Patricia Cannon,1986-07-02,SYN-455-52-3267,66161,707,2025-10-16,257,0,,74f09822-dad8-2222-aaa9-d8f080c70be5
c23b3c6a-7565-50d5-c9bd-4cd79f3a8ada,James Spears,2003-08-27,SYN-788-37-8004,102060,638,2025-06-17,378,0,,c23b3c6a-7565-50d5-c9bd-4cd79f3a8ada
f069e216-c2f4-4b54-7bd5-fe69f522430f,Kurt Hancock,1976-02-16,SYN-553-81-7935,53799,688,2025-11-26,216,0,,f069e216-c2f4-4b54-7bd5-fe69f522430f
d5399a70-9f6f-bac2-89ea-86cb132dba6f,Joshua Vance,1977-03-31,SYN-875-67-5627,110706,660,2025-02-13,502,0,,d5399a70-9f6f-bac2-89ea-86cb132dba6f
43ba35da-ba2e-26b1-16e7-ab861e48ab24,Alyssa Long,1996-07-09,SYN-288-46-1560,52868,770,2025-04-19,437,0,,43ba35da-ba2e-26b1-16e7-ab861e48ab24
d83f70df-d0dd-878e-76a1-62ff485b5c44,Matthew Ramirez,1996-01-13,SYN-458-13-8026,45235,650,2026-03-17,105,0,,d83f70df-d0dd-878e-76a1-62ff485b5c44
bbd23a67-f470-5582-4024-51afa310ae2e,Kristen Randall,1976-10-20,SYN-593-38-3911,96427,629,2025-05-31,395,0,,bbd23a67-f470-5582-4024-51afa310ae2e
ff4a25f0-9e4a-81c2-9746-665abd380911,Charlene Black,1984-05-15,SYN-724-32-6333,45556,461,2025-10-26,247,0,,ff4a25f0-9e4a-81c2-9746-665abd380911
6c735f4a-1027-c3c4-b2a2-cfc3085fe9b1,Rodney Salinas,2007-11-05,SYN-391-57-5945,61166,616,2025-06-18,377,0,,6c735f4a-1027-c3c4-b2a2-cfc3085fe9b1
f3f71d3d-7e6b-128e-dd71-c3796ef99dae,Jeff Jackson,1994-08-28,SYN-920-92-3069,45100,697,2025-07-25,340,0,,f3f71d3d-7e6b-128e-dd71-c3796ef99dae
d0ceeacf-a07f-ca8a-0ddb-3f3c21327872,Hunter Johnson,1995-11-11,SYN-379-70-1563,29523,584,2025-06-05,390,1,ring_0163,ring_0163
e89492fa-1c94-5e61-a376-1ceb1764d8c3,Joseph Myers,2003-10-25,SYN-373-39-7035,27680,640,2025-02-26,489,0,,e89492fa-1c94-5e61-a376-1ceb1764d8c3
04cc921d-f235-b5b3-6380-a8e6a656a27f,Shawn Scott,2000-01-12,SYN-442-59-9059,55240,666,2026-03-31,91,0,,04cc921d-f235-b5b3-6380-a8e6a656a27f
40474f75-13eb-b2f6-cc7b-e0b0a9f8226f,Sophia Wolf,1978-02-15,SYN-858-11-3797,81168,588,2026-06-03,27,0,,40474f75-13eb-b2f6-cc7b-e0b0a9f8226f
08c09117-281c-345d-5953-0471790c6073,Kelly Romero,1974-05-05,SYN-719-67-5231,59358,740,2026-06-06,24,0,,08c09117-281c-345d-5953-0471790c6073
ae751dc8-817a-79a7-4d82-96e431cd7bae,Anthony Mooney,1976-04-23,SYN-879-95-6486,64096,572,2026-06-24,6,0,,ae751dc8-817a-79a7-4d82-96e431cd7bae
f881750c-1896-c777-46c1-1f3fb49977f6,Amy Sanders,1993-03-20,SYN-647-75-3647,48014,711,2025-06-22,373,0,,f881750c-1896-c777-46c1-1f3fb49977f6
c0c5901f-8d41-ef54-4075-7776777ab5c8,Susan Sanchez,2008-03-06,SYN-716-27-2976,50099,717,2025-06-23,372,0,,c0c5901f-8d41-ef54-4075-7776777ab5c8
926915c6-1b3a-3555-8131-3822fb5c6a28,Sherri Colon,2002-12-31,SYN-608-54-4078,58043,753,2025-06-15,380,0,,926915c6-1b3a-3555-8131-3822fb5c6a28
4733d724-87c1-6d53-d872-4d275d4ad04e,Denise Jones,1997-12-25,SYN-559-14-3040,56581,759,2025-05-27,399,0,,4733d724-87c1-6d53-d872-4d275d4ad04e
f3e39e21-1872-41f5-df61-ece22bfe508f,Chad Hurley,1993-07-24,SYN-880-79-6351,49558,594,2026-05-26,35,0,,f3e39e21-1872-41f5-df61-ece22bfe508f
25a2232e-0195-014a-7180-7ffa769929f1,Traci Craig,1999-07-29,SYN-779-65-6392,114335,748,2026-03-08,114,0,,25a2232e-0195-014a-7180-7ffa769929f1
926e5ccb-e61e-144a-1776-d90289211d08,Melanie Ramos,2006-05-01,SYN-293-85-6754,50813,752,2025-09-08,295,0,,926e5ccb-e61e-144a-1776-d90289211d08
6331ae29-24f9-001d-d9f6-6a6c78bc2743,Sarah Stewart,1988-11-02,SYN-818-83-3232,31766,669,2025-06-29,366,0,,6331ae29-24f9-001d-d9f6-6a6c78bc2743
793ee374-0966-f478-e2da-761338fcfc90,Eddie Duffy,1964-02-27,SYN-902-73-8671,101182,741,2025-10-30,243,0,,793ee374-0966-f478-e2da-761338fcfc90
097e8eb6-4220-4ed5-1852-296977c5b793,Mark Webb,1994-10-17,SYN-135-28-5465,52656,632,2026-05-10,51,0,,097e8eb6-4220-4ed5-1852-296977c5b793
9aa3ed14-2ab7-bacd-c42f-2d0615a61682,Shelby Simon,1972-08-27,SYN-519-23-4893,101661,662,2026-01-30,151,0,,9aa3ed14-2ab7-bacd-c42f-2d0615a61682
f4da91a7-5426-7b20-aec7-55fe4b459eb4,Tammy Daniel,1987-09-28,SYN-127-60-7050,88833,597,2026-05-09,52,0,,f4da91a7-5426-7b20-aec7-55fe4b459eb4
4843209d-8451-989f-faeb-bf18617027bf,Steven Jensen,1981-03-12,SYN-849-74-3711,75533,697,2025-06-20,375,0,,4843209d-8451-989f-faeb-bf18617027bf
607e223a-4b7b-d5cf-10cd-ac3ce9da6a68,Meagan West,1980-05-03,SYN-233-82-9311,30278,593,2025-08-02,332,0,,607e223a-4b7b-d5cf-10cd-ac3ce9da6a68
c2de90ef-9fcd-a6d0-225d-ebfc021aac05,Seth Jones,1976-11-16,SYN-978-34-6747,60761,597,2026-04-05,86,0,,c2de90ef-9fcd-a6d0-225d-ebfc021aac05
fae21259-428e-9225-5b6e-9c03c93c35bf,David George,1987-02-12,SYN-484-20-3780,83191,672,2025-04-11,445,0,,fae21259-428e-9225-5b6e-9c03c93c35bf
6a5728e5-6318-31f5-f74a-63108d018bf5,Sharon Barajas,2000-05-16,SYN-421-88-4375,110555,673,2025-09-07,296,0,,6a5728e5-6318-31f5-f74a-63108d018bf5
65b35597-1a5d-0cc7-13f7-8b18e5b5b759,Thomas Chang,1971-08-10,SYN-932-33-3980,69585,681,2026-06-21,9,0,,65b35597-1a5d-0cc7-13f7-8b18e5b5b759
799e613a-1c28-e3b6-633a-901b2ab8c361,Michael Khan,2003-07-26,SYN-515-67-8040,59149,545,2025-08-06,328,0,,799e613a-1c28-e3b6-633a-901b2ab8c361
fedcd826-a81b-3992-d1b8-b89e0604582c,Rebecca Ellis,2006-06-18,SYN-274-67-3689,33077,740,2025-01-17,529,0,,fedcd826-a81b-3992-d1b8-b89e0604582c
9002dd4c-2ede-021a-a82b-e061178515ce,Scott Lara,1986-08-01,SYN-968-52-3907,100315,742,2026-05-20,41,0,,9002dd4c-2ede-021a-a82b-e061178515ce
14577009-647f-3640-4971-ec458c4d62f6,Christine King,1982-02-21,SYN-389-28-6825,26079,720,2025-02-25,490,0,,14577009-647f-3640-4971-ec458c4d62f6
32383bc1-8e66-4f6c-cb92-decbb65c2486,Mario Gould,1998-03-29,SYN-264-52-7727,21290,751,2025-03-28,459,0,,32383bc1-8e66-4f6c-cb92-decbb65c2486
c92674b3-0417-8f4d-c7e9-46dc38aa885e,David Martinez,2006-12-21,SYN-786-15-9370,56238,718,2025-05-29,397,0,,c92674b3-0417-8f4d-c7e9-46dc38aa885e
babb7551-4112-d8c5-edcb-b0fb46e1ffa8,James Howard,1988-11-11,SYN-484-15-4694,69331,772,2026-04-21,70,0,,babb7551-4112-d8c5-edcb-b0fb46e1ffa8
c32376ca-5287-c1c8-f83d-15fe246506d2,Lisa Mosley,1959-10-05,SYN-934-35-4327,100527,690,2025-11-25,217,0,,c32376ca-5287-c1c8-f83d-15fe246506d2
fb868318-9f0d-1bd0-422a-29e4066f88ed,Jackie Morgan,1994-12-07,SYN-922-88-9415,60505,769,2025-09-22,281,0,,fb868318-9f0d-1bd0-422a-29e4066f88ed
0b6a688f-bce8-5f6e-698e-f34aba872199,Kevin Oconnor,1979-11-29,SYN-995-84-1708,28272,703,2025-08-27,307,0,,0b6a688f-bce8-5f6e-698e-f34aba872199
fc889dd7-86a3-2ad5-8506-e969fce44fdf,Cory Hogan,1992-08-06,SYN-963-45-6704,31672,701,2026-01-05,176,0,,fc889dd7-86a3-2ad5-8506-e969fce44fdf
8f150580-0e0d-8f1d-f31f-7ebcdbddb2d5,Mike Buchanan,2004-03-30,SYN-203-49-5895,91008,613,2025-08-28,306,0,,8f150580-0e0d-8f1d-f31f-7ebcdbddb2d5
eff76d52-b9a0-d0d5-ba3f-5a75b64e21f3,Rebecca Klein,2007-04-07,SYN-422-64-9895,35910,551,2025-08-06,328,0,,eff76d52-b9a0-d0d5-ba3f-5a75b64e21f3
6a6669a7-56bd-177b-cbb7-01837db0a181,Heather Hunt,1973-09-18,SYN-933-23-9229,30239,735,2025-01-03,543,0,,6a6669a7-56bd-177b-cbb7-01837db0a181
17dfaa54-616a-d455-c8e4-ce20c770d62b,Rose Jackson,1991-04-18,SYN-927-55-1171,231828,614,2025-11-25,217,0,,17dfaa54-616a-d455-c8e4-ce20c770d62b
647e7280-9cb1-6735-345f-9e84f2e895e2,Michael Graham,1980-10-14,SYN-479-11-6605,25753,788,2026-01-07,174,0,,647e7280-9cb1-6735-345f-9e84f2e895e2
a7ce1c21-3f3c-8ebc-10b4-b2cfb1b3081c,Charles Sanchez,1990-03-19,SYN-411-62-1613,19428,754,2025-02-10,505,0,,a7ce1c21-3f3c-8ebc-10b4-b2cfb1b3081c
8eb2c03f-ec53-2d3c-82d1-e086b2c31370,Mandy Reyes,1976-02-26,SYN-633-31-4630,81478,664,2025-01-14,532,1,ring_0127,ring_0127
c2dad391-43fb-1e9e-b0bb-3ca557f63b9c,Mr. Andrew Foster,1956-10-23,SYN-179-45-9770,50820,808,2025-03-11,476,0,,c2dad391-43fb-1e9e-b0bb-3ca557f63b9c
d4ceb733-90e0-bfd6-2c29-be5e76e81e5b,Tina Walter,1983-04-19,SYN-294-68-9718,57043,664,2025-12-23,189,0,,d4ceb733-90e0-bfd6-2c29-be5e76e81e5b
755794fa-3136-7b90-de04-cc1942dca0ec,Betty Johnson,1964-04-05,SYN-165-10-1968,18465,680,2025-05-06,420,0,,755794fa-3136-7b90-de04-cc1942dca0ec
e08e02eb-0cc7-3218-8b2a-c7eed0b552ad,Kelly Andersen,1994-11-14,SYN-393-11-5092,44995,749,2025-09-24,279,0,,e08e02eb-0cc7-3218-8b2a-c7eed0b552ad
8e5f517a-3cbc-5df8-a28b-842efb5e9836,Jessica Hoffman,1990-01-28,SYN-663-88-7242,36934,674,2026-06-07,23,0,,8e5f517a-3cbc-5df8-a28b-842efb5e9836
edb5e928-adc4-3ee0-32cd-5b1882dd2caa,Cynthia Hendricks,1979-06-01,SYN-442-51-9124,138301,613,2025-05-08,418,0,,edb5e928-adc4-3ee0-32cd-5b1882dd2caa
a2b1d00c-3600-04a3-911a-a1d2d0ddd073,Richard Peterson,1997-04-07,SYN-774-21-1423,92810,809,2026-06-03,27,0,,a2b1d00c-3600-04a3-911a-a1d2d0ddd073
0f192881-2a97-871b-5a1e-03d21efc91ee,Audrey Taylor,2008-05-30,SYN-765-21-1612,53647,618,2025-03-26,461,0,,0f192881-2a97-871b-5a1e-03d21efc91ee
ba666ca6-e1c9-1396-5264-f88fcafe108d,Jessica Flowers,1967-09-23,SYN-378-83-1291,100394,512,2025-12-18,194,0,,ba666ca6-e1c9-1396-5264-f88fcafe108d
0d171bed-39b2-d15d-42c4-8cb4bbaed85c,Terry Mills,1984-03-25,SYN-603-35-3869,98159,615,2025-05-19,407,0,,0d171bed-39b2-d15d-42c4-8cb4bbaed85c
069050fc-0003-cd4e-5d85-7befd8da03f9,Larry Curtis,1994-02-27,SYN-744-84-1361,59635,763,2025-04-27,429,0,,069050fc-0003-cd4e-5d85-7befd8da03f9
4b9c83ae-69fe-6826-6c62-bae53913ea33,Barbara Dudley,1993-05-18,SYN-752-27-6394,78683,654,2025-04-08,448,0,,4b9c83ae-69fe-6826-6c62-bae53913ea33
03110484-4945-fadb-5776-5cb955bc8249,David Nolan,1995-05-21,SYN-995-33-4944,109171,701,2026-02-13,137,0,,03110484-4945-fadb-5776-5cb955bc8249
6af37821-ca87-ef39-0fb0-459b2649aa26,Shannon James,1999-10-21,SYN-716-99-5397,74660,645,2025-07-07,358,0,,6af37821-ca87-ef39-0fb0-459b2649aa26
4eecc392-5faf-ea91-98d1-e606d7e7a616,Jennifer Brown,1995-10-24,SYN-610-57-8276,61918,606,2025-11-04,238,0,,4eecc392-5faf-ea91-98d1-e606d7e7a616
aefaa64d-8ea6-8b95-265b-08510d6a7143,Briana Murray,1989-07-31,SYN-203-41-6074,86289,702,2025-10-15,258,0,,aefaa64d-8ea6-8b95-265b-08510d6a7143
a1191af0-e7c3-5c93-97c1-ee5420942a38,Kathleen Levine,1962-11-10,SYN-600-87-3775,84116,660,2025-08-06,328,0,,a1191af0-e7c3-5c93-97c1-ee5420942a38
5eb0dbf9-1d34-d86d-720c-66802b4697f2,Katelyn Gray,1969-02-10,SYN-810-60-5331,189645,698,2025-12-14,198,0,,5eb0dbf9-1d34-d86d-720c-66802b4697f2
4e9bccd4-8692-fd1d-3c73-e9ac9d0fd057,Brian Medina,1988-01-02,SYN-626-29-6216,66505,554,2025-11-20,222,0,,4e9bccd4-8692-fd1d-3c73-e9ac9d0fd057
ea90b01e-fde9-3d66-42f5-37161fee7c22,Aaron Henry,1992-04-23,SYN-797-39-1712,58386,671,2025-01-27,519,0,,ea90b01e-fde9-3d66-42f5-37161fee7c22
fbd1441e-67e6-7305-c1e3-21f923af65f1,April Anthony,1998-01-04,SYN-488-23-5516,75506,637,2025-02-15,500,1,ring_0156,ring_0156
7631b363-816c-1a5a-a104-f1924e585649,William Wilson,1992-09-03,SYN-389-18-2098,78695,695,2025-05-19,407,0,,7631b363-816c-1a5a-a104-f1924e585649
ce5e899c-d0a5-f385-83f1-3dee1af9326b,Mr. Robert Cantu,1997-05-05,SYN-381-64-2099,32982,765,2025-01-27,519,0,,ce5e899c-d0a5-f385-83f1-3dee1af9326b
e8488bc3-835d-6e80-4605-e2a15241ff44,Jasmin Alvarado,1959-08-12,SYN-763-13-4298,67211,701,2025-05-15,411,0,,e8488bc3-835d-6e80-4605-e2a15241ff44
cd5c7ea2-f095-c17a-5c74-4561cd239016,Cheryl Jackson,1989-05-24,SYN-363-91-3799,40765,769,2025-09-14,289,0,,cd5c7ea2-f095-c17a-5c74-4561cd239016
c0f7f931-135d-96f5-56a8-9dfcafcccb84,Nicole Tate,1996-03-18,SYN-983-15-1731,84866,729,2025-08-15,319,0,,c0f7f931-135d-96f5-56a8-9dfcafcccb84
23bb8410-fb22-69c6-e277-d8b74dc0d9d1,Jared Madden,1999-11-28,SYN-744-99-7743,82057,580,2025-08-15,319,0,,23bb8410-fb22-69c6-e277-d8b74dc0d9d1
d298b9ff-9a14-b626-0059-096dcaeaa583,Matthew Shea,1971-10-10,SYN-777-17-7156,49204,733,2026-02-26,124,0,,d298b9ff-9a14-b626-0059-096dcaeaa583
cb0118c8-e7de-949d-b108-a9fe56dbe585,Kirsten Perez,1981-05-11,SYN-380-84-8959,64758,659,2025-12-18,194,0,,cb0118c8-e7de-949d-b108-a9fe56dbe585
868f763e-9aa8-87c0-0370-14d922e8f0d5,John Watts,1987-05-01,SYN-196-75-7843,52982,679,2025-07-12,353,0,,868f763e-9aa8-87c0-0370-14d922e8f0d5
2698729f-fa9a-aa1b-db74-bad79282a13b,Kenneth Maxwell,2007-11-09,SYN-247-71-3927,46291,708,2026-04-10,81,0,,2698729f-fa9a-aa1b-db74-bad79282a13b
964087e5-30a6-9bfc-28e2-3c407ffb3054,Luke Moore,1985-01-04,SYN-715-59-9843,53935,726,2026-04-30,61,0,,964087e5-30a6-9bfc-28e2-3c407ffb3054
5f06c971-30ce-94d2-7d8a-063de0e97609,Paul Jones,2006-07-23,SYN-143-43-1983,38172,717,2025-10-31,242,0,,5f06c971-30ce-94d2-7d8a-063de0e97609
4fd53fa4-8827-9442-d452-fd3dbd9d8ca5,Gregory Rodriguez,1968-11-14,SYN-175-72-1806,45086,642,2025-11-07,235,1,ring_0125,ring_0125
b9adc7e0-d775-8959-2bc1-4c8b3a879de2,Kayla Wright,2000-02-11,SYN-233-51-4276,21248,605,2025-11-22,220,1,ring_0114,ring_0114
949231c6-a17b-395a-ca45-b73ef7cd5a7b,Christy Lee,1977-05-08,SYN-839-29-8214,55937,679,2025-12-14,198,0,,949231c6-a17b-395a-ca45-b73ef7cd5a7b
36c59fff-3c86-6656-bccb-1635b837a4b8,Heather Payne,1997-05-25,SYN-196-97-4078,45104,799,2025-05-29,397,0,,36c59fff-3c86-6656-bccb-1635b837a4b8
08a31d59-3172-ca9b-7439-2d62cff066b0,Aaron Mayer,1996-08-05,SYN-776-36-1898,31649,630,2025-09-08,295,0,,08a31d59-3172-ca9b-7439-2d62cff066b0
5d1d384f-c2f0-28cf-7ca7-d5998bade2fd,James Greene,1984-11-23,SYN-391-82-6948,51299,761,2026-05-26,35,0,,5d1d384f-c2f0-28cf-7ca7-d5998bade2fd
1d3f6de3-8a6e-e808-dded-0f8f082d098d,Laura Cox,1966-05-15,SYN-931-76-2464,65536,596,2025-08-15,319,0,,1d3f6de3-8a6e-e808-dded-0f8f082d098d
0ae98044-9472-aa6c-f1e7-7a271f5c3d5d,Rhonda Allen,1984-01-07,SYN-859-10-8389,161041,678,2025-03-16,471,0,,0ae98044-9472-aa6c-f1e7-7a271f5c3d5d
f01b43b9-ae2e-c861-3495-94597264b8d2,Samantha Bates,1981-08-02,SYN-782-75-2669,19539,581,2025-07-18,347,1,ring_0062,ring_0062
00571232-2fc5-33e4-b6f9-fb1585aed388,Jared Chan,1975-01-21,SYN-624-45-8262,50978,671,2025-02-04,511,0,,00571232-2fc5-33e4-b6f9-fb1585aed388
2746b16e-3d89-0c50-d37a-416f3312ed93,Andrew Walker,1982-04-19,SYN-293-33-7228,167590,535,2026-04-10,81,1,ring_0159,ring_0159
2e504723-18ec-3dcc-5e40-98b679785483,Karen Mooney,1989-02-12,SYN-877-96-5073,39577,673,2026-06-24,6,0,,2e504723-18ec-3dcc-5e40-98b679785483
c06d7907-f040-dfed-3987-996a98a30b41,Paul Moreno,2006-04-07,SYN-108-95-7973,118680,680,2025-01-15,531,0,,c06d7907-f040-dfed-3987-996a98a30b41
45ead8f9-1bfa-aab9-8329-d7e7b8b6a3ce,Michael Evans,1994-11-27,SYN-842-50-1928,35545,777,2026-02-11,139,0,,45ead8f9-1bfa-aab9-8329-d7e7b8b6a3ce
260699ef-207b-0c65-7d0f-fc4da7e317e4,Rebekah Greene,1986-10-24,SYN-188-68-2406,30558,608,2026-02-24,126,0,,260699ef-207b-0c65-7d0f-fc4da7e317e4
b61a2986-4647-4b75-6a3b-94372a6f7ecb,Ashley Sanchez,1995-08-18,SYN-708-23-4547,39295,637,2025-02-23,492,0,,b61a2986-4647-4b75-6a3b-94372a6f7ecb
05aa4f0c-7e6a-c484-55b9-aee6a5fbf265,Travis Dixon,1976-02-06,SYN-774-75-8249,86880,578,2025-08-13,321,0,,05aa4f0c-7e6a-c484-55b9-aee6a5fbf265
1ceb769f-3d76-648b-00ff-64dd78ef1b31,Susan Sullivan,1988-09-21,SYN-280-21-4274,119922,734,2026-06-19,11,0,,1ceb769f-3d76-648b-00ff-64dd78ef1b31
d650c0ae-823b-431e-7a19-415dd9a2c307,David Sullivan,1988-10-11,SYN-963-53-6541,129622,673,2025-01-17,529,0,,d650c0ae-823b-431e-7a19-415dd9a2c307
47c3caf8-d1aa-cbec-f7ea-2fffa37ebae6,Mr. Kenneth Ashley,1992-05-28,SYN-296-54-1472,40191,748,2025-07-07,358,0,,47c3caf8-d1aa-cbec-f7ea-2fffa37ebae6
0c76f92f-d161-2b8c-f67d-e8060f237ee4,Wayne Davis,1984-03-08,SYN-430-43-5951,56043,537,2025-03-25,462,0,,0c76f92f-d161-2b8c-f67d-e8060f237ee4
95cfa78b-3461-9655-7429-aa4fe6f0f61d,Amber Vang,1991-02-08,SYN-593-34-2853,97977,677,2026-06-20,10,0,,95cfa78b-3461-9655-7429-aa4fe6f0f61d
4ea6658e-50b0-ab72-0dfc-477368008a63,Aaron Johnson,1990-05-04,SYN-415-80-7396,115918,750,2025-12-16,196,0,,4ea6658e-50b0-ab72-0dfc-477368008a63
3330ac11-1f28-abfd-77a7-c5d5e86d42a9,Lori Jordan,1991-08-18,SYN-880-36-9268,51662,632,2025-07-02,363,0,,3330ac11-1f28-abfd-77a7-c5d5e86d42a9
8cd9cfcd-3053-6e84-9515-b33eca25e0c1,Katherine Baxter,1992-02-23,SYN-148-89-9853,53692,722,2026-02-25,125,0,,8cd9cfcd-3053-6e84-9515-b33eca25e0c1
b47e7cd6-a260-83a6-4ab5-75c0440f0344,Mary Copeland,2003-08-09,SYN-916-41-1225,63999,592,2025-09-26,277,0,,b47e7cd6-a260-83a6-4ab5-75c0440f0344
fd521174-ff51-4cb1-ed9e-aae02484a46f,Patricia Williams,2006-06-17,SYN-952-33-7734,65892,595,2025-07-14,351,0,,fd521174-ff51-4cb1-ed9e-aae02484a46f
5b0439cb-4392-a744-c998-b912ea090128,Amanda Wilson,1993-06-02,SYN-730-54-4018,86319,670,2025-12-20,192,0,,5b0439cb-4392-a744-c998-b912ea090128
730ef6d3-5d2e-2712-ae5c-667e29ec50ca,Donald Johnson,1986-06-09,SYN-389-20-4449,26781,638,2026-01-04,177,0,,730ef6d3-5d2e-2712-ae5c-667e29ec50ca
7ee16265-ee9d-836a-b8dc-16ce6706fcad,Dana Williams,1979-11-18,SYN-559-36-6837,57558,829,2025-09-24,279,0,,7ee16265-ee9d-836a-b8dc-16ce6706fcad
e5c1e366-7fda-533a-32f9-acc0dd0902db,Lisa Buchanan,2005-02-03,SYN-650-57-4502,49213,675,2025-05-22,404,0,,e5c1e366-7fda-533a-32f9-acc0dd0902db
c79e8695-9fa5-f66a-2090-d957e2d738e9,Jeffery York,2002-05-25,SYN-800-25-8590,55720,737,2026-02-09,141,0,,c79e8695-9fa5-f66a-2090-d957e2d738e9
59e63ca8-27fa-827c-f187-df1230d1c22f,Spencer Camacho,1993-10-21,SYN-226-69-6946,76641,647,2025-05-30,396,0,,59e63ca8-27fa-827c-f187-df1230d1c22f
8d96a090-683a-cd15-1fee-cab124200de9,Brittany Sanchez,1991-09-04,SYN-881-97-6026,54981,771,2026-05-03,58,0,,8d96a090-683a-cd15-1fee-cab124200de9
d314072a-acec-343b-2497-4cc16b3ec07e,Bethany Robles,1994-10-09,SYN-108-11-1003,73197,769,2026-06-28,2,0,,d314072a-acec-343b-2497-4cc16b3ec07e
8613c94c-f257-f218-1c51-3e0dca1d72b2,Thomas Sellers,1994-05-19,SYN-617-27-1070,151214,648,2025-04-13,443,0,,8613c94c-f257-f218-1c51-3e0dca1d72b2
5eaf3a26-ec8c-27f6-7150-06dc1d61ffe5,Keith Wright,1989-11-23,SYN-561-40-3116,54293,679,2026-02-24,126,0,,5eaf3a26-ec8c-27f6-7150-06dc1d61ffe5
a75cb5f4-1f19-74d8-0d02-3a105d053f6c,Mark Moran,1990-06-20,SYN-510-84-8138,40959,690,2025-04-12,444,1,ring_0028,ring_0028
f7ee2ecf-bc82-5891-9095-56d2940d7da2,Kathleen Roy,2003-05-17,SYN-411-54-6746,47656,724,2025-11-29,213,0,,f7ee2ecf-bc82-5891-9095-56d2940d7da2
47502762-0825-4f99-71e5-bad8ad4034b2,Michael Smith,1963-08-27,SYN-333-13-3683,54958,791,2026-04-06,85,0,,47502762-0825-4f99-71e5-bad8ad4034b2
1339cd3a-b0d4-4158-076f-6c3d1439c39f,Bradley Robertson Jr.,1977-05-03,SYN-295-82-5154,38716,616,2025-06-13,382,0,,1339cd3a-b0d4-4158-076f-6c3d1439c39f
c579d5e7-524b-7c3c-9cad-16a6744d1049,Heather Mcmahon,1989-10-27,SYN-923-11-3438,20260,671,2025-05-01,425,0,,c579d5e7-524b-7c3c-9cad-16a6744d1049
9bc7e9e1-6462-c667-8079-ff5955e67cdf,Danielle Hamilton,1988-08-09,SYN-197-73-7188,59879,623,2026-03-23,99,0,,9bc7e9e1-6462-c667-8079-ff5955e67cdf
bf398bce-45e0-eae5-461b-c7c5ced9d2eb,Emily Lane,1988-12-24,SYN-515-74-3238,84187,678,2025-02-07,508,0,,bf398bce-45e0-eae5-461b-c7c5ced9d2eb
b21f711a-593c-aa0d-7066-6c7b9c2747e0,Keith Johnson,1958-01-07,SYN-671-16-7913,28755,728,2026-05-06,55,0,,b21f711a-593c-aa0d-7066-6c7b9c2747e0
75e36eca-c42e-3345-6401-90ac3963e230,April Hull,1979-10-02,SYN-596-45-7473,112991,676,2026-06-02,28,0,,75e36eca-c42e-3345-6401-90ac3963e230
ca63e8f0-4ae2-53ad-f485-94efa4d02064,Stephanie Harris,2007-08-24,SYN-292-10-2468,89674,673,2025-02-03,512,0,,ca63e8f0-4ae2-53ad-f485-94efa4d02064
8f1f06c4-3719-1ae8-f091-be64886e2251,Debbie Koch,2005-05-26,SYN-466-21-4965,29584,624,2026-06-18,12,0,,8f1f06c4-3719-1ae8-f091-be64886e2251
aa8fe291-b6dd-ed7b-1c3b-7e1ce46f6bf8,Matthew Jones,1986-09-18,SYN-592-82-5754,60935,626,2025-03-27,460,0,,aa8fe291-b6dd-ed7b-1c3b-7e1ce46f6bf8
f2496894-7fee-1546-70d7-7606f99a7486,Patricia Hayes,1998-11-14,SYN-563-76-5747,60917,748,2025-03-12,475,0,,f2496894-7fee-1546-70d7-7606f99a7486
167048bc-6dba-64e1-16bb-a18bc5d017f7,Mariah Jones,1985-07-14,SYN-179-30-4934,71485,545,2025-07-06,359,0,,167048bc-6dba-64e1-16bb-a18bc5d017f7
99fcb98e-578a-5626-61f2-af7d4b4f43f4,Cheryl Turner,1977-01-28,SYN-915-28-8508,98787,729,2025-11-07,235,0,,99fcb98e-578a-5626-61f2-af7d4b4f43f4
c1caba08-c6f9-1a75-16c6-cfce657c1936,Nancy Brown,1990-05-05,SYN-720-93-1125,72004,587,2025-05-15,411,0,,c1caba08-c6f9-1a75-16c6-cfce657c1936
22283130-2e7b-c153-7fc0-ae48f7ee2a35,Mercedes Richardson,1985-06-14,SYN-484-65-8706,29943,715,2025-08-08,326,0,,22283130-2e7b-c153-7fc0-ae48f7ee2a35
c1e10f52-9b63-2450-ece3-952021b5e1b8,Michael Soto,1970-01-24,SYN-399-49-3434,30898,804,2026-03-26,96,0,,c1e10f52-9b63-2450-ece3-952021b5e1b8
61cf817d-cfe6-fa74-f65c-8e92ec96d090,Angela Rivera,1983-11-13,SYN-423-54-1324,44791,711,2026-05-02,59,0,,61cf817d-cfe6-fa74-f65c-8e92ec96d090
2d4a8639-158f-6e0c-c19d-1e664730019c,Patrick Bird,1992-04-11,SYN-265-46-1756,46380,662,2025-09-10,293,0,,2d4a8639-158f-6e0c-c19d-1e664730019c
9775f314-611f-0bd5-18da-c14503676cd6,Meagan Patterson,1981-09-23,SYN-282-53-9628,141955,687,2025-10-31,242,0,,9775f314-611f-0bd5-18da-c14503676cd6
05d50e4e-5984-0036-cf33-bbe7697ee717,Justin Davis,1959-03-23,SYN-865-85-4440,74512,701,2025-08-14,320,0,,05d50e4e-5984-0036-cf33-bbe7697ee717
37bc5298-65c2-f56b-af8f-f55a7329e5fb,Carol Yang,1972-03-31,SYN-652-96-3392,28577,703,2025-11-21,221,0,,37bc5298-65c2-f56b-af8f-f55a7329e5fb
279e9971-91eb-2601-d9cc-a3f3a1bfbe83,Daniel Baker,1993-12-27,SYN-126-78-4612,120348,649,2025-05-09,417,0,,279e9971-91eb-2601-d9cc-a3f3a1bfbe83
5302608d-90ea-e115-6d95-e3a0b552f7a5,Edgar Stewart,1989-06-26,SYN-774-73-5674,33174,582,2026-04-08,83,0,,5302608d-90ea-e115-6d95-e3a0b552f7a5
0f6b90a8-6d22-341c-be6c-f15a2626b223,Michael Chambers,2003-05-04,SYN-282-61-4130,55813,712,2026-06-02,28,0,,0f6b90a8-6d22-341c-be6c-f15a2626b223
06b20dcd-7bb2-f357-af97-04278807e17a,Daniel Rivera,1971-02-03,SYN-533-74-8229,109839,572,2025-04-07,449,1,ring_0171,ring_0171
f3cf95a3-2a06-94d9-f4af-054ef23a558b,Andre Farrell,1994-08-13,SYN-123-61-4126,46853,671,2026-04-18,73,0,,f3cf95a3-2a06-94d9-f4af-054ef23a558b
f196c9cd-547e-3b32-f27b-769be8831d14,Kurt Ewing,1990-02-19,SYN-210-72-2807,104004,816,2026-05-07,54,0,,f196c9cd-547e-3b32-f27b-769be8831d14
19ed73bd-7fb1-3c91-44f0-b4e32bc8850c,Jordan Reeves,1978-08-30,SYN-411-25-1063,126808,742,2025-05-30,396,0,,19ed73bd-7fb1-3c91-44f0-b4e32bc8850c
51ca1ed7-8163-57bf-217b-4e66c041f687,Whitney Jones,1965-11-05,SYN-813-53-8793,64202,606,2026-01-16,165,0,,51ca1ed7-8163-57bf-217b-4e66c041f687
77a19944-dbf4-9248-0877-42e71f1da681,Linda Henderson,1991-08-18,SYN-487-33-5664,51980,621,2026-01-23,158,0,,77a19944-dbf4-9248-0877-42e71f1da681
c08c54d5-615d-ca32-8148-3d763845100d,Glenn Ward,1983-07-13,SYN-223-28-2654,50511,634,2026-02-26,124,0,,c08c54d5-615d-ca32-8148-3d763845100d
64a3384e-9cdd-fc59-6c1b-de16225a28ce,Jon Day Jr.,1964-10-20,SYN-286-36-4572,63483,649,2025-10-26,247,0,,64a3384e-9cdd-fc59-6c1b-de16225a28ce
bc21c91f-6787-4ccc-bd14-ddb96c217714,Juan Brewer,1981-11-05,SYN-812-85-1030,51571,624,2025-12-31,181,0,,bc21c91f-6787-4ccc-bd14-ddb96c217714
87f6dcf6-3d29-02ed-4092-4b82a0eff87d,Sara Barrett,1986-08-05,SYN-387-45-3302,29297,677,2025-08-25,309,0,,87f6dcf6-3d29-02ed-4092-4b82a0eff87d
6cd17619-1d59-8a58-32c2-4a7d5e64e408,Ana Gibson,1997-11-07,SYN-436-44-4960,48870,741,2025-02-12,503,0,,6cd17619-1d59-8a58-32c2-4a7d5e64e408
14fc82c2-2b78-843b-48b8-a316e248da18,Steven Carter,1991-02-02,SYN-113-24-1920,142508,624,2025-03-15,472,1,ring_0002,ring_0002
31668308-4f9c-c01a-24d8-40edbfdf5ba9,Chad Bennett,1962-03-03,SYN-215-12-4951,69068,685,2025-01-25,521,0,,31668308-4f9c-c01a-24d8-40edbfdf5ba9
77b9c948-dee9-ea28-b9da-c4f0eda0eaa9,Allison Chavez,1986-11-06,SYN-824-80-6021,39752,588,2026-05-08,53,1,ring_0075,ring_0075
0d6c8d61-9513-ff40-6fcb-ef0f532f1790,Teresa Berry,2007-05-11,SYN-589-41-1027,47499,545,2025-09-10,293,1,ring_0184,ring_0184
d7562b98-9440-f589-1b74-9f979abbabd6,Miguel Reeves,1970-05-02,SYN-584-96-7025,76901,696,2026-04-23,68,0,,d7562b98-9440-f589-1b74-9f979abbabd6
efce703d-15df-18df-d780-ea65ec725b87,Rhonda Singleton,1985-08-27,SYN-325-11-9139,79779,741,2026-01-04,177,1,ring_0006,ring_0006
1b7ffd31-aaf4-a725-0268-47ccee0c431e,Steven Medina,2008-02-27,SYN-556-52-2759,107194,675,2025-06-24,371,0,,1b7ffd31-aaf4-a725-0268-47ccee0c431e
55a190f2-fede-0c9a-6746-499c9e38d4bf,Jorge Harris,1988-03-06,SYN-531-76-3315,45564,568,2026-06-14,16,0,,55a190f2-fede-0c9a-6746-499c9e38d4bf
971d9ea3-1baf-b5e4-fbcb-67c68ed15162,Andrea Brown,1995-01-15,SYN-267-12-7593,72354,683,2025-12-20,192,0,,971d9ea3-1baf-b5e4-fbcb-67c68ed15162
f2a8b7b1-be17-346a-30c5-185945f3329e,William Lewis,1992-07-20,SYN-643-66-8530,46031,548,2025-10-17,256,0,,f2a8b7b1-be17-346a-30c5-185945f3329e
c1415475-f8cf-4f0c-bc09-1bb58a1e61ee,Jonathan Bates,1990-11-19,SYN-424-42-7835,31620,728,2025-03-31,456,0,,c1415475-f8cf-4f0c-bc09-1bb58a1e61ee
b5332c8f-a8dc-c17e-4456-79fa44f34f31,Michael Brown,1978-04-15,SYN-152-54-3153,48954,642,2025-03-18,469,0,,b5332c8f-a8dc-c17e-4456-79fa44f34f31
5e8a77d4-a5ce-d8f4-ebf3-a1666ac6b53b,Ashley Olson,2004-03-24,SYN-825-15-7972,63564,651,2025-03-27,460,0,,5e8a77d4-a5ce-d8f4-ebf3-a1666ac6b53b
ad0514b4-2203-b2d4-6c6c-1ca6250c3cc4,Tracy Wang,2004-06-04,SYN-702-23-3105,54280,628,2025-04-07,449,0,,ad0514b4-2203-b2d4-6c6c-1ca6250c3cc4
265f14a6-bcd1-9832-1c6c-4fc15aaa784b,Antonio Smith,1965-11-23,SYN-144-95-7794,94471,622,2025-12-04,208,0,,265f14a6-bcd1-9832-1c6c-4fc15aaa784b
d7d7c145-2ba7-41f6-1b66-4ee9bbe0f374,Craig Nicholson,1987-02-05,SYN-381-58-6886,98842,850,2026-02-12,138,0,,d7d7c145-2ba7-41f6-1b66-4ee9bbe0f374
dbf6ea94-6f31-3099-40c9-0a8650c7062e,Justin Duran,2006-12-20,SYN-321-77-6866,50239,704,2026-04-09,82,1,ring_0033,ring_0033
30cc1011-7b0a-8e9b-ca24-883157e616be,Daniel Smith,1981-02-15,SYN-930-57-8692,51276,646,2025-08-04,330,0,,30cc1011-7b0a-8e9b-ca24-883157e616be
8a8cc1e3-101c-aa71-a297-91438c7af7b4,Robert Roberts,1985-11-04,SYN-507-28-3340,41613,646,2026-01-15,166,0,,8a8cc1e3-101c-aa71-a297-91438c7af7b4
92eb2d9c-796a-79ae-f401-3f21ccb3c26f,Jessica Zamora,2006-10-11,SYN-864-98-9869,77281,674,2025-04-01,455,1,ring_0184,ring_0184
64af6e31-d92c-094e-55a0-0d991d0179f6,Nicole Herman MD,2006-11-21,SYN-571-12-4071,64103,628,2026-04-04,87,0,,64af6e31-d92c-094e-55a0-0d991d0179f6
93d74b39-783a-ed84-9349-4d57f7d5d264,Beth Ford,1979-12-11,SYN-349-38-3215,18590,643,2025-12-18,194,0,,93d74b39-783a-ed84-9349-4d57f7d5d264
54984c2d-8d36-8124-db49-867c5122f3f2,Kristin Hickman,1990-06-13,SYN-220-95-7716,53967,731,2026-01-01,180,0,,54984c2d-8d36-8124-db49-867c5122f3f2
52288fc9-3169-ad75-70b0-043b4ff96f8f,Judy Jones,1971-12-01,SYN-759-66-6853,49581,722,2026-06-23,7,0,,52288fc9-3169-ad75-70b0-043b4ff96f8f
929406ff-dc9a-de53-870b-eb503bfbad66,Juan Johnson,1984-12-13,SYN-925-84-9606,59113,721,2025-10-27,246,0,,929406ff-dc9a-de53-870b-eb503bfbad66
5dbd2e32-aa30-194f-2d86-d4f9dabdfd64,Linda Holt,1988-12-21,SYN-373-20-5991,30214,530,2025-04-16,440,0,,5dbd2e32-aa30-194f-2d86-d4f9dabdfd64
154cf03a-ac8f-6b49-3f03-ab912b73d5a2,Mario Maxwell,1988-03-19,SYN-871-88-9354,109278,649,2025-08-31,303,0,,154cf03a-ac8f-6b49-3f03-ab912b73d5a2
72d4b709-b2be-a3e5-86e7-705b142aee96,Phillip Rodriguez,1984-05-02,SYN-122-37-4214,67616,644,2025-08-31,303,0,,72d4b709-b2be-a3e5-86e7-705b142aee96
ef40054d-4036-6795-ac37-23ca0932792a,Vanessa Bishop,1985-07-13,SYN-461-92-1156,22341,709,2025-06-06,389,0,,ef40054d-4036-6795-ac37-23ca0932792a
928875cd-deac-bbf7-dce6-c95a90e918eb,Deborah Dominguez,1997-10-08,SYN-813-72-7053,20795,727,2026-04-10,81,0,,928875cd-deac-bbf7-dce6-c95a90e918eb
9978b8a1-d823-4a52-0674-39342446b1d0,Leah Lee,1984-12-15,SYN-163-81-9717,98933,653,2025-11-01,241,0,,9978b8a1-d823-4a52-0674-39342446b1d0
1af08440-95d2-b093-d6d0-745b6d177ebd,Shawn Lindsey,1978-06-06,SYN-521-96-8568,36462,712,2026-05-12,49,0,,1af08440-95d2-b093-d6d0-745b6d177ebd
86165713-5307-00d8-43d1-794553ef2de9,Matthew Freeman,1976-05-18,SYN-958-78-6484,43566,781,2026-04-08,83,0,,86165713-5307-00d8-43d1-794553ef2de9
069353cb-2d22-de8f-4171-182be153c0aa,Logan Newton,1968-07-27,SYN-956-68-9276,61334,647,2025-07-24,341,0,,069353cb-2d22-de8f-4171-182be153c0aa
19b9f731-7e21-2625-8de4-2808f4b71f62,Samantha Howard,1991-01-10,SYN-319-82-1231,45143,616,2025-02-09,506,0,,19b9f731-7e21-2625-8de4-2808f4b71f62
6f67ff15-dc5b-fdd5-aaef-e4060dedc827,Robert Jones,1995-12-22,SYN-263-34-3640,23822,648,2025-06-13,382,0,,6f67ff15-dc5b-fdd5-aaef-e4060dedc827
70242219-95df-fccb-0e1b-1983c0abdebf,Alexandria Cox,1994-01-18,SYN-643-51-7682,23663,704,2025-12-07,205,0,,70242219-95df-fccb-0e1b-1983c0abdebf
c3d75706-e752-affc-8baa-2eaf7203d289,Heather Williams,1982-06-19,SYN-694-39-3168,19555,740,2025-09-21,282,0,,c3d75706-e752-affc-8baa-2eaf7203d289
92da2aad-0246-0c8d-9e2e-6b202c6cd02a,Kaitlyn Warren,1987-05-28,SYN-934-83-2252,25838,732,2026-01-01,180,0,,92da2aad-0246-0c8d-9e2e-6b202c6cd02a
2a85678f-98f8-87e0-f666-49673238219b,John Liu,1983-06-09,SYN-301-71-4578,56429,507,2026-02-09,141,1,ring_0044,ring_0044
226c7d12-3cca-1c58-c0ee-cd2aa05c7351,Nicole Edwards,1994-05-03,SYN-320-28-3299,184100,672,2025-12-10,202,0,,226c7d12-3cca-1c58-c0ee-cd2aa05c7351
e5cd5b01-94fc-d2ef-7787-9ef2623fb03d,Judy Baker,1967-06-21,SYN-848-90-2379,126079,692,2025-02-21,494,0,,e5cd5b01-94fc-d2ef-7787-9ef2623fb03d
9a4da67f-0fd6-59c9-ae4d-d92f79ace2aa,Marcus Powell,1976-09-13,SYN-917-22-3128,150605,655,2025-01-13,533,0,,9a4da67f-0fd6-59c9-ae4d-d92f79ace2aa
fd9d99f2-5cec-40d8-dd56-645cbdf6827d,Kyle Rivera,1987-05-17,SYN-307-97-1721,51062,523,2026-04-06,85,0,,fd9d99f2-5cec-40d8-dd56-645cbdf6827d
3e5eee6d-2b8e-4de7-0533-f3253927172a,Alicia Dillon,1976-08-05,SYN-497-63-1090,86661,706,2026-02-02,148,0,,3e5eee6d-2b8e-4de7-0533-f3253927172a
6c81d196-f180-6d8d-31be-54af349106e2,Rebecca Torres,2007-03-25,SYN-255-19-1202,98875,658,2025-05-14,412,0,,6c81d196-f180-6d8d-31be-54af349106e2
151353ed-e9c8-4c42-61b9-1cd8b8ace062,Ethan Russell Jr.,1960-09-12,SYN-668-16-4179,74938,665,2025-01-01,545,0,,151353ed-e9c8-4c42-61b9-1cd8b8ace062
1ce7216c-d815-2e9f-61b1-3d0fd3c070a1,Virginia Clark,1978-08-04,SYN-893-98-2464,79980,608,2025-07-23,342,0,,1ce7216c-d815-2e9f-61b1-3d0fd3c070a1
b938741a-e9d9-d6e8-486b-e8bccf1f3b4f,Thomas Davis,1987-02-28,SYN-708-89-6306,73091,703,2025-10-21,252,0,,b938741a-e9d9-d6e8-486b-e8bccf1f3b4f
27751029-1a8d-5198-7166-a39fa2627fa8,David Rodriguez,1972-02-02,SYN-285-20-8898,97187,601,2026-02-22,128,0,,27751029-1a8d-5198-7166-a39fa2627fa8
8519f41a-71bf-c2b9-c9bb-ec54373b2d00,Philip Fernandez,1972-09-10,SYN-426-99-4431,19369,669,2025-02-02,513,0,,8519f41a-71bf-c2b9-c9bb-ec54373b2d00
6a7c9438-f353-4558-3f3a-fbe6d428d357,John Ortega,1972-04-05,SYN-522-83-3982,17705,804,2025-10-27,246,0,,6a7c9438-f353-4558-3f3a-fbe6d428d357
3d93529b-2f5e-c20d-9340-9a53fbdb76d7,Troy Jefferson,1977-03-30,SYN-878-60-4254,53588,667,2025-10-10,263,0,,3d93529b-2f5e-c20d-9340-9a53fbdb76d7
8b5a4a3e-70b2-eea0-7056-044d0e83983f,Deborah Simon,1980-09-23,SYN-560-92-8434,36858,706,2025-07-28,337,0,,8b5a4a3e-70b2-eea0-7056-044d0e83983f
cae42e73-14e9-ccec-eacc-e38398bfc621,Dana Savage,1998-02-19,SYN-288-49-9675,51877,743,2026-01-26,155,0,,cae42e73-14e9-ccec-eacc-e38398bfc621
b7a3fdab-70a1-d935-ac7e-ba82e38f244e,Nicholas Lawrence,1988-11-23,SYN-268-12-1108,92870,589,2025-07-02,363,0,,b7a3fdab-70a1-d935-ac7e-ba82e38f244e
6c31e396-49fd-c54d-90a7-c71fe98a6ee7,Ashley Ruiz,2007-08-09,SYN-268-94-6516,15000,677,2025-01-19,527,0,,6c31e396-49fd-c54d-90a7-c71fe98a6ee7
362d9009-6070-b4c1-e92e-804d2c53c9b8,Keith Solis,1978-03-15,SYN-985-93-5900,22637,586,2025-07-12,353,0,,362d9009-6070-b4c1-e92e-804d2c53c9b8
95be1bbb-ebf1-ff40-8f00-de4898a5b19e,Michael Davis,1981-02-07,SYN-901-26-2022,39684,619,2026-05-09,52,0,,95be1bbb-ebf1-ff40-8f00-de4898a5b19e
84ae1a64-0a15-8a94-0b3b-5d83d8c4b2fd,Patrick Rocha,1989-11-04,SYN-663-58-4061,46099,742,2026-01-26,155,0,,84ae1a64-0a15-8a94-0b3b-5d83d8c4b2fd
a984883a-0bdf-11b7-bd95-c9efab3155c3,John Bishop,1997-04-30,SYN-629-54-5779,77657,732,2026-03-18,104,0,,a984883a-0bdf-11b7-bd95-c9efab3155c3
1bbc2fe5-841e-684f-8d2a-e534a7b92b3b,Margaret Lowe,1984-06-29,SYN-364-67-1970,41366,721,2025-11-22,220,0,,1bbc2fe5-841e-684f-8d2a-e534a7b92b3b
f9ef9799-a4a2-1a4b-b625-ff6551a8e43c,Courtney Smith,1975-08-12,SYN-671-41-4900,81982,593,2026-02-28,122,0,,f9ef9799-a4a2-1a4b-b625-ff6551a8e43c
d3fe5abd-c1eb-4816-ec6d-e4431e18e075,Juan Potts,1982-01-13,SYN-298-63-4405,29094,688,2025-09-07,296,0,,d3fe5abd-c1eb-4816-ec6d-e4431e18e075
1d889ff1-7a49-708f-313d-bb4a010fa16e,Joe Martinez,1986-12-05,SYN-260-47-2925,66477,734,2025-02-07,508,0,,1d889ff1-7a49-708f-313d-bb4a010fa16e
6e9b7555-432b-22cb-1121-3c6d2a30c1c0,Christine Park,1985-04-17,SYN-939-71-8901,40558,637,2025-01-19,527,0,,6e9b7555-432b-22cb-1121-3c6d2a30c1c0
6833ce36-4d99-5bd6-5936-026ccb682792,Richard Schmidt,1980-07-23,SYN-914-93-8049,19819,711,2025-07-24,341,0,,6833ce36-4d99-5bd6-5936-026ccb682792
25442993-a911-6008-ffcd-082a8e3f7a58,Jeffrey Smith,1968-06-20,SYN-266-12-1182,64853,597,2026-04-29,62,1,ring_0214,ring_0214
824f37de-1b15-be87-2b9d-4cec33e98246,Cody Burgess,1987-05-18,SYN-435-38-2986,146618,708,2025-10-25,248,0,,824f37de-1b15-be87-2b9d-4cec33e98246
c817c248-88c2-11d3-da7b-843f3169e559,Gary Miller,2007-05-11,SYN-302-44-3805,49329,671,2025-05-05,421,0,,c817c248-88c2-11d3-da7b-843f3169e559
e6fe9bdc-bf9b-be6a-dcef-792bfb1cdeb7,Joseph Jones,1983-11-10,SYN-362-54-2008,36410,741,2026-06-28,2,0,,e6fe9bdc-bf9b-be6a-dcef-792bfb1cdeb7
4cb19b46-f7b9-bd53-de9b-f2cdfed3e75a,Edward Wallace,1993-05-22,SYN-689-69-1747,56437,670,2025-07-03,362,0,,4cb19b46-f7b9-bd53-de9b-f2cdfed3e75a
6f72b046-8576-0fb9-ddc8-24c5483aa7b6,Amanda Guzman,1978-08-19,SYN-478-26-2312,65248,649,2025-01-10,536,0,,6f72b046-8576-0fb9-ddc8-24c5483aa7b6
b3b4bfbb-7b3c-5e23-aea7-bb42fea2de44,Frank Lawson,1989-03-20,SYN-334-53-2603,86826,574,2026-02-20,130,0,,b3b4bfbb-7b3c-5e23-aea7-bb42fea2de44
8ea9257a-e9b4-4534-27b0-ca0bf08ca6f1,Jeffrey Roberson,1989-06-13,SYN-216-43-8306,80192,611,2026-02-04,146,0,,8ea9257a-e9b4-4534-27b0-ca0bf08ca6f1
94d7831e-00a2-a6f3-2836-9b512db2e1fa,Matthew Parsons,1986-05-20,SYN-824-58-3603,69116,583,2025-07-17,348,1,ring_0081,ring_0081
b1d7c0cd-dc27-9853-dd03-1c08670bad68,Cynthia Gregory,2007-07-10,SYN-568-80-4330,53344,761,2025-06-25,370,0,,b1d7c0cd-dc27-9853-dd03-1c08670bad68
549a0538-2d49-6de7-828d-7527453dc6de,Stephanie Parker,1984-03-10,SYN-540-21-4901,36971,663,2025-03-29,458,0,,549a0538-2d49-6de7-828d-7527453dc6de
4839c5b4-b0d2-200a-872a-cf6ac7b3f768,Teresa Aguirre,2008-01-05,SYN-653-96-6855,51608,738,2025-05-11,415,0,,4839c5b4-b0d2-200a-872a-cf6ac7b3f768
6719de7f-0db5-be44-0dcd-ae62ac839c6e,Sarah Fields,1984-06-13,SYN-744-16-9030,15000,669,2025-09-12,291,0,,6719de7f-0db5-be44-0dcd-ae62ac839c6e
bfe807d2-d04b-3a7b-3796-e2acf042aebe,Lori Thompson,1995-02-03,SYN-754-22-4460,39842,659,2026-01-16,165,0,,bfe807d2-d04b-3a7b-3796-e2acf042aebe
932a1bd5-d03c-79eb-a876-016cc9ee17fd,Michael Perry,1977-01-26,SYN-281-44-5483,109019,716,2025-04-06,450,0,,932a1bd5-d03c-79eb-a876-016cc9ee17fd
ee273753-99ac-e1b5-82d6-035cb27b3878,Lisa Long,1999-12-22,SYN-617-92-8181,68319,663,2025-08-26,308,0,,ee273753-99ac-e1b5-82d6-035cb27b3878
6c26533e-d794-bd09-3c57-f63a08d1cc13,Sonya Chavez,1992-05-02,SYN-610-28-6088,50396,687,2025-05-15,411,0,,6c26533e-d794-bd09-3c57-f63a08d1cc13
d3f81f5b-7310-2da1-5984-e2831bf42b0b,Candice Gomez,1977-07-21,SYN-205-30-5759,91662,690,2026-03-02,120,0,,d3f81f5b-7310-2da1-5984-e2831bf42b0b
bb8968b6-005b-7eb1-0c4f-c5a60a24e070,Christina Hudson,1993-03-30,SYN-553-21-4595,63355,667,2025-11-12,230,0,,bb8968b6-005b-7eb1-0c4f-c5a60a24e070
44b814c6-903c-8f97-e33c-2649af26a627,Julie Martin,1978-03-15,SYN-121-77-4135,88651,635,2025-11-26,216,0,,44b814c6-903c-8f97-e33c-2649af26a627
bb2b2ea0-b192-39dc-b1e9-aca82a6c480c,Steven Anderson,1979-05-18,SYN-664-93-3953,30103,838,2025-06-14,381,0,,bb2b2ea0-b192-39dc-b1e9-aca82a6c480c
75a3a105-eb65-2a39-4be6-a26241cbbb1c,Erik Delacruz,1997-06-28,SYN-329-20-5803,43650,645,2026-01-23,158,0,,75a3a105-eb65-2a39-4be6-a26241cbbb1c
6e8578f6-cf3d-631a-c120-c565d6493b74,Sarah Phillips,2001-07-11,SYN-304-88-9269,123974,635,2025-09-16,287,0,,6e8578f6-cf3d-631a-c120-c565d6493b74
279c5149-25fe-c8dd-131c-fb4708d5d8c7,Cynthia Tran,2000-10-27,SYN-985-90-3314,22871,711,2026-02-10,140,0,,279c5149-25fe-c8dd-131c-fb4708d5d8c7
0b1bd31b-3730-e58b-4d03-17fd5fb85b76,Leslie Bauer,1982-06-19,SYN-586-43-1750,52934,573,2025-11-17,225,0,,0b1bd31b-3730-e58b-4d03-17fd5fb85b76
8a0e3bf5-2d52-f43a-99a0-7e44d235252a,Patrick Payne,1996-04-17,SYN-747-83-5384,36485,699,2026-01-27,154,0,,8a0e3bf5-2d52-f43a-99a0-7e44d235252a
f497294a-0e87-e562-951c-1693621f23c5,Brian Pena,1983-07-16,SYN-424-28-9768,41382,648,2025-09-11,292,0,,f497294a-0e87-e562-951c-1693621f23c5
a00480eb-f806-c035-6f21-d5cb8bb75333,Krista Davis,1972-11-19,SYN-941-60-4996,30971,747,2025-07-15,350,0,,a00480eb-f806-c035-6f21-d5cb8bb75333
9fd928c8-53cc-ecf3-2065-e2c9d7c99c8d,Shannon Ramirez,2000-07-09,SYN-126-67-3591,54375,592,2025-04-18,438,0,,9fd928c8-53cc-ecf3-2065-e2c9d7c99c8d
c78a3eef-ae07-d6d1-9892-fbc1bf227451,Melody Griffin,1979-05-11,SYN-225-26-4221,125216,697,2025-11-27,215,0,,c78a3eef-ae07-d6d1-9892-fbc1bf227451
8d8d0c65-4a47-0c23-a089-543f87cb0c77,Debra Smith,1988-02-20,SYN-601-53-7330,73554,729,2025-03-03,484,0,,8d8d0c65-4a47-0c23-a089-543f87cb0c77
7c5a5669-052a-3e6d-f162-919c4bb387ca,Linda Gonzalez,1979-12-15,SYN-108-92-6128,19519,769,2025-06-10,385,0,,7c5a5669-052a-3e6d-f162-919c4bb387ca
1a34344c-2ca4-a73a-0abe-e1bad58564e3,Katherine Caldwell,1982-05-10,SYN-647-17-7974,87513,775,2025-07-16,349,0,,1a34344c-2ca4-a73a-0abe-e1bad58564e3
50edbbfc-333c-efb2-31e3-72dbdc6ed44d,Robert Cline,1987-01-27,SYN-677-74-4704,97646,609,2025-08-31,303,0,,50edbbfc-333c-efb2-31e3-72dbdc6ed44d
3e7c7c55-eb46-51db-45a8-a5da001dec2c,Adriana Parks,1985-04-07,SYN-334-77-4614,75261,752,2025-05-15,411,0,,3e7c7c55-eb46-51db-45a8-a5da001dec2c
ff03afcd-3b67-4b0d-9d68-9c9709b845d1,Brittany Johnson,1995-04-05,SYN-804-68-1833,101166,564,2026-05-05,56,0,,ff03afcd-3b67-4b0d-9d68-9c9709b845d1
a27abfb2-e917-47b7-0638-a73df047942b,Jesus Wheeler,1984-01-06,SYN-357-75-3930,42811,678,2025-04-01,455,0,,a27abfb2-e917-47b7-0638-a73df047942b
0ece86fc-63c4-9869-98cc-3cd47cb4ed0e,Monica Medina,2006-07-20,SYN-502-43-8941,33164,757,2025-10-08,265,0,,0ece86fc-63c4-9869-98cc-3cd47cb4ed0e
c73c7bb0-576e-67f9-d891-a0dc6d953e3b,Zachary Mendoza,1978-12-19,SYN-707-12-8895,58776,719,2025-01-09,537,0,,c73c7bb0-576e-67f9-d891-a0dc6d953e3b
13cea720-6ef1-37fa-6aa0-f034088e9934,Kristin Hudson,1996-02-29,SYN-333-92-1307,50706,696,2025-03-26,461,0,,13cea720-6ef1-37fa-6aa0-f034088e9934
f7f4cb59-441d-167f-24c5-4b59af10653c,David Rodriguez,1974-05-31,SYN-963-46-3617,101374,658,2025-02-07,508,0,,f7f4cb59-441d-167f-24c5-4b59af10653c
e7ea2fc6-c12e-252b-5f52-cbb277b59f93,Katherine Brown,1970-01-04,SYN-571-59-9015,26327,767,2026-04-23,68,0,,e7ea2fc6-c12e-252b-5f52-cbb277b59f93
646aecdf-4499-c1d9-f060-d6a1e8452c50,Jennifer Kelly,1975-10-26,SYN-486-25-7465,61781,616,2026-04-07,84,1,ring_0175,ring_0175
4b6045c7-6bab-e705-8607-d2c8d5b79c99,Steven Anderson,2007-03-14,SYN-551-46-4553,91995,736,2025-01-17,529,1,ring_0181,ring_0181
c935e7f9-083e-e8f0-7829-3f180e2404db,Jeffery Richards,1986-08-11,SYN-784-35-6422,73352,730,2025-04-19,437,0,,c935e7f9-083e-e8f0-7829-3f180e2404db
52dcffbd-2616-f7e8-ef3e-e2e0d79c024f,Henry Huerta,2001-02-18,SYN-102-26-6503,31354,663,2025-02-02,513,0,,52dcffbd-2616-f7e8-ef3e-e2e0d79c024f
fe3caa2a-f0a6-3fde-c490-64f1c91ec2ad,Alisha Rasmussen,1983-11-22,SYN-602-67-3569,54031,750,2025-01-21,525,0,,fe3caa2a-f0a6-3fde-c490-64f1c91ec2ad
4c3b4b3f-2646-fe95-5082-2d0fee6c1f60,Thomas Burns,1986-02-25,SYN-202-73-7398,48314,784,2026-04-19,72,0,,4c3b4b3f-2646-fe95-5082-2d0fee6c1f60
ea8fe35f-2499-8637-398f-4adf2e153227,Sarah Bates,1982-03-16,SYN-101-49-7669,67145,772,2026-06-04,26,0,,ea8fe35f-2499-8637-398f-4adf2e153227
7689184f-ffc4-85c4-6c04-562388533e9c,Eric Moore,1991-08-01,SYN-640-62-6821,101003,617,2025-05-01,425,0,,7689184f-ffc4-85c4-6c04-562388533e9c
db2a40d7-a38c-47ac-5c34-f6c55443768b,Laura Patton,1982-06-21,SYN-661-82-8505,26082,662,2025-08-21,313,0,,db2a40d7-a38c-47ac-5c34-f6c55443768b
ee0fa4db-b0c1-bf90-b5b5-3f1e010a9539,Christopher Campbell,1982-09-09,SYN-106-84-2007,54678,571,2025-09-30,273,0,,ee0fa4db-b0c1-bf90-b5b5-3f1e010a9539
349d4c50-6a5a-7bdd-893b-90a1452a2b16,Susan Patrick,1983-04-02,SYN-519-78-7917,72402,689,2026-03-21,101,0,,349d4c50-6a5a-7bdd-893b-90a1452a2b16
b321d177-45ac-012c-1068-7cf2b55bd81d,Theresa Ward,1983-01-26,SYN-483-98-8648,74170,770,2025-01-29,517,0,,b321d177-45ac-012c-1068-7cf2b55bd81d
2b84e745-e243-4b27-2109-1d1685ad2a95,Jesse Perez,1987-09-27,SYN-765-42-3149,37208,787,2025-07-06,359,0,,2b84e745-e243-4b27-2109-1d1685ad2a95
2e0c4c5b-2eb6-4e57-c4bc-a41d2a101d38,Brent Harris,1951-04-07,SYN-245-13-9253,59790,648,2025-10-29,244,0,,2e0c4c5b-2eb6-4e57-c4bc-a41d2a101d38
c61292c7-52fc-3910-e9fa-578ce5e8eab8,Ryan Mccarty,1999-05-29,SYN-582-11-2000,86681,647,2025-05-28,398,0,,c61292c7-52fc-3910-e9fa-578ce5e8eab8
f73b7dc9-a7cd-63e6-1e7b-c11aa7ec0e0c,Jenny Soto,1975-02-12,SYN-256-97-7378,104334,664,2025-01-23,523,0,,f73b7dc9-a7cd-63e6-1e7b-c11aa7ec0e0c
b5b0dbaa-eeb5-c832-c985-25190a4ab582,Amy Kennedy,1987-10-08,SYN-490-22-4843,34894,603,2025-04-01,455,0,,b5b0dbaa-eeb5-c832-c985-25190a4ab582
4c48871c-5199-58e5-cdb3-e80639e84791,Charles Gonzales,1970-07-30,SYN-702-91-6006,28540,618,2026-03-26,96,0,,4c48871c-5199-58e5-cdb3-e80639e84791
2e37ca2e-bcbc-f936-5f93-319b6ed02f2f,Benjamin Wilkinson,1997-08-04,SYN-717-27-1813,25434,612,2025-04-11,445,0,,2e37ca2e-bcbc-f936-5f93-319b6ed02f2f
4365b962-2530-c028-2a95-cd86784b4c6c,Tina Reynolds,2008-01-22,SYN-127-97-2294,73214,793,2025-11-24,218,0,,4365b962-2530-c028-2a95-cd86784b4c6c
24886deb-ebd8-e95d-5799-a0ed92b3ab85,Donna Beck,2007-11-15,SYN-273-12-4958,84222,770,2025-01-12,534,0,,24886deb-ebd8-e95d-5799-a0ed92b3ab85
7dc817da-a8ed-009c-1c80-1af9a536bbc3,Samantha Chavez,1973-07-08,SYN-873-79-2727,74524,658,2025-05-19,407,0,,7dc817da-a8ed-009c-1c80-1af9a536bbc3
e1f4ba91-f284-d8fa-a7cf-22ea944e5266,Patrick Pineda,1987-11-01,SYN-716-92-2082,143837,664,2025-04-07,449,0,,e1f4ba91-f284-d8fa-a7cf-22ea944e5266
ce022611-8fd3-46df-2f1c-cae1ba1bc046,Charles Morales,1992-05-02,SYN-702-87-5564,28766,757,2025-01-28,518,0,,ce022611-8fd3-46df-2f1c-cae1ba1bc046
4a4bc749-2e40-f153-312d-7dcb70277f53,Henry Gray,1993-12-29,SYN-633-84-7763,45640,782,2025-05-01,425,0,,4a4bc749-2e40-f153-312d-7dcb70277f53
da11af91-d9ee-6dd3-9b47-d140b8d896fd,Jeffrey Joyce,1979-03-26,SYN-224-56-5956,107925,653,2026-06-04,26,0,,da11af91-d9ee-6dd3-9b47-d140b8d896fd
6d717b40-46ad-829b-51dd-fbb9bf26ed38,Robert Perkins,1974-02-19,SYN-867-37-3135,62707,663,2025-03-30,457,0,,6d717b40-46ad-829b-51dd-fbb9bf26ed38
ee1efe31-5e2d-50d5-372e-389f67f87ce9,Stacy Orozco,1952-11-05,SYN-703-48-9340,95896,659,2026-03-27,95,0,,ee1efe31-5e2d-50d5-372e-389f67f87ce9
ddf85889-57ef-b78e-29c1-be13722271a4,Brian Lee,1995-05-04,SYN-174-72-3524,50324,761,2026-05-05,56,0,,ddf85889-57ef-b78e-29c1-be13722271a4
a637dd4e-8075-503e-774f-0c0375abf93f,John Moore,1990-04-02,SYN-487-52-9573,36698,665,2025-08-26,308,0,,a637dd4e-8075-503e-774f-0c0375abf93f
050d2ea0-c89a-ece5-18bf-4cd14c01924e,Ashley Wilson,1991-10-08,SYN-355-53-8877,208075,559,2026-03-04,118,0,,050d2ea0-c89a-ece5-18bf-4cd14c01924e
c8e0060c-9dc5-f58f-1432-b788aa13066e,Tracy Rodriguez,1983-04-17,SYN-622-45-5094,69488,695,2026-04-15,76,0,,c8e0060c-9dc5-f58f-1432-b788aa13066e
7edacef5-2208-b66b-fa88-fe7a18bed1ba,Tara Hale,2002-04-29,SYN-413-37-1916,47344,626,2025-12-03,209,0,,7edacef5-2208-b66b-fa88-fe7a18bed1ba
098edaf6-c571-f943-317f-74aec40e6d5a,Sean Kane,1990-12-05,SYN-487-47-3071,78867,593,2026-06-29,1,0,,098edaf6-c571-f943-317f-74aec40e6d5a
92568808-5a28-cab7-5d9e-efff0cf6ec30,Frank Harding,1973-05-13,SYN-263-28-7190,46110,588,2025-12-24,188,0,,92568808-5a28-cab7-5d9e-efff0cf6ec30
b4f10aff-8036-5d87-76dc-ffeade20a0f2,William Wolfe,1994-02-05,SYN-589-44-1020,17876,626,2025-10-15,258,0,,b4f10aff-8036-5d87-76dc-ffeade20a0f2
dab25db2-da31-3195-7279-f500f1769c8a,Joseph Cooper,1982-07-10,SYN-359-61-8306,59248,664,2026-03-22,100,0,,dab25db2-da31-3195-7279-f500f1769c8a
138d55d2-c1a1-4e6c-75c5-d0b5c8c0dffb,Jennifer Jackson,1973-02-12,SYN-605-79-1612,72290,443,2025-05-16,410,0,,138d55d2-c1a1-4e6c-75c5-d0b5c8c0dffb
688df0b2-3454-d0c5-35c0-fb01681a7b48,Erika Brown,2002-08-22,SYN-494-51-1789,58531,697,2026-02-09,141,0,,688df0b2-3454-d0c5-35c0-fb01681a7b48
7bde76ad-de74-cbd3-94b7-26b9e496426e,Rhonda Simmons,1994-02-06,SYN-890-27-6265,105272,733,2025-08-03,331,0,,7bde76ad-de74-cbd3-94b7-26b9e496426e
1b48bdce-93d3-d4c2-b7fb-9a262d2105e0,Lisa Hall,1961-04-07,SYN-427-54-4283,77223,755,2026-04-01,90,0,,1b48bdce-93d3-d4c2-b7fb-9a262d2105e0
db144e94-ec3e-d5cc-0945-0d89d3fc736b,Jesse Riley,1992-01-27,SYN-240-68-9296,15000,684,2026-06-01,29,0,,db144e94-ec3e-d5cc-0945-0d89d3fc736b
22ab50da-67f7-2fb0-d507-7dce4abd7bdc,Anita Pitts,1980-02-21,SYN-632-30-5189,51786,696,2025-07-16,349,0,,22ab50da-67f7-2fb0-d507-7dce4abd7bdc
08c79d82-c976-3d4a-be2f-4fd6cf027860,Andrea Donaldson,1987-12-08,SYN-182-98-3106,70562,743,2025-08-21,313,0,,08c79d82-c976-3d4a-be2f-4fd6cf027860
aaa7d145-2389-64cf-a073-e6beffeebd57,Jennifer Garcia,1961-02-11,SYN-483-60-4604,81433,733,2026-01-17,164,1,ring_0105,ring_0105
09f5c6d3-1d4e-8909-0873-83a187f9c968,Michael Lyons,1986-08-23,SYN-495-56-9449,40493,685,2025-10-16,257,0,,09f5c6d3-1d4e-8909-0873-83a187f9c968
b7672697-86ca-b3bf-ab49-bc3b5d366445,Heather Matthews,1984-02-03,SYN-921-82-7558,90917,639,2026-02-03,147,0,,b7672697-86ca-b3bf-ab49-bc3b5d366445
eaa4a01f-3319-5710-084d-1b1d9153742e,David Armstrong,1984-12-15,SYN-607-39-8590,137813,783,2025-11-07,235,0,,eaa4a01f-3319-5710-084d-1b1d9153742e
3d551031-2a7f-fa74-e1a3-51fddaeb59a5,Michael Cruz,1984-06-24,SYN-887-84-5192,133716,691,2025-10-19,254,0,,3d551031-2a7f-fa74-e1a3-51fddaeb59a5
8fb51dba-99e5-118d-7b27-2bcf29bedaa6,Scott Stein,2004-11-10,SYN-120-17-7087,53033,683,2026-01-18,163,0,,8fb51dba-99e5-118d-7b27-2bcf29bedaa6
2863ed47-7240-f367-703e-e0437769a1a3,Adrienne Noble,1978-07-04,SYN-974-35-1997,123792,736,2025-12-10,202,0,,2863ed47-7240-f367-703e-e0437769a1a3
03863fa2-7486-532b-0ef3-920647a236ac,Laura Davila,1987-01-04,SYN-414-89-2635,35315,777,2025-09-18,285,0,,03863fa2-7486-532b-0ef3-920647a236ac
c4a94a5d-2cc6-0d83-862b-66cd24774f0f,Steven Taylor,1988-03-31,SYN-613-12-1537,52422,595,2025-12-22,190,0,,c4a94a5d-2cc6-0d83-862b-66cd24774f0f
1e87e67a-dbfd-8a3e-6d61-1ada84caa275,Veronica King,1974-09-01,SYN-353-40-2329,168576,775,2025-08-19,315,0,,1e87e67a-dbfd-8a3e-6d61-1ada84caa275
23d72c63-213f-3b6b-5004-deebd6eb1d45,Carla Goodman,1975-02-20,SYN-215-12-6016,35519,678,2026-04-25,66,0,,23d72c63-213f-3b6b-5004-deebd6eb1d45
c3c3ceab-2eae-60a5-3fd8-6f23ad00db9c,Antonio Nichols,2005-08-25,SYN-653-99-5090,135234,729,2025-08-10,324,0,,c3c3ceab-2eae-60a5-3fd8-6f23ad00db9c
f569f7cc-8993-a95a-5d1f-aa92883a4524,William Juarez,1972-03-03,SYN-276-95-9965,50992,738,2025-10-11,262,0,,f569f7cc-8993-a95a-5d1f-aa92883a4524
aa2d2167-1fee-8ded-cf9c-70d00b904449,Michelle Petty,1987-05-12,SYN-453-19-7969,39476,661,2025-02-28,487,0,,aa2d2167-1fee-8ded-cf9c-70d00b904449
40bdbf67-863f-b538-7d0d-21b932273a31,Martha Smith,1987-09-08,SYN-449-48-6987,51213,713,2026-04-30,61,0,,40bdbf67-863f-b538-7d0d-21b932273a31
fe97394f-e917-637f-03f6-4ac05d7328fe,Anna Dean,1990-04-26,SYN-198-68-8918,77372,736,2026-02-01,149,1,ring_0063,ring_0063
71702eb8-7dc9-12c8-e427-679c3ed83f0c,Michael Poole,1986-09-07,SYN-890-27-5824,52363,585,2025-01-12,534,0,,71702eb8-7dc9-12c8-e427-679c3ed83f0c
33ebc6dc-c0d9-9265-f853-0846435514bb,Jose Martinez,1989-05-07,SYN-668-92-2334,54204,850,2026-02-24,126,0,,33ebc6dc-c0d9-9265-f853-0846435514bb
0bb042e1-eb41-2939-18d6-8498a94db4fa,Pamela Dixon,1969-09-23,SYN-970-47-5388,76576,550,2025-06-13,382,0,,0bb042e1-eb41-2939-18d6-8498a94db4fa
fb8aaabf-f325-e0d4-6529-51021ad088ee,Chad King,2008-04-28,SYN-901-27-6076,69907,692,2025-03-10,477,0,,fb8aaabf-f325-e0d4-6529-51021ad088ee
41691a21-8fd9-f351-43b0-d90820c11a40,Chris Velazquez,1987-04-01,SYN-165-62-6988,76533,663,2025-02-08,507,0,,41691a21-8fd9-f351-43b0-d90820c11a40
e3eef750-430c-6016-91f3-1593b7d412db,Alvin Wilson,1989-10-09,SYN-497-45-7873,36018,669,2026-03-03,119,0,,e3eef750-430c-6016-91f3-1593b7d412db
f59d41f9-c8f9-1e87-0f1f-3c637ba9b6cf,Beth Cline,1979-11-04,SYN-278-17-7552,67130,658,2025-07-22,343,0,,f59d41f9-c8f9-1e87-0f1f-3c637ba9b6cf
f1c7ba77-597c-97fd-fc4e-5829523f561f,Ronald Martinez,2002-07-13,SYN-519-28-5870,68970,722,2026-03-01,121,0,,f1c7ba77-597c-97fd-fc4e-5829523f561f
3ab9d89c-5c12-8210-d36f-65b608847cb5,Thomas Black,1971-08-04,SYN-631-18-8581,40556,668,2025-06-02,393,0,,3ab9d89c-5c12-8210-d36f-65b608847cb5
07cd2438-4046-cd39-fc28-60298815969d,Linda Rodriguez,1987-02-19,SYN-732-12-6910,30665,642,2026-03-04,118,0,,07cd2438-4046-cd39-fc28-60298815969d
15ea4b9e-d7bb-622f-6ee1-e4b8efaa5513,Ashley Coleman,1991-03-04,SYN-784-27-8074,79405,696,2026-01-17,164,0,,15ea4b9e-d7bb-622f-6ee1-e4b8efaa5513
a1286013-ac53-c905-b3e2-89a72c19d365,Ian Torres,2001-02-04,SYN-770-14-1802,58701,608,2025-06-25,370,0,,a1286013-ac53-c905-b3e2-89a72c19d365
e18038c5-10ac-2ceb-1324-092ea5481b6e,Kevin Mccullough,1987-12-21,SYN-218-50-9419,71415,593,2025-01-14,532,0,,e18038c5-10ac-2ceb-1324-092ea5481b6e
74b405f2-4646-b357-b22f-fc37c9bdc368,Kurt Montgomery,2007-08-01,SYN-811-20-7125,41282,615,2025-01-22,524,0,,74b405f2-4646-b357-b22f-fc37c9bdc368
291cc8fd-230d-5e31-d069-c9f70014aa92,Bethany Haynes,2006-03-07,SYN-687-55-1599,39304,656,2025-05-15,411,0,,291cc8fd-230d-5e31-d069-c9f70014aa92
d42905e7-197f-1d77-939e-7fa04a89b8f7,Victor Hudson,2001-06-12,SYN-795-62-4987,34911,684,2025-08-10,324,0,,d42905e7-197f-1d77-939e-7fa04a89b8f7
d1442603-fec7-696e-2aa6-9c4be02fe3f7,Crystal Robinson,1996-01-22,SYN-110-37-5639,111329,567,2025-10-25,248,0,,d1442603-fec7-696e-2aa6-9c4be02fe3f7
fe22c4cc-7677-79c5-4628-7e6dfc33c7e5,Paula Blackburn,1996-03-03,SYN-811-58-9565,45584,711,2026-04-25,66,0,,fe22c4cc-7677-79c5-4628-7e6dfc33c7e5
2aefcf87-a05a-a90c-6e49-53ee17bcff99,Jamie Smith,2007-11-21,SYN-334-35-4767,145941,651,2026-03-29,93,0,,2aefcf87-a05a-a90c-6e49-53ee17bcff99
cca3eb8f-b5d8-3e58-c7d6-4ef943caf282,Patrick Mcneil,2000-02-06,SYN-662-48-7930,63618,571,2025-12-01,211,0,,cca3eb8f-b5d8-3e58-c7d6-4ef943caf282
5a172151-a593-a30d-36e5-15a25a390a1f,Dr. Katherine Nguyen,1994-01-31,SYN-644-77-4442,92373,624,2025-02-07,508,0,,5a172151-a593-a30d-36e5-15a25a390a1f
856e700e-5c76-2683-098c-be2b8a07a01f,Edwin Jackson,1996-09-12,SYN-656-60-2741,78546,648,2026-03-14,108,0,,856e700e-5c76-2683-098c-be2b8a07a01f
6dbdac34-919d-c9db-90c6-447479397914,Elizabeth Skinner MD,1984-08-10,SYN-530-75-7347,20664,769,2025-09-08,295,0,,6dbdac34-919d-c9db-90c6-447479397914
73929cac-6d32-8d39-b9c7-23e046c4be4b,Richard Rivera,1979-01-12,SYN-700-62-1673,15000,771,2025-02-06,509,0,,73929cac-6d32-8d39-b9c7-23e046c4be4b
5849018c-be59-dee3-14b6-4dc65c64faf7,Christina Ramirez,1975-06-10,SYN-471-83-8080,52167,587,2026-02-04,146,0,,5849018c-be59-dee3-14b6-4dc65c64faf7
788509f4-b1da-b72c-329f-d83876346604,Stephen Anderson,1971-10-05,SYN-758-61-8348,95847,755,2025-07-17,348,0,,788509f4-b1da-b72c-329f-d83876346604
e87c4d5a-e08e-a98b-0e41-d77d434ae93c,Ralph Anderson,1969-01-18,SYN-433-78-9610,26257,764,2025-09-10,293,0,,e87c4d5a-e08e-a98b-0e41-d77d434ae93c
9d78e3a1-a840-7bca-962b-33cfb93d37fa,John Chavez,1995-03-06,SYN-234-10-9387,27357,650,2025-01-22,524,0,,9d78e3a1-a840-7bca-962b-33cfb93d37fa
0dcdb8ab-2fe3-824f-5f5d-dc49a007e977,Janice Williams,2001-03-18,SYN-903-42-5742,38640,639,2025-06-30,365,0,,0dcdb8ab-2fe3-824f-5f5d-dc49a007e977
50444927-bf3d-d278-5787-6a819cda5b4b,Andrea Ho,2000-12-24,SYN-972-62-4062,32949,742,2025-03-16,471,0,,50444927-bf3d-d278-5787-6a819cda5b4b
45cdc1db-7bbd-a20d-2d49-031825e3398a,Oscar Carroll,1994-08-03,SYN-733-54-9142,42324,619,2025-05-25,401,0,,45cdc1db-7bbd-a20d-2d49-031825e3398a
a896376b-c398-cc5a-1bcd-e4549e310569,Cory Guerrero,1982-11-17,SYN-562-89-5974,29446,733,2025-10-02,271,0,,a896376b-c398-cc5a-1bcd-e4549e310569
6892a8ec-b531-7af4-74cf-9adc5ead2afa,Victoria Ward,1993-01-21,SYN-858-10-6218,182700,744,2025-05-21,405,1,ring_0158,ring_0158
981d7270-93d5-f0e9-ee41-86e88c37eaec,Tracy Walker,1974-06-28,SYN-856-88-5826,32909,639,2025-02-19,496,0,,981d7270-93d5-f0e9-ee41-86e88c37eaec
5c96e5ac-606c-d426-5808-2f95ec3b8e8c,Brittany Matthews,1991-11-07,SYN-897-64-8850,87676,615,2026-05-18,43,0,,5c96e5ac-606c-d426-5808-2f95ec3b8e8c
309bf82d-43d2-128f-f304-a3e2173a6ed1,Paul Willis,1988-01-26,SYN-564-92-5979,93248,714,2025-06-17,378,0,,309bf82d-43d2-128f-f304-a3e2173a6ed1
8af92138-a81e-ff05-efb3-8a19a8a035df,Shannon Miller,1990-08-09,SYN-625-21-7395,26008,706,2025-12-08,204,0,,8af92138-a81e-ff05-efb3-8a19a8a035df
3da1a289-365d-bec4-6d73-91ef1b603958,Erica White,2008-03-06,SYN-508-99-7276,18333,616,2026-04-04,87,0,,3da1a289-365d-bec4-6d73-91ef1b603958
c966d8d3-8c18-3e84-8bbe-0811231f71bc,James Morgan,1993-12-13,SYN-482-38-9702,42913,593,2025-06-28,367,0,,c966d8d3-8c18-3e84-8bbe-0811231f71bc
d8c737bc-56f2-e62b-3204-48916b1f24aa,Patricia Hernandez,1976-01-30,SYN-467-10-4696,68771,636,2025-06-20,375,0,,d8c737bc-56f2-e62b-3204-48916b1f24aa
5a2b088b-58f1-3a08-75d7-97f1a76eaf64,Jeffery Ortega,1978-09-05,SYN-719-70-5794,79080,764,2026-04-23,68,0,,5a2b088b-58f1-3a08-75d7-97f1a76eaf64
2d044d65-77dc-37f5-a139-fa57086cd4bd,Terry Murphy,1982-07-23,SYN-276-95-6758,72405,697,2025-02-17,498,0,,2d044d65-77dc-37f5-a139-fa57086cd4bd
80d065bf-0078-eb38-c9ba-bc8187595470,Hannah Arroyo,1966-02-28,SYN-423-79-6106,121991,725,2025-08-02,332,1,ring_0073,ring_0073
17a9fa30-23dd-87af-5866-7459cc9b41f1,Erin Silva,2002-04-03,SYN-598-48-6293,18748,595,2025-03-05,482,0,,17a9fa30-23dd-87af-5866-7459cc9b41f1
641b91c6-9f5f-69f2-1c80-28a291a3595b,Diane Taylor,1978-02-01,SYN-196-45-7142,102496,731,2025-05-22,404,0,,641b91c6-9f5f-69f2-1c80-28a291a3595b
f0c1ccd0-ac5c-4541-d573-e4178e458338,Amanda James,1983-12-29,SYN-263-66-8622,45545,744,2026-02-06,144,1,ring_0112,ring_0112
09ea5763-fe86-228b-7ec4-22f773b91fe6,Samantha Garcia,1969-02-05,SYN-734-78-5346,66203,718,2025-03-11,476,0,,09ea5763-fe86-228b-7ec4-22f773b91fe6
2de578d6-75da-fa0d-3314-4a9e706f4acf,Jamie Miller,1971-03-25,SYN-680-55-6433,68657,694,2025-06-15,380,0,,2de578d6-75da-fa0d-3314-4a9e706f4acf
06ddd119-c3fa-d4fe-424e-32b33f20725b,Jessica Burgess,1995-10-08,SYN-964-79-6895,136268,629,2025-12-30,182,0,,06ddd119-c3fa-d4fe-424e-32b33f20725b
73a4cb73-3390-4080-e7ae-a3665bb5946f,Megan Baker,1972-10-28,SYN-338-41-2995,70208,714,2025-10-02,271,0,,73a4cb73-3390-4080-e7ae-a3665bb5946f
8333d8c2-8791-e6d9-3e6c-90d140e0a778,Jennifer Anderson,1986-11-15,SYN-710-32-8333,55759,691,2025-07-17,348,0,,8333d8c2-8791-e6d9-3e6c-90d140e0a778
dc3f75ee-5c51-25f9-8426-f3b4cb836ca9,Debbie Dunn,1984-12-23,SYN-734-77-3257,41577,681,2025-04-06,450,0,,dc3f75ee-5c51-25f9-8426-f3b4cb836ca9
c2eb62ff-1c94-d845-8e78-a5a6cc9f8429,Joanna Pacheco,1979-09-23,SYN-398-81-5087,41326,694,2025-03-29,458,0,,c2eb62ff-1c94-d845-8e78-a5a6cc9f8429
e5c4e0bb-69c1-4e84-b28f-f300281056cd,Eric Spencer,1997-09-24,SYN-995-20-8736,53816,614,2025-04-11,445,0,,e5c4e0bb-69c1-4e84-b28f-f300281056cd
a856c00a-881f-be30-64fc-d60d4ea14c35,Lisa Martinez,1978-06-02,SYN-212-94-5379,37842,721,2025-09-15,288,0,,a856c00a-881f-be30-64fc-d60d4ea14c35
92aac364-4042-de31-d5fe-1e711b439f43,Mary Guerra,1995-12-14,SYN-654-70-8942,73067,678,2025-09-25,278,0,,92aac364-4042-de31-d5fe-1e711b439f43
4d6a46ef-cf6e-2d40-12f9-fc5467647742,Kelsey Baker,2002-06-06,SYN-512-65-2075,35381,743,2026-06-16,14,0,,4d6a46ef-cf6e-2d40-12f9-fc5467647742
f1a470ec-aef7-083a-f6b0-8c2a94916385,Travis Guerrero,2003-04-27,SYN-944-33-4002,33182,606,2025-01-21,525,0,,f1a470ec-aef7-083a-f6b0-8c2a94916385
defb9953-6137-2f0a-aeeb-3037e364b4d7,Kristina Herring,1972-07-23,SYN-266-50-5656,26109,601,2025-09-17,286,1,ring_0154,ring_0154
495a32b6-68bf-ef9e-15d0-789ad477e2b1,Susan Murray MD,1990-04-11,SYN-878-30-6176,95175,625,2025-05-01,425,0,,495a32b6-68bf-ef9e-15d0-789ad477e2b1
6345da7a-f7d3-e126-c989-6008b4a520ff,Mrs. Amy Hale,1981-02-26,SYN-925-67-3187,126685,749,2025-09-28,275,0,,6345da7a-f7d3-e126-c989-6008b4a520ff
219a77a0-286f-81bb-8b3a-c845deb02f90,Melissa Brewer,2004-05-26,SYN-822-23-3544,15627,666,2025-07-24,341,0,,219a77a0-286f-81bb-8b3a-c845deb02f90
2bf65196-31ce-6cf6-a011-8fb3762bd344,Lance Kirby,1987-01-21,SYN-237-80-9060,178679,815,2026-02-07,143,0,,2bf65196-31ce-6cf6-a011-8fb3762bd344
2265c1cb-afcf-0732-b484-07f2bda72313,Jennifer Esparza,2002-03-25,SYN-870-16-3187,50048,632,2025-09-29,274,0,,2265c1cb-afcf-0732-b484-07f2bda72313
86207572-06d6-c95a-199f-ee8954f80ac7,Nicholas Moss,1982-07-12,SYN-528-14-3719,39772,724,2026-05-18,43,0,,86207572-06d6-c95a-199f-ee8954f80ac7
af26690f-b463-d9aa-8131-e85322139c96,Michael Cruz,1991-02-14,SYN-850-18-2529,73986,676,2026-05-04,57,0,,af26690f-b463-d9aa-8131-e85322139c96
d89333c2-db41-1fda-2664-ad9173fa45e5,Jennifer Allen,2007-12-06,SYN-474-26-9834,33067,745,2026-01-06,175,1,ring_0097,ring_0097
12b8371c-cff2-a292-deb2-1dabc8dd18c0,Katherine Gallagher,1993-02-22,SYN-129-96-2594,41741,688,2025-01-05,541,0,,12b8371c-cff2-a292-deb2-1dabc8dd18c0
1ba186ac-78c1-9f37-92a0-7f830666bc85,Laura Vaughn,1992-07-21,SYN-627-20-4522,75179,717,2025-12-27,185,0,,1ba186ac-78c1-9f37-92a0-7f830666bc85
d3e239a5-23f1-7958-1f71-8d42945f629d,Glenn Elliott,1982-01-02,SYN-232-86-7936,43667,755,2025-09-23,280,0,,d3e239a5-23f1-7958-1f71-8d42945f629d
e3cc575a-1622-a827-3bbd-a4d417c03237,Donald Bell,2007-06-25,SYN-474-59-7836,69889,561,2026-01-06,175,0,,e3cc575a-1622-a827-3bbd-a4d417c03237
b9310a1e-a0d0-c7e2-5aa3-1a0658e238e4,Melissa Yang,1968-10-08,SYN-511-83-9886,67245,729,2026-02-24,126,0,,b9310a1e-a0d0-c7e2-5aa3-1a0658e238e4
548a2e9e-539e-5e57-1e04-a9d3858f76a5,Dr. Charles Lawrence,1991-07-08,SYN-316-28-8072,24569,756,2026-06-10,20,0,,548a2e9e-539e-5e57-1e04-a9d3858f76a5
94a7c56a-e656-3c2c-07e3-61f043321290,Michael Walls,1979-09-24,SYN-685-87-8426,27308,726,2026-01-12,169,0,,94a7c56a-e656-3c2c-07e3-61f043321290
600c9518-8ed2-d357-cc43-47ae86f2fb03,Amanda Meadows,2007-10-06,SYN-547-27-1318,21590,686,2025-12-30,182,0,,600c9518-8ed2-d357-cc43-47ae86f2fb03
6540916a-2d46-7eee-1cdf-d440665c8864,Jerry Hamilton,1984-09-05,SYN-995-67-2463,52936,633,2025-08-16,318,0,,6540916a-2d46-7eee-1cdf-d440665c8864
980d5975-b16e-314e-fdf7-b1642c967390,Jennifer Hernandez,1983-03-05,SYN-197-80-9021,54889,760,2026-05-02,59,0,,980d5975-b16e-314e-fdf7-b1642c967390
ecdecb19-5f14-5d42-b54d-9194390d500d,Adam Bennett,1981-02-17,SYN-250-63-2804,80788,601,2026-04-24,67,1,ring_0016,ring_0016
ce23cd6a-8fd1-d629-7645-75bb12af05d1,Christina Wilson,2002-12-05,SYN-321-93-2515,69474,816,2025-11-21,221,0,,ce23cd6a-8fd1-d629-7645-75bb12af05d1
cd8fb3ef-5dda-bd67-0a95-eb1ab6bbbedd,Michael Ayala,1995-06-08,SYN-174-29-2439,42761,604,2025-11-03,239,0,,cd8fb3ef-5dda-bd67-0a95-eb1ab6bbbedd
1491f478-2976-7c5c-b67d-332f0445401b,Annette Lane,1998-02-13,SYN-965-40-3803,91787,716,2026-05-31,30,0,,1491f478-2976-7c5c-b67d-332f0445401b
548eef5a-396d-d275-ac26-6d7782a130a7,Wayne Morgan,1998-02-26,SYN-150-61-3392,77887,814,2025-10-04,269,0,,548eef5a-396d-d275-ac26-6d7782a130a7
83fb9908-3d9e-58b6-1f18-d1e2520e3d1e,Ryan Nguyen,1981-06-07,SYN-822-99-5526,36982,775,2026-02-15,135,1,ring_0131,ring_0131
b703f832-9eb0-b0eb-81da-29ba71b64bec,Karen Hughes,1977-12-02,SYN-901-30-1150,125250,596,2026-02-18,132,0,,b703f832-9eb0-b0eb-81da-29ba71b64bec
8efcf900-7058-b9df-ff81-3f1423c2c7c3,Stephen Walker,1982-05-24,SYN-594-42-1407,83474,640,2025-06-30,365,0,,8efcf900-7058-b9df-ff81-3f1423c2c7c3
8ba85c80-3faa-bfdc-f533-2f0aaffce605,Kimberly White,1965-12-30,SYN-729-18-1119,186996,663,2026-06-20,10,0,,8ba85c80-3faa-bfdc-f533-2f0aaffce605
b149b033-c8c1-479b-c188-d4a66dead81b,Jamie Mclaughlin,1961-08-14,SYN-147-65-1946,92286,644,2025-06-24,371,0,,b149b033-c8c1-479b-c188-d4a66dead81b
efbcb83f-3832-874d-4a10-5be2794fb308,Kim Vincent,2000-10-07,SYN-610-27-3833,56403,563,2026-02-04,146,0,,efbcb83f-3832-874d-4a10-5be2794fb308
6a9d2302-7522-dbd5-d1dd-307919874f30,Misty Hudson,1995-03-10,SYN-821-68-9408,20749,587,2025-07-18,347,1,ring_0151,ring_0151
49a8d8cd-454a-0c66-d7e1-33fbc91de50d,Joseph White,1985-06-15,SYN-493-51-5008,57418,698,2025-02-22,493,0,,49a8d8cd-454a-0c66-d7e1-33fbc91de50d
6d90faab-6118-1b16-7cff-f821b4567fbc,Mario Washington,1959-05-24,SYN-493-64-1924,17460,697,2026-04-27,64,1,ring_0182,ring_0182
1a5a3f40-db49-8e27-27b2-ad2f8effb0ba,Bianca Knapp,1984-08-30,SYN-162-65-2035,58734,724,2026-02-11,139,0,,1a5a3f40-db49-8e27-27b2-ad2f8effb0ba
f8e0adb0-8e88-5ce4-f466-eaaaae888c09,John Jones,1986-09-25,SYN-947-26-1481,127201,733,2026-05-22,39,0,,f8e0adb0-8e88-5ce4-f466-eaaaae888c09
58526621-9d0f-6676-b614-41adcf45fd90,Joshua Washington,2008-05-16,SYN-342-74-8229,44989,723,2026-05-27,34,0,,58526621-9d0f-6676-b614-41adcf45fd90
5933cd2d-aa24-b01a-fe32-a4767b473580,Douglas Frye,1977-07-03,SYN-673-84-6229,25402,692,2025-02-27,488,0,,5933cd2d-aa24-b01a-fe32-a4767b473580
113d2dd1-282f-52d6-d6e6-ed7822db0845,Jon Garza,1970-12-31,SYN-116-94-7375,110726,780,2025-12-06,206,0,,113d2dd1-282f-52d6-d6e6-ed7822db0845
755b0491-9556-f225-de08-99c52df8b875,Toni Galloway,2007-11-07,SYN-135-18-8256,83628,717,2025-07-27,338,0,,755b0491-9556-f225-de08-99c52df8b875
a462a8be-c65f-62d7-e8f6-8065b17aed32,Austin Green,1972-10-19,SYN-330-25-9114,51064,580,2025-04-18,438,0,,a462a8be-c65f-62d7-e8f6-8065b17aed32
c508effc-c38d-8c60-db88-13cebfdd24b8,Diana May,1987-11-23,SYN-455-66-3872,45036,813,2026-02-11,139,0,,c508effc-c38d-8c60-db88-13cebfdd24b8
271d593f-0677-d2c4-d594-218905bef57b,Ruben Clark,2007-09-15,SYN-802-34-8740,37432,542,2025-07-09,356,0,,271d593f-0677-d2c4-d594-218905bef57b
58c0efbf-baa8-f5d1-e0d0-4de75cfbaf0e,Robert Perkins,1995-10-27,SYN-323-69-8370,42165,710,2026-02-10,140,0,,58c0efbf-baa8-f5d1-e0d0-4de75cfbaf0e
bb22dd2c-09b8-8309-7747-a0a98bb30407,Jason Flores,1988-04-07,SYN-725-43-2019,91218,736,2025-11-19,223,0,,bb22dd2c-09b8-8309-7747-a0a98bb30407
2b5dc709-07bd-fb42-e96e-c48d8ea76b4c,Erin Ellis,1990-06-16,SYN-586-43-9932,23890,587,2025-01-17,529,0,,2b5dc709-07bd-fb42-e96e-c48d8ea76b4c
23130d93-44cb-ca9e-bad1-4f618cc0f880,Jimmy Terry,1980-05-05,SYN-991-33-1383,31550,588,2025-09-30,273,0,,23130d93-44cb-ca9e-bad1-4f618cc0f880
4b8c4194-309f-a59d-5710-d3885230ac61,Zachary Barnes,1976-06-22,SYN-279-14-4022,70093,571,2025-11-20,222,1,ring_0097,ring_0097
f3383bbe-548a-755f-c20b-afd96693099e,Julie Allen,1967-05-31,SYN-203-26-2853,124347,668,2026-05-18,43,0,,f3383bbe-548a-755f-c20b-afd96693099e
560cf012-6235-80e2-02a3-9f6af922a142,Joel Cook,1994-03-03,SYN-210-91-8568,43225,700,2025-10-21,252,0,,560cf012-6235-80e2-02a3-9f6af922a142
bdb1049d-c68a-4a6a-3249-88aae046c4be,Alexandra Ramos,1989-12-07,SYN-694-91-5156,78696,616,2025-03-18,469,0,,bdb1049d-c68a-4a6a-3249-88aae046c4be
70458370-8ad1-c48a-95ea-81cbc394404d,Beth Price,1969-12-02,SYN-852-32-7026,22631,762,2025-10-21,252,0,,70458370-8ad1-c48a-95ea-81cbc394404d
f322ba22-14b1-f8d9-8435-0b0cb0b70793,Cynthia Hernandez,2004-01-05,SYN-626-10-9828,26427,686,2025-05-09,417,0,,f322ba22-14b1-f8d9-8435-0b0cb0b70793
3d2c4781-7969-496e-6179-e59de0412425,Willie Lara,1991-01-05,SYN-370-59-6577,101827,620,2026-03-17,105,0,,3d2c4781-7969-496e-6179-e59de0412425
0735f16f-3b35-d47e-c2a9-61362a07d5da,Michael Lambert,1981-04-17,SYN-515-50-4261,83719,747,2025-08-10,324,0,,0735f16f-3b35-d47e-c2a9-61362a07d5da
f1c626c2-107d-28c8-ee9a-61e0928de88c,Emily Pearson,1994-11-18,SYN-321-86-2101,61909,642,2025-12-03,209,0,,f1c626c2-107d-28c8-ee9a-61e0928de88c
70fc6e89-2e14-4e42-92eb-5cc0d6c0cc57,Richard Hunt,1996-11-20,SYN-344-56-2480,51686,625,2025-11-05,237,0,,70fc6e89-2e14-4e42-92eb-5cc0d6c0cc57
41dabe7a-fca7-35e7-e560-a3144272585b,Jacob Allen,1996-08-16,SYN-299-94-2342,47044,746,2025-09-24,279,0,,41dabe7a-fca7-35e7-e560-a3144272585b
4c7a1c7b-18f2-0066-93b7-32962daca112,Jennifer Barrett,1995-03-24,SYN-598-41-4888,145175,756,2026-05-21,40,0,,4c7a1c7b-18f2-0066-93b7-32962daca112
bc85d33f-047f-e79f-945b-d9c1a7cfe9e9,Jon Ramos,1996-03-01,SYN-327-98-1123,40583,623,2025-07-12,353,0,,bc85d33f-047f-e79f-945b-d9c1a7cfe9e9
05cd83ed-388a-7162-f2d2-662c9a571ca8,Elizabeth Hill,1972-05-08,SYN-528-66-8790,46964,690,2025-02-09,506,0,,05cd83ed-388a-7162-f2d2-662c9a571ca8
ca48fa01-a7b4-2a8e-cb86-0e75f969dca2,Sandy Reynolds,1967-03-14,SYN-931-41-6140,97790,739,2025-07-28,337,0,,ca48fa01-a7b4-2a8e-cb86-0e75f969dca2
7e3370a1-b885-8f21-2fc7-7ec71980860b,Mark Warren IV,2001-10-25,SYN-168-71-5339,52314,590,2025-07-11,354,0,,7e3370a1-b885-8f21-2fc7-7ec71980860b
7ec3bfaf-ccf7-c079-6978-451cbe0a15dd,Rachel Rollins,1972-06-24,SYN-428-45-7224,74521,648,2026-05-17,44,0,,7ec3bfaf-ccf7-c079-6978-451cbe0a15dd
c92e7ff0-793a-064d-6a28-7d93ee648277,Ryan Smith,1977-08-14,SYN-262-12-3946,49390,692,2025-06-27,368,0,,c92e7ff0-793a-064d-6a28-7d93ee648277
26c09dbe-5f14-d633-66cd-27c3676903b3,Gary Wells,1994-06-14,SYN-504-33-2021,73657,635,2025-04-14,442,0,,26c09dbe-5f14-d633-66cd-27c3676903b3
583ab107-5bde-caf0-b87e-3ae6ed005f82,Kenneth Swanson,1975-07-25,SYN-589-31-9703,93537,680,2026-05-09,52,1,ring_0163,ring_0163
2a9f13c0-c19d-cf50-a173-28f18b785425,Dawn Rivera,1995-06-27,SYN-949-73-3050,79196,679,2026-01-15,166,0,,2a9f13c0-c19d-cf50-a173-28f18b785425
8fc671cb-c306-afa0-0f12-ce06353ac5dc,Kristie Hendrix MD,1990-06-07,SYN-607-46-4314,38437,616,2025-10-10,263,0,,8fc671cb-c306-afa0-0f12-ce06353ac5dc
9c144704-093e-0d2a-19c4-d2b26fbbc742,Daniel Turner,1978-04-24,SYN-879-26-1213,35964,693,2026-03-13,109,0,,9c144704-093e-0d2a-19c4-d2b26fbbc742
8e308d1e-139d-a777-f2ad-df62ff853de7,Mr. Joseph Thompson,1991-10-27,SYN-822-26-4972,49058,638,2026-06-02,28,0,,8e308d1e-139d-a777-f2ad-df62ff853de7
36434357-d23c-4141-4177-f39e3dce178c,Ronald Santos,1997-03-25,SYN-243-96-3830,29672,677,2025-02-05,510,0,,36434357-d23c-4141-4177-f39e3dce178c
8bf97408-29ee-7c14-3d90-2c70fbc0ba35,Ms. Janet Leonard,1985-10-16,SYN-345-49-1338,185746,662,2025-03-28,459,0,,8bf97408-29ee-7c14-3d90-2c70fbc0ba35
24c52e9d-1daf-0e22-19c2-b4f381314ef9,Evelyn Dunn,1975-05-11,SYN-304-24-7565,43262,586,2025-07-27,338,0,,24c52e9d-1daf-0e22-19c2-b4f381314ef9
961bb79d-490d-6944-d19c-e626a089de2b,Andres Marshall,1985-03-20,SYN-939-65-5465,23079,626,2025-06-22,373,0,,961bb79d-490d-6944-d19c-e626a089de2b
563902b0-19df-6874-991e-c9231f1bc135,Kimberly Gibson,1977-02-02,SYN-587-56-3419,70742,696,2025-04-13,443,0,,563902b0-19df-6874-991e-c9231f1bc135
ad7f3782-5b84-adec-a640-19a3bdd22f76,Patricia Ray,1972-06-04,SYN-684-33-7699,72558,683,2025-05-09,417,0,,ad7f3782-5b84-adec-a640-19a3bdd22f76
bb53c4bf-b325-87cd-4784-be08ef8af455,Eric Fitzgerald,1984-05-29,SYN-256-96-7863,59827,767,2025-08-29,305,0,,bb53c4bf-b325-87cd-4784-be08ef8af455
67e46a78-1585-114d-0b1b-1033decd0960,Erica Huynh,1998-07-17,SYN-735-62-1959,51553,597,2025-04-01,455,0,,67e46a78-1585-114d-0b1b-1033decd0960
a33030eb-b5dc-44de-04a5-a446694399ca,Christopher Farrell,1974-12-30,SYN-238-37-2647,35851,626,2025-11-03,239,0,,a33030eb-b5dc-44de-04a5-a446694399ca
a59621dc-542f-85aa-5d04-13c6f4aa389c,Wayne Weaver,1994-02-12,SYN-327-14-7906,40670,782,2025-05-26,400,0,,a59621dc-542f-85aa-5d04-13c6f4aa389c
63f45871-0590-e403-5740-bc41c2b76bde,Henry Evans,1992-04-19,SYN-834-22-5033,48891,642,2025-02-05,510,1,ring_0059,ring_0059
30edb828-5b89-1236-6c14-543c0d75c357,Eric Thomas,1976-07-09,SYN-117-38-6228,31209,572,2026-01-18,163,0,,30edb828-5b89-1236-6c14-543c0d75c357
d2ea5227-83a9-75ee-bda4-4452ba7a9127,Terry Carr,1971-08-19,SYN-371-25-1553,71812,728,2025-07-30,335,0,,d2ea5227-83a9-75ee-bda4-4452ba7a9127
43087955-d25a-3638-d1c0-59143bdea4f6,Kim Flynn,1971-02-25,SYN-384-77-3063,70749,687,2026-03-13,109,0,,43087955-d25a-3638-d1c0-59143bdea4f6
e6089e38-81a8-2306-2561-944ce1b30f8c,Edgar Miller,1997-03-12,SYN-332-90-8938,77367,728,2025-12-12,200,0,,e6089e38-81a8-2306-2561-944ce1b30f8c
1f0f9db0-03bf-e7bd-acc8-eb522801f86d,Dean Harris,1992-02-25,SYN-622-32-2183,62826,637,2025-12-29,183,0,,1f0f9db0-03bf-e7bd-acc8-eb522801f86d
5ff5dcac-671f-7511-0292-17801b294333,Anthony Gordon,1990-10-30,SYN-232-59-2136,37102,721,2025-07-29,336,0,,5ff5dcac-671f-7511-0292-17801b294333
9f7f5965-938f-c0b3-1d74-60680a810cd1,Nicole Richards,1981-06-27,SYN-793-28-8996,57107,667,2025-10-07,266,0,,9f7f5965-938f-c0b3-1d74-60680a810cd1
ecc549dd-259e-f014-3ca6-fa350fd6d371,Yolanda Johnson,1992-01-02,SYN-259-96-6306,63275,718,2025-10-01,272,0,,ecc549dd-259e-f014-3ca6-fa350fd6d371
e85f6b0e-e38d-29fa-d33a-a4b956fcbc4a,Mr. Daniel King Jr.,1987-07-31,SYN-152-99-2342,52894,713,2025-09-14,289,0,,e85f6b0e-e38d-29fa-d33a-a4b956fcbc4a
b451d086-4cfa-a654-e77f-a3a31e9dc65c,Carl Rubio,1963-07-30,SYN-299-39-1220,106924,659,2026-05-12,49,0,,b451d086-4cfa-a654-e77f-a3a31e9dc65c
1526a75c-2659-a397-771d-767cccc97ff6,Rebekah Gregory,1982-11-21,SYN-624-13-4465,51384,781,2025-11-16,226,0,,1526a75c-2659-a397-771d-767cccc97ff6
5649977c-9016-b14e-31f1-de185bded0eb,Catherine Soto,1994-07-24,SYN-289-68-1856,57320,685,2025-04-09,447,0,,5649977c-9016-b14e-31f1-de185bded0eb
01cba754-2521-8a2a-6c8f-3517d04bc7ec,Carolyn Greer,1992-08-05,SYN-838-42-6909,54516,654,2025-08-20,314,0,,01cba754-2521-8a2a-6c8f-3517d04bc7ec
56d7ee08-bb30-fd1f-6103-a6f04e6f8044,Paul Wagner,1996-03-06,SYN-746-80-5293,46551,617,2026-05-16,45,0,,56d7ee08-bb30-fd1f-6103-a6f04e6f8044
a400f5a2-a744-b11e-384b-0d4d40f974de,April Arias,1965-01-02,SYN-799-76-7730,50598,710,2025-08-08,326,1,ring_0173,ring_0173
870e4b63-b60c-9105-3969-e9774345fa81,Christian Leblanc,1966-08-24,SYN-417-25-6025,31787,613,2025-01-14,532,0,,870e4b63-b60c-9105-3969-e9774345fa81
b6a0ebcc-0b26-5875-e0a4-d3049bc9c017,Amber Obrien,1997-06-26,SYN-213-73-7763,83676,748,2025-08-23,311,0,,b6a0ebcc-0b26-5875-e0a4-d3049bc9c017
5965b78c-bc41-ba54-7469-c9388132cd68,Douglas Gregory,1978-07-04,SYN-458-19-7363,81967,739,2025-06-21,374,0,,5965b78c-bc41-ba54-7469-c9388132cd68
5aa54a16-c916-d660-eab4-c31ffceae9c3,Megan Koch,1980-08-17,SYN-494-54-6132,54332,553,2025-04-17,439,0,,5aa54a16-c916-d660-eab4-c31ffceae9c3
37a38423-7919-40bb-59c7-091f30b9b1bc,Kristopher Curtis,1984-04-17,SYN-862-95-7197,35179,643,2025-03-03,484,0,,37a38423-7919-40bb-59c7-091f30b9b1bc
877fdcf7-dcd8-8093-49aa-63565625586c,Miranda Huber,1992-06-13,SYN-487-22-2021,45519,653,2025-10-11,262,0,,877fdcf7-dcd8-8093-49aa-63565625586c
4f828342-2b8a-1495-c119-a05fe2382234,Colleen Lee,1971-07-08,SYN-645-89-1063,30728,755,2026-03-03,119,1,ring_0060,ring_0060
cbbb06cd-7724-d6b3-cde9-ec6449bbf1a3,Robin Terry,1991-08-18,SYN-958-35-5515,32250,650,2025-03-30,457,0,,cbbb06cd-7724-d6b3-cde9-ec6449bbf1a3
94a587a9-4b8f-fcfd-70a7-b14c7e8db610,Isabella Taylor,1990-11-23,SYN-573-43-1440,121872,661,2025-09-02,301,0,,94a587a9-4b8f-fcfd-70a7-b14c7e8db610
e0794e65-3000-cd1c-19f3-0bac2fdf70fd,Amber Keller,1995-06-14,SYN-687-95-8002,140730,705,2025-02-16,499,1,ring_0184,ring_0184
ad068ccc-7c37-3970-402e-79aaf97fe1ed,Brandon Stewart,1974-05-07,SYN-598-98-7203,70369,584,2026-05-23,38,0,,ad068ccc-7c37-3970-402e-79aaf97fe1ed
2a47eb98-3035-7972-5764-2c4c2aca25c0,Jasmin Hamilton,1984-02-17,SYN-212-97-3954,54921,707,2026-06-07,23,0,,2a47eb98-3035-7972-5764-2c4c2aca25c0
fe12c8e3-af67-7237-5628-b3b2f130a39b,Angela Brown,1980-01-07,SYN-486-28-8258,64936,605,2025-05-19,407,1,ring_0010,ring_0010
0f999321-6bf0-2a47-bae1-f88528f8f555,Justin York,2007-02-27,SYN-548-29-9426,15000,695,2025-12-07,205,0,,0f999321-6bf0-2a47-bae1-f88528f8f555
a83e5f36-de01-feaf-a947-97d09a41b1e9,Keith Meadows,1990-05-11,SYN-948-76-6349,77815,626,2025-12-15,197,0,,a83e5f36-de01-feaf-a947-97d09a41b1e9
7dc2f4c6-472d-0720-2f10-447bc4be5e68,William Howard,1996-10-22,SYN-557-89-2681,43947,627,2026-05-27,34,0,,7dc2f4c6-472d-0720-2f10-447bc4be5e68
92e28435-e94f-8d7b-256d-f4a8efedf58b,Brent Wong,1963-01-09,SYN-340-22-1863,108583,726,2025-07-09,356,0,,92e28435-e94f-8d7b-256d-f4a8efedf58b
9a1793a1-c345-f582-ee1f-a49c0dd42f96,Melvin Flores,1990-01-15,SYN-827-14-4619,47339,746,2026-01-21,160,0,,9a1793a1-c345-f582-ee1f-a49c0dd42f96
ccf56f09-3e72-4ef8-9dfb-9b7273d40cb2,Richard Miller,1981-06-19,SYN-797-20-9948,53448,691,2026-05-21,40,0,,ccf56f09-3e72-4ef8-9dfb-9b7273d40cb2
891ca2c4-974a-d00f-94d8-c663a048aec0,Alexis Kim,1994-03-27,SYN-324-90-2619,49782,657,2026-04-28,63,0,,891ca2c4-974a-d00f-94d8-c663a048aec0
0f39c3ca-74ae-06ba-77a1-5912c88ce6d1,Richard Molina,1992-01-22,SYN-665-78-4716,42597,705,2026-05-29,32,0,,0f39c3ca-74ae-06ba-77a1-5912c88ce6d1
5a1976f7-baa4-6a9f-daae-db9ed9e240a1,Bobby Arnold,1998-03-05,SYN-968-77-4533,41795,639,2025-08-05,329,0,,5a1976f7-baa4-6a9f-daae-db9ed9e240a1
98c19254-9bc7-a456-8c39-c08b4bd05e2d,Christina Reese,1992-05-22,SYN-270-55-6221,62830,635,2025-10-20,253,0,,98c19254-9bc7-a456-8c39-c08b4bd05e2d
6342aee4-4138-dd20-5bec-b0d68a16fe1a,Tracey Wagner,1981-08-28,SYN-753-20-6112,52678,675,2025-10-10,263,0,,6342aee4-4138-dd20-5bec-b0d68a16fe1a
c0d722f7-32d0-05d6-5cd6-6c3ac88157b1,Laurie Bailey,1972-09-25,SYN-232-43-8345,67893,647,2025-05-11,415,0,,c0d722f7-32d0-05d6-5cd6-6c3ac88157b1
31d93970-6566-c0e2-cbee-411ccc19259e,Lauren Freeman,1985-09-18,SYN-365-47-9550,63328,814,2026-01-01,180,0,,31d93970-6566-c0e2-cbee-411ccc19259e
5a1c6a1c-5857-90c2-20a7-b807e7ecb8c5,Michelle Harmon,1966-12-07,SYN-947-46-2085,23281,707,2025-06-11,384,0,,5a1c6a1c-5857-90c2-20a7-b807e7ecb8c5
ea4843c4-076b-c1f2-1363-e8792a8508d6,Melanie Long,2006-05-31,SYN-324-81-7683,17319,596,2025-06-14,381,0,,ea4843c4-076b-c1f2-1363-e8792a8508d6
9a0341c4-057a-f36a-298c-f2e9187a76fa,Jessica Robinson,1993-06-01,SYN-805-17-1916,81707,607,2025-12-20,192,0,,9a0341c4-057a-f36a-298c-f2e9187a76fa
f81b90d9-cc7f-e1fa-6639-a001a7c168b3,Lisa Campbell,2008-01-24,SYN-994-36-5530,33525,699,2025-11-11,231,0,,f81b90d9-cc7f-e1fa-6639-a001a7c168b3
a8a7f2b1-a32c-0e06-51eb-d912b276da6c,William Mcgrath,1992-11-21,SYN-487-48-5783,30284,689,2026-01-15,166,1,ring_0039,ring_0039
cff8a1bb-2baf-d86c-3308-d5de9189ffba,Roger Weaver,1969-03-18,SYN-834-21-6077,41129,708,2025-06-22,373,0,,cff8a1bb-2baf-d86c-3308-d5de9189ffba
0e9a09ac-6a8b-e9bf-dc2f-bf680ea846bc,Amanda Hernandez,1975-03-27,SYN-801-31-1653,53866,642,2025-10-25,248,0,,0e9a09ac-6a8b-e9bf-dc2f-bf680ea846bc
21ebb2cb-ef46-db7b-60e3-b4d6b492296e,Janet Leonard,1981-11-29,SYN-500-14-1241,124984,639,2026-04-25,66,1,ring_0137,ring_0137
bde4c274-1356-a9d9-7aee-b2eb532ed1a0,Bryan Burns,1979-10-24,SYN-978-51-4716,71849,789,2025-12-04,208,0,,bde4c274-1356-a9d9-7aee-b2eb532ed1a0
25fcf250-a280-1e4e-12d7-70ebc8533223,Manuel Mccullough,1993-09-03,SYN-664-87-1286,50887,613,2026-05-25,36,0,,25fcf250-a280-1e4e-12d7-70ebc8533223
9ae73601-da31-2288-5208-31f4b91dbb7c,Katherine Clarke,1978-02-19,SYN-190-94-2107,25668,650,2025-01-15,531,0,,9ae73601-da31-2288-5208-31f4b91dbb7c
42850c89-6869-aee6-c472-53bfc0fd9179,Jason Graves,1972-02-15,SYN-348-10-1662,41660,642,2026-01-20,161,0,,42850c89-6869-aee6-c472-53bfc0fd9179
b9b26d1b-15b8-1689-0a96-72444f248055,Andrew Chavez,1991-10-19,SYN-718-57-4347,40178,603,2025-03-12,475,0,,b9b26d1b-15b8-1689-0a96-72444f248055
a86ae0b3-9e59-4264-513f-76d28c687a19,Matthew Andrade,1977-05-13,SYN-977-62-6912,73412,621,2026-06-21,9,0,,a86ae0b3-9e59-4264-513f-76d28c687a19
870df259-fc09-89ce-94ad-d64abc3a15e7,Robert Harrison,1967-01-06,SYN-767-83-4367,44999,687,2025-04-13,443,0,,870df259-fc09-89ce-94ad-d64abc3a15e7
3fb56567-6e11-5513-c7d8-dcc198bf9659,James Cox,1982-06-20,SYN-632-63-9626,98210,614,2026-06-24,6,0,,3fb56567-6e11-5513-c7d8-dcc198bf9659
f5bfe610-0b0d-7b74-c7d3-d3da8530503a,Heather Nunez,1993-06-11,SYN-163-32-9080,58621,624,2025-12-03,209,0,,f5bfe610-0b0d-7b74-c7d3-d3da8530503a
8e52f24b-f2ea-0c54-f3cd-660977e116bd,Christopher Hill,1990-08-11,SYN-649-60-8243,119029,565,2025-10-29,244,0,,8e52f24b-f2ea-0c54-f3cd-660977e116bd
d3f477f5-3cba-22ec-f741-fc616fccefbb,Valerie Harrison,1953-06-08,SYN-176-74-2005,57782,777,2025-10-23,250,0,,d3f477f5-3cba-22ec-f741-fc616fccefbb
332aab71-4001-f373-63dc-4bedbb6f2c66,Maria Coleman,1987-07-20,SYN-779-28-8339,45068,655,2025-08-02,332,0,,332aab71-4001-f373-63dc-4bedbb6f2c66
6a59735d-5955-79d7-4412-33c1949c2ce0,Lauren Trevino,1996-03-04,SYN-639-55-8369,42720,598,2026-02-21,129,0,,6a59735d-5955-79d7-4412-33c1949c2ce0
5176bf51-dcdb-de5c-aba4-f76108ae79b5,Jennifer Brown,1959-05-16,SYN-102-75-9252,28043,661,2025-04-19,437,0,,5176bf51-dcdb-de5c-aba4-f76108ae79b5
f410df80-da86-dc3f-305a-85576118c4c0,Allison Fisher,1984-09-12,SYN-210-57-3336,40092,713,2026-05-17,44,0,,f410df80-da86-dc3f-305a-85576118c4c0
8f05becc-13f3-b9d2-59ed-5f3545c33da3,David Morrison,1993-03-27,SYN-365-58-3282,46212,748,2026-02-26,124,0,,8f05becc-13f3-b9d2-59ed-5f3545c33da3
f24a9f5c-8e2f-4f05-9790-c5c9684ee046,Christopher Hunter MD,1975-06-03,SYN-642-87-4287,41495,850,2026-05-12,49,0,,f24a9f5c-8e2f-4f05-9790-c5c9684ee046
79e91d80-f8cd-3ba0-862d-ff2df72d4a1a,Alison Brown,1968-04-10,SYN-898-29-9339,185670,713,2025-04-25,431,0,,79e91d80-f8cd-3ba0-862d-ff2df72d4a1a
166a0526-dc77-53cd-688b-104eaf555f8a,Jennifer Johnson DVM,1981-09-19,SYN-546-10-4482,58061,629,2025-05-24,402,0,,166a0526-dc77-53cd-688b-104eaf555f8a
41ba0986-bf44-832f-2af1-e1028b1ef291,Robert Hendrix,1982-07-26,SYN-384-35-5572,51846,799,2025-09-24,279,0,,41ba0986-bf44-832f-2af1-e1028b1ef291
40d8dd4a-2b96-f389-759b-f134a9dfcab3,Michael Bell,1997-01-02,SYN-860-17-4743,44706,649,2025-03-20,467,0,,40d8dd4a-2b96-f389-759b-f134a9dfcab3
d4ed884f-cb7b-40f7-bd51-6f7a72d92edd,Kristen Ray,1969-10-24,SYN-754-20-1683,99983,658,2025-11-02,240,0,,d4ed884f-cb7b-40f7-bd51-6f7a72d92edd
0c56bc5a-3d55-0e1d-2030-ee6b524d6515,Brittany Fitzgerald,1975-09-25,SYN-824-47-7285,59216,698,2025-06-27,368,0,,0c56bc5a-3d55-0e1d-2030-ee6b524d6515
09f8a2cf-900a-749f-a71a-aa0b1a705e44,Tyler Cole,1978-10-17,SYN-591-72-4182,18383,676,2025-02-25,490,0,,09f8a2cf-900a-749f-a71a-aa0b1a705e44
a71eec3f-98c0-749f-154b-ad5efc8491bb,Jill Spencer,1978-11-19,SYN-643-85-8208,82511,737,2025-01-22,524,0,,a71eec3f-98c0-749f-154b-ad5efc8491bb
bf7516e5-323e-4dd0-c976-791c01771811,Betty Cole,1984-07-22,SYN-996-45-6687,67834,712,2026-04-27,64,0,,bf7516e5-323e-4dd0-c976-791c01771811
3a3630f2-d4d9-c0b2-036a-46aaf7fcf6d3,Danielle Wilson,1968-01-21,SYN-756-47-2267,45762,685,2025-09-27,276,0,,3a3630f2-d4d9-c0b2-036a-46aaf7fcf6d3
2a9ecb99-30e8-8914-3371-16fabf22488e,Aaron Munoz,2000-04-08,SYN-701-35-2972,67565,690,2025-03-11,476,0,,2a9ecb99-30e8-8914-3371-16fabf22488e
f7317260-bc55-3cb6-a176-f234aec3788d,Melissa Brewer,1987-04-18,SYN-506-67-5414,39632,827,2026-02-25,125,0,,f7317260-bc55-3cb6-a176-f234aec3788d
4745add1-f26f-a359-7480-5046cf5435b6,Susan May,1981-10-25,SYN-245-31-1107,34785,660,2026-02-28,122,0,,4745add1-f26f-a359-7480-5046cf5435b6
01fff3f0-0df2-3da8-ad8f-10a6c55e6332,Marie Roach,2001-09-10,SYN-654-63-3497,67438,754,2026-04-08,83,0,,01fff3f0-0df2-3da8-ad8f-10a6c55e6332
53b07558-3910-df27-48ad-1cde7d0c85f6,Gregory Wiley,1961-08-04,SYN-159-26-8150,63026,700,2026-04-20,71,0,,53b07558-3910-df27-48ad-1cde7d0c85f6
740905ce-b1a8-533d-7d06-b8aeb1d202a3,Abigail Shaffer,1978-05-22,SYN-824-10-8171,57767,695,2025-08-26,308,0,,740905ce-b1a8-533d-7d06-b8aeb1d202a3
a3d0d76d-5017-4918-d9dd-fe5ccbae4442,Brandon Owens,1987-01-13,SYN-696-22-6132,101864,616,2025-05-04,422,0,,a3d0d76d-5017-4918-d9dd-fe5ccbae4442
43ed20f7-7278-9364-0461-0354c7c96547,Hailey Lewis,1977-12-04,SYN-162-99-1377,52713,780,2025-10-25,248,0,,43ed20f7-7278-9364-0461-0354c7c96547
d58c9c73-3e2b-89c1-dc65-febccfa16cf5,Rebecca Houston,1976-11-15,SYN-402-43-8916,65120,565,2026-04-08,83,0,,d58c9c73-3e2b-89c1-dc65-febccfa16cf5
7d7b2ef8-4984-d5bd-3ac5-c4e850f6b608,Jaclyn Watson,1979-12-23,SYN-890-88-3029,39870,648,2025-12-26,186,0,,7d7b2ef8-4984-d5bd-3ac5-c4e850f6b608
f13b2cad-1f2c-38a0-70a3-878fc0b41fd5,Greg Wood,1990-05-02,SYN-156-95-8003,37243,655,2025-09-15,288,0,,f13b2cad-1f2c-38a0-70a3-878fc0b41fd5
7f2d3784-e6a0-cbc0-8141-8e9787c8355b,Ashley Blair,1984-03-20,SYN-787-26-1490,35352,678,2025-04-13,443,0,,7f2d3784-e6a0-cbc0-8141-8e9787c8355b
18433a1f-2f03-ec22-7299-e8800f22535f,Michelle Burton,1988-01-09,SYN-166-83-9172,125665,627,2025-01-11,535,0,,18433a1f-2f03-ec22-7299-e8800f22535f
515a3a99-d475-3005-50ea-ab2bde916a8d,Brandon Leblanc,1994-04-25,SYN-368-99-7442,51411,634,2025-05-31,395,0,,515a3a99-d475-3005-50ea-ab2bde916a8d
cfd570cd-ffab-1310-fbae-dcbcb3dc46ba,Jennifer Brown,1969-10-23,SYN-510-49-8796,29936,753,2025-01-10,536,0,,cfd570cd-ffab-1310-fbae-dcbcb3dc46ba
7677860a-477e-3d3a-d7bb-7434a682ff3d,Jason Chaney,1999-05-12,SYN-485-62-5850,37497,745,2026-06-26,4,0,,7677860a-477e-3d3a-d7bb-7434a682ff3d
57964eba-eca2-3a56-0633-64b55dd6eaeb,Cody Smith,1972-09-23,SYN-904-62-4025,44113,706,2025-03-18,469,0,,57964eba-eca2-3a56-0633-64b55dd6eaeb
8545775f-5c81-2d65-be2d-a6a99609dc27,Andrea Moody,1990-10-27,SYN-950-27-8050,69401,689,2025-01-03,543,0,,8545775f-5c81-2d65-be2d-a6a99609dc27
47f81028-2566-dbfc-a4ab-813995332ee0,Rachel Walsh,1976-06-28,SYN-360-62-2741,47781,651,2026-02-18,132,0,,47f81028-2566-dbfc-a4ab-813995332ee0
f0465bf7-785a-9bc8-e2aa-d99f7255939b,Richard Reynolds,1999-10-18,SYN-204-81-9832,134832,647,2026-02-06,144,0,,f0465bf7-785a-9bc8-e2aa-d99f7255939b
4cfc6fea-dab1-77b6-9501-ec2fe58ba725,Andrea Butler,1998-08-20,SYN-678-87-5442,87517,707,2025-11-06,236,0,,4cfc6fea-dab1-77b6-9501-ec2fe58ba725
f52ba785-5bc1-4e5d-a5a1-79685f5889bc,Micheal Perkins,1998-09-24,SYN-588-52-7603,91568,617,2025-06-07,388,0,,f52ba785-5bc1-4e5d-a5a1-79685f5889bc
333af878-bca5-5ae3-33fb-f92889cd9dbe,Gregory Wiggins,1998-06-11,SYN-330-86-2678,37626,663,2025-12-25,187,0,,333af878-bca5-5ae3-33fb-f92889cd9dbe
d3e002eb-9327-64df-da20-94821e271a4e,Dana Stanley,1995-10-06,SYN-496-82-2595,41180,624,2025-04-25,431,0,,d3e002eb-9327-64df-da20-94821e271a4e
71be837d-7ea7-0144-1515-992db5d482cc,Linda French,1976-02-11,SYN-542-70-9948,39762,657,2026-05-08,53,0,,71be837d-7ea7-0144-1515-992db5d482cc
979740d6-c354-27ce-88eb-233bd1be1771,Brandon Johns,1954-09-03,SYN-416-17-9779,71684,655,2026-06-07,23,0,,979740d6-c354-27ce-88eb-233bd1be1771
36dfe9d4-fdf0-7705-3225-6b39f034233a,Timothy Orr,1999-07-05,SYN-857-62-7855,51013,550,2025-12-07,205,0,,36dfe9d4-fdf0-7705-3225-6b39f034233a
dec2b1ca-6e9b-a0df-d177-adbcb117c178,James Jefferson,2008-03-17,SYN-492-31-9590,45089,738,2025-05-02,424,0,,dec2b1ca-6e9b-a0df-d177-adbcb117c178
706102f5-856f-279c-6407-5d56078b66b4,Daniel Anderson,2003-07-03,SYN-510-34-8797,94218,747,2025-09-17,286,0,,706102f5-856f-279c-6407-5d56078b66b4
0681f64c-a884-3429-b9e9-c550ffaf2398,Bruce Roman,1989-04-07,SYN-987-56-7492,35883,760,2025-07-21,344,0,,0681f64c-a884-3429-b9e9-c550ffaf2398
bc644b39-0300-b75b-2217-ced5685cbcef,Lisa Martinez,1974-08-05,SYN-306-73-3535,50276,644,2025-01-10,536,1,ring_0163,ring_0163
dcecc542-4868-0054-0938-3b08776afc08,Chase Haney,1983-10-20,SYN-329-70-8218,33156,694,2025-05-24,402,0,,dcecc542-4868-0054-0938-3b08776afc08
7b6fa8fb-3cfe-6bc9-f3ad-e311a2d13fbd,Kimberly May,1998-03-28,SYN-124-66-6086,66363,755,2026-03-02,120,0,,7b6fa8fb-3cfe-6bc9-f3ad-e311a2d13fbd
307dbaf9-e416-d595-02a5-882cd23f2ef4,Natalie Martinez,1975-12-21,SYN-281-42-2158,53395,641,2025-02-08,507,0,,307dbaf9-e416-d595-02a5-882cd23f2ef4
9398dd21-2b72-4c05-ba59-928005907d89,Stephanie Ochoa,2003-12-12,SYN-766-44-8375,61440,697,2025-12-09,203,1,ring_0049,ring_0049
056753bb-ce2e-e849-3280-80af738d1681,Patricia Wilson,1968-10-09,SYN-154-44-5497,109407,681,2026-01-02,179,0,,056753bb-ce2e-e849-3280-80af738d1681
88e67d64-eb54-430c-c888-369d991b7c15,Leslie Martin,1968-01-02,SYN-668-37-5636,65570,707,2025-01-10,536,0,,88e67d64-eb54-430c-c888-369d991b7c15
8abb5380-8158-3709-1c29-130d50f7d35d,Donald Coleman,1982-12-30,SYN-128-78-2811,15000,664,2025-11-12,230,0,,8abb5380-8158-3709-1c29-130d50f7d35d
412f24ab-5928-1b6f-4eaf-e33396580117,Chad Palmer,1998-06-12,SYN-548-21-7187,33528,731,2026-03-24,98,0,,412f24ab-5928-1b6f-4eaf-e33396580117
020a5f16-26c2-95e0-517c-e683fce82fb7,Linda Cobb,1966-10-23,SYN-874-50-8758,19715,590,2025-02-25,490,0,,020a5f16-26c2-95e0-517c-e683fce82fb7
bd380184-1604-61f9-402b-0209e26e740d,Matthew Garcia,1991-01-08,SYN-171-27-5676,100429,651,2026-02-08,142,0,,bd380184-1604-61f9-402b-0209e26e740d
4a792a59-2ac0-8d0f-92dd-2a6ea79bcb3e,Chad Poole,1982-05-04,SYN-117-92-5661,48161,596,2026-02-26,124,0,,4a792a59-2ac0-8d0f-92dd-2a6ea79bcb3e
9ad2c4a9-db0b-5934-f1d1-2ad47474698a,Justin Herrera,1964-01-01,SYN-575-84-8000,100777,578,2025-12-24,188,0,,9ad2c4a9-db0b-5934-f1d1-2ad47474698a
378e4a88-dbec-e39a-5cfe-0752c71dbc59,James Peck,1959-11-07,SYN-226-26-3665,83961,559,2025-12-03,209,0,,378e4a88-dbec-e39a-5cfe-0752c71dbc59
fc8605ca-cc31-dac2-e3f8-8d236c987f07,Jeffrey Leon,1975-03-28,SYN-588-12-2580,50126,691,2026-06-24,6,0,,fc8605ca-cc31-dac2-e3f8-8d236c987f07
f3094584-3ecc-62dc-b61a-d131212e9691,Jose Armstrong,1979-08-21,SYN-161-65-5618,93332,747,2026-05-22,39,1,ring_0049,ring_0049
bd33fe99-e561-c04d-2ee0-179145172f21,Patricia Moore,2007-08-29,SYN-298-91-6449,17951,613,2025-01-31,515,0,,bd33fe99-e561-c04d-2ee0-179145172f21
5fc3182f-c8cc-f7b9-9b70-18d3a027cd81,Jeffrey Owens,2001-02-21,SYN-787-27-2454,50031,676,2025-01-20,526,0,,5fc3182f-c8cc-f7b9-9b70-18d3a027cd81
bc075bba-34a2-f3ef-9ec1-fcba699a00f5,Casey Wilkins,1991-10-26,SYN-337-81-6477,59954,625,2025-12-23,189,0,,bc075bba-34a2-f3ef-9ec1-fcba699a00f5
f558f5d8-ff8c-08a6-fc21-277bd64b3175,Samuel Ellis,2007-11-30,SYN-137-32-8658,93750,850,2025-05-08,418,0,,f558f5d8-ff8c-08a6-fc21-277bd64b3175
b57d2672-2e7e-27f7-c63a-91e6651e6785,Todd Bishop,1975-09-12,SYN-424-66-8354,38772,711,2026-04-09,82,0,,b57d2672-2e7e-27f7-c63a-91e6651e6785
20b6adf9-5315-196f-3162-811c780fb8ed,James Ferguson,2002-01-28,SYN-915-71-2750,94734,691,2025-07-19,346,0,,20b6adf9-5315-196f-3162-811c780fb8ed
8a896d25-ac04-ab84-f57f-b84bf942f547,Christine Mullins,1996-07-07,SYN-521-12-5584,39676,522,2025-05-01,425,0,,8a896d25-ac04-ab84-f57f-b84bf942f547
c38779bf-2c81-0244-8819-60cf631cd2b5,Lori Smith,1988-01-05,SYN-343-55-5352,86969,702,2025-02-07,508,0,,c38779bf-2c81-0244-8819-60cf631cd2b5
741d2e3c-057b-550d-f7e4-4230729191e2,Douglas Hampton,1971-04-27,SYN-320-66-5998,53002,683,2025-08-23,311,0,,741d2e3c-057b-550d-f7e4-4230729191e2
99c72411-28e6-035f-0dd4-8226a47403fd,Connie Neal,1974-07-01,SYN-506-43-3746,187110,681,2025-11-13,229,0,,99c72411-28e6-035f-0dd4-8226a47403fd
aa8335f4-a11f-8209-1e33-eef7257f7ec9,John Watts,1991-03-19,SYN-868-84-9855,66288,850,2026-05-20,41,0,,aa8335f4-a11f-8209-1e33-eef7257f7ec9
aa8be3b0-757b-3888-d643-64d55d938862,William Holmes,1999-08-16,SYN-777-11-3449,16546,733,2026-06-24,6,0,,aa8be3b0-757b-3888-d643-64d55d938862
591ecac5-39b9-53f3-5c10-537fdf3443d4,Colton Martinez,1992-09-03,SYN-147-63-9463,44052,647,2025-09-30,273,0,,591ecac5-39b9-53f3-5c10-537fdf3443d4
fc926020-ce02-2bf2-ffab-7e279bbb3d3e,Anne Chambers,1962-04-29,SYN-413-46-6454,76124,817,2025-07-10,355,0,,fc926020-ce02-2bf2-ffab-7e279bbb3d3e
e02339e4-8eec-042a-6ee5-f6e04442dc6f,Richard Smith,2003-04-25,SYN-271-14-4374,37650,729,2025-07-12,353,0,,e02339e4-8eec-042a-6ee5-f6e04442dc6f
f24da000-ec95-8244-dcab-4d3f8b6af30a,Francisco Woodward,1968-08-10,SYN-569-13-2661,44527,693,2026-06-05,25,0,,f24da000-ec95-8244-dcab-4d3f8b6af30a
46564df8-ea61-128f-e0ff-5aa846d793ed,Stacey Rodriguez,1985-12-09,SYN-939-64-7107,162000,707,2026-02-07,143,0,,46564df8-ea61-128f-e0ff-5aa846d793ed
c785bd0b-82b9-1bb6-4ac6-6622fded8c08,Frank Brooks,1985-11-04,SYN-810-72-8164,26564,726,2026-03-16,106,0,,c785bd0b-82b9-1bb6-4ac6-6622fded8c08
44cd9f7f-133c-184d-64f9-9b53f5a52dad,Brett Pena,1990-05-27,SYN-286-19-3372,26793,716,2025-03-30,457,0,,44cd9f7f-133c-184d-64f9-9b53f5a52dad
1cc3f56d-3971-2869-1f87-ac09fce6457a,Caleb Williams,1996-05-23,SYN-575-36-2562,47891,582,2025-10-29,244,0,,1cc3f56d-3971-2869-1f87-ac09fce6457a
7b68c9b7-56ef-b8c2-c1b9-1c2057fb56c6,Danny Smith,1978-03-09,SYN-935-69-9071,83918,700,2025-04-06,450,0,,7b68c9b7-56ef-b8c2-c1b9-1c2057fb56c6
c6c408dc-2f09-0827-bd02-70fbeaec353e,Wendy Kelley,1992-04-10,SYN-437-85-8792,64178,788,2025-06-04,391,0,,c6c408dc-2f09-0827-bd02-70fbeaec353e
16628f5f-52c6-75df-a6a7-0400cf3d558b,Cody Hart,1984-09-20,SYN-804-54-9216,28359,639,2026-05-21,40,0,,16628f5f-52c6-75df-a6a7-0400cf3d558b
5ebcfbbe-7460-9c9d-1692-266007283189,Dustin Hernandez,1987-03-18,SYN-756-74-3559,79255,776,2025-06-19,376,0,,5ebcfbbe-7460-9c9d-1692-266007283189
e9c52996-e18c-dd4f-22e1-2b3fc573c3e9,Ronald Marshall,1993-04-13,SYN-743-61-1048,32455,707,2026-01-04,177,0,,e9c52996-e18c-dd4f-22e1-2b3fc573c3e9
810d9b01-6bf6-8d36-e271-9f0b338847a7,Katherine Schmidt,1974-10-18,SYN-487-84-6992,64905,719,2025-06-13,382,1,ring_0005,ring_0005
6636d16d-6268-36be-263e-15714ee1781d,Kelly Hughes,1998-05-19,SYN-248-40-9587,71583,634,2025-10-15,258,0,,6636d16d-6268-36be-263e-15714ee1781d
590aafa3-2265-d150-121c-dfed43a9642f,Luis Nelson,1995-10-04,SYN-489-59-8464,40943,792,2025-08-21,313,0,,590aafa3-2265-d150-121c-dfed43a9642f
4a3639ff-557a-1e08-43fe-c3c81d490a1c,Shirley Lucas,1970-08-09,SYN-132-98-8275,44855,727,2026-03-04,118,0,,4a3639ff-557a-1e08-43fe-c3c81d490a1c
a9424371-d598-d40a-b0ea-334e566b7205,Kenneth King,1993-01-12,SYN-606-82-8259,54656,558,2025-01-16,530,0,,a9424371-d598-d40a-b0ea-334e566b7205
ef13e1d8-29e1-7964-2ea0-9a1a95bc84ec,Matthew Harrington,1993-07-16,SYN-104-65-1346,126163,781,2026-01-01,180,0,,ef13e1d8-29e1-7964-2ea0-9a1a95bc84ec
3360de11-78e8-6f63-ecfc-cc97e7130c41,Tonya Parker,1997-12-30,SYN-757-93-4832,49163,677,2026-04-30,61,0,,3360de11-78e8-6f63-ecfc-cc97e7130c41
6c983d68-b9af-d065-ee47-a01fe5d804c9,Tanner King,1978-02-16,SYN-704-23-3722,59192,786,2026-02-28,122,0,,6c983d68-b9af-d065-ee47-a01fe5d804c9
02dca67f-db66-f974-cd9b-fe2833c03af8,Joshua Bailey,1984-07-31,SYN-344-47-2177,49406,613,2025-11-28,214,0,,02dca67f-db66-f974-cd9b-fe2833c03af8
9da1a493-6a65-1f00-cad4-ab3dcfab9f80,Nicholas Beard,1993-06-15,SYN-318-74-2369,71652,627,2025-12-31,181,0,,9da1a493-6a65-1f00-cad4-ab3dcfab9f80
8b1c8da2-ad33-0553-cc7a-086538307a23,Chad Daugherty,1988-12-20,SYN-407-78-6470,33594,660,2026-06-01,29,0,,8b1c8da2-ad33-0553-cc7a-086538307a23
d2906ec9-40d8-33c3-77b4-44dec730a318,Tyler Dominguez,1997-10-14,SYN-614-56-8271,122222,746,2025-04-21,435,0,,d2906ec9-40d8-33c3-77b4-44dec730a318
fb4627d3-714c-2701-82bc-0c085670be9d,Tyler Reynolds,2004-10-02,SYN-117-73-3855,111276,733,2026-04-19,72,0,,fb4627d3-714c-2701-82bc-0c085670be9d
70a60f49-4ae2-9582-da3e-813bdd0dafeb,Jonathan Gallagher,1984-02-14,SYN-389-92-1252,42920,677,2025-02-02,513,0,,70a60f49-4ae2-9582-da3e-813bdd0dafeb
1f008c5f-63b0-d6ab-08c7-3879c76c14a8,Leah Rodriguez,1986-03-21,SYN-468-44-1349,36741,662,2026-04-25,66,0,,1f008c5f-63b0-d6ab-08c7-3879c76c14a8
4f95a24c-0ff3-1942-cfc0-7081c43c6fcc,Laura Gilbert,1980-09-13,SYN-843-15-3811,37023,662,2025-12-15,197,0,,4f95a24c-0ff3-1942-cfc0-7081c43c6fcc
7879d605-4e5c-9477-fa55-61c858fea010,Lisa Jackson,1963-06-16,SYN-704-54-4970,24126,608,2025-06-10,385,0,,7879d605-4e5c-9477-fa55-61c858fea010
ea7ce0fb-fc8d-43c1-2726-3bd412a1554d,Ms. Monique Dougherty MD,1992-08-29,SYN-488-46-3227,32789,739,2025-03-30,457,0,,ea7ce0fb-fc8d-43c1-2726-3bd412a1554d
0defbf9d-6aa3-cedd-c418-3fbcadca84ed,Timothy Wilkinson,1977-12-02,SYN-582-82-8363,174138,761,2026-05-05,56,0,,0defbf9d-6aa3-cedd-c418-3fbcadca84ed
ff0bba26-b5d3-c945-f454-6578db03956a,Maria Campbell,1977-12-08,SYN-430-86-9999,104580,603,2026-05-22,39,0,,ff0bba26-b5d3-c945-f454-6578db03956a
d5a65164-1863-9615-100d-e886c3c9fb70,John Rogers,1960-12-06,SYN-145-21-2959,138464,697,2025-03-08,479,0,,d5a65164-1863-9615-100d-e886c3c9fb70
c5a0c4a8-46e0-d709-1a56-87e82022a896,Jesse Guerrero,1984-12-28,SYN-770-38-5379,73478,641,2025-11-20,222,1,ring_0062,ring_0062
0f06a3c2-7d2c-01b9-6164-0a5c6924edff,Brad Rivas,1986-04-01,SYN-941-80-6397,101556,766,2026-02-20,130,0,,0f06a3c2-7d2c-01b9-6164-0a5c6924edff
69f54eb2-22b1-d04b-cc28-aa5ab6ab7e70,Kristine Carrillo,1985-05-03,SYN-239-76-2155,22232,606,2026-01-27,154,0,,69f54eb2-22b1-d04b-cc28-aa5ab6ab7e70
8592a636-9235-2ea4-4ad0-d3d48725e5e2,Holly Grant,1973-05-27,SYN-321-89-7594,51432,595,2026-06-30,0,0,,8592a636-9235-2ea4-4ad0-d3d48725e5e2
369fb403-3ab5-d0c1-1da0-bfe478813b6b,Patrick Carrillo,2001-06-10,SYN-931-72-7254,103812,793,2025-07-05,360,1,ring_0098,ring_0098
419c3bfc-ac1f-b0dd-f117-b9ab4cd734c8,Shawna Green,2008-06-17,SYN-307-52-4803,66937,688,2025-09-12,291,0,,419c3bfc-ac1f-b0dd-f117-b9ab4cd734c8
6ccfd3a6-abd3-1c5c-e8a7-d46d2e1a3d22,Angela Vaughn,1981-02-04,SYN-284-58-4324,240604,665,2025-11-15,227,0,,6ccfd3a6-abd3-1c5c-e8a7-d46d2e1a3d22
e7ff8ccb-8aac-1faa-5065-95b08c1ee360,Thomas Reyes,2005-10-10,SYN-840-18-1374,75259,760,2025-03-20,467,0,,e7ff8ccb-8aac-1faa-5065-95b08c1ee360
54d105ed-e054-7bac-83db-fcfface0f935,Kenneth Jones,1979-09-14,SYN-741-69-8223,60766,753,2026-05-11,50,1,ring_0143,ring_0143
e092c63c-e305-36df-5b46-98754a8e1fc9,Lydia Howard,1988-11-07,SYN-175-91-8032,31376,555,2025-01-16,530,0,,e092c63c-e305-36df-5b46-98754a8e1fc9
dfd899c9-4ee9-8201-0002-5538fa41bfaf,Kathryn Smith,1983-11-12,SYN-297-80-5240,35401,615,2026-01-01,180,0,,dfd899c9-4ee9-8201-0002-5538fa41bfaf
8eed4194-6430-24b0-4c4d-93b96ef37255,Juan Lopez,1980-04-15,SYN-974-90-8877,42944,724,2025-10-03,270,0,,8eed4194-6430-24b0-4c4d-93b96ef37255
7b78bada-5297-2d75-4528-6ec08e1f567d,Deborah Graves,1987-04-23,SYN-260-33-3716,84861,721,2025-05-19,407,0,,7b78bada-5297-2d75-4528-6ec08e1f567d
ef56a38a-da8e-e6b8-f9e2-bdfd0f82a75f,Ms. Erin Lane,1991-08-27,SYN-191-34-6607,49246,818,2025-02-25,490,0,,ef56a38a-da8e-e6b8-f9e2-bdfd0f82a75f
047af2a0-fba5-2e89-b3a3-a30e389741f7,Ariel Murphy,1990-07-07,SYN-177-68-9494,78162,764,2025-09-16,287,0,,047af2a0-fba5-2e89-b3a3-a30e389741f7
11682327-ad5e-ca23-7d5d-0ccef5771c79,Nicholas Chase,2008-05-31,SYN-992-29-4498,71037,675,2026-03-14,108,0,,11682327-ad5e-ca23-7d5d-0ccef5771c79
46c1893c-8ece-73ec-2e38-aa867abd172e,Johnathan Aguirre,1961-12-18,SYN-948-34-9519,56555,572,2025-12-25,187,0,,46c1893c-8ece-73ec-2e38-aa867abd172e
7e7fba57-0718-48ca-d1f9-7344b70f0db3,Mr. Thomas Jones PhD,1984-03-26,SYN-318-40-4814,99596,685,2026-04-02,89,0,,7e7fba57-0718-48ca-d1f9-7344b70f0db3
bd8f1691-7173-b09a-b129-0a7df049b436,Christina Nielsen,2000-07-17,SYN-120-72-2474,30833,671,2025-01-17,529,1,ring_0164,ring_0164
1f21daa3-a708-e725-2533-a44f19483431,Susan Snyder,1963-01-08,SYN-365-21-8338,38652,690,2025-09-10,293,0,,1f21daa3-a708-e725-2533-a44f19483431
e25f453a-561c-eec0-617d-b0206df72bfc,Jonathan Perry,1999-09-27,SYN-647-44-7787,64697,586,2025-02-24,491,0,,e25f453a-561c-eec0-617d-b0206df72bfc
506e88ed-8c4c-a8d0-4345-6d46d7b4b264,Willie Morgan,1974-02-20,SYN-866-20-5423,105665,545,2026-05-14,47,0,,506e88ed-8c4c-a8d0-4345-6d46d7b4b264
bf3e2f59-060d-87e5-7b47-55f036574e9f,Dawn Wyatt,1991-03-16,SYN-582-96-1134,67021,548,2026-02-01,149,0,,bf3e2f59-060d-87e5-7b47-55f036574e9f
1219a028-5b1c-019b-5d18-4e61379cb109,Gavin Howell,1981-05-09,SYN-257-87-3579,88348,487,2026-05-11,50,0,,1219a028-5b1c-019b-5d18-4e61379cb109
c680cb5f-4e3a-6a8e-1de6-e46411b980b0,Kelly Lewis,2008-01-08,SYN-401-63-6493,40798,669,2025-12-10,202,0,,c680cb5f-4e3a-6a8e-1de6-e46411b980b0
d336f538-634d-092f-9672-917aab78bf45,Richard Ryan,1985-04-20,SYN-377-28-7920,19443,651,2025-08-25,309,0,,d336f538-634d-092f-9672-917aab78bf45
cbd09f85-205c-3a05-3ac6-c2f5bcfb8ed3,Stephen Boyer,1978-05-28,SYN-943-30-4399,89858,726,2026-02-24,126,0,,cbd09f85-205c-3a05-3ac6-c2f5bcfb8ed3
878fbe66-5eb1-6eab-1853-7a3a637bc914,Megan Carlson,1964-12-03,SYN-551-64-7132,88054,556,2025-12-24,188,0,,878fbe66-5eb1-6eab-1853-7a3a637bc914
a925f5a8-addd-dd9d-b4eb-293a04cdd957,Joshua Nelson,1965-03-12,SYN-800-30-4556,41958,696,2025-07-11,354,0,,a925f5a8-addd-dd9d-b4eb-293a04cdd957
3a15ce4f-d6a4-6ad8-2dad-5ab328011b15,Christopher Sullivan,1990-06-16,SYN-142-54-2118,79042,700,2025-03-08,479,0,,3a15ce4f-d6a4-6ad8-2dad-5ab328011b15
292ede55-71e3-4ab2-ec2b-6352b58e11b1,Austin Baker,1974-08-27,SYN-715-87-7242,26144,694,2025-05-31,395,0,,292ede55-71e3-4ab2-ec2b-6352b58e11b1
5d2c5d5b-1d7c-331c-7785-4f34dd262afb,Derrick Anderson,1990-01-14,SYN-273-49-2310,66745,786,2025-10-21,252,0,,5d2c5d5b-1d7c-331c-7785-4f34dd262afb
654d077a-b77a-cc07-6643-e03970471f84,William Johnson,1997-09-17,SYN-501-44-7837,160205,657,2026-03-16,106,0,,654d077a-b77a-cc07-6643-e03970471f84
8e007135-ba9d-6df7-27e7-674e7898834b,Ralph Gray,1987-03-04,SYN-791-75-6350,16778,751,2026-06-08,22,0,,8e007135-ba9d-6df7-27e7-674e7898834b
368d61a5-b92b-8b30-7edc-3283b2d58227,Brandon Brown,1967-07-10,SYN-333-14-9513,27278,704,2025-10-26,247,0,,368d61a5-b92b-8b30-7edc-3283b2d58227
bc3fc2a6-829b-cdef-7039-7aaee2256e2f,Heather Stevens,1979-01-25,SYN-568-88-2022,49157,751,2025-07-01,364,0,,bc3fc2a6-829b-cdef-7039-7aaee2256e2f
44e5789e-1f1b-3496-62a9-9b313414937a,Carlos Garcia,1984-11-25,SYN-538-87-5381,40102,694,2026-02-26,124,1,ring_0019,ring_0019
f3242d0b-d4ac-2f4c-712d-694fe2e5e01b,Tracy Mcguire,1980-04-08,SYN-682-56-5984,50545,662,2025-08-29,305,0,,f3242d0b-d4ac-2f4c-712d-694fe2e5e01b
4c377da2-35ff-4510-08c3-dcd290ddd7fd,Laura Medina,2002-05-28,SYN-652-88-8211,47984,673,2025-04-11,445,0,,4c377da2-35ff-4510-08c3-dcd290ddd7fd
4e41d7a1-06ca-d081-a766-e38fc9c39de0,Caitlyn Horton,1962-04-07,SYN-543-33-2641,150520,640,2025-03-15,472,0,,4e41d7a1-06ca-d081-a766-e38fc9c39de0
6da4dc2c-15b7-d7a7-9cef-297b49cfcd6f,Aaron Lee,1988-03-15,SYN-935-54-2664,65886,732,2025-12-25,187,0,,6da4dc2c-15b7-d7a7-9cef-297b49cfcd6f
22ce4a6c-3a8e-cc2e-e596-cf9d97a11b52,Angelica Keith,1984-05-08,SYN-705-24-4912,48075,665,2025-07-26,339,0,,22ce4a6c-3a8e-cc2e-e596-cf9d97a11b52
ac83c7e0-e6f2-44f1-77ac-61361791f4a6,Shane Alvarez,1988-11-02,SYN-459-64-3169,42759,722,2025-06-18,377,0,,ac83c7e0-e6f2-44f1-77ac-61361791f4a6
23188925-5140-24e1-577b-6b1eb323f967,Melissa Bishop,2002-01-01,SYN-946-63-2893,34904,703,2025-08-28,306,0,,23188925-5140-24e1-577b-6b1eb323f967
40c09a55-c3e1-42a7-345f-2d9f1deba98c,Mr. Jeffrey Horton,1993-08-11,SYN-886-89-5613,77839,834,2026-01-02,179,0,,40c09a55-c3e1-42a7-345f-2d9f1deba98c
ae0cf241-7434-7247-6aef-0b4a9be181ce,Kenneth Johnson,1999-04-16,SYN-864-37-8800,96470,630,2026-06-07,23,0,,ae0cf241-7434-7247-6aef-0b4a9be181ce
3e591319-1307-aad9-4cc4-0eab1f06c7e2,Lisa Morris,2003-05-02,SYN-481-24-1037,18591,839,2025-05-14,412,0,,3e591319-1307-aad9-4cc4-0eab1f06c7e2
9b78a9e8-48df-f120-cb7c-a8ce7ca82550,Joseph Davis,1997-10-24,SYN-796-43-5290,115734,667,2025-06-20,375,0,,9b78a9e8-48df-f120-cb7c-a8ce7ca82550
677ccf10-985e-07f4-a0d7-7481bd835323,Donna Mejia,1990-06-23,SYN-133-91-5280,118329,695,2025-08-22,312,0,,677ccf10-985e-07f4-a0d7-7481bd835323
7c78984e-1019-0385-116b-21d8d831d8ec,Felicia Murphy,1977-02-20,SYN-411-49-6646,44701,707,2025-07-04,361,0,,7c78984e-1019-0385-116b-21d8d831d8ec
4b7aeb11-a895-09f2-3441-8792f6a02786,Brett Rivera,1982-12-08,SYN-641-67-9041,130088,716,2025-03-20,467,0,,4b7aeb11-a895-09f2-3441-8792f6a02786
78c78046-305c-f65a-2148-7c1c768eb2d0,Jennifer Townsend,1991-03-28,SYN-580-12-9230,33089,708,2026-04-12,79,0,,78c78046-305c-f65a-2148-7c1c768eb2d0
89a213c8-3dba-0f9d-02fa-612f22967785,Benjamin White,1992-05-11,SYN-627-47-6883,45147,657,2025-04-03,453,0,,89a213c8-3dba-0f9d-02fa-612f22967785
4bc8d28f-0062-d915-1b02-f165d2182dad,Lawrence Villanueva,1982-01-13,SYN-299-74-5313,104022,707,2025-08-13,321,1,ring_0031,ring_0031
7143f9b6-61ff-1152-c81d-34354e86a4c9,Laura Thomas,1981-04-14,SYN-163-46-9658,40050,662,2026-05-15,46,0,,7143f9b6-61ff-1152-c81d-34354e86a4c9
6cd6c262-9b03-4f9a-5d98-5f12c7dfdef9,Charles Hernandez,2001-04-10,SYN-101-63-9791,52797,775,2026-03-28,94,0,,6cd6c262-9b03-4f9a-5d98-5f12c7dfdef9
bc8f4e20-4b96-16ef-68e7-72265ca03833,Brian Mendoza,1976-07-24,SYN-491-33-5560,31776,704,2025-03-06,481,0,,bc8f4e20-4b96-16ef-68e7-72265ca03833
4c7d6db2-e503-ce21-9894-1a8484b66383,Ruth Clayton,1992-09-10,SYN-642-46-4641,37379,718,2026-06-10,20,0,,4c7d6db2-e503-ce21-9894-1a8484b66383
b642a513-127d-1c9a-ec57-fc718af2f6dd,Anthony Harmon,1993-03-08,SYN-280-50-1784,78851,675,2025-07-13,352,0,,b642a513-127d-1c9a-ec57-fc718af2f6dd
d2d0c14a-6090-e435-3d61-0b3b8bff09af,Bryan Harrison,1998-09-15,SYN-769-33-8636,66288,670,2025-12-13,199,0,,d2d0c14a-6090-e435-3d61-0b3b8bff09af
525320ea-dc33-20fc-885f-1bdd36c38fff,Allen Stanley,1993-12-17,SYN-756-33-1098,31900,753,2025-08-24,310,0,,525320ea-dc33-20fc-885f-1bdd36c38fff
4d9fd398-e475-3ada-461a-c4f843210d5c,David Hunter,1979-10-16,SYN-427-22-8335,55344,738,2026-01-12,169,0,,4d9fd398-e475-3ada-461a-c4f843210d5c
93bca24f-ce06-674e-8ec2-483a2ef00506,Nancy Stewart,1986-09-04,SYN-254-67-5561,54335,804,2026-04-15,76,0,,93bca24f-ce06-674e-8ec2-483a2ef00506
19ecbd09-7fa3-307d-fb48-1cc88c92dcd7,Melissa Patrick,2000-12-24,SYN-765-50-9606,42883,673,2025-01-14,532,0,,19ecbd09-7fa3-307d-fb48-1cc88c92dcd7
2861d208-ff3b-3e33-1177-a3035ea51e22,Stephen Davis,2004-04-18,SYN-898-86-9607,29128,692,2025-09-19,284,0,,2861d208-ff3b-3e33-1177-a3035ea51e22
ce62b7c4-f996-de87-417d-9c516822d517,Mark Martinez,1988-08-31,SYN-439-61-5339,66074,626,2025-11-21,221,1,ring_0134,ring_0134
b0f0a128-3c5a-2506-ed1e-3aa44f7e54cd,Laurie Miranda,1971-07-17,SYN-152-64-7422,39229,628,2025-10-29,244,0,,b0f0a128-3c5a-2506-ed1e-3aa44f7e54cd
2fbde77d-36b5-3e99-6280-eedb361508d6,Jennifer Zimmerman,1970-12-08,SYN-181-43-8115,106250,504,2025-12-10,202,1,ring_0187,ring_0187
192815f1-cfd9-0727-f66b-7a69e97d0024,Jimmy Fields,1997-10-30,SYN-123-75-7373,82487,671,2025-02-11,504,1,ring_0169,ring_0169
30feff12-cc03-bdd9-cf3e-a6820de611f7,Christopher Mullen,1970-09-21,SYN-290-91-2661,26111,726,2025-01-05,541,0,,30feff12-cc03-bdd9-cf3e-a6820de611f7
236a0849-0ba6-db4e-5e6d-4f15d10be192,Jesus Rubio,1975-09-06,SYN-601-17-4573,71036,785,2025-02-18,497,1,ring_0165,ring_0165
0a621342-bb45-2c7e-be54-d86a2c61a3dd,Brandon Mitchell,1999-07-06,SYN-261-73-3503,35707,670,2026-06-25,5,0,,0a621342-bb45-2c7e-be54-d86a2c61a3dd
17afddda-85ff-5ca9-31ab-729860c37751,William David DDS,1992-04-18,SYN-963-52-9970,59825,585,2025-07-07,358,0,,17afddda-85ff-5ca9-31ab-729860c37751
c7bcfee1-e195-1503-ba2c-782b1b143171,Joshua James,1993-10-05,SYN-439-54-4823,45460,756,2026-05-25,36,0,,c7bcfee1-e195-1503-ba2c-782b1b143171
c1d57196-f12d-f325-e5ef-910d2fb65bff,Denise Wiley,1978-10-26,SYN-842-37-6708,34850,728,2025-11-01,241,0,,c1d57196-f12d-f325-e5ef-910d2fb65bff
b394d3b6-8c05-639d-b2e6-77a8b0b8e12e,Carrie Ware,1991-06-09,SYN-361-30-9181,36061,718,2026-05-12,49,0,,b394d3b6-8c05-639d-b2e6-77a8b0b8e12e
ce205d49-660a-e3b6-33a3-75aeadd46530,Kenneth Knight,1990-06-05,SYN-787-87-9523,58406,670,2025-05-12,414,0,,ce205d49-660a-e3b6-33a3-75aeadd46530
26cfe22d-8b85-1202-63d1-6423af634e8d,James Baker,1992-04-19,SYN-777-74-5077,45571,712,2025-11-30,212,1,ring_0127,ring_0127
52b681e9-dc91-ea27-d4ee-0469092f22ab,Jaclyn Scott,1981-04-24,SYN-291-99-8928,48922,631,2026-06-22,8,1,ring_0118,ring_0118
80433e14-4692-1b10-aa9c-8abaa86518da,Katherine Welch,2004-05-21,SYN-472-81-8307,101932,789,2025-12-31,181,0,,80433e14-4692-1b10-aa9c-8abaa86518da
f2dfd4fb-8e75-551c-011d-17d6130e3d59,Johnny Riddle,1984-05-21,SYN-669-33-6230,47097,678,2025-05-24,402,0,,f2dfd4fb-8e75-551c-011d-17d6130e3d59
b56de129-c2a0-2f66-6b5a-fb702c2b88da,Steven Perez,1976-09-04,SYN-103-71-9309,44394,609,2025-10-14,259,0,,b56de129-c2a0-2f66-6b5a-fb702c2b88da
0861c8b2-3427-7aeb-885a-7f1262f20430,Cathy Barnes,1979-08-30,SYN-409-93-6448,80356,703,2026-04-24,67,0,,0861c8b2-3427-7aeb-885a-7f1262f20430
d03254a3-c988-778f-b3cc-3acd80ebb3d6,Elizabeth Miller,1992-09-05,SYN-151-60-2313,80281,635,2026-06-09,21,0,,d03254a3-c988-778f-b3cc-3acd80ebb3d6
9956b224-7aad-c7d1-3e1c-1d9a910e9a52,Stephanie Garcia,1976-04-12,SYN-440-13-5033,38878,547,2025-04-18,438,0,,9956b224-7aad-c7d1-3e1c-1d9a910e9a52
775c57de-f8dd-8cd7-2024-67d2f1b2390e,Carol Tucker,1989-12-15,SYN-400-53-2556,75876,726,2025-09-27,276,0,,775c57de-f8dd-8cd7-2024-67d2f1b2390e
bb4224e6-e554-81b6-928f-6192cf4a2977,Deanna Woodard,2003-02-19,SYN-210-79-5080,52267,650,2026-03-25,97,0,,bb4224e6-e554-81b6-928f-6192cf4a2977
09220795-cfc5-198d-4df1-222c54df758c,Angela Edwards,1974-10-22,SYN-973-50-1962,22864,774,2025-06-21,374,0,,09220795-cfc5-198d-4df1-222c54df758c
af709373-7f91-069a-af97-cf72bafd486d,Carol Ingram,1977-12-15,SYN-768-17-3207,110831,590,2026-06-02,28,0,,af709373-7f91-069a-af97-cf72bafd486d
9e077f09-6023-611a-6a3e-35f23f7fa9cf,Tommy Romero,1987-04-30,SYN-862-13-8715,49618,707,2025-02-25,490,0,,9e077f09-6023-611a-6a3e-35f23f7fa9cf
c285f39e-d2fa-3727-fe05-859b7ffa9777,Dana Atkins,2007-04-04,SYN-867-86-2844,145843,625,2026-02-11,139,0,,c285f39e-d2fa-3727-fe05-859b7ffa9777
f272d0e8-2943-ce2f-8616-106ec4ff6960,Daniel Gallegos,1979-11-23,SYN-725-77-4435,37317,650,2025-07-05,360,0,,f272d0e8-2943-ce2f-8616-106ec4ff6960
b202b36a-d384-5b3a-3f13-35cc4949887e,Jennifer Woodard,2000-02-17,SYN-682-66-4517,28093,778,2025-08-11,323,0,,b202b36a-d384-5b3a-3f13-35cc4949887e
77a3156c-f111-4f68-29e2-b25ed3330613,Kimberly Orozco,1965-04-21,SYN-456-26-4578,71211,729,2026-04-14,77,0,,77a3156c-f111-4f68-29e2-b25ed3330613
973fcca9-6bc2-2257-d319-11d35f7fb809,Austin Ross,1983-07-16,SYN-658-32-4882,51969,633,2025-07-28,337,0,,973fcca9-6bc2-2257-d319-11d35f7fb809
176ecbb7-bb46-09bf-9658-ac070a4fc0f2,Joshua Henderson,1974-11-11,SYN-581-42-3897,107722,565,2025-01-15,531,0,,176ecbb7-bb46-09bf-9658-ac070a4fc0f2
bbdd2b60-62ce-7189-0898-0417977acf83,Gregory Brown,1981-09-07,SYN-977-86-6261,15000,686,2026-03-29,93,0,,bbdd2b60-62ce-7189-0898-0417977acf83
b206ca4d-f5bf-b43d-9edb-6388ed3c95fc,Aaron Reed,1966-12-13,SYN-552-71-8726,50208,751,2025-05-26,400,0,,b206ca4d-f5bf-b43d-9edb-6388ed3c95fc
f994dc4c-56a8-3d35-cdda-9f266471d12f,Matthew Wright,1993-06-25,SYN-607-85-4830,80857,587,2026-06-19,11,0,,f994dc4c-56a8-3d35-cdda-9f266471d12f
9513cbce-cffb-5522-7ff3-4a212924f36c,Jeffrey Barber,1991-02-09,SYN-248-47-8599,58490,613,2025-09-10,293,1,ring_0159,ring_0159
3f69afb6-7d68-11b8-145d-5c68cff582fc,Michael Cross DDS,1972-01-11,SYN-120-92-1675,51528,651,2025-05-21,405,0,,3f69afb6-7d68-11b8-145d-5c68cff582fc
2f9ae7ad-9ad1-8b3d-fe96-bea3b2ee0895,Brendan Walker,1981-05-11,SYN-675-57-8531,26102,623,2025-02-21,494,1,ring_0006,ring_0006
671839f0-fa33-89ef-6c22-ed064df718b2,Jacob Brown,2008-03-16,SYN-298-48-7370,39325,696,2026-06-07,23,0,,671839f0-fa33-89ef-6c22-ed064df718b2
5fea75dc-9da9-e668-7d19-6835a8e28877,Melissa Stout,1976-12-01,SYN-574-82-9179,38031,525,2025-05-07,419,0,,5fea75dc-9da9-e668-7d19-6835a8e28877
a1a4a2ef-fbec-605e-ab3a-4feb4f79acbd,Christian Park,1986-11-15,SYN-540-24-8866,183792,732,2025-02-03,512,0,,a1a4a2ef-fbec-605e-ab3a-4feb4f79acbd
de4c227c-9693-a54e-c327-af3889e1d365,Trevor Sparks,1983-04-12,SYN-802-44-7213,80487,623,2025-07-22,343,0,,de4c227c-9693-a54e-c327-af3889e1d365
656a300b-7641-7d44-e5b8-f9365ca7b50e,Jill Roman,1967-01-10,SYN-280-63-2223,113184,665,2026-02-06,144,0,,656a300b-7641-7d44-e5b8-f9365ca7b50e
b864d580-05d0-3add-ded6-dd55c61fca4b,Nicholas Calhoun,1987-09-29,SYN-520-94-3982,46656,681,2025-06-12,383,0,,b864d580-05d0-3add-ded6-dd55c61fca4b
65da7ca8-f53d-55fd-1978-c42aa9afabe2,Gary Chavez,1965-03-18,SYN-600-19-9538,27657,632,2026-03-17,105,0,,65da7ca8-f53d-55fd-1978-c42aa9afabe2
fd23a2b4-3b6d-d46d-608c-45c72720bd0e,Sara Wilkins,2005-12-11,SYN-413-68-7817,53789,525,2025-06-24,371,0,,fd23a2b4-3b6d-d46d-608c-45c72720bd0e
14880e55-8e20-edc6-0479-113a3f433e13,Angel Baker,1998-10-04,SYN-608-21-7824,63082,674,2026-02-09,141,1,ring_0055,ring_0055
bea49ff8-0cf9-da54-2298-9549218c3df2,Victor Brown,1995-12-26,SYN-741-62-7865,33147,781,2025-12-26,186,0,,bea49ff8-0cf9-da54-2298-9549218c3df2
306521fb-f0c6-1467-12e0-a93b26d13717,Francisco Johns,2002-08-13,SYN-413-78-6791,37250,715,2025-01-22,524,0,,306521fb-f0c6-1467-12e0-a93b26d13717
fda96f0f-7b21-62a0-93f0-edbea958dd20,Edward Simmons,1990-05-15,SYN-857-64-7511,60173,644,2025-04-27,429,0,,fda96f0f-7b21-62a0-93f0-edbea958dd20
6430bafa-c2b9-87ab-16f4-15bdd126fa07,Cory Hale,1973-04-26,SYN-154-95-5697,15651,649,2025-04-13,443,0,,6430bafa-c2b9-87ab-16f4-15bdd126fa07
7464ff21-6f0a-08c6-b48f-3c593e0bbbd2,Elaine Martin,2008-03-25,SYN-645-87-9086,34594,606,2026-06-25,5,0,,7464ff21-6f0a-08c6-b48f-3c593e0bbbd2
a8b65b37-704c-dba5-a29e-8bc22e7a5763,Mary Escobar,1977-12-13,SYN-184-60-2388,34431,592,2025-01-15,531,0,,a8b65b37-704c-dba5-a29e-8bc22e7a5763
f61fd769-a3b3-4cbb-cd91-ff906657c3b1,Teresa Jones,1998-02-10,SYN-990-29-8217,39291,704,2025-12-20,192,0,,f61fd769-a3b3-4cbb-cd91-ff906657c3b1
7e4a2f17-dd5f-43c5-0606-2b720375d304,Sherry Woods,1991-10-01,SYN-656-80-5143,32606,598,2025-09-19,284,0,,7e4a2f17-dd5f-43c5-0606-2b720375d304
611b2d5b-52be-e850-6aeb-e16be6f44e7a,Jeremy Chambers,1986-03-29,SYN-626-52-6680,31344,684,2025-09-23,280,0,,611b2d5b-52be-e850-6aeb-e16be6f44e7a
92f4323b-184d-3583-f100-29e578421ba9,James Nicholson,1986-09-09,SYN-850-96-1325,67721,594,2025-11-25,217,0,,92f4323b-184d-3583-f100-29e578421ba9
5ba9449f-f53a-55eb-5fdd-351a8f1b62c3,Michele Smith,1975-10-01,SYN-346-89-5498,72604,664,2025-09-28,275,0,,5ba9449f-f53a-55eb-5fdd-351a8f1b62c3
86dff5dc-9554-b8a6-aada-28e9318a7f1e,Mark Meyer,1993-06-23,SYN-296-81-9953,120190,688,2025-12-12,200,0,,86dff5dc-9554-b8a6-aada-28e9318a7f1e
8cbd67b3-730d-07e0-4306-63f6a4dd379c,David Douglas Jr.,1993-05-05,SYN-942-86-8685,70745,643,2026-01-10,171,0,,8cbd67b3-730d-07e0-4306-63f6a4dd379c
57154cf5-abcc-848a-b27c-7360b2d83037,Brenda Anderson,1987-01-05,SYN-428-50-2552,71257,808,2025-09-15,288,0,,57154cf5-abcc-848a-b27c-7360b2d83037
22838cf2-84b2-af21-4285-f5069f2ba7ed,Mike Spence,1956-03-27,SYN-349-54-5733,22479,702,2025-04-13,443,1,ring_0178,ring_0178
ee85b9ed-d07b-f0b6-38a2-57d7fdf59a94,Katherine Coleman,1989-10-23,SYN-349-62-3035,53927,571,2025-03-22,465,1,ring_0189,ring_0189
0bd55934-f492-008f-a69e-101d645ff831,Chad Rojas,1998-07-14,SYN-996-21-6931,77236,527,2025-09-02,301,0,,0bd55934-f492-008f-a69e-101d645ff831
00966f22-2f5d-3968-1873-a6964389c8b2,Jonathan Yates,1979-12-17,SYN-822-71-7047,26832,713,2025-07-19,346,0,,00966f22-2f5d-3968-1873-a6964389c8b2
cdc943a2-a8cd-f3d5-38f5-932d446d31df,Jason Williams,1978-10-20,SYN-262-64-2166,83636,728,2026-06-06,24,0,,cdc943a2-a8cd-f3d5-38f5-932d446d31df
3e00ea27-34b6-67bf-aeb3-7212533c0ce7,John Mayer,1987-08-21,SYN-911-18-1978,129128,752,2026-05-12,49,0,,3e00ea27-34b6-67bf-aeb3-7212533c0ce7
783171b5-96c4-4ad7-653e-6795b8b6a278,Joseph Schaefer,2006-01-29,SYN-321-56-3872,25910,711,2025-09-17,286,0,,783171b5-96c4-4ad7-653e-6795b8b6a278
6f3faead-9357-c07f-1233-100be1f4b81f,Christine Baker,1988-09-05,SYN-658-80-2015,75245,661,2026-02-22,128,0,,6f3faead-9357-c07f-1233-100be1f4b81f
d9a4d338-99fd-9a47-0c26-f1130e4bc83c,Ashley Hunt,1970-10-21,SYN-532-81-7264,18258,596,2026-04-10,81,0,,d9a4d338-99fd-9a47-0c26-f1130e4bc83c
1baf8771-e334-e817-d926-0056df1b7130,Vicki Benjamin,1971-02-20,SYN-269-19-1900,75042,631,2026-01-30,151,1,ring_0108,ring_0108
a563cc41-52d6-7b93-e951-7fae8546f55b,Rebecca Kaufman DDS,1970-02-23,SYN-525-87-3885,96608,679,2025-07-06,359,0,,a563cc41-52d6-7b93-e951-7fae8546f55b
516a5073-5f61-bb85-21f2-773938d1b753,Charles Frost,1986-06-07,SYN-439-24-3082,39542,780,2025-06-07,388,0,,516a5073-5f61-bb85-21f2-773938d1b753
3465cecf-88ac-3afc-fece-7a3ff4c0c470,Paul Scott,1982-06-07,SYN-786-82-4701,39730,587,2026-06-20,10,0,,3465cecf-88ac-3afc-fece-7a3ff4c0c470
25936876-43e0-b23f-c5f3-b27d5e2c7d7d,Casey Ferguson,1984-06-21,SYN-409-42-3273,108618,654,2025-02-20,495,0,,25936876-43e0-b23f-c5f3-b27d5e2c7d7d
c12981d3-7d4a-6992-283f-55a4ba8bd9ec,Nathan Wilson,1981-09-02,SYN-951-44-6222,57784,688,2025-01-07,539,0,,c12981d3-7d4a-6992-283f-55a4ba8bd9ec
455d5ee9-675c-7523-98c9-d22eb1fef14e,Morgan Flynn,1996-08-23,SYN-833-98-5577,55119,613,2025-12-05,207,0,,455d5ee9-675c-7523-98c9-d22eb1fef14e
08b0bbe2-e4ba-dd12-a52a-0c6771c1c002,Janet Kane DVM,2007-09-08,SYN-240-11-8910,87353,654,2026-02-09,141,0,,08b0bbe2-e4ba-dd12-a52a-0c6771c1c002
e545f868-26f9-38f9-69be-b0de9539bb4d,Aaron Ferguson,1973-02-15,SYN-296-88-9153,23997,616,2026-06-22,8,1,ring_0176,ring_0176
246b6a86-43f6-a688-5ade-06e6830b14e6,Julie Rodgers,1993-07-17,SYN-653-75-6490,54394,630,2025-01-26,520,1,ring_0071,ring_0071
f5bf504b-c3b4-6a35-1815-3f5049102edc,Brent Holloway,2000-10-29,SYN-816-37-8301,48907,829,2025-02-26,489,0,,f5bf504b-c3b4-6a35-1815-3f5049102edc
2e99aadc-c553-fbe6-c564-c846aa71a321,Danny Moreno,1989-05-27,SYN-683-39-5043,32845,711,2026-04-23,68,0,,2e99aadc-c553-fbe6-c564-c846aa71a321
bf5d7aee-46a1-0a74-fcb9-abbffbaf4f09,Susan Powers,1978-10-21,SYN-549-12-7856,74324,581,2025-05-03,423,0,,bf5d7aee-46a1-0a74-fcb9-abbffbaf4f09
a33cee89-896e-11c0-e0ee-dfb6a73ef576,Michelle Brown,2008-02-05,SYN-297-66-2875,55297,673,2025-05-21,405,0,,a33cee89-896e-11c0-e0ee-dfb6a73ef576
6fedb2d5-6d74-7726-2492-2e08d5ad070c,Kelly Wright,2003-02-14,SYN-717-18-6418,38031,627,2025-09-23,280,0,,6fedb2d5-6d74-7726-2492-2e08d5ad070c
c1288fd1-deea-6ec4-895e-75e4b897ff74,Jordan Carter,1981-03-27,SYN-228-38-8152,59984,778,2025-06-21,374,0,,c1288fd1-deea-6ec4-895e-75e4b897ff74
c0146cc2-7c92-1e02-8eff-4ae76823baf8,Sarah Johnson,1984-10-15,SYN-765-54-5928,46381,645,2026-05-07,54,0,,c0146cc2-7c92-1e02-8eff-4ae76823baf8
abb4efa3-44b3-391c-35db-3b13944afa1a,Hunter Campos,1993-01-23,SYN-428-43-5707,15498,612,2026-03-28,94,0,,abb4efa3-44b3-391c-35db-3b13944afa1a
d2ced13a-8e52-f2da-deea-4a7ad61ea4c4,Charlene Gutierrez,1992-11-04,SYN-280-10-7205,51708,753,2026-05-04,57,0,,d2ced13a-8e52-f2da-deea-4a7ad61ea4c4
3c4801a9-c509-5519-7dd3-42f6834059fb,Jill Anderson,1987-07-24,SYN-394-39-4749,39255,690,2025-03-03,484,0,,3c4801a9-c509-5519-7dd3-42f6834059fb
467703bc-606c-4a5c-2b62-2a21a34d98de,Kevin Fisher,1975-08-20,SYN-475-84-5401,35380,693,2026-03-05,117,0,,467703bc-606c-4a5c-2b62-2a21a34d98de
08110748-e9e3-7c97-3248-1037f1014a53,Erin White,1998-04-14,SYN-954-82-3120,33562,667,2025-12-31,181,0,,08110748-e9e3-7c97-3248-1037f1014a53
f845b033-ec83-db5a-69d3-7b80356810b9,Ryan Murphy,1987-06-16,SYN-445-62-6552,76343,636,2025-07-30,335,0,,f845b033-ec83-db5a-69d3-7b80356810b9
9468c154-60f3-0614-c1c0-5c887a2dd890,Andrew Christian,1990-10-26,SYN-817-68-7052,32221,734,2025-01-16,530,0,,9468c154-60f3-0614-c1c0-5c887a2dd890
6f06d1ae-0b99-b6e2-bae6-530a1149b1c1,Amanda Shelton,1990-07-23,SYN-766-42-2158,44041,738,2025-05-15,411,0,,6f06d1ae-0b99-b6e2-bae6-530a1149b1c1
2f604112-9b1b-c306-0771-37e141670916,John Webb,1986-10-08,SYN-743-88-6096,35762,648,2025-09-04,299,0,,2f604112-9b1b-c306-0771-37e141670916
8e4a0765-7d8e-c356-7eea-152a8fd35d0d,Benjamin Chavez,1989-08-09,SYN-161-50-7502,55061,649,2025-07-05,360,0,,8e4a0765-7d8e-c356-7eea-152a8fd35d0d
76dbb5bc-639d-25de-3050-97f7621ee4ac,Nicole Price,1969-01-18,SYN-942-92-5542,25207,798,2026-03-12,110,0,,76dbb5bc-639d-25de-3050-97f7621ee4ac
a709f00c-5ac0-3531-9750-f93ddfa27550,Bridget Wallace,1979-05-10,SYN-272-30-1758,57052,527,2025-10-28,245,0,,a709f00c-5ac0-3531-9750-f93ddfa27550
92a14974-1fb5-d563-a1ae-2d28692dbb30,Charles Hernandez,1996-02-04,SYN-441-87-8984,22661,731,2025-04-30,426,0,,92a14974-1fb5-d563-a1ae-2d28692dbb30
f2df3ee1-8745-8b20-f762-229d58c48fa8,John Bell,1982-08-23,SYN-755-71-4846,28075,659,2026-05-05,56,0,,f2df3ee1-8745-8b20-f762-229d58c48fa8
40c14830-a311-b98c-95b6-5a62490fd8de,Michael Murphy,1993-01-30,SYN-254-90-4300,68491,773,2025-12-01,211,1,ring_0149,ring_0149
d3c45da7-d64b-d605-7c21-f833e580a8d3,Henry Taylor,1961-06-21,SYN-368-21-5088,32972,579,2025-10-09,264,0,,d3c45da7-d64b-d605-7c21-f833e580a8d3
82e74ff3-ebbd-459b-7e3a-e534ad7ebacf,Miguel Green,1992-06-06,SYN-613-41-4746,28653,740,2025-09-03,300,0,,82e74ff3-ebbd-459b-7e3a-e534ad7ebacf
6599a9c4-4cca-89be-171c-9fc7e0692009,Robin Benton,1979-11-05,SYN-805-41-9370,56386,679,2025-05-27,399,1,ring_0103,ring_0103
df74c3d9-44de-0e1d-447d-e45a9f2d33a7,Elizabeth Flores,1995-05-06,SYN-615-76-1345,30970,638,2025-10-22,251,0,,df74c3d9-44de-0e1d-447d-e45a9f2d33a7
9fcbfb47-6c82-34a3-77ef-ad49602db43f,Brittany Riley,1985-04-09,SYN-143-79-4525,39434,689,2025-08-29,305,0,,9fcbfb47-6c82-34a3-77ef-ad49602db43f
c8352cea-4da1-dd77-60b4-2e4d70ada3bd,Wyatt Rodriguez,1988-07-02,SYN-209-24-3019,30580,699,2025-11-22,220,0,,c8352cea-4da1-dd77-60b4-2e4d70ada3bd
c43db958-68cf-414d-07cc-0a75a574760a,Jeremy Scott,1992-05-14,SYN-890-70-9207,95020,720,2026-03-29,93,0,,c43db958-68cf-414d-07cc-0a75a574760a
0553f506-6e30-5033-2f23-7fc09f7e8f1f,Michelle Miller,1990-10-22,SYN-255-93-2920,71017,675,2025-02-16,499,1,ring_0164,ring_0164
4f19cffb-e265-4431-b473-ef01c9bc51cc,Theresa Martinez,1991-07-13,SYN-383-71-1263,84153,754,2025-11-07,235,0,,4f19cffb-e265-4431-b473-ef01c9bc51cc
5c2b06f9-cbd0-bc2f-cab0-966188c487f4,Kimberly Moore,1989-06-06,SYN-797-41-8456,109816,821,2025-05-15,411,1,ring_0105,ring_0105
005ed50c-d8fb-e113-e987-8db0f4194055,Lawrence Glover,1984-07-02,SYN-941-95-3220,90376,739,2025-03-01,486,0,,005ed50c-d8fb-e113-e987-8db0f4194055
7f9eb7ca-d3a7-6039-440d-e1f4a31de769,Randy Jones,1985-01-23,SYN-609-92-6308,70143,675,2025-03-07,480,0,,7f9eb7ca-d3a7-6039-440d-e1f4a31de769
174d2056-eede-66ed-2553-129d36039cf5,James Schaefer,1987-07-13,SYN-524-26-2919,50523,652,2026-04-24,67,0,,174d2056-eede-66ed-2553-129d36039cf5
5db7e63a-0b73-00f6-6fda-77b1adfb1cf4,Ashlee Williams,1991-11-09,SYN-140-16-4069,41942,614,2025-12-31,181,0,,5db7e63a-0b73-00f6-6fda-77b1adfb1cf4
5ceafed9-9b29-0e95-d82e-ae6fb08b1296,Craig Wagner,1987-03-01,SYN-946-37-9769,90102,736,2025-06-13,382,0,,5ceafed9-9b29-0e95-d82e-ae6fb08b1296
1ca77d46-97cf-3d6e-c862-dcd6bf82a62c,Justin Frederick,1972-08-06,SYN-392-33-9409,67572,677,2026-03-18,104,0,,1ca77d46-97cf-3d6e-c862-dcd6bf82a62c
04a1ad79-ecd3-ef82-d5a1-c555233d8a06,Yvonne Burns,1983-09-06,SYN-385-85-1317,55883,697,2025-08-15,319,0,,04a1ad79-ecd3-ef82-d5a1-c555233d8a06
12e3495c-9f63-9d4f-76d4-1eab8a6db757,Bonnie Barnes,1994-09-25,SYN-172-75-3956,31908,775,2025-08-05,329,0,,12e3495c-9f63-9d4f-76d4-1eab8a6db757
16aed57e-334d-6d1b-9e04-9609c4b1f149,Daniel Molina,1985-04-14,SYN-320-46-1802,19531,658,2025-09-23,280,0,,16aed57e-334d-6d1b-9e04-9609c4b1f149
e8fdd940-8ac3-d25c-5ccd-90b736795cd7,Garrett Robinson,1979-07-20,SYN-967-57-1215,43335,552,2026-05-18,43,0,,e8fdd940-8ac3-d25c-5ccd-90b736795cd7
ed24daa9-d3f0-939f-3914-fbd5015b1ce4,Steven Morales,2001-05-21,SYN-797-44-6639,36725,719,2025-03-30,457,0,,ed24daa9-d3f0-939f-3914-fbd5015b1ce4
00b38086-969e-09c4-9a0f-56b96d1ab6ea,Cynthia Johnson,1981-10-05,SYN-676-97-1741,67713,783,2026-04-11,80,0,,00b38086-969e-09c4-9a0f-56b96d1ab6ea
78bbc8d7-de4f-1dd8-c8b3-e216c478de6d,Kimberly Taylor,1987-08-27,SYN-760-17-3706,61416,757,2026-05-19,42,0,,78bbc8d7-de4f-1dd8-c8b3-e216c478de6d
e8674147-d3ae-c0cc-5028-b2f4af1420ce,Drew Wiggins,1990-01-12,SYN-769-77-7094,18278,592,2026-04-21,70,1,ring_0027,ring_0027
b8aa8b92-f3ca-78ef-46c5-a67730b00983,Marie Patterson,1991-06-14,SYN-524-64-5390,71906,723,2025-12-12,200,0,,b8aa8b92-f3ca-78ef-46c5-a67730b00983
1e894b43-350c-4202-5edd-82fdd696fe1b,Krista Gibson,1989-12-29,SYN-749-87-4617,42017,726,2026-01-08,173,0,,1e894b43-350c-4202-5edd-82fdd696fe1b
334f5020-7355-1245-761d-6fe0aaf73536,Kelly Hayes,1994-03-12,SYN-872-89-2507,45793,710,2025-04-11,445,0,,334f5020-7355-1245-761d-6fe0aaf73536
0cea20c9-bc16-3a6c-bbfc-8b3c292d983c,Patricia Anderson,1983-10-04,SYN-703-66-4750,20122,592,2025-04-29,427,0,,0cea20c9-bc16-3a6c-bbfc-8b3c292d983c
1f6366cb-6d2c-ee06-0ccd-1ee2834d93b1,William Martinez,1987-01-09,SYN-123-25-9909,74139,636,2025-10-13,260,0,,1f6366cb-6d2c-ee06-0ccd-1ee2834d93b1
dc799eee-5dcf-c020-d01e-55128083f541,Amanda Sullivan MD,1994-04-08,SYN-566-79-8172,55509,642,2025-01-30,516,0,,dc799eee-5dcf-c020-d01e-55128083f541
e9363652-f432-5460-9d6a-73d467635826,Robert Jones,2006-12-11,SYN-674-62-9426,136532,777,2025-09-28,275,0,,e9363652-f432-5460-9d6a-73d467635826
e5cbf864-8104-444c-7ca7-e55b12efc658,Melissa Henry,1986-09-14,SYN-320-93-5354,43361,779,2025-09-01,302,0,,e5cbf864-8104-444c-7ca7-e55b12efc658
5a5a88b9-13e5-4329-563f-1de8383b534d,Michael Morrison,1990-04-24,SYN-929-35-5616,79604,613,2025-11-26,216,0,,5a5a88b9-13e5-4329-563f-1de8383b534d
dbc48d39-9b5b-cafa-f71b-2d4cff194b79,John Cooper,1995-11-16,SYN-990-72-3177,36206,724,2025-12-12,200,0,,dbc48d39-9b5b-cafa-f71b-2d4cff194b79
707e962d-8767-55c7-a104-c44674ef3a4f,Nancy Jackson,1976-07-18,SYN-162-87-2167,44853,707,2026-06-03,27,0,,707e962d-8767-55c7-a104-c44674ef3a4f
dd3bfea9-3174-439f-440d-0c4df035aadd,Gregory Wallace,1979-08-05,SYN-929-11-5649,51403,639,2026-05-25,36,0,,dd3bfea9-3174-439f-440d-0c4df035aadd
041e7683-2ed6-6752-9269-040d76ab6372,Wanda Ingram,2007-12-30,SYN-345-50-6399,35816,761,2025-09-13,290,0,,041e7683-2ed6-6752-9269-040d76ab6372
b8987153-f06f-ce05-2b4f-c92292ee6c35,Kevin Fischer,1982-12-10,SYN-677-27-9914,71269,713,2025-05-12,414,0,,b8987153-f06f-ce05-2b4f-c92292ee6c35
5a710587-72de-2706-07b4-8ecf431e3e48,Ronald Garcia,1988-08-13,SYN-468-43-3024,87135,625,2025-03-26,461,0,,5a710587-72de-2706-07b4-8ecf431e3e48
51bd44c7-8a00-4f3f-84f4-63a6a931c0eb,Laura Gregory,1955-09-30,SYN-150-65-5602,113685,635,2025-06-08,387,0,,51bd44c7-8a00-4f3f-84f4-63a6a931c0eb
2ac841ee-0ad6-abba-f5be-d381603e62fa,Tammy Larson,1976-04-13,SYN-249-45-7887,177171,658,2026-05-26,35,0,,2ac841ee-0ad6-abba-f5be-d381603e62fa
5df2352c-16d0-22c7-5d2b-4f85d7a6c7d2,Alexander Davis,1996-04-06,SYN-657-67-4891,128669,750,2025-10-13,260,0,,5df2352c-16d0-22c7-5d2b-4f85d7a6c7d2
c84e282e-64fc-3150-345a-2f30dc9894aa,Steven Shaw,1994-03-19,SYN-966-80-4169,82457,799,2025-09-16,287,0,,c84e282e-64fc-3150-345a-2f30dc9894aa
047d8bc4-41ec-8478-79ca-edae10b4c5a7,Jaclyn Crane,1996-06-24,SYN-657-97-6039,53496,850,2025-06-11,384,0,,047d8bc4-41ec-8478-79ca-edae10b4c5a7
42858c7f-ccfc-ca3d-d110-8b3ef2620546,Brenda Harvey,1992-02-24,SYN-961-68-7084,88777,677,2026-05-11,50,0,,42858c7f-ccfc-ca3d-d110-8b3ef2620546
8f86b544-4f78-3158-7796-9ebf22e6d8c0,Robert Jackson,1981-07-14,SYN-331-72-2549,155217,660,2026-04-26,65,0,,8f86b544-4f78-3158-7796-9ebf22e6d8c0
f431f91b-4775-a82d-b16f-d843053ea45d,Franklin Wright,1974-04-05,SYN-661-39-5801,30304,702,2025-10-04,269,0,,f431f91b-4775-a82d-b16f-d843053ea45d
eee1db57-b3dc-8a20-df2e-55ecccb4bf33,Shawn Kim,1986-11-07,SYN-608-86-6064,36318,571,2025-12-02,210,0,,eee1db57-b3dc-8a20-df2e-55ecccb4bf33
878758a6-0134-b945-6a23-7840b95c5b6a,Michael Banks,1997-01-12,SYN-111-44-4065,15000,762,2025-02-10,505,1,ring_0168,ring_0168
7f4d37bc-4489-5cde-4ca4-7e9dc3d0c7fe,Bryan Franco,2008-03-03,SYN-827-66-5006,17744,672,2025-05-29,397,0,,7f4d37bc-4489-5cde-4ca4-7e9dc3d0c7fe
b5ee5b1f-14e6-ccd3-0144-9e4821e2622a,Patrick Perez,1990-11-27,SYN-173-54-9538,82428,601,2025-12-13,199,0,,b5ee5b1f-14e6-ccd3-0144-9e4821e2622a
632982f5-e783-0762-70a9-befd55a1261d,Jessica White,1993-03-16,SYN-178-65-1748,25225,448,2025-09-08,295,0,,632982f5-e783-0762-70a9-befd55a1261d
3257caec-6e4e-80df-8d3b-55c30f811ab7,Denise Davenport,1980-07-22,SYN-309-97-2722,28609,682,2025-06-15,380,0,,3257caec-6e4e-80df-8d3b-55c30f811ab7
8baba8ef-d358-259f-2282-86409e7f6635,Patrick Adkins,1983-09-21,SYN-428-58-3115,113650,629,2025-12-28,184,0,,8baba8ef-d358-259f-2282-86409e7f6635
e4dc2516-74e0-abc2-afd7-0829a520202d,Chase Matthews,2000-01-05,SYN-787-12-2505,101651,603,2025-11-05,237,0,,e4dc2516-74e0-abc2-afd7-0829a520202d
475cc867-8c32-680b-ca51-8b27c6b278fd,Ashlee Lopez,1992-01-26,SYN-991-75-7149,48220,743,2026-05-14,47,0,,475cc867-8c32-680b-ca51-8b27c6b278fd
87a2a76f-9d18-a635-57f8-c0919992ca13,Vincent Castillo,1973-11-25,SYN-623-14-7119,39447,710,2026-02-11,139,0,,87a2a76f-9d18-a635-57f8-c0919992ca13
6167506d-6f67-f56f-f42a-ed8b0d178b4c,Justin Bennett,1979-09-25,SYN-682-70-9892,51310,693,2026-05-30,31,0,,6167506d-6f67-f56f-f42a-ed8b0d178b4c
8160e65e-767f-ff0e-6d5a-7b1a28910fb0,Brandon Cordova PhD,1975-04-11,SYN-647-49-1423,48762,804,2025-03-12,475,0,,8160e65e-767f-ff0e-6d5a-7b1a28910fb0
ffbaf64a-fb15-e2ae-d39d-e7bd9a1fb910,Jennifer Rubio,1965-02-05,SYN-978-64-4972,26493,689,2025-02-14,501,1,ring_0048,ring_0048
0c369109-3302-a775-5ff5-825c54c31d8c,Robin Ortiz,1985-07-01,SYN-282-49-3892,58106,649,2026-02-11,139,0,,0c369109-3302-a775-5ff5-825c54c31d8c
9631c4f1-8c67-531a-31dc-ce3b1a6505f3,Tracy Guzman,1983-02-14,SYN-600-59-2780,36524,577,2025-12-01,211,0,,9631c4f1-8c67-531a-31dc-ce3b1a6505f3
6fecaad6-bf40-33e0-5c10-dea11e5c9442,Miguel Pena,1984-10-22,SYN-778-80-5582,43828,694,2026-06-17,13,0,,6fecaad6-bf40-33e0-5c10-dea11e5c9442
da2a7b98-a181-60f9-fcd7-529333c9d447,Rachel Williams,1992-11-14,SYN-614-65-1629,50785,613,2025-11-07,235,0,,da2a7b98-a181-60f9-fcd7-529333c9d447
f9e117c9-5320-5cc8-2f38-c03a45632594,Jackie Jones,1974-10-19,SYN-966-20-6491,33616,696,2025-01-06,540,0,,f9e117c9-5320-5cc8-2f38-c03a45632594
5d71f146-97db-ddc7-15e1-3e8e17817b75,Gina Moore,1994-06-25,SYN-225-32-2030,76665,577,2026-03-06,116,0,,5d71f146-97db-ddc7-15e1-3e8e17817b75
1c0145b3-b10d-e6f0-46cc-8a134b5e0553,Susan Gregory,1992-02-23,SYN-121-45-2146,57397,623,2025-04-01,455,0,,1c0145b3-b10d-e6f0-46cc-8a134b5e0553
32156366-f94c-8e4f-a2b0-c39896b75e1f,Robert Meza,1981-12-04,SYN-601-24-6055,32624,701,2025-06-24,371,0,,32156366-f94c-8e4f-a2b0-c39896b75e1f
085e210b-0783-cacf-316f-33d8d4a19897,Ryan Willis,1985-05-21,SYN-965-72-5909,48968,826,2025-04-25,431,0,,085e210b-0783-cacf-316f-33d8d4a19897
6b4c0df9-d2dd-91f2-bf09-9cd32726aace,Rachel Oneal,1997-03-10,SYN-214-24-8091,75422,548,2026-02-11,139,0,,6b4c0df9-d2dd-91f2-bf09-9cd32726aace
d257227b-6fa9-8401-9e30-3234d4bff480,David Williams,1999-07-26,SYN-273-31-1681,68911,727,2025-11-05,237,0,,d257227b-6fa9-8401-9e30-3234d4bff480
fa883f77-796a-5f2c-9a83-c69359f7caaa,Melissa Greene,1985-03-20,SYN-353-48-6305,27445,652,2025-01-19,527,0,,fa883f77-796a-5f2c-9a83-c69359f7caaa
ca06e5e6-3102-3836-827b-f34f5249b211,Jennifer Gonzalez,1999-11-28,SYN-552-34-6534,47782,710,2025-09-17,286,0,,ca06e5e6-3102-3836-827b-f34f5249b211
1ade0ef2-6347-a0a3-f56d-2b99a4267c81,Corey Cortez,1956-11-30,SYN-864-59-7960,51342,625,2025-07-16,349,0,,1ade0ef2-6347-a0a3-f56d-2b99a4267c81
6e8487f9-a3d8-fb23-8c49-48292c514dd9,Kathy French,1991-05-17,SYN-208-24-9489,26322,697,2026-06-23,7,1,ring_0130,ring_0130
4ba00e7a-3878-d936-8746-f134fece02c3,Megan Oliver,1976-07-15,SYN-798-25-2281,69207,651,2025-05-02,424,0,,4ba00e7a-3878-d936-8746-f134fece02c3
889a62a2-a1be-6151-6740-255863a524d4,Ricky Palmer,1984-02-16,SYN-792-20-2651,73640,694,2025-10-26,247,0,,889a62a2-a1be-6151-6740-255863a524d4
ac102213-746e-8820-e131-9efa75698066,Robin Clay,2004-05-20,SYN-553-20-6648,37688,781,2025-06-21,374,0,,ac102213-746e-8820-e131-9efa75698066
daeca954-bb75-cc18-6032-2a0000b13c09,Jeffrey Walters PhD,1992-09-23,SYN-947-34-9058,99757,677,2025-03-21,466,0,,daeca954-bb75-cc18-6032-2a0000b13c09
f6576aa2-f398-5887-f588-a938a470d842,Laurie Blevins,1993-03-15,SYN-805-35-9951,52128,737,2026-06-02,28,1,ring_0041,ring_0041
29a3eb22-5d00-eace-572a-fa4dd29babe0,Holly Brown,1981-07-18,SYN-874-26-2702,78993,807,2025-09-02,301,1,ring_0053,ring_0053
7beffb60-63c1-56e1-e7df-84835e99f1a5,Holly Austin,1969-03-20,SYN-792-84-3697,144446,657,2025-01-26,520,0,,7beffb60-63c1-56e1-e7df-84835e99f1a5
abcde7a2-826b-11ae-a2fc-ee9407334c51,John Gibson,1991-07-11,SYN-334-13-1222,76040,696,2025-02-10,505,1,ring_0077,ring_0077
24f1f860-61a9-448c-94f7-b3c20a371522,Angela Reyes,1992-04-14,SYN-629-46-7046,45309,771,2026-04-07,84,0,,24f1f860-61a9-448c-94f7-b3c20a371522
9cfa8094-7feb-cf4a-1c87-50c404e33822,Amy Garcia,1972-12-18,SYN-194-59-5761,58818,764,2026-04-27,64,0,,9cfa8094-7feb-cf4a-1c87-50c404e33822
b9351d49-a363-da44-273e-f2503bff74d9,Joshua Murray,1981-05-19,SYN-950-86-1686,31307,593,2026-05-25,36,0,,b9351d49-a363-da44-273e-f2503bff74d9
e17bcb8d-5c20-9023-2d37-b93fdd0cf4c2,Donna Johnson,1989-01-07,SYN-465-10-3226,23052,684,2026-06-10,20,0,,e17bcb8d-5c20-9023-2d37-b93fdd0cf4c2
6fd15f5e-957c-26ea-bfda-4db7aa210168,Ashley Gonzales,1980-04-02,SYN-180-80-1744,96768,636,2026-06-14,16,0,,6fd15f5e-957c-26ea-bfda-4db7aa210168
a90cc47d-357b-d267-31b7-3c7ddb064a03,Steven Gardner,1978-08-18,SYN-859-54-6551,51835,617,2026-01-28,153,0,,a90cc47d-357b-d267-31b7-3c7ddb064a03
eb8e58e4-5636-5b70-6239-d6310f66c00a,Erin Diaz,1994-01-29,SYN-532-28-1997,37047,727,2025-03-16,471,0,,eb8e58e4-5636-5b70-6239-d6310f66c00a
d6cef71d-5a15-559b-c34a-7932a241ece3,Dana Snyder,1985-06-04,SYN-450-96-3626,56217,635,2025-07-04,361,0,,d6cef71d-5a15-559b-c34a-7932a241ece3
e2916da4-a6c4-bc0d-b815-5bb37a80285a,Lance Lynn,1982-12-23,SYN-786-60-8542,15000,677,2025-04-08,448,0,,e2916da4-a6c4-bc0d-b815-5bb37a80285a
cf1ffb8a-93b4-8b92-af1b-fadcaa5e644e,Cindy Williams,1994-04-24,SYN-967-95-4342,55628,711,2025-12-28,184,0,,cf1ffb8a-93b4-8b92-af1b-fadcaa5e644e
5201a33a-147b-a0de-1bfd-c246d7a6d71e,Jody Bird,1993-11-11,SYN-494-23-8726,62927,681,2026-04-29,62,0,,5201a33a-147b-a0de-1bfd-c246d7a6d71e
dcd361f3-0122-2148-d85a-99c0d4a509a0,Karen Lopez,1978-05-02,SYN-755-50-4208,41031,730,2026-06-27,3,0,,dcd361f3-0122-2148-d85a-99c0d4a509a0
f84d27f9-e7c3-d012-f2fc-d7ac552ba9b8,Samantha Robertson,1979-01-23,SYN-596-35-6240,130726,732,2025-02-27,488,0,,f84d27f9-e7c3-d012-f2fc-d7ac552ba9b8
71add788-a453-9a5b-23cf-0b83dc7a4e2b,Alexander Zavala,1978-05-03,SYN-918-50-6582,17014,772,2025-03-26,461,0,,71add788-a453-9a5b-23cf-0b83dc7a4e2b
5ff8c741-392e-17ec-ae97-e3c36c18bba8,Deborah Gregory,2004-03-11,SYN-358-66-4792,46618,631,2025-09-25,278,0,,5ff8c741-392e-17ec-ae97-e3c36c18bba8
1d2dbcc7-bca5-0ea7-3afa-f1dcf65bd91f,Nichole Alvarez,1996-10-13,SYN-921-54-1798,61980,690,2025-08-08,326,0,,1d2dbcc7-bca5-0ea7-3afa-f1dcf65bd91f
2ee623f8-fb88-f5bf-2e90-29b230b598e0,Jason Taylor,1983-12-24,SYN-238-81-2493,26975,670,2025-01-18,528,0,,2ee623f8-fb88-f5bf-2e90-29b230b598e0
61551453-5e2a-451b-37c5-8a83fc06c483,Jeremiah Hernandez,2002-01-19,SYN-480-27-2454,93885,850,2025-03-11,476,0,,61551453-5e2a-451b-37c5-8a83fc06c483
6c132eff-e167-ba8e-755c-7034a693319e,Kenneth Perez,1996-10-30,SYN-192-34-4907,170046,675,2025-07-20,345,0,,6c132eff-e167-ba8e-755c-7034a693319e
5b5bea27-a8f2-0c39-0d49-46212bd691d6,Katherine Wright,1990-05-06,SYN-239-61-4108,60033,666,2026-01-14,167,1,ring_0044,ring_0044
2528f70e-1c0f-f668-e3f8-b6155893dd9a,Charles Yang,1981-03-15,SYN-975-17-2273,89605,704,2025-03-29,458,0,,2528f70e-1c0f-f668-e3f8-b6155893dd9a
7333927d-4b6d-e564-b758-053bcdeda66a,Deborah Figueroa,1987-03-27,SYN-200-47-8764,32832,719,2026-01-17,164,0,,7333927d-4b6d-e564-b758-053bcdeda66a
c2e0e701-6fc7-c6fb-0c07-cdacf97889e7,Daniel Wilson,1990-07-03,SYN-435-42-4143,21608,649,2025-08-15,319,0,,c2e0e701-6fc7-c6fb-0c07-cdacf97889e7
f2c0f693-bdcf-036c-c304-e2bfd66b0387,Wanda Ramos,2003-04-19,SYN-606-79-2918,33820,715,2025-07-10,355,0,,f2c0f693-bdcf-036c-c304-e2bfd66b0387
eba935df-fa20-552f-0d59-aed69bf3788a,Kenneth Graham,1982-02-04,SYN-248-23-6095,19476,745,2026-01-09,172,0,,eba935df-fa20-552f-0d59-aed69bf3788a
c9293162-345e-0a0a-02a0-f640d3923340,Katherine Downs,2004-01-06,SYN-250-97-5522,108726,747,2025-08-26,308,0,,c9293162-345e-0a0a-02a0-f640d3923340
8543e442-1de6-d6ae-8fc4-5a5a72c20332,Mrs. Tammy Curry,1988-04-21,SYN-452-24-9713,23563,696,2026-02-08,142,0,,8543e442-1de6-d6ae-8fc4-5a5a72c20332
4a2cde09-8b82-2487-5640-1188bfc64874,Kim Nelson,1977-09-03,SYN-728-97-6726,23204,790,2026-01-24,157,0,,4a2cde09-8b82-2487-5640-1188bfc64874
45292c46-ae7c-8b88-e14d-ce717255d564,Angela Brown,1989-10-22,SYN-567-99-5232,57402,521,2025-07-18,347,0,,45292c46-ae7c-8b88-e14d-ce717255d564
a32a0973-89e3-004a-cd67-39d57bbe2b47,Samantha Walker,2006-10-26,SYN-114-80-8442,71460,769,2026-04-07,84,0,,a32a0973-89e3-004a-cd67-39d57bbe2b47
d3d27db8-e22b-23fe-149c-70624c99dbef,Jeremy Barnett,1972-05-15,SYN-162-98-1112,107492,775,2025-08-25,309,1,ring_0058,ring_0058
7c2544a4-6a3c-7ee8-f094-4246dcc29d34,David Hays,1985-03-30,SYN-374-23-4998,133881,599,2025-09-15,288,0,,7c2544a4-6a3c-7ee8-f094-4246dcc29d34
d55d8637-4670-ce1c-2b33-2ab2d41cf280,Diana Hawkins,1982-02-04,SYN-544-83-1474,74021,623,2025-12-12,200,0,,d55d8637-4670-ce1c-2b33-2ab2d41cf280
7f6981ef-b520-a7cf-b931-ffbbe89d9f31,Tara King,1987-05-24,SYN-788-95-2022,26699,697,2026-03-12,110,0,,7f6981ef-b520-a7cf-b931-ffbbe89d9f31
d24d038d-443b-3bd1-5be4-98333768f5e3,Reginald Knapp,1981-12-22,SYN-116-76-4394,250000,596,2026-05-10,51,0,,d24d038d-443b-3bd1-5be4-98333768f5e3
e021abb8-fae5-0b4e-a12f-83fa693b8a63,Zachary Martin,2007-05-19,SYN-865-67-3069,73239,810,2025-12-12,200,1,ring_0113,ring_0113
83210c5e-03eb-831d-37ca-7c24e9ce92be,Shelia Dixon,1973-01-03,SYN-745-80-5144,40134,753,2025-06-21,374,0,,83210c5e-03eb-831d-37ca-7c24e9ce92be
88a04836-6b61-ca1c-68a9-67da7671af4e,Aaron Cochran,1980-05-06,SYN-552-22-8252,38610,691,2025-09-08,295,0,,88a04836-6b61-ca1c-68a9-67da7671af4e
5c81863f-0a75-79be-74e3-180302ec8105,Haley Cowan,1989-08-11,SYN-792-32-4299,59150,571,2025-09-10,293,0,,5c81863f-0a75-79be-74e3-180302ec8105
c93bd108-b1b2-13f6-5ec6-02223a2d9fff,James Lopez,1982-09-18,SYN-712-51-9832,85118,700,2025-05-05,421,0,,c93bd108-b1b2-13f6-5ec6-02223a2d9fff
3cc90d19-69f4-e4dc-2a88-e13f4973f7b1,Denise Hendricks,1987-12-29,SYN-207-50-4908,36567,704,2026-05-05,56,0,,3cc90d19-69f4-e4dc-2a88-e13f4973f7b1
5bbf80ba-4543-eaa9-4de4-f5cdc8166ca7,Sergio Andrews,1991-06-19,SYN-584-69-3254,57605,694,2025-12-01,211,0,,5bbf80ba-4543-eaa9-4de4-f5cdc8166ca7
a83b9efe-3748-5093-a228-adecb1215249,Debbie Sherman,1986-07-09,SYN-841-10-8073,28770,691,2025-05-21,405,0,,a83b9efe-3748-5093-a228-adecb1215249
6af3415c-e0bd-4890-7c06-62e1870e181d,Crystal Davis,1988-01-22,SYN-701-13-7644,60112,653,2026-06-02,28,0,,6af3415c-e0bd-4890-7c06-62e1870e181d
db849829-f714-88cd-f1d2-dbc5c7be8f01,Jean Murillo,1997-01-10,SYN-638-96-7745,62055,698,2025-12-31,181,0,,db849829-f714-88cd-f1d2-dbc5c7be8f01
119265bd-17ed-eb14-34e8-6494a7151d87,Allison Hickman,1990-11-23,SYN-580-71-7778,26474,800,2025-09-08,295,0,,119265bd-17ed-eb14-34e8-6494a7151d87
5ca69f16-cdde-2ffb-e529-ac20572f51dc,Diana Johnson,1969-11-24,SYN-520-74-5475,36598,630,2025-06-19,376,0,,5ca69f16-cdde-2ffb-e529-ac20572f51dc
7918f7a0-4e80-b4ec-5d04-e22f4273cf6b,Jennifer Anderson,1980-04-30,SYN-513-19-6642,46924,614,2025-09-12,291,0,,7918f7a0-4e80-b4ec-5d04-e22f4273cf6b
bbd2ea1c-fcef-67d1-9d08-207caed6bd15,Dean Turner,1975-09-25,SYN-598-86-2189,50740,734,2026-03-01,121,0,,bbd2ea1c-fcef-67d1-9d08-207caed6bd15
daf49601-c614-5560-07a2-24b779621224,Emily Fleming,1990-09-18,SYN-966-19-2928,75760,751,2026-03-15,107,0,,daf49601-c614-5560-07a2-24b779621224
91381d15-20f8-d6eb-a641-5a56c098de37,Debbie Allen,1985-12-31,SYN-963-72-8425,40866,698,2025-04-23,433,0,,91381d15-20f8-d6eb-a641-5a56c098de37
c4d2ada7-d120-7791-ec44-ef2ec35dd29f,Kristen Smith,1981-12-06,SYN-672-18-1639,110602,761,2026-04-15,76,0,,c4d2ada7-d120-7791-ec44-ef2ec35dd29f
757addf5-902f-3808-cdd3-5b6e45b944bc,Joshua Navarro,1987-11-25,SYN-739-80-3488,62329,802,2026-02-04,146,0,,757addf5-902f-3808-cdd3-5b6e45b944bc
c807df25-ed5e-27a6-32a1-be2753305196,Jodi Collins,1987-11-01,SYN-690-87-6766,61940,641,2025-05-27,399,1,ring_0089,ring_0089
5e43ef79-aa82-6208-ffe7-1f51576bab3a,Susan Larsen,1979-09-21,SYN-370-86-4244,108630,747,2026-06-09,21,0,,5e43ef79-aa82-6208-ffe7-1f51576bab3a
024716be-2580-ee81-360d-10731b5bbfb9,Gregory Garcia,1971-05-26,SYN-616-68-3364,151476,631,2025-09-19,284,1,ring_0032,ring_0032
229ec712-7834-df6d-96bc-2949daebfb6e,Susan Williams,1970-06-28,SYN-323-61-5904,156455,682,2025-07-01,364,0,,229ec712-7834-df6d-96bc-2949daebfb6e
bc2244c9-08f5-72ed-d628-bd3941c012a8,Jack Krause,1992-06-08,SYN-542-77-3073,81746,710,2025-04-03,453,0,,bc2244c9-08f5-72ed-d628-bd3941c012a8
76885019-bbf6-013d-6045-519bde63df36,Alexandria Vaughn,1981-03-31,SYN-660-24-8484,25730,711,2025-07-04,361,0,,76885019-bbf6-013d-6045-519bde63df36
1bcdf86d-6a12-ed38-2558-8b08e9a94872,Kristy Mills,1981-03-23,SYN-881-62-7550,58907,774,2025-10-07,266,0,,1bcdf86d-6a12-ed38-2558-8b08e9a94872
90fec733-ad17-459b-dd4d-b38e232601f8,Amanda Johnson,1979-10-10,SYN-372-46-7914,51693,660,2025-05-04,422,1,ring_0059,ring_0059
9d69dcec-3c31-a8cb-69c6-808694c4917b,Cynthia Newman,1981-08-31,SYN-779-74-5101,48066,752,2025-10-02,271,0,,9d69dcec-3c31-a8cb-69c6-808694c4917b
1e1e78a8-8053-acf1-cfcb-fd24f7f78016,Teresa Collins,1984-12-11,SYN-132-49-6001,69901,678,2025-11-28,214,0,,1e1e78a8-8053-acf1-cfcb-fd24f7f78016
3ae9b03e-a27c-ec56-7896-f9452d8bb53f,Jesse Lynch,1994-07-07,SYN-655-11-2802,64445,657,2026-05-29,32,0,,3ae9b03e-a27c-ec56-7896-f9452d8bb53f
a4cfd9ef-0332-5ae1-d916-8b5eb140d2da,Cole Andersen,1974-03-10,SYN-115-33-8690,104855,731,2025-08-06,328,0,,a4cfd9ef-0332-5ae1-d916-8b5eb140d2da
0c8f9800-fb21-ca85-1dc4-4f6e2e942171,Diamond Mcgrath,1994-02-16,SYN-109-33-8387,124886,804,2026-03-18,104,1,ring_0030,ring_0030
43780354-b4da-c2d5-1caf-d8783b8be690,Casey Perez,1985-03-05,SYN-927-56-4888,35890,689,2025-07-10,355,0,,43780354-b4da-c2d5-1caf-d8783b8be690
d171aa54-17ce-fa62-f950-894e7802c95b,Mitchell Williams,1976-01-20,SYN-472-23-9615,40107,714,2025-02-07,508,1,ring_0200,ring_0200
b7f9693f-65e8-44a7-a57f-8a0c97a4fd5b,Daniel Bush,1996-11-26,SYN-262-49-7808,50427,708,2025-04-20,436,0,,b7f9693f-65e8-44a7-a57f-8a0c97a4fd5b
b9145e5c-ff28-e657-ae0b-5e64d70d14b8,Erin Warner,1987-04-14,SYN-257-38-2651,64968,665,2025-07-05,360,0,,b9145e5c-ff28-e657-ae0b-5e64d70d14b8
fc0cab2f-c8a7-4b47-d296-484e15c2e433,Cassie Lutz,1955-08-09,SYN-609-33-5241,38718,696,2025-04-19,437,0,,fc0cab2f-c8a7-4b47-d296-484e15c2e433
583bd62c-19bc-a660-72c8-3ecfdd324572,Ashley Bradford,1997-01-15,SYN-401-75-3835,69928,724,2026-04-05,86,0,,583bd62c-19bc-a660-72c8-3ecfdd324572
07bc6b51-a612-fcc5-d7a0-c789e3d6ccc1,Wayne Robinson,1975-12-29,SYN-395-23-5681,56207,646,2025-01-02,544,0,,07bc6b51-a612-fcc5-d7a0-c789e3d6ccc1
da9b6954-0ee0-b623-e5c7-610680d64056,Johnathan Brown,1977-05-08,SYN-395-63-2935,25304,652,2025-07-22,343,0,,da9b6954-0ee0-b623-e5c7-610680d64056
caa72a7d-5873-3c6e-e5c7-d47797b3f814,Joyce Brown,1990-10-01,SYN-689-59-3777,56318,636,2025-09-01,302,0,,caa72a7d-5873-3c6e-e5c7-d47797b3f814
28589db4-beec-fbf1-8986-feb9967b0e14,Michael Barker,1982-02-27,SYN-781-38-5293,61145,624,2025-10-31,242,0,,28589db4-beec-fbf1-8986-feb9967b0e14
6418c5e9-9b97-a3e5-356d-c3dcf0cae60d,Michelle Patterson,1973-09-26,SYN-404-57-8045,56448,617,2025-12-20,192,0,,6418c5e9-9b97-a3e5-356d-c3dcf0cae60d
59810610-835c-68f4-5ce9-38bdf6a1e9f9,Chad Perez,1992-01-15,SYN-260-74-2264,49962,708,2025-04-21,435,0,,59810610-835c-68f4-5ce9-38bdf6a1e9f9
20f8a302-d49c-9bef-c65c-07ae43f12b5f,Scott Hernandez,2001-11-25,SYN-886-41-1219,29093,557,2025-12-15,197,0,,20f8a302-d49c-9bef-c65c-07ae43f12b5f
17981b03-5b94-5f93-daff-5fc7d048ba06,Randy Kennedy,1974-03-11,SYN-512-22-5501,113815,602,2025-12-06,206,0,,17981b03-5b94-5f93-daff-5fc7d048ba06
c834d85e-c45e-9b33-8cec-3d6057ac2fb3,Patrick Yang,1989-11-29,SYN-154-66-8927,44069,743,2026-05-12,49,0,,c834d85e-c45e-9b33-8cec-3d6057ac2fb3
189c816b-d011-a3a2-ace1-7c20631f863e,Justin Foster,1981-07-08,SYN-292-64-9152,30911,657,2025-03-08,479,0,,189c816b-d011-a3a2-ace1-7c20631f863e
f2705f8d-4eac-fb37-bb67-808b68bd97cf,Carlos Kirk,1973-02-06,SYN-875-97-4803,131608,598,2025-11-18,224,0,,f2705f8d-4eac-fb37-bb67-808b68bd97cf
8427499d-b038-45a5-6c2f-1cd5e60bc70a,Rachel Flores,1998-01-23,SYN-601-92-1955,250000,641,2026-01-15,166,0,,8427499d-b038-45a5-6c2f-1cd5e60bc70a
646e0dd3-fb93-bc01-166e-6ff0911049a1,Luke Duncan,1982-02-12,SYN-959-10-5813,154604,658,2025-05-08,418,0,,646e0dd3-fb93-bc01-166e-6ff0911049a1
8f58681d-bd35-f14e-a8df-159aee078c42,Miranda Ortiz,1991-03-22,SYN-434-21-9023,55190,698,2025-12-23,189,0,,8f58681d-bd35-f14e-a8df-159aee078c42
fa5acc0a-9b38-b442-974e-32c60309cbec,John Zamora,1989-07-22,SYN-183-53-3175,53147,722,2025-01-17,529,0,,fa5acc0a-9b38-b442-974e-32c60309cbec
26f7b4fa-c92d-e821-dbf1-cb00995aab67,Jeffrey Vaughn,2007-10-29,SYN-449-30-4914,37040,569,2025-07-21,344,0,,26f7b4fa-c92d-e821-dbf1-cb00995aab67
063831bd-8c7f-f0e6-d8e6-33fe30d7c6d4,Christine Gonzalez,1982-03-28,SYN-851-44-3997,35503,787,2025-11-19,223,1,ring_0114,ring_0114
fe191243-5d99-9fb1-e046-fdec7f80ebd4,Jennifer Figueroa,1993-04-28,SYN-784-26-9501,49257,748,2025-01-13,533,1,ring_0167,ring_0167
1223bcc6-06a0-95c3-f2ba-6e934ab5426a,Tina Love,1985-10-12,SYN-146-91-1255,19561,605,2025-09-09,294,1,ring_0092,ring_0092
faa317f2-5cca-d886-7a1f-3ad3043522d8,Toni Cunningham,2001-03-03,SYN-405-83-4760,35805,634,2025-06-27,368,0,,faa317f2-5cca-d886-7a1f-3ad3043522d8
c13d983d-d9bd-6e6c-1a2e-fdc58e03887e,Chelsea Martin,1968-07-17,SYN-320-62-7218,39364,671,2025-10-17,256,0,,c13d983d-d9bd-6e6c-1a2e-fdc58e03887e
552cb4fd-2352-7d3d-812e-3008298c0dfb,Katherine Brooks,1990-02-04,SYN-424-84-5728,46321,716,2026-05-30,31,0,,552cb4fd-2352-7d3d-812e-3008298c0dfb
9f4c46f1-99fa-c644-77cc-5580d80be40a,Michelle Richardson,1994-04-24,SYN-301-36-5132,81853,693,2026-04-07,84,0,,9f4c46f1-99fa-c644-77cc-5580d80be40a
0336d30e-760a-4f74-8942-69e58a630fa3,Mary Day,1987-02-19,SYN-974-50-8657,132662,846,2025-11-15,227,0,,0336d30e-760a-4f74-8942-69e58a630fa3
ac660e36-c391-92ec-b64d-28fa3a37bedf,Morgan Evans,1992-12-19,SYN-229-93-3415,78782,774,2025-05-30,396,0,,ac660e36-c391-92ec-b64d-28fa3a37bedf
5c85e1f9-655f-9f00-348e-59a100ff6623,Mary Daniels,1986-10-08,SYN-987-21-4695,99128,656,2025-10-04,269,0,,5c85e1f9-655f-9f00-348e-59a100ff6623
486fad11-e577-7c56-e4cd-d6e2818ba945,Jessica Rojas,1983-10-22,SYN-225-43-7403,68108,612,2025-05-01,425,0,,486fad11-e577-7c56-e4cd-d6e2818ba945
aa4f1d58-92ab-8b05-b01f-afd42c47389a,Kelli Carter,1983-10-09,SYN-162-10-1053,32823,801,2025-03-10,477,0,,aa4f1d58-92ab-8b05-b01f-afd42c47389a
63c8142c-6cfb-b445-da42-c9a0133b0025,Sydney Sanders,1981-07-08,SYN-870-37-4858,92118,661,2025-07-03,362,0,,63c8142c-6cfb-b445-da42-c9a0133b0025
b18a8055-72f9-f9ac-e24b-e56b0f92d7b0,Arthur Reed,1990-01-28,SYN-705-76-9720,70717,623,2026-06-17,13,0,,b18a8055-72f9-f9ac-e24b-e56b0f92d7b0
64a788c2-9ac1-ccbe-4e52-aae0ef299e12,Jennifer Evans,1985-12-18,SYN-572-23-6773,68295,693,2026-03-16,106,0,,64a788c2-9ac1-ccbe-4e52-aae0ef299e12
e51089d7-c61d-237b-c2d9-807566ccaf52,Lee Mann,2008-04-01,SYN-706-13-6359,46098,771,2025-01-16,530,0,,e51089d7-c61d-237b-c2d9-807566ccaf52
9754e099-ea9d-942c-6a0d-08ff59d9f4a2,Richard Wood,1967-08-02,SYN-505-27-2621,82346,749,2025-08-09,325,0,,9754e099-ea9d-942c-6a0d-08ff59d9f4a2
d8e039ab-e090-cdaa-17f6-f8c1e1fb445a,Timothy Valdez,1994-01-02,SYN-386-36-3994,102470,647,2026-05-11,50,1,ring_0177,ring_0177
aa4c2c44-cab2-d582-6e5c-5c7d5e9542e1,Zachary Mckay,1965-09-30,SYN-426-72-2606,64179,545,2026-02-23,127,0,,aa4c2c44-cab2-d582-6e5c-5c7d5e9542e1
687b85ef-5292-0322-3424-6bab32cbc1ba,Melanie Frost,1965-01-20,SYN-939-16-9478,63921,772,2026-04-02,89,1,ring_0066,ring_0066
6018fa7d-5c0a-c016-6956-93bc0df12ef4,Emily Coleman,1953-07-19,SYN-412-85-6672,93717,709,2026-01-05,176,0,,6018fa7d-5c0a-c016-6956-93bc0df12ef4
3a9b322a-8408-5a06-2a22-180b981fd568,Isaiah Turner,1984-01-26,SYN-603-72-7281,56655,725,2026-01-23,158,0,,3a9b322a-8408-5a06-2a22-180b981fd568
2491dba7-0d75-9bf0-7e51-cf5e522b15f6,Phillip Berry,1982-11-12,SYN-836-52-8131,73780,689,2025-07-03,362,0,,2491dba7-0d75-9bf0-7e51-cf5e522b15f6
90ed2a42-f871-8437-7428-64cd3c2a0ccd,Anita Long,1995-03-16,SYN-899-69-2064,17541,701,2026-01-17,164,0,,90ed2a42-f871-8437-7428-64cd3c2a0ccd
3ab1fa98-f01e-5ebf-7c39-3c943fd6ec42,Danielle Watson,1996-02-11,SYN-341-55-5187,45597,595,2025-11-29,213,0,,3ab1fa98-f01e-5ebf-7c39-3c943fd6ec42
0402de6d-1c5b-0294-2239-c71a77f50d67,Angelica Simpson,1982-06-03,SYN-768-75-4897,41574,671,2025-05-15,411,0,,0402de6d-1c5b-0294-2239-c71a77f50d67
a7d5365e-ffa7-b5a4-0c4e-f9f6aa097973,Stacy Johnson,1967-07-05,SYN-213-47-3533,85886,606,2025-05-04,422,0,,a7d5365e-ffa7-b5a4-0c4e-f9f6aa097973
26b7b237-9290-0431-5c9d-954ca210fa58,Douglas Jarvis,1989-09-22,SYN-201-46-6590,21266,691,2025-12-28,184,1,ring_0010,ring_0010
44bb9387-f4ae-7611-e473-f70c7e1655c4,Kyle Perry,1990-12-15,SYN-420-36-8266,25814,682,2025-04-06,450,0,,44bb9387-f4ae-7611-e473-f70c7e1655c4
fbe35c25-6ce5-1f15-ef05-34f7af500837,Abigail Parsons MD,1986-01-15,SYN-442-35-4224,39645,610,2026-04-15,76,0,,fbe35c25-6ce5-1f15-ef05-34f7af500837
44ea3550-1ca9-de6d-a1f1-aea772253bbc,Kyle Collins,1985-08-22,SYN-523-55-9145,64695,668,2026-01-12,169,0,,44ea3550-1ca9-de6d-a1f1-aea772253bbc
6370eddf-1dc1-8cbb-d167-0c641e1c699e,Daniel Luna,2007-04-06,SYN-687-68-6429,27245,669,2025-03-29,458,0,,6370eddf-1dc1-8cbb-d167-0c641e1c699e
11544b68-feca-6609-1d2d-7dcadbc18888,Elizabeth Rowland,2008-06-21,SYN-417-11-1710,31124,673,2025-09-21,282,0,,11544b68-feca-6609-1d2d-7dcadbc18888
36036432-66a9-ec57-0865-fcd3b5f5c91f,Paul Vasquez,1994-12-22,SYN-711-70-6170,123737,815,2025-01-20,526,0,,36036432-66a9-ec57-0865-fcd3b5f5c91f
9030d10d-8011-668a-525d-0f732d0043ff,Ryan Salazar,1970-01-29,SYN-443-70-4591,65718,640,2026-06-02,28,0,,9030d10d-8011-668a-525d-0f732d0043ff
a6491857-dba3-d7d9-6e8b-572f92ae584d,Kelly Kennedy,1972-04-05,SYN-706-44-7203,32654,727,2026-01-23,158,0,,a6491857-dba3-d7d9-6e8b-572f92ae584d
4938b5c2-00d0-970b-ad44-b006821e388a,Lisa Mills,1965-10-14,SYN-792-51-4940,122927,647,2025-08-21,313,0,,4938b5c2-00d0-970b-ad44-b006821e388a
f0cb0c15-ea31-b70b-bdcd-c6509a44e222,Alex Lambert,1991-03-10,SYN-966-22-4044,45876,559,2025-06-13,382,0,,f0cb0c15-ea31-b70b-bdcd-c6509a44e222
5e3005fe-704d-f463-b00c-361db86af57b,Julie Dominguez,1989-02-18,SYN-363-50-8234,76857,596,2026-01-30,151,0,,5e3005fe-704d-f463-b00c-361db86af57b
5312cd1d-0bed-c923-3f94-9abb87202586,Meredith Shaw,1988-12-23,SYN-466-58-5218,42392,682,2026-03-09,113,0,,5312cd1d-0bed-c923-3f94-9abb87202586
71323512-e1f0-9ba0-3ce6-4f87d64f3788,Karen Wells,1970-05-23,SYN-905-24-6732,64520,698,2026-02-07,143,0,,71323512-e1f0-9ba0-3ce6-4f87d64f3788
0473d8b5-ccb2-747a-6d2a-74fca919c298,Kimberly Stevenson,1999-05-24,SYN-175-77-8655,24361,684,2025-01-16,530,1,ring_0126,ring_0126
92c844ea-0495-7dec-9108-7adb4f6e944d,Brenda Esparza,1986-11-02,SYN-998-25-1587,38619,634,2026-06-26,4,1,ring_0200,ring_0200
1cd0b321-a77f-b1f9-e4b1-1fe5c0de13cb,Benjamin Neal,1990-11-07,SYN-969-20-2227,49466,804,2025-12-21,191,0,,1cd0b321-a77f-b1f9-e4b1-1fe5c0de13cb
c9174475-154e-9e7a-b783-40797a12c457,Terri Cisneros,1981-01-30,SYN-502-67-5328,142171,641,2026-03-05,117,0,,c9174475-154e-9e7a-b783-40797a12c457
c5a068ee-ae8c-b9b0-885b-c9b711be4493,Michael Miller,1985-11-25,SYN-654-77-9085,30779,730,2025-03-06,481,0,,c5a068ee-ae8c-b9b0-885b-c9b711be4493
1f02affc-27af-f9c4-aa0f-bcc3047d18d8,Michael Hunter,1963-12-09,SYN-790-62-7701,45632,740,2026-06-26,4,0,,1f02affc-27af-f9c4-aa0f-bcc3047d18d8
ba06e5f6-69e3-75c7-14a7-80602505d7ba,Gary Taylor,1985-09-13,SYN-686-33-6091,55828,720,2026-02-16,134,0,,ba06e5f6-69e3-75c7-14a7-80602505d7ba
ad61c245-bda7-697f-7060-2499da7783cc,Nicole Mcbride,1980-12-02,SYN-637-41-2981,71940,788,2025-09-15,288,0,,ad61c245-bda7-697f-7060-2499da7783cc
89e1f5ab-0133-9a2d-564c-357a13f0d719,Sean Moore,1988-12-12,SYN-852-49-2678,37060,722,2025-10-22,251,0,,89e1f5ab-0133-9a2d-564c-357a13f0d719
6e0e503d-3e08-6e65-5492-814115554080,Mikayla Franco,1969-09-02,SYN-387-58-7417,171545,654,2025-03-02,485,0,,6e0e503d-3e08-6e65-5492-814115554080
004abea0-744c-8881-09f1-73668b4bf470,Michael Brown,1980-07-29,SYN-711-12-6714,39622,643,2025-07-11,354,0,,004abea0-744c-8881-09f1-73668b4bf470
34944473-c432-62c0-b941-7c153fb11372,Melissa Campos,1991-07-25,SYN-799-49-1314,62489,548,2025-03-31,456,1,ring_0181,ring_0181
77660f8b-0912-2d64-7c7c-33796d1b896e,Philip Gilmore,2008-07-02,SYN-745-54-1206,33671,777,2025-10-23,250,0,,77660f8b-0912-2d64-7c7c-33796d1b896e
adf151a9-2787-685b-2f84-ff79b435a64a,Heather Cole,1993-10-26,SYN-149-86-3933,82454,716,2025-03-31,456,0,,adf151a9-2787-685b-2f84-ff79b435a64a
fb665d9b-f65b-5837-89b4-293d5638d2f0,Carrie Myers,1978-10-05,SYN-873-35-3146,44444,644,2025-02-17,498,0,,fb665d9b-f65b-5837-89b4-293d5638d2f0
5e396591-9566-ed19-2636-4c6e8d7f3b3a,William Weber,1995-01-19,SYN-491-44-6640,73069,767,2026-05-16,45,0,,5e396591-9566-ed19-2636-4c6e8d7f3b3a
4277384b-c4d5-dbcd-e284-1bb02b65486f,Robert Stokes,1974-05-19,SYN-499-84-5848,31007,817,2025-03-30,457,0,,4277384b-c4d5-dbcd-e284-1bb02b65486f
3b86ee53-005a-6ad3-9e62-c7310886adda,Raymond Mccall,1951-03-20,SYN-653-90-9770,15000,692,2026-02-02,148,0,,3b86ee53-005a-6ad3-9e62-c7310886adda
8513e362-c2d9-4877-0283-63fa409f79bb,Greg Hubbard,1978-08-26,SYN-735-78-4234,52492,712,2026-03-14,108,1,ring_0200,ring_0200
d350d3c6-befd-60fc-0043-c6e333f024c4,Emily Griffith,1958-04-15,SYN-635-98-8805,36055,829,2025-11-20,222,0,,d350d3c6-befd-60fc-0043-c6e333f024c4
569556a3-3409-8ac4-8d06-7ebb3b3bd238,Patrick Medina,1977-02-15,SYN-346-27-8766,21930,634,2026-06-09,21,0,,569556a3-3409-8ac4-8d06-7ebb3b3bd238
5c514b2f-c804-aab1-9594-3dac80baaa6f,James Brown,1982-04-03,SYN-367-76-7811,47587,744,2025-10-07,266,1,ring_0030,ring_0030
937ccdf1-2c82-2853-8750-099e9da0eec4,Anna Ponce,1981-11-28,SYN-358-67-1461,44549,714,2025-05-18,408,0,,937ccdf1-2c82-2853-8750-099e9da0eec4
a49901b0-a6ae-8fa9-9538-1bd8c86a80e9,Rose Kaiser,1964-02-21,SYN-627-66-5052,91301,707,2025-01-07,539,0,,a49901b0-a6ae-8fa9-9538-1bd8c86a80e9
a0dad7c8-4ac8-a65d-cc0d-fd530542414c,Colleen Martin,1990-04-06,SYN-829-21-5870,120123,662,2026-05-17,44,0,,a0dad7c8-4ac8-a65d-cc0d-fd530542414c
979438cc-6f2a-8049-b0b6-e9406c47def3,Aaron Schneider,1968-10-27,SYN-163-61-7120,73296,620,2025-08-01,333,0,,979438cc-6f2a-8049-b0b6-e9406c47def3
736edd12-3090-947c-1e29-2c982847572c,Antonio Walton,1966-07-02,SYN-461-65-4966,25815,784,2026-01-16,165,0,,736edd12-3090-947c-1e29-2c982847572c
d2ec1f08-6c21-3ed4-2430-b794a8ec060c,Nicole Roberson,1970-02-24,SYN-358-34-2579,26760,767,2026-04-10,81,0,,d2ec1f08-6c21-3ed4-2430-b794a8ec060c
f5a55413-797b-703d-95cb-5892459082bf,Kathryn Dillon,1984-12-26,SYN-856-32-9652,60936,680,2025-04-16,440,0,,f5a55413-797b-703d-95cb-5892459082bf
469228a8-91a6-f38e-bb1b-3bf1ab78d147,Darlene Dixon,1990-02-24,SYN-987-36-9167,93454,526,2026-02-18,132,0,,469228a8-91a6-f38e-bb1b-3bf1ab78d147
6451e912-8db3-89b7-0e1a-eb18870a4001,Sharon Lester,1979-11-26,SYN-746-68-6089,84119,622,2025-08-02,332,0,,6451e912-8db3-89b7-0e1a-eb18870a4001
c4180016-be64-633f-627a-8539925b1f64,Chelsea Nichols,1998-09-29,SYN-998-99-3042,73458,729,2026-06-02,28,0,,c4180016-be64-633f-627a-8539925b1f64
5e794fb0-d895-f7ed-62d3-9e6e142dc4fd,Tara Jones,2002-08-07,SYN-858-47-3680,62208,592,2025-12-08,204,0,,5e794fb0-d895-f7ed-62d3-9e6e142dc4fd
13590fd3-3676-db19-5e7c-7a4f7f6bcd93,John Morrison,1988-02-03,SYN-858-52-7144,31437,654,2026-05-21,40,0,,13590fd3-3676-db19-5e7c-7a4f7f6bcd93
c7daec01-ace0-fa06-dfc6-ac00aed4f087,Nicole Alexander,1979-05-20,SYN-512-96-1830,27360,738,2026-01-09,172,1,ring_0198,ring_0198
aa5323e0-71bd-c399-cd13-fe61b2f92c9c,Kirk Carter,1984-07-18,SYN-801-37-3245,63264,631,2025-12-03,209,0,,aa5323e0-71bd-c399-cd13-fe61b2f92c9c
573814a3-dfe9-fe82-fc2b-2988f415effd,Dr. Rhonda Martinez,1990-09-21,SYN-941-64-4614,91910,671,2026-02-26,124,0,,573814a3-dfe9-fe82-fc2b-2988f415effd
4fc5d7c9-d350-fb02-c3c2-295731c7bd53,Vanessa Rivera,1989-07-17,SYN-359-49-8356,132189,622,2025-10-18,255,0,,4fc5d7c9-d350-fb02-c3c2-295731c7bd53
371f9881-936b-b0d9-319c-52dea83b750a,Sarah Smith,2002-08-17,SYN-203-17-1538,57453,569,2025-03-17,470,0,,371f9881-936b-b0d9-319c-52dea83b750a
97f65237-046e-1433-ab17-5df9b2c81f64,Matthew Richards,1981-07-18,SYN-237-51-1820,15000,757,2025-10-05,268,0,,97f65237-046e-1433-ab17-5df9b2c81f64
dbaa20ed-0492-3ecb-515e-50f69a2a5648,Christine Williams,1977-09-21,SYN-593-63-2037,187336,761,2025-03-13,474,0,,dbaa20ed-0492-3ecb-515e-50f69a2a5648
ce6f8698-fd51-42d3-ac82-24da73f515dc,Alicia Li,1986-07-16,SYN-780-92-6196,35655,680,2025-09-25,278,0,,ce6f8698-fd51-42d3-ac82-24da73f515dc
e459782a-24bb-7f7d-2320-aa82b8a59851,Todd Lutz,1976-01-03,SYN-274-85-7854,25044,789,2025-03-09,478,0,,e459782a-24bb-7f7d-2320-aa82b8a59851
803ccb13-bcef-7547-0652-f5c206c8a502,Monica Aguilar,2007-11-20,SYN-358-43-3444,88187,655,2025-07-04,361,0,,803ccb13-bcef-7547-0652-f5c206c8a502
e16f45ee-5c00-ce2d-84cf-562508ca58be,Renee Thompson,1979-07-13,SYN-919-95-8109,41749,644,2025-07-11,354,0,,e16f45ee-5c00-ce2d-84cf-562508ca58be
cba56c35-a3f2-bcd9-9549-dc3e277f10ad,Megan Decker,1967-11-20,SYN-732-14-9442,187916,637,2026-04-12,79,0,,cba56c35-a3f2-bcd9-9549-dc3e277f10ad
1c06d9b7-f7f5-dd76-93f6-c5d52ea30663,Jason Blackwell,1971-02-13,SYN-133-61-7232,38875,686,2026-04-29,62,0,,1c06d9b7-f7f5-dd76-93f6-c5d52ea30663
2037aad3-7911-4b19-fc8a-2bfefc877973,Kara Rogers,1975-10-23,SYN-571-16-4317,86734,651,2026-06-19,11,0,,2037aad3-7911-4b19-fc8a-2bfefc877973
9d416cb0-683e-92af-a284-c840dfd735b0,Michael Robertson,1995-03-19,SYN-363-92-8986,15680,804,2026-03-02,120,0,,9d416cb0-683e-92af-a284-c840dfd735b0
aa67edf7-06e6-0c69-6607-fb42bb9cbb29,Anthony Brown,1982-10-26,SYN-390-55-4077,53101,511,2025-08-27,307,0,,aa67edf7-06e6-0c69-6607-fb42bb9cbb29
9153a341-1a26-088c-5023-dfaed997fad6,Eric Hunter,1992-08-10,SYN-535-13-3351,35100,743,2025-06-06,389,0,,9153a341-1a26-088c-5023-dfaed997fad6
9ed853e4-3986-b320-7b9f-5949f0d273d8,Susan Moore,1981-01-04,SYN-275-18-4963,54227,803,2025-07-01,364,0,,9ed853e4-3986-b320-7b9f-5949f0d273d8
2b7036fb-cdce-b165-ca4f-c1b8d1aba840,Andrew Green,1974-08-09,SYN-302-57-7859,37929,663,2026-01-21,160,0,,2b7036fb-cdce-b165-ca4f-c1b8d1aba840
088a2a33-ccfc-1b2e-d6ae-ed2fb62587b3,Eric Ponce,1980-02-17,SYN-640-99-3138,44865,569,2026-05-27,34,0,,088a2a33-ccfc-1b2e-d6ae-ed2fb62587b3
490ed5d3-afb7-276b-e0c0-b20faf41d85d,Tracy Ballard,1990-04-04,SYN-516-48-3942,66269,659,2025-12-30,182,0,,490ed5d3-afb7-276b-e0c0-b20faf41d85d
63b4c879-3dfa-2a5f-f6c1-c2f17cfd5c56,Andrew Cook,1981-05-12,SYN-151-47-9384,59018,638,2025-08-27,307,0,,63b4c879-3dfa-2a5f-f6c1-c2f17cfd5c56
2fe8ee2e-f2ef-4166-0517-174b87f2d8e1,Stephen Robles,2001-12-04,SYN-919-49-8765,58813,661,2025-06-02,393,0,,2fe8ee2e-f2ef-4166-0517-174b87f2d8e1
99421a54-0d3a-86a4-e991-41e39f215387,Latasha Mendez,1993-04-24,SYN-998-37-1794,140648,837,2025-08-30,304,0,,99421a54-0d3a-86a4-e991-41e39f215387
8acc8b88-d0ba-8167-372e-1a6c3a4814c3,Pamela Hernandez DVM,2000-03-16,SYN-569-97-9305,52473,527,2025-05-31,395,0,,8acc8b88-d0ba-8167-372e-1a6c3a4814c3
458016d1-0b43-5395-48f9-4e91ae02c144,Derek Mcintosh,1960-12-03,SYN-845-20-4600,67368,724,2026-03-15,107,0,,458016d1-0b43-5395-48f9-4e91ae02c144
967746c7-77f6-5e6c-f267-05712a316fbc,Sandra Gonzalez,1975-03-14,SYN-414-34-7778,28498,570,2025-04-03,453,0,,967746c7-77f6-5e6c-f267-05712a316fbc
25c694c9-cd76-3bc8-9fc6-f67fb60bcadf,Kristine Bryant DVM,1974-12-25,SYN-101-69-2789,44409,680,2026-03-22,100,0,,25c694c9-cd76-3bc8-9fc6-f67fb60bcadf
e828efaf-7b1b-fd2d-a905-7c051bb258fa,Sherri Sullivan,1994-03-20,SYN-999-87-7479,69133,761,2025-10-08,265,0,,e828efaf-7b1b-fd2d-a905-7c051bb258fa
6a6189be-c5a0-70b4-6357-e45aa20b1ffa,Theresa Woods,1977-07-28,SYN-258-26-6268,39828,668,2025-12-18,194,0,,6a6189be-c5a0-70b4-6357-e45aa20b1ffa
c1ad3b0e-8844-b644-5e9a-e9d1a7e74965,Michael Dalton,1980-10-11,SYN-722-33-6940,33004,683,2025-04-12,444,0,,c1ad3b0e-8844-b644-5e9a-e9d1a7e74965
72f23a0e-2717-b710-f99b-6e7cba6a9f8a,Keith Long,2007-01-15,SYN-899-12-7983,30760,717,2026-04-03,88,0,,72f23a0e-2717-b710-f99b-6e7cba6a9f8a
c7986dd7-cf99-a1c1-2bd3-05900144077f,Anne Martin,1973-03-22,SYN-733-28-3466,69913,745,2025-07-17,348,0,,c7986dd7-cf99-a1c1-2bd3-05900144077f
4eeba065-948b-b3dc-e404-f7583549cfad,Michael Woodward,1984-09-05,SYN-705-27-2904,66867,691,2025-03-26,461,0,,4eeba065-948b-b3dc-e404-f7583549cfad
3653b2cb-417d-48b2-640a-834e970cff61,Julie Martinez,1980-08-20,SYN-421-93-3687,93491,724,2025-12-14,198,0,,3653b2cb-417d-48b2-640a-834e970cff61
5d0c6849-3ccc-47aa-b991-8c8e45147984,Ryan Rosales,1999-04-25,SYN-968-59-9449,250000,716,2025-01-19,527,0,,5d0c6849-3ccc-47aa-b991-8c8e45147984
2036e192-80f1-b0e2-d17e-ca481e000c5f,Chad Taylor,1967-09-08,SYN-635-96-5252,22056,850,2025-02-25,490,0,,2036e192-80f1-b0e2-d17e-ca481e000c5f
8f9e095f-bb48-4910-9827-813daacb5f46,Mrs. Michele Boyd,1975-04-13,SYN-765-94-7326,35763,594,2025-01-27,519,0,,8f9e095f-bb48-4910-9827-813daacb5f46
b12e30f9-bb37-dce4-6e2a-badb8383ecf7,Eric Silva,1958-08-14,SYN-818-27-3609,42538,649,2025-01-17,529,0,,b12e30f9-bb37-dce4-6e2a-badb8383ecf7
592cce4e-0d5e-fc22-f0bf-e128519ab964,Laurie Hoffman,1989-08-15,SYN-102-73-3688,24689,650,2025-04-02,454,0,,592cce4e-0d5e-fc22-f0bf-e128519ab964
1f7785ad-e9b1-b1e3-fd03-f493ba5ecef4,Douglas Lopez,1975-01-28,SYN-926-86-1192,17790,702,2026-02-16,134,0,,1f7785ad-e9b1-b1e3-fd03-f493ba5ecef4
cfef64b4-a9fa-9a66-b233-24b78aaf89b1,Mr. John Woodard MD,1973-07-14,SYN-660-51-7891,53153,686,2025-03-05,482,0,,cfef64b4-a9fa-9a66-b233-24b78aaf89b1
112527cf-27d9-eb5b-28ea-dc2d258b5fb8,Michelle Simpson,1978-06-16,SYN-721-36-2081,86031,631,2025-09-29,274,0,,112527cf-27d9-eb5b-28ea-dc2d258b5fb8
bddef1c1-e0e6-ccef-a912-af08635e8a55,Mario Chavez,2007-11-26,SYN-279-80-8884,152658,598,2025-04-24,432,0,,bddef1c1-e0e6-ccef-a912-af08635e8a55
d4e59200-b53f-0d27-4600-07134c86b8b6,Stephanie Herrera,1984-10-13,SYN-690-74-2468,32517,643,2026-05-28,33,0,,d4e59200-b53f-0d27-4600-07134c86b8b6
2196674b-7f0c-3661-4f07-e86c01a5adfe,Karl Branch,1977-04-12,SYN-356-67-7243,29957,696,2025-11-16,226,0,,2196674b-7f0c-3661-4f07-e86c01a5adfe
b3c17f35-72cb-1801-8941-15daf4ca93cf,Jennifer Cummings,1959-12-14,SYN-526-41-6930,56865,648,2025-10-10,263,0,,b3c17f35-72cb-1801-8941-15daf4ca93cf
fadc6cb2-0aca-03c9-c5b1-3b24078003ae,Gavin Nelson,1983-06-02,SYN-993-70-5228,46697,608,2025-11-02,240,0,,fadc6cb2-0aca-03c9-c5b1-3b24078003ae
96dde72b-2995-9d93-8a79-994347fa1af9,Karen Fernandez,1982-11-28,SYN-517-20-6457,24346,645,2026-06-14,16,0,,96dde72b-2995-9d93-8a79-994347fa1af9
bdc94fca-646a-cf53-3977-d6c668ebab30,John Hudson,1990-10-26,SYN-826-19-3012,68217,545,2025-06-16,379,0,,bdc94fca-646a-cf53-3977-d6c668ebab30
efd17672-ccfb-0260-37e2-7b8d0cff61b0,Kelsey Rodriguez,2008-01-29,SYN-486-91-2557,74688,722,2025-10-02,271,0,,efd17672-ccfb-0260-37e2-7b8d0cff61b0
64de3e34-1930-1068-5fee-ccc64e03789a,Thomas Brewer,2002-09-12,SYN-629-17-7529,92540,634,2026-01-14,167,0,,64de3e34-1930-1068-5fee-ccc64e03789a
d213aeb8-5a96-2e9d-0b15-8d9b97c8bd11,Carla Reid DDS,1975-03-30,SYN-150-85-1258,26219,738,2026-02-16,134,0,,d213aeb8-5a96-2e9d-0b15-8d9b97c8bd11
43eb7e12-e056-9812-b411-dca568fada38,Stephanie Johnson,1979-04-01,SYN-461-64-9718,103503,504,2025-04-20,436,1,ring_0154,ring_0154
14b5b9b9-1668-353c-a8dd-ac4eb02817c0,Tammy Bell,1989-07-04,SYN-683-24-1327,62930,678,2025-12-27,185,0,,14b5b9b9-1668-353c-a8dd-ac4eb02817c0
91df858f-2adc-e90e-9d50-6e49656c67b9,Steve Miller PhD,1984-06-18,SYN-871-60-6800,56745,635,2026-01-27,154,0,,91df858f-2adc-e90e-9d50-6e49656c67b9
3cfb17e4-cf94-6473-5783-5d262323ece0,Christopher Waters,1972-07-29,SYN-782-41-1035,30738,732,2025-05-21,405,0,,3cfb17e4-cf94-6473-5783-5d262323ece0
73b5a5fd-aa55-81cc-b39b-2588516bedee,Jessica Garcia,1981-03-19,SYN-161-78-7600,83065,673,2025-11-24,218,0,,73b5a5fd-aa55-81cc-b39b-2588516bedee
479620a4-df61-9499-c7bc-250dbae78157,Tyler Chapman MD,1982-06-09,SYN-803-94-9893,113345,664,2026-03-24,98,0,,479620a4-df61-9499-c7bc-250dbae78157
baeb8087-63aa-4f9b-42e0-b5b9f43bd351,Dana Bennett,2004-09-16,SYN-614-50-5860,90983,685,2025-06-02,393,0,,baeb8087-63aa-4f9b-42e0-b5b9f43bd351
c6b90842-d8c8-f047-5f47-790d10440a76,Abigail Collins,1966-10-12,SYN-565-27-2728,72335,687,2025-10-02,271,0,,c6b90842-d8c8-f047-5f47-790d10440a76
f8a47595-b56e-542b-aaf2-1a2d4bf42b35,Kevin Guerra,2000-01-22,SYN-112-94-9026,43225,634,2026-02-09,141,0,,f8a47595-b56e-542b-aaf2-1a2d4bf42b35
79c6c3d2-a946-9ec7-33f1-fcadeeb16e87,Dale Wright,2003-06-08,SYN-905-81-4272,44281,623,2025-08-25,309,0,,79c6c3d2-a946-9ec7-33f1-fcadeeb16e87
38f789be-8429-6b01-6419-ac530f4055a3,Charles Roberts,1999-01-21,SYN-209-16-8304,50976,716,2025-11-05,237,0,,38f789be-8429-6b01-6419-ac530f4055a3
84345897-2b57-401d-03c9-983af5bfe14c,Susan Davis,1977-08-31,SYN-368-65-7868,52548,561,2025-10-09,264,0,,84345897-2b57-401d-03c9-983af5bfe14c
b2a19cd6-e70f-022f-78da-79e6ffdd6083,Michael Oliver,1998-07-04,SYN-729-75-8584,36441,668,2026-05-12,49,0,,b2a19cd6-e70f-022f-78da-79e6ffdd6083
a7fbea1b-eeb1-00a4-fe4f-edffd9d4a252,Gregory Hill,1991-04-18,SYN-525-49-5709,130676,694,2026-03-30,92,0,,a7fbea1b-eeb1-00a4-fe4f-edffd9d4a252
e50c69d2-e358-66b3-480f-16f1cb4b1eba,Dana Lopez,1994-03-24,SYN-827-84-7066,178231,653,2026-03-01,121,1,ring_0151,ring_0151
4d172131-838b-96c0-f8d6-66214d083841,Rebecca Lee,1993-04-15,SYN-247-81-3570,56350,785,2026-06-20,10,0,,4d172131-838b-96c0-f8d6-66214d083841
cc47be06-5bd0-7504-de1b-99e8ff900e88,Miranda Beck,2008-03-07,SYN-994-58-8520,77173,603,2025-12-10,202,0,,cc47be06-5bd0-7504-de1b-99e8ff900e88
320b2367-714b-57ba-da57-ca8085ad2d83,Sean Cisneros,1984-07-13,SYN-247-33-3451,39087,598,2025-01-10,536,0,,320b2367-714b-57ba-da57-ca8085ad2d83
c01bf821-2ca2-406a-a708-6bd6b58ba1f3,Susan Conley,1994-04-03,SYN-522-88-1062,94572,689,2026-06-11,19,1,ring_0075,ring_0075
2664a929-ba49-ae46-30c9-add5845c8ea7,Jennifer Jackson,1992-10-31,SYN-557-79-6637,106510,690,2026-02-26,124,0,,2664a929-ba49-ae46-30c9-add5845c8ea7
230a2c3a-78a0-53d0-0b9d-dc053e7bca9b,Jade Allen,1976-02-16,SYN-227-62-6802,87264,672,2026-02-15,135,0,,230a2c3a-78a0-53d0-0b9d-dc053e7bca9b
9bed637d-816b-3779-38ae-f4ed4d4fb03e,Lisa Orozco,1977-08-12,SYN-301-32-2878,62176,754,2026-05-10,51,1,ring_0129,ring_0129
f1790472-a2a6-c614-b993-94224606d95f,Devin Black,1997-04-20,SYN-985-80-9029,84872,688,2025-03-17,470,0,,f1790472-a2a6-c614-b993-94224606d95f
dc373aa1-7651-0a98-0525-1e019dfbb39c,Latasha Washington,1979-05-30,SYN-847-62-5495,36398,762,2025-12-20,192,0,,dc373aa1-7651-0a98-0525-1e019dfbb39c
1f93f4ee-d1a2-6185-90aa-dd355ad23751,Jennifer Dominguez,1997-08-09,SYN-450-77-8413,27151,768,2026-01-28,153,0,,1f93f4ee-d1a2-6185-90aa-dd355ad23751
a184a322-df36-f14d-e40b-3567cdfc445c,Michelle Newman,2007-12-01,SYN-899-33-6434,100755,639,2025-11-23,219,0,,a184a322-df36-f14d-e40b-3567cdfc445c
632aab96-1e38-d200-efc1-963e752184ac,Mr. Michael Scott PhD,1977-05-28,SYN-879-39-1203,43722,685,2025-10-16,257,0,,632aab96-1e38-d200-efc1-963e752184ac
081567c8-6749-14c0-1e36-1cbe1051c769,Thomas Wells,1972-10-27,SYN-143-80-3823,33489,659,2025-12-12,200,0,,081567c8-6749-14c0-1e36-1cbe1051c769
42614043-6bf1-793c-c151-e86f0dcec599,John Hopkins,2008-06-27,SYN-691-65-1419,52619,652,2026-06-18,12,0,,42614043-6bf1-793c-c151-e86f0dcec599
6b3c10c1-36bb-1ea3-0335-9d841577353b,Stephen Olson,1982-02-21,SYN-660-74-1392,71235,826,2025-08-27,307,0,,6b3c10c1-36bb-1ea3-0335-9d841577353b
d6a36249-26d7-b349-bdd6-97d38d93f96c,Mathew Myers,1965-01-17,SYN-903-88-8120,42468,775,2025-05-04,422,0,,d6a36249-26d7-b349-bdd6-97d38d93f96c
9a9fb073-b0aa-94ec-b3fa-03d3640ea72a,Susan Jones,1981-06-24,SYN-928-57-9216,95707,735,2026-01-29,152,0,,9a9fb073-b0aa-94ec-b3fa-03d3640ea72a
89493efa-00db-3d5c-e0c5-5b5b70b3b9ad,George Bradshaw,1977-05-13,SYN-517-20-2950,48592,685,2025-12-13,199,0,,89493efa-00db-3d5c-e0c5-5b5b70b3b9ad
3c294738-1135-db15-7d6e-0e30191ddb0c,Sydney Green,1995-09-23,SYN-307-24-7875,63639,683,2025-10-18,255,0,,3c294738-1135-db15-7d6e-0e30191ddb0c
62634322-4b46-927f-d7d1-5db5a1c2fd40,Brian Cole,1989-05-02,SYN-678-79-7734,73257,779,2025-01-18,528,0,,62634322-4b46-927f-d7d1-5db5a1c2fd40
de67dabe-de56-62a8-df84-67185563b529,Darrell Simmons,2008-01-11,SYN-681-64-9279,60743,685,2025-09-04,299,0,,de67dabe-de56-62a8-df84-67185563b529
08cdb9af-a8d3-0b43-6e2e-4cc907d128cf,Steven Butler,1975-05-18,SYN-364-42-7043,56229,559,2025-11-19,223,0,,08cdb9af-a8d3-0b43-6e2e-4cc907d128cf
d44a772d-fc78-42c3-bf8f-bb961dff9e04,Mary Ortiz,1976-01-01,SYN-851-10-4917,90269,650,2025-03-09,478,0,,d44a772d-fc78-42c3-bf8f-bb961dff9e04
244dc671-6db1-99e6-a5d0-17712f006dc3,Jason Davis,2001-12-08,SYN-904-79-6532,96413,653,2025-02-23,492,0,,244dc671-6db1-99e6-a5d0-17712f006dc3
f3508467-3e14-697f-496c-5ecc1626dd17,Christopher Morris,1995-08-04,SYN-267-83-2717,15005,673,2025-05-24,402,0,,f3508467-3e14-697f-496c-5ecc1626dd17
26afcbea-521c-2141-6601-3ff3b12b5b49,Danielle Hester,1991-04-16,SYN-585-55-2164,57636,611,2025-07-30,335,0,,26afcbea-521c-2141-6601-3ff3b12b5b49
d2b0c55d-4aa5-36cd-8181-7dc73644a8b9,William Paul,1967-11-19,SYN-131-15-8829,82896,701,2025-06-07,388,0,,d2b0c55d-4aa5-36cd-8181-7dc73644a8b9
e92ca545-4a49-0bfc-3f1c-2c67168d2625,Steven Miller,1986-07-21,SYN-659-11-6057,92056,701,2025-04-29,427,0,,e92ca545-4a49-0bfc-3f1c-2c67168d2625
66be58a1-8d7d-72b4-087e-6914acf73b60,Robert Smith,2001-11-19,SYN-481-41-5438,30326,583,2025-05-28,398,0,,66be58a1-8d7d-72b4-087e-6914acf73b60
bb177887-88b5-468a-d70e-fe065464f0b3,Christine Goodwin,1992-05-19,SYN-841-51-3410,39040,814,2025-09-02,301,0,,bb177887-88b5-468a-d70e-fe065464f0b3
1316a4b5-ca83-35c4-e481-6df4672aed12,Adrian Morris,1979-12-25,SYN-709-26-6666,53692,644,2026-06-06,24,0,,1316a4b5-ca83-35c4-e481-6df4672aed12
9c33f4d9-026f-f3c7-2d8f-de94be943f5c,Anna Whitehead,1961-02-06,SYN-463-96-1528,24459,758,2025-12-14,198,0,,9c33f4d9-026f-f3c7-2d8f-de94be943f5c
c35f961b-c613-3b90-09c8-a19d6e1238e5,Michelle Huber,1965-06-14,SYN-572-25-3090,50223,657,2025-06-28,367,0,,c35f961b-c613-3b90-09c8-a19d6e1238e5
a8256ad9-a01e-5337-d572-03a8de5a267c,Amber Yang,1994-02-26,SYN-358-57-7819,92567,647,2026-04-26,65,0,,a8256ad9-a01e-5337-d572-03a8de5a267c
5a7e043a-8dc4-bb51-9a03-879b7b83ac4c,Mark Adams,1976-07-07,SYN-762-84-8936,42452,744,2025-04-30,426,0,,5a7e043a-8dc4-bb51-9a03-879b7b83ac4c
816f7f28-b7dc-9ecd-5b00-268fbd665515,Carl Leach,1974-02-17,SYN-633-82-4369,46526,685,2025-01-27,519,0,,816f7f28-b7dc-9ecd-5b00-268fbd665515
4c1ba6b6-e6ee-068a-b029-11943e6559ef,Sabrina Austin,1988-12-25,SYN-852-73-1676,59802,639,2025-04-29,427,0,,4c1ba6b6-e6ee-068a-b029-11943e6559ef
f8e81f38-1789-3a39-9f65-f73b80253e4f,Melinda Patterson,1991-01-03,SYN-175-92-5072,15538,687,2025-07-13,352,0,,f8e81f38-1789-3a39-9f65-f73b80253e4f
ed199c41-3758-a745-22ee-a7f8dec5be0b,Cody Conley,1972-09-29,SYN-981-37-3007,84160,700,2025-03-07,480,0,,ed199c41-3758-a745-22ee-a7f8dec5be0b
274dfe66-0fb4-d875-c287-8ffe3b0b0656,Jason Gomez,1978-06-09,SYN-538-41-6906,179728,722,2025-11-28,214,0,,274dfe66-0fb4-d875-c287-8ffe3b0b0656
2f427c0f-5a69-fab8-3210-8b9a46e5fc10,Brittany Melton,1964-01-24,SYN-111-74-5588,60375,789,2026-01-29,152,0,,2f427c0f-5a69-fab8-3210-8b9a46e5fc10
e20c41bf-3923-5a6e-43bb-caed9d3b359d,Christina Hess,1953-09-27,SYN-522-46-9846,189949,667,2025-05-10,416,0,,e20c41bf-3923-5a6e-43bb-caed9d3b359d
0468fa21-807e-1e59-e335-23cc0ef07ef0,Shannon Yu,1998-05-26,SYN-878-26-2680,68196,704,2026-02-25,125,0,,0468fa21-807e-1e59-e335-23cc0ef07ef0
e73bb8af-68d2-ce86-2a0a-b9363681f3ce,Michael Savage,1983-09-19,SYN-629-45-3979,69265,511,2025-08-26,308,0,,e73bb8af-68d2-ce86-2a0a-b9363681f3ce
16d97f72-4c9d-ece5-accd-c678f3689390,Nicole Wade,1990-08-16,SYN-979-46-4771,60111,741,2026-04-13,78,1,ring_0142,ring_0142
967c4377-39dc-22e7-2474-018ab4c6f959,Reginald Copeland,1982-03-09,SYN-844-18-6090,69502,604,2025-11-11,231,0,,967c4377-39dc-22e7-2474-018ab4c6f959
eed5c2de-bdfb-959a-88d2-8fca730e0eb6,Christopher Walker,1992-04-16,SYN-310-27-4359,162031,733,2025-08-23,311,0,,eed5c2de-bdfb-959a-88d2-8fca730e0eb6
b27bfb4c-e065-ea3f-6cc2-c8d34d32b623,Ronald Davis,1970-07-29,SYN-303-39-5528,201989,605,2025-12-17,195,0,,b27bfb4c-e065-ea3f-6cc2-c8d34d32b623
0b4d5f54-30e0-1419-f9a0-ccf7c416420e,Lisa Rodriguez,1974-10-14,SYN-580-41-6940,88452,753,2025-05-18,408,0,,0b4d5f54-30e0-1419-f9a0-ccf7c416420e
093b5b74-9d43-3de7-6c41-88472e3d5589,Kristen Peters,1983-10-09,SYN-597-25-2598,58829,644,2025-12-20,192,0,,093b5b74-9d43-3de7-6c41-88472e3d5589
3a57f809-9187-9e86-5990-17509f09b76d,Robert Fischer,1989-10-13,SYN-673-25-6941,119468,717,2026-05-16,45,0,,3a57f809-9187-9e86-5990-17509f09b76d
bc7422c8-b065-69be-7eb5-fad3a2bd6a4c,George Rogers DDS,1998-03-02,SYN-325-89-9983,45831,716,2025-02-19,496,0,,bc7422c8-b065-69be-7eb5-fad3a2bd6a4c
4e64ac48-e93b-6198-a799-db33e3113296,Martha Arnold,1997-05-30,SYN-575-30-3261,49190,806,2026-05-15,46,0,,4e64ac48-e93b-6198-a799-db33e3113296
e0bbb768-6ce6-c547-ba8a-1a798d392ae7,Jennifer Lopez,1991-06-01,SYN-462-60-2781,122396,707,2026-03-21,101,0,,e0bbb768-6ce6-c547-ba8a-1a798d392ae7
88ea373e-b978-acf2-7025-7726c24a0afe,Nicole Harvey,1996-02-07,SYN-148-65-7557,58812,677,2025-11-01,241,0,,88ea373e-b978-acf2-7025-7726c24a0afe
66b009fd-14f7-64a6-9348-b5b3e60a2943,Ryan Guerrero,1991-03-22,SYN-599-15-3367,60459,696,2026-02-27,123,0,,66b009fd-14f7-64a6-9348-b5b3e60a2943
6ac97c9a-2dbe-0938-b2d6-531abafdac61,Michael Henry,1997-05-31,SYN-554-54-9583,95349,727,2025-12-29,183,0,,6ac97c9a-2dbe-0938-b2d6-531abafdac61
f62f2e79-7bd3-65f0-9a02-3455677ad49c,Eric Patrick,1974-04-06,SYN-235-51-1948,75309,681,2026-04-28,63,0,,f62f2e79-7bd3-65f0-9a02-3455677ad49c
442b087d-f01a-5f82-6e14-ccbdfc41c365,Stanley Benson,1998-11-20,SYN-775-53-3339,89466,559,2025-05-07,419,0,,442b087d-f01a-5f82-6e14-ccbdfc41c365
26dcaacf-f9c4-84da-01db-a9783891e35b,Christian Glenn,1984-05-14,SYN-693-84-4435,55168,701,2025-04-20,436,1,ring_0115,ring_0115
54cf149e-3696-7f9b-d2fd-769d7eea8e9f,Nicholas Lopez,1991-11-12,SYN-383-45-4440,74485,817,2025-07-09,356,0,,54cf149e-3696-7f9b-d2fd-769d7eea8e9f
3eee8046-f0ba-d2d0-b89d-34daf761e76b,Corey Caldwell,1983-12-07,SYN-564-24-8634,58605,691,2026-03-29,93,0,,3eee8046-f0ba-d2d0-b89d-34daf761e76b
55662030-395d-a338-d8cf-0bfc0c2803cf,Charles Hensley,1991-11-01,SYN-527-23-3972,31736,589,2025-03-19,468,0,,55662030-395d-a338-d8cf-0bfc0c2803cf
f06b9b6d-6e14-0f2b-6bef-8a9ed6bccf5f,Troy Lee,1995-12-22,SYN-171-94-1039,46068,741,2025-12-08,204,0,,f06b9b6d-6e14-0f2b-6bef-8a9ed6bccf5f
772fbbfa-b47b-3bf6-d905-9024acfd2d1d,Linda Miller,1997-05-25,SYN-676-77-1143,80261,625,2025-12-31,181,0,,772fbbfa-b47b-3bf6-d905-9024acfd2d1d
8d1a3882-b836-ccb2-570e-9286a04b95ac,Kenneth Lewis,1985-02-01,SYN-687-77-9271,44305,777,2026-04-27,64,0,,8d1a3882-b836-ccb2-570e-9286a04b95ac
629dd8c4-5a40-9d42-d866-696597d07fd3,Joseph Walker Jr.,1990-06-04,SYN-179-55-3018,58135,733,2025-07-28,337,0,,629dd8c4-5a40-9d42-d866-696597d07fd3
6fea9e12-d7e6-3abf-93da-93ffc61e3959,Maria Weaver,1977-06-03,SYN-285-88-7810,196403,645,2025-07-27,338,0,,6fea9e12-d7e6-3abf-93da-93ffc61e3959
1d06e705-a9ea-1290-2984-94065a0d08d8,Rebecca Summers,1976-02-13,SYN-473-62-8641,33393,737,2025-12-11,201,0,,1d06e705-a9ea-1290-2984-94065a0d08d8
0614f6a1-00f8-d311-7407-3ef027ce5323,Stephanie Salazar,1981-04-11,SYN-343-52-8963,39237,780,2025-12-05,207,0,,0614f6a1-00f8-d311-7407-3ef027ce5323
4acaa2aa-cd03-c5b8-e233-91867c67e203,Cheryl Mclean,2001-01-09,SYN-617-56-5968,59118,713,2025-11-10,232,0,,4acaa2aa-cd03-c5b8-e233-91867c67e203
8da96c6c-3bd8-6dad-4f88-f5246ca7a2c0,Gary Marshall,1987-10-08,SYN-510-34-9235,26985,715,2026-01-06,175,0,,8da96c6c-3bd8-6dad-4f88-f5246ca7a2c0
3585a786-02bd-7bba-6723-072e052b23fc,Dale Bartlett,1978-10-14,SYN-487-31-8205,81640,733,2025-07-17,348,0,,3585a786-02bd-7bba-6723-072e052b23fc
4e1ac1e6-bdd8-a7d9-6b77-e6fee57c13a3,James Martinez,1978-02-01,SYN-133-14-1409,50736,708,2025-12-13,199,1,ring_0120,ring_0120
cd1fec08-8057-f144-fd98-ef7c0a7080bb,Joseph Heath,1985-05-30,SYN-361-71-9282,66557,685,2025-04-11,445,0,,cd1fec08-8057-f144-fd98-ef7c0a7080bb
8b922d59-0353-8a4a-a700-0c7d80383f7e,Robert Hogan,1981-05-29,SYN-559-98-8864,39124,595,2025-07-26,339,0,,8b922d59-0353-8a4a-a700-0c7d80383f7e
2ab10b1c-3673-c024-5257-4f2ada01000e,Todd Nielsen,1992-03-28,SYN-843-99-2377,33472,594,2025-10-16,257,0,,2ab10b1c-3673-c024-5257-4f2ada01000e
e7b9f350-0a46-2546-aa30-34594b49df45,Pamela Aguirre,1994-08-16,SYN-676-14-5517,56625,740,2026-01-31,150,0,,e7b9f350-0a46-2546-aa30-34594b49df45
f4b4f641-6a8b-f711-bef7-d5124f3a34ea,Kaitlyn Leblanc,1977-07-14,SYN-829-84-4980,55651,711,2026-02-10,140,0,,f4b4f641-6a8b-f711-bef7-d5124f3a34ea
d990abe9-d408-eecd-d634-aa264f1e956d,Jessica Mccoy,2007-11-04,SYN-914-30-6507,117000,619,2026-03-03,119,1,ring_0174,ring_0174
59c20d8f-61ee-4b17-cf71-f268dc8848b1,Rebecca Blake,1983-09-01,SYN-582-96-3194,34945,799,2026-05-20,41,0,,59c20d8f-61ee-4b17-cf71-f268dc8848b1
28b7bd72-49b7-0791-365c-df014a9e5f6a,Steve Sanchez,1997-03-28,SYN-573-67-7421,60077,578,2026-01-13,168,0,,28b7bd72-49b7-0791-365c-df014a9e5f6a
4644d8ee-f49d-51aa-ed31-a7865553b35b,Barbara Walker,2007-10-09,SYN-132-47-1410,47016,514,2025-01-12,534,0,,4644d8ee-f49d-51aa-ed31-a7865553b35b
0e5041c9-535f-b3d3-bce0-61a3e655807b,Mason Miller,1986-04-08,SYN-997-20-5648,86979,755,2025-10-23,250,0,,0e5041c9-535f-b3d3-bce0-61a3e655807b
0b0f6f48-fed6-bd9d-f764-65d5727a93b4,Bradley Preston,2008-01-21,SYN-434-95-8726,22197,573,2026-06-10,20,1,ring_0117,ring_0117
7f5eed35-1dc6-fbbc-28da-6f1012ef0fa7,Mark Johns,1987-11-21,SYN-384-38-8283,47913,668,2025-03-15,472,0,,7f5eed35-1dc6-fbbc-28da-6f1012ef0fa7
27a1114f-b593-ccfb-d711-607f3a908528,Cesar Wilson,1975-03-22,SYN-301-31-1674,58713,665,2025-06-21,374,0,,27a1114f-b593-ccfb-d711-607f3a908528
cda85a3e-53d0-20ad-2e1f-489ea2f0ec9e,Melissa Barron,2006-04-02,SYN-206-26-6204,113044,791,2025-09-27,276,0,,cda85a3e-53d0-20ad-2e1f-489ea2f0ec9e
5a7eabae-96fd-55bf-5412-8da97f7eb462,Matthew Bartlett,1968-03-12,SYN-537-38-4080,91716,758,2025-10-10,263,0,,5a7eabae-96fd-55bf-5412-8da97f7eb462
ad8afc3e-517b-b098-10a2-f8a7384b061b,Nicholas Gomez,1978-07-16,SYN-997-37-7076,69810,547,2026-05-16,45,0,,ad8afc3e-517b-b098-10a2-f8a7384b061b
27df2861-5af6-e9c8-1f20-7ef61dbfdc0e,Jennifer Vargas,1998-01-17,SYN-199-15-3926,29812,678,2026-04-02,89,0,,27df2861-5af6-e9c8-1f20-7ef61dbfdc0e
bded3f56-9239-b414-9c67-4f9bf88baefc,Daniel Thomas,2006-02-07,SYN-894-10-1689,30310,706,2025-09-23,280,0,,bded3f56-9239-b414-9c67-4f9bf88baefc
899e1646-2cdb-de9e-f610-a93ecead3c8d,Craig Marsh,1994-07-09,SYN-453-21-5223,70034,710,2025-10-30,243,0,,899e1646-2cdb-de9e-f610-a93ecead3c8d
99178aee-cfe9-10d0-228f-abeab144d9bd,Felicia Aguilar,1977-11-17,SYN-863-47-1770,52919,708,2025-11-07,235,0,,99178aee-cfe9-10d0-228f-abeab144d9bd
9feb0503-7bc3-58e9-cd81-cb1961de43be,Brian Smith,1985-12-06,SYN-934-58-4046,37618,633,2025-10-14,259,0,,9feb0503-7bc3-58e9-cd81-cb1961de43be
093af158-7866-4115-880f-71a65ebcb75a,Crystal Rodriguez,1987-06-28,SYN-842-39-4273,44940,592,2025-02-01,514,0,,093af158-7866-4115-880f-71a65ebcb75a
ca718795-0bba-eac1-995a-726a126471c9,Holly Wood,1970-06-29,SYN-269-39-6945,47493,608,2025-03-18,469,0,,ca718795-0bba-eac1-995a-726a126471c9
1ae453b3-d2a3-790a-1e6f-ebd6f96a97f1,Jennifer Johnson,1973-09-27,SYN-677-66-1105,73497,579,2025-07-15,350,0,,1ae453b3-d2a3-790a-1e6f-ebd6f96a97f1
bfefc9fe-f2d6-22d1-adf1-f6cebb3b0bb7,Veronica Flores,1991-05-10,SYN-821-66-2744,94499,710,2025-07-15,350,0,,bfefc9fe-f2d6-22d1-adf1-f6cebb3b0bb7
d56166d1-5507-6095-5db6-5f0d895f7a45,Tammy Davis,1996-08-04,SYN-163-26-2332,65739,632,2025-10-31,242,0,,d56166d1-5507-6095-5db6-5f0d895f7a45
20f0eb65-7485-33af-3178-a3259fff62a2,Richard Saunders,1975-10-27,SYN-202-85-6593,43274,687,2025-07-23,342,0,,20f0eb65-7485-33af-3178-a3259fff62a2
c66eb4a3-9296-87b6-826f-6e9bc2d79dab,Mary Johnson,2000-09-24,SYN-947-74-8528,39398,756,2025-10-04,269,0,,c66eb4a3-9296-87b6-826f-6e9bc2d79dab
efd111f8-a037-3ff1-c24b-33769bba7529,James Smith,1983-04-16,SYN-178-42-7569,27338,716,2025-07-31,334,0,,efd111f8-a037-3ff1-c24b-33769bba7529
a4ea417a-3d0e-4e4b-a719-7e648ae4a7c5,Brandi Gould,1988-01-10,SYN-585-47-9834,15388,598,2025-01-05,541,0,,a4ea417a-3d0e-4e4b-a719-7e648ae4a7c5
9607a0a4-d722-22ab-5686-33367968d1a1,Tony Rodriguez,1998-06-02,SYN-490-94-2663,49887,628,2026-06-11,19,0,,9607a0a4-d722-22ab-5686-33367968d1a1
f678562f-ef35-e2ab-8732-722f30b74dd5,Daniel James,1988-12-11,SYN-631-37-1771,71057,716,2026-05-15,46,0,,f678562f-ef35-e2ab-8732-722f30b74dd5
e61f7017-b202-accd-90e2-f4f7cf0ad168,Ryan Harmon,1976-03-31,SYN-371-10-6525,69602,736,2025-07-08,357,0,,e61f7017-b202-accd-90e2-f4f7cf0ad168
a897d58b-19fa-79b4-7139-4e1676e2409f,Jeremy Davis,1994-09-22,SYN-519-90-8222,73768,576,2025-08-16,318,0,,a897d58b-19fa-79b4-7139-4e1676e2409f
08bbd40e-bbd8-4015-5f8e-d123305fb1bd,Cody Woods,1973-12-15,SYN-257-30-2237,53175,642,2026-03-11,111,0,,08bbd40e-bbd8-4015-5f8e-d123305fb1bd
721d0042-3bee-919a-dfa2-97db707c48d9,Dustin Knight,1982-06-25,SYN-412-60-4333,84330,668,2026-06-27,3,1,ring_0163,ring_0163
077c26be-0fda-71ae-79eb-245ede65e5ac,Steven King,1972-09-12,SYN-376-86-4135,22993,743,2025-08-25,309,0,,077c26be-0fda-71ae-79eb-245ede65e5ac
aebff4a0-ec02-c784-e764-9322d718b399,Bryan Paul,1993-08-11,SYN-413-26-2927,40930,678,2025-12-02,210,0,,aebff4a0-ec02-c784-e764-9322d718b399
a6041eb4-f065-3eec-d244-7c156034890f,Betty Vazquez,1983-03-11,SYN-271-36-5341,35909,770,2026-01-03,178,0,,a6041eb4-f065-3eec-d244-7c156034890f
25bc5bb7-9dc1-0df4-75ff-ae0e794deab2,Michael Jackson,1981-05-24,SYN-328-43-5420,94449,538,2026-01-23,158,0,,25bc5bb7-9dc1-0df4-75ff-ae0e794deab2
a9281e60-8a2f-3553-3141-b3e8fcdfa8b8,Michelle Mcneil,1981-10-29,SYN-985-79-3314,35867,631,2025-05-04,422,0,,a9281e60-8a2f-3553-3141-b3e8fcdfa8b8
642c75b6-17dc-9e07-b2e2-26aacf47e4fa,Alex Cameron,1979-10-11,SYN-776-46-7630,18606,621,2026-01-20,161,0,,642c75b6-17dc-9e07-b2e2-26aacf47e4fa
f23a2758-81b2-5cb1-c1f2-c098b3ff7544,Dr. Kathryn Adams DDS,1987-04-21,SYN-459-48-2989,65455,771,2025-02-18,497,0,,f23a2758-81b2-5cb1-c1f2-c098b3ff7544
8e54b7ae-bc5b-f620-421b-b3a81892db88,Janice Fuentes,1977-07-29,SYN-896-28-6319,31558,567,2025-04-23,433,0,,8e54b7ae-bc5b-f620-421b-b3a81892db88
49e30c92-70ea-e7f7-635e-dab7a8bb9807,Jose Allen,1952-12-24,SYN-486-82-6502,54415,671,2026-06-14,16,0,,49e30c92-70ea-e7f7-635e-dab7a8bb9807
627d70e4-e959-6219-bfc9-2c6abbfafc34,Jeffrey Johnson,1991-12-31,SYN-258-17-2212,32545,783,2025-04-17,439,0,,627d70e4-e959-6219-bfc9-2c6abbfafc34
1ab94d1b-93ec-cdd3-2e7c-6336a564a4ef,Jay Gonzalez,1969-12-10,SYN-105-34-9217,47327,754,2025-10-10,263,1,ring_0027,ring_0027
c92c4625-00ee-f86e-3087-d0c6d69d2ba1,Lori Salas,1969-07-09,SYN-362-53-3704,69815,613,2026-01-16,165,1,ring_0081,ring_0081
d5617fd5-f286-4793-2442-8f9b4553bd49,Barbara Francis,1979-10-17,SYN-942-72-7918,40957,640,2025-12-07,205,1,ring_0167,ring_0167
8da0a9ff-c2ca-cdbc-6da0-b81e99c86412,Matthew Moon,1984-11-08,SYN-533-56-9295,60831,601,2025-09-26,277,0,,8da0a9ff-c2ca-cdbc-6da0-b81e99c86412
5d28767a-6a6f-97a5-8896-4bad5fa72cae,Garrett Wilson,1987-02-04,SYN-587-39-3835,53743,736,2025-01-01,545,0,,5d28767a-6a6f-97a5-8896-4bad5fa72cae
47a4e082-30f3-4cd6-5283-faf4e1596a7a,Allen White,1980-09-28,SYN-732-76-6352,54266,724,2025-09-18,285,0,,47a4e082-30f3-4cd6-5283-faf4e1596a7a
a011171b-5e54-5dc5-a601-5aa2acfde895,Danielle Smith,2006-04-27,SYN-122-97-4309,54765,624,2025-02-26,489,0,,a011171b-5e54-5dc5-a601-5aa2acfde895
dc44699f-fbc3-77d5-cf1a-ef7366b0b1d2,Michael Dougherty,1983-07-08,SYN-578-52-1131,23535,625,2026-06-10,20,1,ring_0105,ring_0105
8b9071ec-664c-ce1a-3b5c-34ea5e92062a,Michael Carter,1982-03-27,SYN-964-20-9758,71733,777,2025-10-28,245,0,,8b9071ec-664c-ce1a-3b5c-34ea5e92062a
61e98eb3-5429-8c46-bf56-f54fe6d97678,Hayley Mitchell,1980-07-28,SYN-774-88-5469,47613,624,2026-05-08,53,0,,61e98eb3-5429-8c46-bf56-f54fe6d97678
6b18780e-f4f1-5881-d2fb-090efda274b1,Mark Keller,1985-03-10,SYN-280-70-1499,81026,760,2025-04-27,429,0,,6b18780e-f4f1-5881-d2fb-090efda274b1
1f0a12d8-9e88-03b5-6624-eb125ceefac9,Teresa Thompson,1981-11-30,SYN-154-91-8878,121094,681,2025-08-17,317,0,,1f0a12d8-9e88-03b5-6624-eb125ceefac9
54f29bb1-2210-76dd-33ac-f0e9a288def9,Kiara Preston,1981-08-28,SYN-285-36-5257,109794,680,2025-07-25,340,0,,54f29bb1-2210-76dd-33ac-f0e9a288def9
2beba6a8-a484-456d-bbde-54120f9e4c11,Martin Jones,1982-09-16,SYN-849-46-3847,73500,850,2025-07-20,345,0,,2beba6a8-a484-456d-bbde-54120f9e4c11
4e82572b-d02b-6b68-fcc6-51f8943a7a86,Haley May,2000-02-19,SYN-907-46-3814,50953,734,2025-11-28,214,0,,4e82572b-d02b-6b68-fcc6-51f8943a7a86
73558511-7a0e-5094-4ab5-e15413aaaa6c,Lisa Brown,1966-02-19,SYN-361-85-4718,17582,603,2026-03-18,104,0,,73558511-7a0e-5094-4ab5-e15413aaaa6c
4e3e85b1-2d22-1534-2343-566dab58f891,Jennifer Hoover,1977-01-08,SYN-478-39-4677,53321,649,2025-01-25,521,0,,4e3e85b1-2d22-1534-2343-566dab58f891
0571f372-e450-8764-234b-e19b7d3c2e85,Steve White III,1981-12-24,SYN-628-33-1861,130700,618,2025-07-19,346,1,ring_0129,ring_0129
7c16c219-f7b1-8f18-6462-a99b800c535b,Russell Bailey,1982-03-05,SYN-437-73-7680,79669,764,2025-01-29,517,0,,7c16c219-f7b1-8f18-6462-a99b800c535b
52fb15ff-e44c-16e9-4294-ea3e29bf8685,Phillip Scott,1998-11-03,SYN-776-67-8020,31108,717,2025-07-02,363,0,,52fb15ff-e44c-16e9-4294-ea3e29bf8685
817fb4d5-f3ee-c8b5-152a-f3e2301a049a,Desiree Spencer,1990-05-22,SYN-540-74-2350,47374,585,2025-06-08,387,0,,817fb4d5-f3ee-c8b5-152a-f3e2301a049a
56298efd-6d8e-c958-6005-238c28c92c39,Eduardo Obrien,1992-01-07,SYN-813-86-1313,36884,637,2025-10-13,260,0,,56298efd-6d8e-c958-6005-238c28c92c39
ca536251-1890-1d8c-e2a0-3f9cf0877fd0,Harold Lee,1996-01-28,SYN-874-85-2953,42311,653,2025-04-23,433,0,,ca536251-1890-1d8c-e2a0-3f9cf0877fd0
b755c9fc-c6ae-0e53-3c4e-733bf4724ca4,David Wiggins,1986-04-23,SYN-618-34-5870,36339,566,2025-11-30,212,0,,b755c9fc-c6ae-0e53-3c4e-733bf4724ca4
09ea4102-66fc-4936-f930-f41bcd8d06ff,Ralph Dominguez,1991-07-14,SYN-446-12-6999,126575,692,2025-04-14,442,0,,09ea4102-66fc-4936-f930-f41bcd8d06ff
40918dba-0af8-5010-dbb8-eb515795e8da,Laura Sweeney,1963-12-02,SYN-248-96-3682,25674,570,2025-09-29,274,0,,40918dba-0af8-5010-dbb8-eb515795e8da
5472b6dc-0d42-1151-0663-cb7711c03ab0,John Austin,2002-04-04,SYN-431-61-1108,52685,657,2025-10-02,271,0,,5472b6dc-0d42-1151-0663-cb7711c03ab0
fca187d7-0344-2d0c-2669-6b13d1669d72,Amber King,1991-11-11,SYN-450-21-2583,16689,850,2025-02-07,508,0,,fca187d7-0344-2d0c-2669-6b13d1669d72
0296b10e-d552-9239-ef92-144a3c388178,Bianca Davis,1994-07-13,SYN-481-29-4553,23059,620,2025-05-11,415,0,,0296b10e-d552-9239-ef92-144a3c388178
0fff7a97-9142-8eba-1bb1-40ea07adbcef,Lee Stewart,1985-07-29,SYN-940-96-5943,61022,708,2025-12-03,209,0,,0fff7a97-9142-8eba-1bb1-40ea07adbcef
5c5d1a36-8c03-0c37-2075-8b2e790b70ea,Rachel Bradley,1983-03-13,SYN-508-66-4048,142593,616,2025-08-09,325,0,,5c5d1a36-8c03-0c37-2075-8b2e790b70ea
ab684087-ecb9-5247-3e26-55e053637db5,Hannah Luna,1972-04-14,SYN-182-62-3935,61386,792,2026-05-01,60,0,,ab684087-ecb9-5247-3e26-55e053637db5
dd673b09-65f5-5524-a708-41e3eaf5437e,Laura Jones,2003-12-02,SYN-588-30-3869,37130,708,2025-12-21,191,0,,dd673b09-65f5-5524-a708-41e3eaf5437e
3fa0da2c-f374-1d30-4068-7b61230c2c12,Nathaniel Wright,1989-03-02,SYN-881-10-5782,73818,670,2025-03-28,459,0,,3fa0da2c-f374-1d30-4068-7b61230c2c12
71b06c40-badd-acbf-bd00-34b92d8c7af6,Elizabeth Miles,1985-10-26,SYN-415-88-6494,106924,639,2025-07-08,357,0,,71b06c40-badd-acbf-bd00-34b92d8c7af6
0a77c014-3007-01a8-f563-112ec7713163,Victoria Keller,1984-12-04,SYN-973-94-1329,44327,643,2026-01-20,161,0,,0a77c014-3007-01a8-f563-112ec7713163
1749105a-4d86-fab1-3dca-c25f06e5480d,Michael Bolton,1988-12-26,SYN-401-28-1661,15229,716,2025-12-02,210,0,,1749105a-4d86-fab1-3dca-c25f06e5480d
f30cf688-9422-f5c4-17b2-2d2ba885da01,Erik Williams,1975-05-14,SYN-982-31-6900,82277,638,2025-10-16,257,0,,f30cf688-9422-f5c4-17b2-2d2ba885da01
8323c168-f0c0-61b9-7ee9-223776405548,Caroline Morales,1980-05-09,SYN-912-59-4259,126843,764,2025-12-12,200,0,,8323c168-f0c0-61b9-7ee9-223776405548
707f1730-2dae-111a-a11a-04e105270c26,Dustin Gallegos,1983-03-11,SYN-729-78-3367,70765,590,2026-02-20,130,0,,707f1730-2dae-111a-a11a-04e105270c26
622a966d-9fd5-ce29-3787-a62547f9127d,Shane Underwood,1999-11-24,SYN-691-68-1964,61095,726,2025-04-07,449,1,ring_0018,ring_0018
28bd0f31-2461-afee-6cb6-61b50499c873,Sean Hatfield,1998-01-22,SYN-810-84-9997,100716,690,2026-02-05,145,0,,28bd0f31-2461-afee-6cb6-61b50499c873
4b0d570c-5897-4378-8379-2dbd6156943e,Scott Wood,1999-06-12,SYN-787-27-3668,49706,739,2025-03-19,468,0,,4b0d570c-5897-4378-8379-2dbd6156943e
f6822124-b31a-73f6-3bde-1dc3335e36e9,Maria Brown,1980-12-13,SYN-503-31-4376,36182,579,2025-02-09,506,0,,f6822124-b31a-73f6-3bde-1dc3335e36e9
5f27c580-956b-dd1e-8ac3-7171ef3787d3,Ashley Prince,1991-09-03,SYN-180-16-7368,60611,628,2025-12-30,182,0,,5f27c580-956b-dd1e-8ac3-7171ef3787d3
772fac2e-aeb1-e200-da4a-7438b34a84e9,Vanessa Mcdonald,2000-02-24,SYN-213-24-8753,27649,624,2025-10-12,261,1,ring_0177,ring_0177
13d0b8a9-e73b-56a6-b375-4fca4c4eb57b,Justin Page,1997-05-07,SYN-839-99-6415,98785,687,2026-04-30,61,0,,13d0b8a9-e73b-56a6-b375-4fca4c4eb57b
9e7eb663-d71d-d242-177f-d34bbd150a36,Rebecca White,1971-02-23,SYN-749-50-8066,100691,593,2025-10-04,269,0,,9e7eb663-d71d-d242-177f-d34bbd150a36
4c5e6e72-6621-516b-c7aa-5ee7da4f8bee,Edward White,1998-10-26,SYN-116-11-7570,59567,715,2026-02-06,144,0,,4c5e6e72-6621-516b-c7aa-5ee7da4f8bee
6702e920-3011-1f2b-e25d-3b234ce995d5,Elizabeth Brown,1975-11-19,SYN-150-72-7819,75526,689,2026-05-13,48,0,,6702e920-3011-1f2b-e25d-3b234ce995d5
700eb364-ed73-36d6-f6d6-3331190c40fe,Andre Haynes,1978-01-11,SYN-634-91-8771,110319,609,2026-06-20,10,0,,700eb364-ed73-36d6-f6d6-3331190c40fe
d0878df6-7fb4-32e3-5e3b-c21d918d61bb,Stephen Buchanan,1999-06-12,SYN-842-40-6789,50035,715,2025-10-19,254,1,ring_0033,ring_0033
a62c3dd8-2fc8-f1ad-2772-fce97eeb82f1,Raymond Sawyer,1987-09-21,SYN-195-99-2834,52413,715,2025-05-09,417,0,,a62c3dd8-2fc8-f1ad-2772-fce97eeb82f1
3fe9771f-fd3f-da65-9a59-5bfe72513868,Bonnie Lopez,2004-02-12,SYN-960-80-1399,50800,660,2026-04-22,69,1,ring_0088,ring_0088
5cfd9207-91d8-9426-6aca-a8b2b7c69735,Cassandra Martinez,2006-08-13,SYN-143-39-5582,93230,722,2025-12-26,186,0,,5cfd9207-91d8-9426-6aca-a8b2b7c69735
67b1d2e6-c3e2-029b-7921-28e620eefce4,Brittany Cisneros,1994-07-12,SYN-411-73-7733,46195,779,2025-03-08,479,0,,67b1d2e6-c3e2-029b-7921-28e620eefce4
df4726cc-6623-1ca5-2687-500188e6f2b5,Lindsay Rogers,2001-08-31,SYN-182-75-9488,50766,674,2025-10-12,261,0,,df4726cc-6623-1ca5-2687-500188e6f2b5
558d91f2-3ab3-0a61-a1cc-920552cd59c4,Heather Barry,1979-03-14,SYN-345-57-3577,101800,641,2025-10-02,271,0,,558d91f2-3ab3-0a61-a1cc-920552cd59c4
75126f24-259f-4d54-05d3-00966192c130,Michael Singleton,2006-12-21,SYN-275-37-7625,68598,749,2025-01-12,534,0,,75126f24-259f-4d54-05d3-00966192c130
149bc975-740c-0fcb-15ef-ae767faccf27,Breanna Ayala,2001-12-22,SYN-832-88-2449,146468,669,2025-03-14,473,0,,149bc975-740c-0fcb-15ef-ae767faccf27
87312238-d908-fb25-0d09-2e9ff6988755,Kenneth Edwards,1989-11-01,SYN-495-36-6302,88642,699,2025-03-24,463,0,,87312238-d908-fb25-0d09-2e9ff6988755
54267027-8c28-800e-c211-6268a5844f8e,Edward Manning,1982-04-16,SYN-335-28-3579,38922,633,2025-10-04,269,0,,54267027-8c28-800e-c211-6268a5844f8e
10004804-20ad-1e1e-5f98-7689765cb635,Paul Brown,2006-04-09,SYN-582-15-9822,15000,587,2025-09-10,293,0,,10004804-20ad-1e1e-5f98-7689765cb635
ae1218e2-56a6-028b-e3d0-86731c30fdff,Jennifer Ortiz,1989-01-16,SYN-947-92-6672,38632,731,2025-03-12,475,0,,ae1218e2-56a6-028b-e3d0-86731c30fdff
b068bc1a-32ac-b1e1-b3bd-2558596b1504,Vicki Harper,1984-03-04,SYN-445-27-3857,150670,630,2025-05-04,422,0,,b068bc1a-32ac-b1e1-b3bd-2558596b1504
1ce05668-a426-ea3c-8ca8-a8e57189a3fe,Jennifer Cruz,1978-09-15,SYN-886-49-4610,59444,699,2026-03-28,94,0,,1ce05668-a426-ea3c-8ca8-a8e57189a3fe
d8d1273d-6ebe-32d8-816c-0896640f2caf,Jennifer Mendoza,1991-11-09,SYN-683-82-4053,41898,620,2026-01-05,176,0,,d8d1273d-6ebe-32d8-816c-0896640f2caf
1614fb16-0df5-4008-4d48-cd1293ca683b,Megan Allison,1984-11-29,SYN-182-43-5116,144128,699,2025-07-14,351,0,,1614fb16-0df5-4008-4d48-cd1293ca683b
694670ab-4825-3a50-def2-c1c114ca8c02,Robin Parker,1983-08-06,SYN-939-56-3898,72161,531,2025-03-05,482,0,,694670ab-4825-3a50-def2-c1c114ca8c02
e8fa5439-350b-0d90-0e65-341f965549c0,Tracy Harrington,1963-11-04,SYN-315-41-4319,40064,748,2026-05-22,39,0,,e8fa5439-350b-0d90-0e65-341f965549c0
8562fde5-9909-5848-02a5-bcc5a69e421b,Jane Reese,1999-10-21,SYN-543-19-8580,67728,729,2025-09-30,273,0,,8562fde5-9909-5848-02a5-bcc5a69e421b
9bddc655-dd00-99de-1e92-6aae9181e8c0,Craig Dean,2002-02-08,SYN-150-25-8426,26238,775,2025-09-06,297,0,,9bddc655-dd00-99de-1e92-6aae9181e8c0
7d55ec2a-980e-fcee-1f90-303ffb5a796c,Jennifer Vasquez,2008-05-15,SYN-168-76-8984,128043,577,2025-02-15,500,0,,7d55ec2a-980e-fcee-1f90-303ffb5a796c
97e8427b-d1fb-3d51-f6ed-5ec80feec635,Jennifer Smith,1985-10-20,SYN-717-37-9367,75121,691,2025-03-01,486,0,,97e8427b-d1fb-3d51-f6ed-5ec80feec635
cc3c639d-5ea7-b72d-3e0d-dcfa5295406b,Rebecca Dean,1977-01-06,SYN-143-73-9060,66903,642,2025-04-14,442,0,,cc3c639d-5ea7-b72d-3e0d-dcfa5295406b
d37b86a6-746e-e8e8-a8af-8d1cfd60864b,David Davis,1993-04-09,SYN-360-40-5988,88527,625,2025-06-17,378,0,,d37b86a6-746e-e8e8-a8af-8d1cfd60864b
6a04a2ca-ffc5-cf99-3ec6-35a5324bf842,Laura Sparks,1972-08-14,SYN-942-13-7043,105645,669,2025-03-18,469,0,,6a04a2ca-ffc5-cf99-3ec6-35a5324bf842
67e47874-bf7b-8595-be3b-ef1b20b0915c,Caitlin Perry,1992-03-21,SYN-101-57-8635,115980,668,2025-05-22,404,0,,67e47874-bf7b-8595-be3b-ef1b20b0915c
e7fa7a23-6235-e73d-768c-13bd67f42a3d,Kristi Jordan,1987-01-31,SYN-770-31-7306,29527,696,2025-08-12,322,0,,e7fa7a23-6235-e73d-768c-13bd67f42a3d
ac062940-8889-8665-5182-0372cf1e2863,Jamie Bond,1961-09-16,SYN-175-94-1099,54309,676,2025-05-08,418,0,,ac062940-8889-8665-5182-0372cf1e2863
2e78b5a6-bdd6-7ecd-04ff-8b8bff74502e,Mary Morgan,1991-10-22,SYN-267-90-8712,32190,718,2025-12-22,190,0,,2e78b5a6-bdd6-7ecd-04ff-8b8bff74502e
c5daa36f-e39a-8a7d-b7d1-c70f1b32a720,Lori Madden,1972-03-01,SYN-499-58-4117,73931,710,2026-04-10,81,0,,c5daa36f-e39a-8a7d-b7d1-c70f1b32a720
4ebb708f-a7d3-e8a4-9eaa-d37d972af207,Paul Martin,1957-07-08,SYN-199-62-6150,69519,662,2025-10-26,247,0,,4ebb708f-a7d3-e8a4-9eaa-d37d972af207
64a40b70-b0cc-6144-2b3e-5fd2a9251ab6,Crystal Hill,1999-11-05,SYN-950-71-4662,39561,765,2026-03-22,100,0,,64a40b70-b0cc-6144-2b3e-5fd2a9251ab6
d8b5a4ff-fdfe-cdb3-894c-4113a630106c,Clifford Poole,1984-11-15,SYN-971-85-5805,58722,722,2026-06-17,13,0,,d8b5a4ff-fdfe-cdb3-894c-4113a630106c
f5de6c9a-8783-3c25-af65-3b086a7609db,Donna Moore,1987-03-19,SYN-542-94-8580,61447,706,2025-10-09,264,0,,f5de6c9a-8783-3c25-af65-3b086a7609db
ff841b0a-912c-8e02-e7dc-5b9b630dd564,Mackenzie Price DDS,1976-08-30,SYN-512-78-5047,37565,528,2025-04-04,452,0,,ff841b0a-912c-8e02-e7dc-5b9b630dd564
e3a8425e-84fe-97c7-aaf1-2916bab7a8da,Erik Harris,2007-08-10,SYN-831-32-2873,66013,721,2025-08-27,307,0,,e3a8425e-84fe-97c7-aaf1-2916bab7a8da
7181799f-44bf-4139-6597-576c9623877b,Alan Hoffman,1986-09-12,SYN-233-26-1332,23753,812,2025-05-18,408,0,,7181799f-44bf-4139-6597-576c9623877b
b2c51ccd-c0df-672b-ff84-673be16bc7c5,Jennifer Williams,1986-11-10,SYN-800-90-7068,21270,724,2025-08-10,324,0,,b2c51ccd-c0df-672b-ff84-673be16bc7c5
0465090b-11a8-f0ab-f688-6911638d36bd,Brian Fuller,1996-10-25,SYN-419-61-8200,30407,657,2026-06-15,15,0,,0465090b-11a8-f0ab-f688-6911638d36bd
bd232446-cfcb-a7ce-e82a-482e8fd5ee46,Jeffrey Hernandez,2008-04-28,SYN-902-15-6029,45108,705,2026-01-05,176,0,,bd232446-cfcb-a7ce-e82a-482e8fd5ee46
7f67c77e-02f8-f48b-d85b-740402a8e9b8,Daniel Richard,1981-11-13,SYN-382-37-7167,45087,554,2025-09-05,298,1,ring_0077,ring_0077
97b3feda-f5fe-4329-a127-72b7ef2da981,Scott James,1972-09-05,SYN-229-57-5503,79513,636,2025-11-11,231,0,,97b3feda-f5fe-4329-a127-72b7ef2da981
bc46aae0-fe8d-03bc-7d75-9c14413c18bb,Stacey Clements,1972-05-01,SYN-776-25-4120,24525,737,2026-04-17,74,0,,bc46aae0-fe8d-03bc-7d75-9c14413c18bb
77606ff6-ce87-afd1-1e51-bcca359f3dcb,Jeffrey Carter,1980-04-30,SYN-779-44-1413,82685,585,2026-05-02,59,1,ring_0010,ring_0010
9ed19f1b-1139-b8d2-71a0-17d0b570c4a4,Katherine Contreras,2001-08-30,SYN-736-25-6988,78793,639,2025-04-06,450,0,,9ed19f1b-1139-b8d2-71a0-17d0b570c4a4
2b733995-bed9-4170-f9f6-aa51acf6a85c,Clifford Mcdonald,1982-10-25,SYN-813-66-7838,31427,764,2025-01-03,543,0,,2b733995-bed9-4170-f9f6-aa51acf6a85c
ca941a66-c79e-4cdd-5c4c-b49d1c3fbb47,Randy Smith,1981-05-07,SYN-200-78-3595,41779,587,2025-12-14,198,0,,ca941a66-c79e-4cdd-5c4c-b49d1c3fbb47
adf14c50-b63d-9a88-4324-f5d62f2371c9,Kelly Patton,2008-03-23,SYN-828-56-7825,26508,817,2026-04-07,84,0,,adf14c50-b63d-9a88-4324-f5d62f2371c9
5e664dc9-ecb7-05a5-8ff0-c697feff7cb1,Brandy James,1984-12-29,SYN-273-50-9088,88555,706,2025-05-17,409,0,,5e664dc9-ecb7-05a5-8ff0-c697feff7cb1
45d77a41-8b1a-1678-5938-79bb405ebe65,Nancy Evans MD,1998-09-28,SYN-602-25-5378,30362,637,2025-08-12,322,0,,45d77a41-8b1a-1678-5938-79bb405ebe65
18e1eff9-a663-3fe1-75fa-a1f36370d1b2,Heather Williams,2002-04-03,SYN-568-78-4713,17898,632,2025-08-04,330,0,,18e1eff9-a663-3fe1-75fa-a1f36370d1b2
0f6b3291-6fc3-fcc7-901b-2b1a5518b2f1,Mrs. Melissa Robinson,1966-02-02,SYN-490-45-6264,33413,625,2025-04-11,445,0,,0f6b3291-6fc3-fcc7-901b-2b1a5518b2f1
cb81eb89-f074-c4bb-581d-a0b530ec3a08,Brandon Bailey MD,1989-07-18,SYN-238-19-9469,62982,658,2025-01-01,545,0,,cb81eb89-f074-c4bb-581d-a0b530ec3a08
98a8dec8-3bbb-73cb-e5dd-f9ca19ac3de5,Jesus Shaw,1972-03-21,SYN-987-50-9396,65359,636,2025-08-06,328,0,,98a8dec8-3bbb-73cb-e5dd-f9ca19ac3de5
53532a09-61d7-3aa3-29ba-be232d4fe1f8,Kelly Johnston,1990-04-19,SYN-640-12-3423,30102,626,2026-03-02,120,0,,53532a09-61d7-3aa3-29ba-be232d4fe1f8
6bb61c81-971f-1845-a14a-ff3a1e110899,Madison Weber,1979-05-23,SYN-320-24-8945,60827,791,2025-12-04,208,0,,6bb61c81-971f-1845-a14a-ff3a1e110899
aac451f8-462d-c02c-d701-83603f5e3638,Desiree Tyler,1990-12-05,SYN-948-56-7607,30962,740,2026-06-14,16,0,,aac451f8-462d-c02c-d701-83603f5e3638
ca0d1a59-3e68-7526-a852-e57409a991ca,Jessica Phillips,1989-12-05,SYN-935-21-1147,24733,741,2025-09-26,277,1,ring_0106,ring_0106
3c8ebd44-b753-b9a1-40fa-90bad527d6df,Robert Marquez,1976-01-20,SYN-602-33-6730,53453,742,2025-09-28,275,0,,3c8ebd44-b753-b9a1-40fa-90bad527d6df
4c016abd-c119-cfd3-19fb-b823932f070f,Jennifer Flores,1987-07-07,SYN-694-90-2311,55596,697,2025-07-11,354,0,,4c016abd-c119-cfd3-19fb-b823932f070f
973b3c5e-8326-730d-6d0f-29a49698a725,Francisco Johnson,1981-02-21,SYN-722-85-8293,81782,721,2025-10-11,262,0,,973b3c5e-8326-730d-6d0f-29a49698a725
344cad20-a730-7750-f6d2-9f9fac52aa45,Robert Mitchell,1977-12-22,SYN-899-67-2813,69048,691,2025-05-18,408,0,,344cad20-a730-7750-f6d2-9f9fac52aa45
2b86a49b-b819-f3c3-5d1e-1f261f8514b9,Joseph Church,1987-11-26,SYN-232-79-3119,45026,768,2026-03-25,97,0,,2b86a49b-b819-f3c3-5d1e-1f261f8514b9
c9e4ed86-e7fd-f2a5-3c8f-7afce127050d,Sharon Baird,1983-09-25,SYN-375-22-3058,97061,615,2025-03-28,459,0,,c9e4ed86-e7fd-f2a5-3c8f-7afce127050d
7fcdecfb-c727-360b-873f-ed7aac59c431,Peggy Young,1991-08-10,SYN-994-20-5280,48315,712,2026-06-23,7,0,,7fcdecfb-c727-360b-873f-ed7aac59c431
df719619-31bc-9160-5bae-0b04593b9ca8,Allison Smith,1985-12-19,SYN-528-84-4331,61017,736,2026-02-01,149,0,,df719619-31bc-9160-5bae-0b04593b9ca8
947bcb15-fc79-fdcc-2c59-f533722ec7de,Brenda Gallegos,1983-10-19,SYN-532-47-7756,36116,763,2025-10-09,264,0,,947bcb15-fc79-fdcc-2c59-f533722ec7de
91664564-9cf3-3aa1-f6e3-bf33ec44d12e,John Steele,1986-05-12,SYN-733-92-5135,48942,810,2025-12-14,198,0,,91664564-9cf3-3aa1-f6e3-bf33ec44d12e
9632543b-3ac2-f81e-06be-bf3e7d004e75,Eric George,1985-08-18,SYN-845-66-3618,28016,850,2026-02-26,124,0,,9632543b-3ac2-f81e-06be-bf3e7d004e75
6c9ca8c9-c848-21b2-0760-4ccccfd1d896,Jonathan Walker,1970-02-19,SYN-348-33-6874,119854,798,2025-08-22,312,0,,6c9ca8c9-c848-21b2-0760-4ccccfd1d896
569b37f4-1138-2be7-362d-c1374bfd08a4,Mr. Jerry Robinson,2007-12-27,SYN-768-78-1140,88332,705,2025-10-23,250,0,,569b37f4-1138-2be7-362d-c1374bfd08a4
651c97b9-b0a7-ddbb-dba2-4b2cae798ddd,Tammy Jones,1990-05-28,SYN-642-80-8029,44522,656,2025-12-11,201,0,,651c97b9-b0a7-ddbb-dba2-4b2cae798ddd
a59c108d-f1f8-90e7-781f-71a7caa309b2,Peter Thompson,1983-08-04,SYN-645-50-8197,38295,765,2025-08-27,307,0,,a59c108d-f1f8-90e7-781f-71a7caa309b2
282051e8-15e7-9030-195f-06cbc220d36d,Eric Reese,1986-08-29,SYN-412-50-6681,41522,624,2025-12-22,190,0,,282051e8-15e7-9030-195f-06cbc220d36d
8fedcd1f-73f1-a57f-aa73-11d1b5f32e91,Nichole Thompson,1993-02-02,SYN-464-85-9739,58178,555,2025-04-09,447,0,,8fedcd1f-73f1-a57f-aa73-11d1b5f32e91
00bcdbe9-905c-ec65-3e78-5541eb728567,Calvin Bowers,1968-05-27,SYN-498-52-9490,58894,653,2026-01-23,158,0,,00bcdbe9-905c-ec65-3e78-5541eb728567
8c2877c8-0ef3-ba8d-5f8f-3acf0aa4c109,Kimberly Aguilar,1981-01-18,SYN-207-89-3971,45032,629,2026-01-25,156,1,ring_0134,ring_0134
fab09788-f958-cb2c-aead-8f3622b8cac3,Nicole Parrish,1975-01-22,SYN-804-25-2856,20427,711,2025-11-11,231,0,,fab09788-f958-cb2c-aead-8f3622b8cac3
eae836a4-b414-1d82-e87c-c70dda0e4cb4,Emily Henderson,1992-07-06,SYN-319-94-5501,33880,750,2025-01-07,539,0,,eae836a4-b414-1d82-e87c-c70dda0e4cb4
6225fc03-cc5e-98d8-8389-1a0873aaa87e,Paul Robinson,1981-06-26,SYN-952-39-2667,53973,701,2026-05-18,43,1,ring_0202,ring_0202
64c3dfb3-bba3-2814-d7ef-d22007256d29,Tiffany Wilson,1980-04-17,SYN-533-26-4486,49059,559,2026-04-15,76,0,,64c3dfb3-bba3-2814-d7ef-d22007256d29
6099ffba-f800-be39-ce3d-a290210a574c,Sharon Perry,1981-05-20,SYN-910-56-2751,25862,719,2025-03-08,479,1,ring_0126,ring_0126
abbf368f-3d6a-8d83-a919-462809a2d788,Tyler Velazquez,1996-12-07,SYN-863-26-3925,66201,622,2026-04-22,69,0,,abbf368f-3d6a-8d83-a919-462809a2d788
42b5fb76-961a-26ac-fcd3-53739803e826,Peter Patel,1988-01-05,SYN-744-67-5871,60580,579,2026-02-16,134,1,ring_0120,ring_0120
f85f62a0-1d69-4459-8b63-ed1ff218b809,Samuel Olson,1985-02-01,SYN-460-33-6320,92130,625,2025-01-17,529,0,,f85f62a0-1d69-4459-8b63-ed1ff218b809
2be7182e-222b-fca3-a5cd-d24dbf48132b,Michael Johnson,1994-08-05,SYN-573-65-8772,39824,713,2025-04-22,434,0,,2be7182e-222b-fca3-a5cd-d24dbf48132b
6d329448-8884-b8ce-36af-f6c127f608a6,Kristen Moreno,1969-12-16,SYN-960-41-7606,16927,740,2026-02-22,128,1,ring_0124,ring_0124
a97ebb53-93e6-8d04-f221-1f44177ca968,Lori Copeland,1995-09-30,SYN-490-95-9202,29093,666,2025-04-04,452,1,ring_0127,ring_0127
fd194e26-1425-dc02-d392-e65ec03294d3,Maria Sanford,1991-08-22,SYN-669-96-6240,60132,739,2026-01-12,169,0,,fd194e26-1425-dc02-d392-e65ec03294d3
55700a52-b329-c96e-c4a5-8902c54b19d1,Isaac Chase,1972-06-22,SYN-879-66-3080,57445,557,2026-01-16,165,0,,55700a52-b329-c96e-c4a5-8902c54b19d1
df995416-b7f3-8056-24e4-dedc7784f913,Melissa Mccormick,1980-09-14,SYN-486-44-4921,84413,627,2026-02-18,132,0,,df995416-b7f3-8056-24e4-dedc7784f913
f4e565ff-3e82-d665-01d9-89f7b9ca38f3,Robert Cummings,1995-08-26,SYN-740-77-4152,88179,771,2025-12-23,189,0,,f4e565ff-3e82-d665-01d9-89f7b9ca38f3
4cdad770-4d06-b0c8-818b-9e86771fdd10,Alexander Floyd,1978-03-01,SYN-811-41-2031,72104,615,2025-11-13,229,0,,4cdad770-4d06-b0c8-818b-9e86771fdd10
947e02db-0439-787a-27a1-66d120bbb9ae,Jane May,1966-06-13,SYN-405-78-7154,77947,592,2025-03-05,482,0,,947e02db-0439-787a-27a1-66d120bbb9ae
177f10fa-c753-4988-79fe-c70a868c3e8b,Steven Thomas,1990-10-24,SYN-191-32-2440,51686,716,2025-03-17,470,0,,177f10fa-c753-4988-79fe-c70a868c3e8b
d4f28206-c86d-3b06-1af5-b3245995482d,Donna Dunn,2002-11-13,SYN-760-29-9439,45781,661,2025-09-12,291,0,,d4f28206-c86d-3b06-1af5-b3245995482d
172c4aa2-156d-0b5a-ebaf-ed6b261d85db,Scott Stewart,1990-02-04,SYN-683-64-1680,58791,739,2026-02-22,128,0,,172c4aa2-156d-0b5a-ebaf-ed6b261d85db
f871bdcc-9df8-ef5d-8d0c-b4bb89066f0e,Diana Rogers,1964-08-01,SYN-166-28-2695,34217,712,2025-04-15,441,0,,f871bdcc-9df8-ef5d-8d0c-b4bb89066f0e
1f7b7a18-36e4-16cb-1a50-0d0f3e600d4e,Tyler Fisher,1979-05-10,SYN-994-51-3731,24617,628,2025-09-06,297,0,,1f7b7a18-36e4-16cb-1a50-0d0f3e600d4e
1e0bc6ba-0ac0-38e6-8f55-c153e18cfb22,Anthony Ward,1988-06-19,SYN-845-54-6588,43165,721,2026-02-21,129,0,,1e0bc6ba-0ac0-38e6-8f55-c153e18cfb22
f3814867-9d2e-2a6a-2f09-a15f1dfff7e0,Jodi Lewis,2000-12-05,SYN-326-72-5707,23320,591,2026-05-19,42,0,,f3814867-9d2e-2a6a-2f09-a15f1dfff7e0
98fb116e-f024-ad99-c489-5df4df0155a0,Michelle Caldwell,1993-09-19,SYN-878-26-7074,39881,751,2025-08-12,322,0,,98fb116e-f024-ad99-c489-5df4df0155a0
55e464c8-1f58-7548-9168-029cb240db94,Nathan Ross,1990-10-17,SYN-498-22-5705,48600,700,2025-01-04,542,1,ring_0099,ring_0099
22a4f559-fe20-9981-a7d5-1bdc833642a8,Jennifer Garcia,1997-05-14,SYN-188-72-5458,29989,675,2025-12-18,194,0,,22a4f559-fe20-9981-a7d5-1bdc833642a8
810d44f3-07cf-a2ee-f094-0cf007f3b719,David Peterson,2000-06-01,SYN-452-48-3667,63969,728,2025-10-31,242,0,,810d44f3-07cf-a2ee-f094-0cf007f3b719
275af45e-5979-cb44-4f09-607a325635b0,Mary Meyer,1968-09-19,SYN-113-86-8327,96545,746,2025-09-12,291,0,,275af45e-5979-cb44-4f09-607a325635b0
9b3ab787-caf9-6c83-8941-270d8ecd01e0,Brandon Brown,2007-11-28,SYN-980-44-1214,45855,745,2026-02-12,138,0,,9b3ab787-caf9-6c83-8941-270d8ecd01e0
721d7716-a05c-cbc2-78ca-e263aa0afa53,Joseph Swanson,1965-03-05,SYN-433-45-1488,111752,771,2026-02-02,148,0,,721d7716-a05c-cbc2-78ca-e263aa0afa53
c25e0f48-b07f-8348-2755-edf70ef393d9,Jordan Schneider,1976-07-29,SYN-891-39-5869,35271,624,2025-10-07,266,0,,c25e0f48-b07f-8348-2755-edf70ef393d9
7c27acec-5f96-1083-e851-7ce28ccc6879,Kelly Walker,2003-03-19,SYN-349-86-8750,31285,685,2025-06-28,367,0,,7c27acec-5f96-1083-e851-7ce28ccc6879
aab95677-9f61-f7fc-7009-71bfb26fe4a0,Megan Frank,1989-01-20,SYN-601-83-9359,65436,678,2026-05-03,58,1,ring_0174,ring_0174
9f3cf18b-99e9-9ab3-5dd7-db12a6e2569a,Alex Steele,1969-08-03,SYN-851-13-9120,115127,645,2025-12-12,200,0,,9f3cf18b-99e9-9ab3-5dd7-db12a6e2569a
4a428303-f32f-e70e-fd38-2e56b9f212ca,Richard Wilson,1967-02-04,SYN-564-39-1292,28053,643,2025-03-07,480,0,,4a428303-f32f-e70e-fd38-2e56b9f212ca
015d3f8c-ea75-8393-29a5-555f9de2a3f6,Terry Stokes,1989-10-07,SYN-414-21-3616,54759,712,2025-06-05,390,0,,015d3f8c-ea75-8393-29a5-555f9de2a3f6
fe3ee476-c960-1bcc-ed4f-c6b724afff0a,Angela Stewart,1987-06-16,SYN-728-10-2470,70495,684,2025-06-17,378,1,ring_0135,ring_0135
80b56186-0788-1831-fc88-d95d589a006e,Shane Carey,1985-09-14,SYN-960-94-5886,92018,803,2025-07-03,362,1,ring_0203,ring_0203
471753da-b9e3-fd2e-ecb6-5faf5de809c0,Joanna Kelly,1992-11-10,SYN-123-50-9675,37065,676,2026-03-27,95,0,,471753da-b9e3-fd2e-ecb6-5faf5de809c0
2c03c27a-7a60-cc5f-4681-efc272c04e41,Heidi Torres,1976-01-17,SYN-748-89-8516,55801,714,2025-12-02,210,0,,2c03c27a-7a60-cc5f-4681-efc272c04e41
f8637e4f-75e7-abed-581e-b26534da2ef9,Karl Moore,1985-06-18,SYN-600-36-2673,42404,714,2025-04-06,450,0,,f8637e4f-75e7-abed-581e-b26534da2ef9
2d464e31-583d-a0a2-49c2-94b55d38ce0a,Anthony Carr,1962-10-20,SYN-803-79-2243,92328,598,2026-01-10,171,0,,2d464e31-583d-a0a2-49c2-94b55d38ce0a
b0ec496d-6f6e-229e-8809-fe1c9c3b1e4f,Laura Fowler,1978-01-30,SYN-862-95-6806,51293,631,2025-10-21,252,0,,b0ec496d-6f6e-229e-8809-fe1c9c3b1e4f
c3b3f5eb-0555-2719-a549-3002ee9eaaa4,Gary Turner,1976-02-14,SYN-367-53-3339,38641,657,2026-04-08,83,0,,c3b3f5eb-0555-2719-a549-3002ee9eaaa4
fe5bcaf3-7ee0-91df-1a74-d1cc31a8a9bf,Martin Hall,1987-11-21,SYN-715-97-3261,121814,657,2025-10-30,243,0,,fe5bcaf3-7ee0-91df-1a74-d1cc31a8a9bf
83319d8e-b534-8449-58ee-9f442c16abb6,Michael Bowers,1976-04-17,SYN-104-98-1137,27376,633,2025-12-07,205,1,ring_0212,ring_0212
df021fb9-0018-26f1-caa0-55e13903f5aa,Zachary Johnson,2001-01-04,SYN-136-52-6326,64200,662,2026-06-10,20,0,,df021fb9-0018-26f1-caa0-55e13903f5aa
f9ad085d-a2b5-0661-7d44-376e261cadb7,Priscilla Evans,1980-09-19,SYN-777-68-9976,87606,601,2025-09-21,282,1,ring_0089,ring_0089
5a92a4c7-6f0d-e4d8-6118-336699fc20bd,Jeffrey Fuller,1960-05-18,SYN-319-86-5197,87105,717,2026-06-29,1,0,,5a92a4c7-6f0d-e4d8-6118-336699fc20bd
4bbbb7cc-62a8-c50c-a662-b1b3cf35af86,Megan Mills,1983-05-25,SYN-840-45-4882,197958,639,2025-08-29,305,0,,4bbbb7cc-62a8-c50c-a662-b1b3cf35af86
f546a943-4b0e-ca69-90d8-254fdf33f286,Brian Mitchell,1984-01-29,SYN-148-10-1864,17491,733,2026-02-11,139,0,,f546a943-4b0e-ca69-90d8-254fdf33f286
31f32c9a-32a6-ffeb-e69f-d02b24686fa6,Daniel Price,1978-02-14,SYN-225-80-9920,53754,576,2025-05-09,417,0,,31f32c9a-32a6-ffeb-e69f-d02b24686fa6
06da1fb0-4feb-1ec1-ffbc-e00facf3e13d,Mary Henderson,2006-01-28,SYN-165-42-1553,89810,682,2025-12-14,198,0,,06da1fb0-4feb-1ec1-ffbc-e00facf3e13d
3fa57f64-0be6-8d0a-7024-0c6fc5cece7a,Brittney Phillips,1991-01-19,SYN-375-26-3196,120604,689,2026-04-06,85,0,,3fa57f64-0be6-8d0a-7024-0c6fc5cece7a
25ffcb95-46e0-186e-8117-8078a5d9e277,Timothy Sexton,1972-12-22,SYN-146-77-4580,53163,674,2026-05-18,43,0,,25ffcb95-46e0-186e-8117-8078a5d9e277
a91fa436-4049-2d7f-52cb-4025798dc128,Tiffany Davis,1978-11-01,SYN-241-70-3490,62423,708,2025-07-08,357,0,,a91fa436-4049-2d7f-52cb-4025798dc128
a495dd33-cf58-017a-fa6c-0c11d2bb0786,Vanessa Cunningham,1984-04-18,SYN-100-64-5182,51737,646,2025-03-23,464,0,,a495dd33-cf58-017a-fa6c-0c11d2bb0786
e2389eae-2781-eafc-85d4-937a7cfa8b99,James Jenkins,1983-03-31,SYN-967-70-5872,49813,786,2025-06-02,393,0,,e2389eae-2781-eafc-85d4-937a7cfa8b99
c50f3b7d-d868-db5b-62a2-9a5833b3765f,Donna Garcia,1993-01-23,SYN-365-67-5394,15000,709,2026-01-22,159,0,,c50f3b7d-d868-db5b-62a2-9a5833b3765f
02859015-cd6d-d63f-7b7c-4357d650ae88,Catherine Garcia,1974-02-24,SYN-576-11-8640,110897,806,2026-02-02,148,0,,02859015-cd6d-d63f-7b7c-4357d650ae88
1e293d8c-5d08-26b1-61b7-e0729b7267d9,Candace Mitchell,1988-11-02,SYN-156-36-2951,69645,655,2026-04-21,70,0,,1e293d8c-5d08-26b1-61b7-e0729b7267d9
0155bf1a-4ab6-ed9c-47a8-7ef271bba6b6,Jeffrey Scott,1977-09-06,SYN-397-57-8530,99713,705,2025-12-14,198,0,,0155bf1a-4ab6-ed9c-47a8-7ef271bba6b6
44a6d1ff-de9f-ec8c-0c06-e10669610d1b,Peter Williams,2008-04-07,SYN-429-76-9708,34758,637,2025-11-03,239,0,,44a6d1ff-de9f-ec8c-0c06-e10669610d1b
bf4e7b58-edf8-a590-9c46-b7df789903dd,Matthew Wells,1995-07-25,SYN-701-26-6982,21649,648,2025-04-26,430,0,,bf4e7b58-edf8-a590-9c46-b7df789903dd
36c9a60c-a5ad-47a2-2054-76046f145f3e,Matthew Peters,1997-12-02,SYN-926-31-2997,47108,686,2025-10-10,263,0,,36c9a60c-a5ad-47a2-2054-76046f145f3e
e221ca60-f134-1c8e-1533-fc008da6571d,Kimberly Elliott,1958-09-16,SYN-594-99-6297,61374,840,2025-08-25,309,0,,e221ca60-f134-1c8e-1533-fc008da6571d
8986615d-f465-17c9-c62c-fdffcfb3afa3,Stephen Spencer,1997-09-24,SYN-472-73-6766,45608,700,2025-11-13,229,0,,8986615d-f465-17c9-c62c-fdffcfb3afa3
be63a4f6-c8b9-2354-79af-2d75c48a006d,Sonya Williams,1997-02-06,SYN-378-62-3215,53576,791,2025-01-01,545,0,,be63a4f6-c8b9-2354-79af-2d75c48a006d
dd6f3151-753e-8d35-7b87-33c4e0a99e29,Tiffany Hughes,1959-01-25,SYN-193-87-7160,105960,668,2025-10-24,249,0,,dd6f3151-753e-8d35-7b87-33c4e0a99e29
fd2865e7-128c-7371-cafe-4557ea7b3415,Timothy Shannon,1987-12-16,SYN-780-18-2153,47619,737,2025-10-13,260,0,,fd2865e7-128c-7371-cafe-4557ea7b3415
fa64ee0d-e5dd-d9a8-f152-9d0bf974dc34,Richard Bond,1984-04-06,SYN-791-80-4466,54249,675,2025-03-23,464,0,,fa64ee0d-e5dd-d9a8-f152-9d0bf974dc34
fe6aa659-cb18-35f6-a11c-9f7bb5d125d9,Carla Briggs,2008-01-05,SYN-895-64-2274,81696,755,2026-05-18,43,0,,fe6aa659-cb18-35f6-a11c-9f7bb5d125d9
f4fd19f7-eafc-7e30-19a0-eb3dbb564e38,Kyle Black,1996-02-10,SYN-180-56-7591,83502,666,2025-10-03,270,0,,f4fd19f7-eafc-7e30-19a0-eb3dbb564e38
3a7a0c71-4fba-85ae-07cd-a19cdab9f5dc,Terry Scott,1980-07-19,SYN-940-31-9190,45244,703,2025-05-23,403,1,ring_0213,ring_0213
11f33003-c35f-4b24-1d34-25cd8cb5e08c,Jeremy Mitchell,1975-12-05,SYN-938-46-1832,70743,703,2025-06-28,367,0,,11f33003-c35f-4b24-1d34-25cd8cb5e08c
2b10a9b7-9649-4d5c-8383-a42876887cb5,Henry Rivera,1994-07-21,SYN-739-12-4025,56708,634,2026-05-10,51,0,,2b10a9b7-9649-4d5c-8383-a42876887cb5
81b79f25-5de6-4098-3ea4-ed390eca3aa9,Tyler Richard,1996-10-24,SYN-560-80-1461,52117,764,2025-03-06,481,0,,81b79f25-5de6-4098-3ea4-ed390eca3aa9
35c41438-8b1e-3277-3045-1e0adc2e2c63,Alexis Harris,1972-08-29,SYN-391-15-8334,20971,462,2026-01-08,173,0,,35c41438-8b1e-3277-3045-1e0adc2e2c63
2b55a8de-2aa7-1a2b-afde-cf93e000bc87,Brenda Hale,1996-07-14,SYN-127-59-5956,36345,540,2026-04-11,80,0,,2b55a8de-2aa7-1a2b-afde-cf93e000bc87
2de7bfe1-7bd4-150c-e396-142e83a89ea0,Matthew Townsend,1982-07-07,SYN-516-27-7130,38949,717,2025-09-21,282,0,,2de7bfe1-7bd4-150c-e396-142e83a89ea0
c7ad275d-cebf-8544-370b-ac5b273a6493,Richard Day,1991-01-30,SYN-420-63-6989,58874,772,2026-05-03,58,0,,c7ad275d-cebf-8544-370b-ac5b273a6493
ed2bccb2-053b-ecdc-f206-f567131dfe31,Sarah Taylor,2003-12-30,SYN-503-49-7600,50484,658,2025-08-05,329,0,,ed2bccb2-053b-ecdc-f206-f567131dfe31
3337a8a8-10fe-648c-b515-9cb5f787560b,Rhonda Chavez,1984-11-17,SYN-683-10-1151,32223,749,2025-10-21,252,0,,3337a8a8-10fe-648c-b515-9cb5f787560b
6a9ba7a2-6e80-9ac6-4094-588d35ca5f72,Kiara Santana,1969-04-29,SYN-723-47-1305,32173,664,2025-03-21,466,0,,6a9ba7a2-6e80-9ac6-4094-588d35ca5f72
f099d7c5-0726-3896-3282-bd6124a42ff9,Stephanie Cooper,1987-03-07,SYN-122-19-3463,35981,722,2025-03-17,470,0,,f099d7c5-0726-3896-3282-bd6124a42ff9
486bba7d-9ce3-a8b6-4727-9427a5e0b1f8,Christopher Thomas,1981-02-06,SYN-216-68-5664,39765,737,2025-12-31,181,0,,486bba7d-9ce3-a8b6-4727-9427a5e0b1f8
21baf6cd-97ec-aab6-d3d6-bb0741b41c1d,Evelyn Martinez,1995-09-14,SYN-494-14-7046,47145,665,2025-05-24,402,0,,21baf6cd-97ec-aab6-d3d6-bb0741b41c1d
0f57b0fd-f631-7986-b4f9-643c4e8d3a66,Samuel Henry,1987-08-13,SYN-170-51-7014,31499,682,2025-05-31,395,0,,0f57b0fd-f631-7986-b4f9-643c4e8d3a66
17413715-06a7-e1ad-c7f0-c3c0f1541432,Yolanda Garrett,1979-11-15,SYN-732-27-6737,61810,819,2026-04-17,74,0,,17413715-06a7-e1ad-c7f0-c3c0f1541432
63aacaa3-2413-0dfd-1c4b-4d341b95cfeb,Mark Madden,1983-10-12,SYN-416-35-2616,18492,631,2026-03-29,93,0,,63aacaa3-2413-0dfd-1c4b-4d341b95cfeb
8561050e-d05f-236b-6bd4-e4cbecae0824,Kenneth Murphy,1987-07-29,SYN-811-96-5335,49282,799,2025-01-31,515,0,,8561050e-d05f-236b-6bd4-e4cbecae0824
9b7e35fb-a4e8-3fda-f2f7-a7477c67ecf8,Jordan Clark,1998-08-26,SYN-952-29-7927,23745,814,2025-04-08,448,0,,9b7e35fb-a4e8-3fda-f2f7-a7477c67ecf8
60208d03-ebc9-3759-eabc-a72cf37bd724,Tracy Jones,1991-04-21,SYN-782-55-8083,15000,685,2025-07-02,363,0,,60208d03-ebc9-3759-eabc-a72cf37bd724
e80ef788-bca9-2371-3a18-0d35f22192a7,Joseph Myers,1992-01-21,SYN-903-28-4791,41357,795,2025-11-25,217,0,,e80ef788-bca9-2371-3a18-0d35f22192a7
01ddb593-a015-d91f-6db0-a47689ac6c71,Maureen Nixon,1977-06-20,SYN-436-98-6119,23350,702,2026-04-20,71,0,,01ddb593-a015-d91f-6db0-a47689ac6c71
75c980ab-71f5-a995-76d2-d858d13bd51c,Sarah Middleton,1978-05-03,SYN-511-20-8653,79604,686,2025-09-28,275,1,ring_0160,ring_0160
30513036-0748-3e5d-de07-9a13e36d3aff,Matthew Harris,1975-07-01,SYN-347-36-2148,93766,725,2026-02-25,125,0,,30513036-0748-3e5d-de07-9a13e36d3aff
250a3ce5-7d1e-27b4-b147-26a1ef6c029c,Angel Rojas,2007-12-23,SYN-734-76-5207,44560,639,2025-05-08,418,0,,250a3ce5-7d1e-27b4-b147-26a1ef6c029c
f6f492a2-8374-292f-f1ff-15808f39e46b,Jessica Fields,1993-03-29,SYN-829-67-5468,73120,665,2026-01-17,164,0,,f6f492a2-8374-292f-f1ff-15808f39e46b
424c7a20-e78b-3fcc-6f3c-5755bccde13c,Catherine Davis,2006-02-11,SYN-433-43-9500,100054,621,2026-05-23,38,0,,424c7a20-e78b-3fcc-6f3c-5755bccde13c
09a3e7f6-2012-4c37-8f20-8812cbde7ba0,Jason Chase,1984-06-02,SYN-697-29-7642,54181,595,2025-06-24,371,0,,09a3e7f6-2012-4c37-8f20-8812cbde7ba0
dbcd4486-df33-a0e8-bb34-cb8b031758a1,James Anderson,1981-06-13,SYN-693-46-6324,72093,547,2026-01-12,169,0,,dbcd4486-df33-a0e8-bb34-cb8b031758a1
e5ff1d9e-1f90-d9fe-88ef-bf3f93363f85,Kevin Huerta,1978-05-25,SYN-220-46-7483,52180,722,2025-11-01,241,0,,e5ff1d9e-1f90-d9fe-88ef-bf3f93363f85
70f1af95-8eda-3dde-7b00-fecec238334a,Ryan Santos,1977-06-01,SYN-319-99-9735,36406,607,2025-07-22,343,0,,70f1af95-8eda-3dde-7b00-fecec238334a
2ae916d2-4cfa-6505-643b-39564e8b628a,Jonathon Conley,1996-10-24,SYN-510-93-9353,88939,742,2025-05-03,423,0,,2ae916d2-4cfa-6505-643b-39564e8b628a
c05c0d10-ddb3-b70a-b2eb-2ec1df8c59f5,Bonnie Woods,1976-06-16,SYN-269-53-1143,40666,721,2025-07-14,351,0,,c05c0d10-ddb3-b70a-b2eb-2ec1df8c59f5
a9296785-6d4a-667c-935e-70ebbfb8da6e,Abigail Hart,1964-10-27,SYN-487-63-7906,51187,667,2025-04-22,434,0,,a9296785-6d4a-667c-935e-70ebbfb8da6e
7f1263ff-8233-0708-b134-e73138d4e457,Tammy Lynch,1982-01-06,SYN-279-94-7468,97139,688,2026-02-20,130,0,,7f1263ff-8233-0708-b134-e73138d4e457
c4933fa1-4f42-4410-6eea-e89c44365613,Logan Massey,1985-11-01,SYN-164-51-3124,83772,627,2025-08-18,316,0,,c4933fa1-4f42-4410-6eea-e89c44365613
b5f46fb3-b9fe-375b-d3ae-530dbb32293f,Kimberly Choi,1998-09-17,SYN-461-49-7631,46007,582,2026-01-19,162,0,,b5f46fb3-b9fe-375b-d3ae-530dbb32293f
951558a6-166b-1261-3e71-c405e7719369,Tracy Lopez,1994-07-07,SYN-302-92-3227,54269,637,2025-04-13,443,0,,951558a6-166b-1261-3e71-c405e7719369
b708f3ec-23ce-6fcd-c186-846a761d1e69,Gerald Moran,1986-11-01,SYN-446-52-7968,40180,508,2025-04-28,428,0,,b708f3ec-23ce-6fcd-c186-846a761d1e69
bd89b082-e465-f0d7-168f-934f4b247a39,Elizabeth Taylor,2000-07-01,SYN-142-53-5524,49602,642,2025-09-12,291,0,,bd89b082-e465-f0d7-168f-934f4b247a39
95149620-dd5e-0adf-e734-51bf834b9692,Jocelyn Chambers,1980-04-28,SYN-454-28-2652,64491,751,2025-03-20,467,0,,95149620-dd5e-0adf-e734-51bf834b9692
eac2d5d4-879a-b3d9-0316-92dc5aaf1b92,Abigail Acevedo,1973-10-30,SYN-892-76-3775,106739,690,2026-03-23,99,0,,eac2d5d4-879a-b3d9-0316-92dc5aaf1b92
3523bee2-ae27-852b-7359-3bdc47908cd1,Aaron Young,1989-01-23,SYN-949-80-9746,49231,645,2025-06-11,384,0,,3523bee2-ae27-852b-7359-3bdc47908cd1
0539e714-2a31-aef9-5940-4cb5d171a754,Jeremy Mosley,1975-12-02,SYN-964-80-3331,152404,668,2026-03-21,101,0,,0539e714-2a31-aef9-5940-4cb5d171a754
7a8f656d-4ed7-28ca-844c-a93f698c2ed0,Natalie Huff,1984-11-26,SYN-108-86-9901,108986,638,2026-05-15,46,0,,7a8f656d-4ed7-28ca-844c-a93f698c2ed0
edce9535-edf1-baeb-2a84-a4d8ff8b8999,Patty Allen,1982-09-08,SYN-115-53-6572,106022,617,2025-10-05,268,0,,edce9535-edf1-baeb-2a84-a4d8ff8b8999
657fe627-526a-e348-0d83-d1931c355327,Jeffrey Chavez,2002-12-21,SYN-119-73-1498,83078,710,2025-03-20,467,0,,657fe627-526a-e348-0d83-d1931c355327
212c11a2-c8c2-cb6a-a697-a693a63d5a33,Brandi Vega,1965-01-06,SYN-648-49-7737,108473,652,2025-04-06,450,0,,212c11a2-c8c2-cb6a-a697-a693a63d5a33
00046a08-7ef6-fc05-ada6-3554d0133e33,Mrs. Diane Reyes,1996-01-09,SYN-608-60-9414,18877,600,2026-05-02,59,0,,00046a08-7ef6-fc05-ada6-3554d0133e33
970bf8a8-8ee2-f350-d7ae-4f5942a3fa5b,Jacqueline Kennedy,1977-02-09,SYN-550-86-1285,43429,732,2025-11-09,233,0,,970bf8a8-8ee2-f350-d7ae-4f5942a3fa5b
804f9293-c7de-ccf1-6d78-ba1d76ab43e1,Steve Brewer,1991-01-03,SYN-888-62-1872,29993,655,2025-02-17,498,0,,804f9293-c7de-ccf1-6d78-ba1d76ab43e1
0e05cb15-c567-e9fd-c65b-c2fb3cb9709a,Darren Thompson,1980-08-11,SYN-212-60-6959,60878,607,2025-02-26,489,0,,0e05cb15-c567-e9fd-c65b-c2fb3cb9709a
38767ff8-2ec9-2b85-fb53-9a898c405e97,Jessica Gibson,1989-12-08,SYN-591-14-1605,28059,521,2026-01-11,170,0,,38767ff8-2ec9-2b85-fb53-9a898c405e97
d219499f-706c-8775-dc4f-3d6212014420,Carrie Valdez,1992-12-10,SYN-771-82-1343,76796,687,2025-07-03,362,0,,d219499f-706c-8775-dc4f-3d6212014420
390ce683-bb55-d286-3f07-60f66e5b18f2,Michelle Clark,1993-04-19,SYN-238-11-5638,70247,811,2026-04-13,78,0,,390ce683-bb55-d286-3f07-60f66e5b18f2
d62ec5fa-2a29-2016-b07c-94097926ec70,Sara Hernandez,2007-09-14,SYN-488-96-5673,45682,656,2025-08-06,328,0,,d62ec5fa-2a29-2016-b07c-94097926ec70
28880948-9089-eaff-f8b6-65b6b847545c,Sean Kaiser,1993-11-24,SYN-482-43-5354,65502,668,2025-12-14,198,0,,28880948-9089-eaff-f8b6-65b6b847545c
5da61973-7b87-e42c-0015-db27c5fe8846,Scott Greene,1993-07-25,SYN-990-24-8028,32629,611,2025-11-22,220,0,,5da61973-7b87-e42c-0015-db27c5fe8846
616ea2a5-2466-5af0-59df-53b08e0314d6,Dr. Teresa Ortega MD,1996-04-18,SYN-825-85-4963,42444,676,2025-10-07,266,0,,616ea2a5-2466-5af0-59df-53b08e0314d6
dcbc5137-d688-0fba-b2d9-3ff1e5700bb2,Kendra Smith,1981-04-20,SYN-656-31-4340,48714,677,2025-12-25,187,0,,dcbc5137-d688-0fba-b2d9-3ff1e5700bb2
75330757-6be3-deb5-5846-969dd77b36c5,Joanna Adkins,1995-07-20,SYN-776-38-9121,45231,626,2025-12-31,181,0,,75330757-6be3-deb5-5846-969dd77b36c5
147a8058-8a29-2773-7bb5-7e4114adf596,Matthew Sanchez,2003-02-22,SYN-251-81-6548,68394,644,2025-01-10,536,1,ring_0163,ring_0163
d59f9945-4265-5856-5797-1a55f9804b73,Shawn Harris,1964-11-30,SYN-136-10-7234,46794,691,2025-09-21,282,0,,d59f9945-4265-5856-5797-1a55f9804b73
c14f11eb-712a-9e78-0597-8e345924cd7d,Theresa Wilson,1993-04-03,SYN-245-88-8789,126714,760,2025-05-09,417,0,,c14f11eb-712a-9e78-0597-8e345924cd7d
bed7d3de-ede7-7144-5985-755ef93eb05f,Maureen Carter,1977-11-06,SYN-189-12-2295,53076,732,2026-04-21,70,0,,bed7d3de-ede7-7144-5985-755ef93eb05f
49014dc0-0809-47f2-4b03-30440ef38fec,Lori Davis,1988-05-07,SYN-755-79-7977,62459,751,2026-01-02,179,0,,49014dc0-0809-47f2-4b03-30440ef38fec
0150ed5e-d880-d7c4-bfdf-1d4b45559feb,Tamara Mcdonald,1987-12-29,SYN-687-15-6713,130914,602,2025-10-23,250,0,,0150ed5e-d880-d7c4-bfdf-1d4b45559feb
962b2c40-b186-6b8d-8806-3d692acbc388,Joshua Smith,1971-10-26,SYN-544-27-3026,67428,526,2026-05-09,52,0,,962b2c40-b186-6b8d-8806-3d692acbc388
9e5b20d0-0b54-80eb-64fc-280346c8d57d,Karen Hicks,1991-08-22,SYN-754-31-5530,94077,719,2026-01-14,167,0,,9e5b20d0-0b54-80eb-64fc-280346c8d57d
91176834-0554-d3e8-0788-d80e9df3159e,Stephen Parks,1982-06-07,SYN-221-43-4579,43648,698,2025-04-05,451,0,,91176834-0554-d3e8-0788-d80e9df3159e
15c624bb-07c7-9905-cfc6-820b1a587733,Ellen Morgan,1998-08-23,SYN-476-13-4997,96310,647,2025-11-09,233,0,,15c624bb-07c7-9905-cfc6-820b1a587733
28e9aac8-ca02-99f8-f223-6a01852d09af,Zachary Simpson,1974-02-19,SYN-488-37-3307,80362,589,2025-06-30,365,0,,28e9aac8-ca02-99f8-f223-6a01852d09af
5d61a38c-77af-7883-3ad6-8c8f7c4b232c,Sheila Stephens,1993-12-07,SYN-229-57-7350,64662,716,2026-05-21,40,0,,5d61a38c-77af-7883-3ad6-8c8f7c4b232c
a56d6116-4aaa-1eae-e152-1862a0c936d1,Riley Davenport,1989-09-11,SYN-912-82-4379,54803,618,2025-04-20,436,0,,a56d6116-4aaa-1eae-e152-1862a0c936d1
2729a54a-5f95-0615-384b-f98a8408d60c,Gail Vasquez,1988-06-12,SYN-975-51-8435,36824,696,2025-06-13,382,0,,2729a54a-5f95-0615-384b-f98a8408d60c
495ceaf6-b238-52f0-abf0-7ca7c0804a9d,Casey Terrell,1967-02-12,SYN-113-95-5099,25278,729,2026-05-31,30,0,,495ceaf6-b238-52f0-abf0-7ca7c0804a9d
15baf2f3-5045-c64e-2456-1fa0acb66a10,Cheyenne Horton,1972-03-19,SYN-567-45-4963,16332,682,2026-02-24,126,0,,15baf2f3-5045-c64e-2456-1fa0acb66a10
7a5e3823-731d-6f64-5d97-b491caf45dfa,Michael Wilson,1994-10-30,SYN-834-57-3578,47873,706,2025-04-08,448,0,,7a5e3823-731d-6f64-5d97-b491caf45dfa
2213d921-7ce9-d4f6-3cc9-7686819e0f99,Roger Holmes,1994-09-07,SYN-812-43-2797,67253,713,2026-06-05,25,0,,2213d921-7ce9-d4f6-3cc9-7686819e0f99
682e5d86-2a52-9243-33e9-cba2e291ca70,Larry Benson,1969-02-10,SYN-945-72-4701,56766,627,2025-11-27,215,0,,682e5d86-2a52-9243-33e9-cba2e291ca70
2cbc6053-745b-4984-7a8a-8baef94b3b42,Jennifer Jones,1985-04-28,SYN-762-23-2090,38537,721,2025-06-13,382,0,,2cbc6053-745b-4984-7a8a-8baef94b3b42
2b7d912c-167c-7f4f-ee0f-c1aa20c85faf,Diana Myers,1987-04-08,SYN-497-82-4686,24673,687,2025-07-18,347,0,,2b7d912c-167c-7f4f-ee0f-c1aa20c85faf
ce53c268-7c1b-d93d-41a9-e78bdf46c153,Douglas Trevino,1996-04-12,SYN-473-40-2036,83370,653,2025-11-10,232,0,,ce53c268-7c1b-d93d-41a9-e78bdf46c153
47668930-b7c1-0efe-af55-3bd0fe83047b,Kimberly Molina,1993-05-30,SYN-725-79-5906,98956,737,2025-02-12,503,1,ring_0062,ring_0062
13dcffa5-a5c4-8509-a30a-931b8821dbca,Victoria Smith,1964-03-25,SYN-535-83-4915,88498,652,2026-04-25,66,0,,13dcffa5-a5c4-8509-a30a-931b8821dbca
afa1761f-aec8-e36a-632d-96347af46395,James Hood,1990-07-01,SYN-345-84-1664,54945,671,2025-02-27,488,0,,afa1761f-aec8-e36a-632d-96347af46395
7b57b95f-eee5-b7a6-42d0-932ef1b69724,Lori Hernandez,1976-10-18,SYN-385-11-5780,41482,626,2025-06-24,371,0,,7b57b95f-eee5-b7a6-42d0-932ef1b69724
17de87d3-e09f-5b4d-0d50-d58db533d150,Margaret Hawkins DDS,1992-05-30,SYN-206-35-3194,59063,668,2025-07-18,347,0,,17de87d3-e09f-5b4d-0d50-d58db533d150
edcfc691-d151-e1f9-2dbf-c1b5f2c94e9c,Susan Figueroa,1998-12-07,SYN-680-55-8128,16205,684,2025-05-19,407,0,,edcfc691-d151-e1f9-2dbf-c1b5f2c94e9c
641fa3bb-cb41-f06f-a322-bd5bb859e629,Kyle Keller,1992-04-21,SYN-169-34-9914,100545,681,2025-09-03,300,0,,641fa3bb-cb41-f06f-a322-bd5bb859e629
fbcc56a6-cc6e-6849-b4eb-1b742c72a472,Roger Morales,1983-10-31,SYN-336-23-8106,63790,715,2025-02-04,511,1,ring_0129,ring_0129
a049d2a6-b7ae-84ac-2563-9f98c284eea3,Jessica Carney,1967-09-14,SYN-423-94-4671,118502,759,2026-06-30,0,0,,a049d2a6-b7ae-84ac-2563-9f98c284eea3
b6c9df87-7985-2150-8a35-4f85a291c9e6,Daniel Guerrero,1996-12-20,SYN-202-43-8546,85551,628,2025-06-27,368,0,,b6c9df87-7985-2150-8a35-4f85a291c9e6
bd18004c-c23c-acda-21f2-1c7bafbc31c5,Sherry Decker,1981-03-14,SYN-964-86-5403,110749,720,2025-05-09,417,0,,bd18004c-c23c-acda-21f2-1c7bafbc31c5
b51aac70-e664-ed12-64f3-d4760f94e5ac,Julie Johnson,1982-12-08,SYN-990-66-8181,81806,690,2025-05-17,409,0,,b51aac70-e664-ed12-64f3-d4760f94e5ac
b13b257d-5506-2b87-712f-1e5330955c8e,Paul Wilson,1980-12-16,SYN-172-71-9231,118838,686,2025-04-01,455,0,,b13b257d-5506-2b87-712f-1e5330955c8e
d7209710-ecb6-7a6f-3bea-52940c216087,Ashley Banks,1986-06-02,SYN-652-66-6992,39402,600,2026-01-16,165,0,,d7209710-ecb6-7a6f-3bea-52940c216087
fd5ab2ab-deac-8838-c1ef-e8e5b331b199,Timothy Walker,1984-01-15,SYN-517-33-2630,86289,655,2026-06-11,19,0,,fd5ab2ab-deac-8838-c1ef-e8e5b331b199
aeb335f0-abbb-7332-fd02-29be850b6288,Alyssa Powers,1992-08-13,SYN-503-32-3721,45986,759,2025-04-22,434,0,,aeb335f0-abbb-7332-fd02-29be850b6288
a747a4be-0683-e9fe-a8bf-cff44b5ce26e,Teresa Jones,2002-07-08,SYN-174-45-6008,81827,745,2025-11-08,234,0,,a747a4be-0683-e9fe-a8bf-cff44b5ce26e
26a0d019-9d5d-9c2d-dcab-678876ce93a6,Holly Sherman,2003-02-14,SYN-847-35-8185,167728,676,2026-01-23,158,0,,26a0d019-9d5d-9c2d-dcab-678876ce93a6
89306e44-9641-2f80-55ee-6844e28ce29e,Tracy Chavez,1993-09-26,SYN-488-97-3375,25245,595,2025-08-30,304,0,,89306e44-9641-2f80-55ee-6844e28ce29e
78c18360-b0f2-0477-6d49-0f6dadc713f5,Robert Waller,1984-12-01,SYN-272-22-3468,72081,721,2026-05-28,33,0,,78c18360-b0f2-0477-6d49-0f6dadc713f5
bf61a667-79b2-9bc9-3fae-780228e527e4,Katherine Lopez,1988-03-01,SYN-932-74-1323,89629,699,2026-01-08,173,0,,bf61a667-79b2-9bc9-3fae-780228e527e4
517fe025-a7f8-56f8-d71d-baf0e8c060c4,Kristen Montoya,1979-11-13,SYN-946-53-5232,20648,805,2025-09-23,280,0,,517fe025-a7f8-56f8-d71d-baf0e8c060c4
250bf6b4-e369-69fe-29ad-facad8d06565,Eric Adkins,2008-01-24,SYN-953-13-9602,42955,660,2026-02-11,139,0,,250bf6b4-e369-69fe-29ad-facad8d06565
e9cf2f64-2af7-b459-0760-108b1c5aaec6,Mallory Collins,1995-05-31,SYN-407-35-5331,57312,631,2026-03-20,102,0,,e9cf2f64-2af7-b459-0760-108b1c5aaec6
3039fd00-6052-fe42-2baf-4dfaa1561af1,Lee Steele,1977-11-02,SYN-322-18-8105,113484,678,2025-06-10,385,0,,3039fd00-6052-fe42-2baf-4dfaa1561af1
e56237a3-2d2a-7956-7e41-8f6209edd273,Jeffrey Kennedy,1985-04-02,SYN-836-30-8640,49644,558,2025-06-20,375,0,,e56237a3-2d2a-7956-7e41-8f6209edd273
aa3fcbf7-ece2-4958-d29c-2502978c63bd,Ashley Jackson,1974-07-23,SYN-412-92-2871,93524,565,2026-02-08,142,0,,aa3fcbf7-ece2-4958-d29c-2502978c63bd
b34ea85d-3002-ae26-6808-640ecbb2b001,Jason Bell,1983-01-14,SYN-315-70-8913,68108,726,2025-01-28,518,0,,b34ea85d-3002-ae26-6808-640ecbb2b001
5eee71c8-ea68-9b09-0982-47bd616996ec,Joel Gonzales,1997-09-08,SYN-717-92-4071,66744,693,2025-01-13,533,0,,5eee71c8-ea68-9b09-0982-47bd616996ec
6a72a8f5-4d19-e1b1-9838-f2cc92809451,John Estrada,1981-03-01,SYN-941-87-4123,32419,769,2025-06-18,377,0,,6a72a8f5-4d19-e1b1-9838-f2cc92809451
5be15ef0-cb9b-48ce-9605-2496c2080388,Cynthia Tucker,1971-07-30,SYN-184-53-5039,31874,705,2026-01-01,180,0,,5be15ef0-cb9b-48ce-9605-2496c2080388
857a2f6f-dfea-1a23-d5e2-b79e5c099fb1,Debra Guerrero,1979-04-03,SYN-687-68-9420,50013,552,2026-04-15,76,1,ring_0116,ring_0116
538b3f43-3185-795c-12f9-f72b44de90df,Cory Parsons,1992-01-11,SYN-803-94-6805,86192,741,2026-05-13,48,0,,538b3f43-3185-795c-12f9-f72b44de90df
da6a5542-779c-efed-e700-63420910255d,Laura Jackson,2005-03-30,SYN-257-93-9394,37178,686,2025-07-01,364,0,,da6a5542-779c-efed-e700-63420910255d
af7739cf-e7d2-1367-53de-9098b9641e55,Joseph Lopez,1982-11-14,SYN-928-93-2069,116816,717,2026-03-08,114,0,,af7739cf-e7d2-1367-53de-9098b9641e55
007b48d5-56c1-473f-90d9-66ac34d5f7f9,Donald Hopkins,2000-08-23,SYN-960-57-9108,40318,791,2025-05-18,408,1,ring_0162,ring_0162
f86cc3f2-0795-df0f-8e8b-e5ce338f2400,Ronald Hines,1973-05-16,SYN-771-25-4933,90852,639,2025-08-15,319,0,,f86cc3f2-0795-df0f-8e8b-e5ce338f2400
f1ab3a77-09a2-d27e-5448-13066f784287,Katie Alvarez,1973-07-01,SYN-928-68-9809,45115,735,2025-08-25,309,0,,f1ab3a77-09a2-d27e-5448-13066f784287
94017069-74a6-fd06-8c02-1294a964c8c3,Claire Mcintosh,1996-04-09,SYN-511-37-8977,72863,732,2026-03-05,117,0,,94017069-74a6-fd06-8c02-1294a964c8c3
94f8f5a8-fd68-d37e-b22f-19ccfb4fa209,Jennifer Ferguson,1999-02-21,SYN-356-93-9145,110930,630,2025-08-02,332,0,,94f8f5a8-fd68-d37e-b22f-19ccfb4fa209
09cf7e00-c33e-880d-d48d-1fc6ffd01a15,David Hall,1988-01-20,SYN-194-64-1111,39227,597,2026-03-04,118,0,,09cf7e00-c33e-880d-d48d-1fc6ffd01a15
2a260be9-08f7-8379-5baa-da42d4a3375f,Kelsey Lynch,1967-03-05,SYN-872-79-5287,58658,704,2026-05-02,59,0,,2a260be9-08f7-8379-5baa-da42d4a3375f
e1b391db-c9c9-25bf-dd93-f798f835ca10,Kyle Johnson,1981-07-30,SYN-389-57-8985,69257,667,2025-12-20,192,0,,e1b391db-c9c9-25bf-dd93-f798f835ca10
1f5a617d-dee4-febf-8ba4-56589000ca61,Mark Beard,1980-08-16,SYN-322-34-2398,33563,690,2025-01-18,528,0,,1f5a617d-dee4-febf-8ba4-56589000ca61
4115308b-2205-27ae-e93c-a5c1e03b3c7c,Nicolas Salas,1982-05-27,SYN-706-90-7384,36561,737,2025-11-02,240,0,,4115308b-2205-27ae-e93c-a5c1e03b3c7c
58e5d836-fb77-4272-fa90-9f74b29cd36f,Andrew Rodriguez,1998-03-15,SYN-199-96-2421,30779,648,2026-04-17,74,1,ring_0182,ring_0182
e0300e71-0060-5285-a4a0-61994563cca4,Shannon Miller,1988-02-19,SYN-882-38-8843,17753,717,2025-11-20,222,0,,e0300e71-0060-5285-a4a0-61994563cca4
8280fbe7-49e4-7721-a226-2ef303948b9b,Matthew Davis MD,2003-06-09,SYN-111-10-9329,98697,668,2025-03-14,473,0,,8280fbe7-49e4-7721-a226-2ef303948b9b
138cefe5-bee1-36b0-5490-4187d63dfdc1,Michael Phillips,1980-03-26,SYN-188-78-2451,106682,745,2025-11-14,228,0,,138cefe5-bee1-36b0-5490-4187d63dfdc1
8a827f91-07c2-b88d-ed29-e57cdc1c76eb,Elizabeth Wall,1981-09-21,SYN-720-36-6408,133513,557,2026-02-03,147,0,,8a827f91-07c2-b88d-ed29-e57cdc1c76eb
8b7535b3-c574-57ef-c975-c2e01ee5f0b9,Taylor Andersen,1990-07-22,SYN-286-95-6840,41534,699,2026-03-09,113,0,,8b7535b3-c574-57ef-c975-c2e01ee5f0b9
3e5756b5-5751-b355-95f5-15a692c98cba,Alexander Webb,1976-09-04,SYN-495-30-1875,43680,770,2025-05-30,396,0,,3e5756b5-5751-b355-95f5-15a692c98cba
54e210bc-01d8-fd48-75fe-e01bc49e1d95,Debbie Carrillo,1977-12-13,SYN-571-43-9076,66352,727,2026-06-06,24,0,,54e210bc-01d8-fd48-75fe-e01bc49e1d95
4610e781-ddbc-1b7d-c3e4-87a3a520a0b3,Kelly Mclaughlin,1973-06-29,SYN-560-47-2850,47052,656,2025-12-22,190,0,,4610e781-ddbc-1b7d-c3e4-87a3a520a0b3
f66fec0b-c9e3-fc12-3f90-a5177c0ec530,Michael Rodriguez,1995-12-23,SYN-823-92-1714,30333,635,2025-04-20,436,0,,f66fec0b-c9e3-fc12-3f90-a5177c0ec530
6c612d87-60e0-e465-b776-7047ef0fff9c,Jason Foster,1967-03-16,SYN-876-77-7548,97251,679,2025-06-29,366,0,,6c612d87-60e0-e465-b776-7047ef0fff9c
5c58a638-3bb7-34fb-1b10-18c29d01d36a,Virginia Johns,1990-11-23,SYN-959-92-8705,163679,611,2026-01-26,155,0,,5c58a638-3bb7-34fb-1b10-18c29d01d36a
c22a8a44-22ad-f5c3-7c38-b0d7f37268fb,Angela Ryan,1996-08-21,SYN-645-56-3281,42446,599,2026-06-01,29,0,,c22a8a44-22ad-f5c3-7c38-b0d7f37268fb
b5b742b6-853f-d74b-60b8-34f4ad013b10,Angela Parks,1990-11-08,SYN-760-64-8588,62712,760,2026-04-29,62,0,,b5b742b6-853f-d74b-60b8-34f4ad013b10
ff072d90-7f18-1687-2de6-604e85872889,Justin Smith,1966-08-13,SYN-534-34-1109,109660,722,2025-12-01,211,0,,ff072d90-7f18-1687-2de6-604e85872889
6c953184-0d30-ec4a-3454-0127ce78f472,Makayla Friedman,2008-04-11,SYN-220-54-4679,88556,629,2025-01-25,521,0,,6c953184-0d30-ec4a-3454-0127ce78f472
2e962214-a047-feea-d45c-2e09a3ad2968,Michael Abbott,1970-01-15,SYN-177-81-6707,57444,715,2025-07-08,357,0,,2e962214-a047-feea-d45c-2e09a3ad2968
dc4221ca-a65d-d47f-9429-e9b683767c0a,Jerry Walsh,1994-02-05,SYN-265-33-7538,55839,654,2025-11-10,232,0,,dc4221ca-a65d-d47f-9429-e9b683767c0a
20732f3e-5445-5a00-96f4-4c4bed6a71f7,Anthony Carlson,1989-09-14,SYN-828-14-4911,34141,588,2025-09-05,298,0,,20732f3e-5445-5a00-96f4-4c4bed6a71f7
540a30ad-8a04-ef20-6210-fde972c39f96,Guy Reynolds,1982-06-26,SYN-326-81-6637,55896,629,2025-05-01,425,0,,540a30ad-8a04-ef20-6210-fde972c39f96
75c50ad0-ee1b-a369-abf1-0acf7091e7d6,Nicole Gutierrez,1996-11-09,SYN-112-90-4492,46613,604,2025-01-01,545,0,,75c50ad0-ee1b-a369-abf1-0acf7091e7d6
24bc0593-bc19-2606-34f6-c786797bbc14,Christian Rowe,1988-07-26,SYN-988-38-4091,105758,770,2025-02-11,504,0,,24bc0593-bc19-2606-34f6-c786797bbc14
9cc6a8f7-d4f8-2b41-dddd-ee77c00ab8fc,Deborah Stewart,1992-10-31,SYN-900-40-8502,49382,580,2025-06-26,369,0,,9cc6a8f7-d4f8-2b41-dddd-ee77c00ab8fc
75844a1d-a88d-58e1-c504-0462c58cda1e,Craig Beard,1991-04-29,SYN-462-97-4878,41698,711,2025-04-18,438,0,,75844a1d-a88d-58e1-c504-0462c58cda1e
44dddfa9-a92e-129c-a399-99f0ad43a503,Tammy Mcdaniel,1992-12-26,SYN-805-81-5375,97174,667,2025-10-23,250,0,,44dddfa9-a92e-129c-a399-99f0ad43a503
b3779fc9-0573-f1fe-7dc0-def935d87442,Kevin Stokes,1976-02-19,SYN-288-65-5662,85549,731,2026-03-18,104,0,,b3779fc9-0573-f1fe-7dc0-def935d87442
27c1fde7-d3b7-9bae-8082-7936539c7a02,Angela Jackson,1991-05-05,SYN-347-63-4054,107686,682,2025-11-19,223,0,,27c1fde7-d3b7-9bae-8082-7936539c7a02
46d8b929-9e29-72e3-ef77-0427260eb15e,Matthew Garza,1988-06-28,SYN-639-59-2784,57620,674,2026-02-12,138,0,,46d8b929-9e29-72e3-ef77-0427260eb15e
87733c04-88f5-825e-7d14-a8168b71f5d7,Jimmy Ritter,1977-11-12,SYN-722-60-7741,69934,496,2026-05-04,57,0,,87733c04-88f5-825e-7d14-a8168b71f5d7
a562b93b-d978-2e7f-c236-6668cbc3c8ae,Martha Franco,1985-12-10,SYN-849-32-2282,81571,721,2025-05-19,407,1,ring_0013,ring_0013
90de885e-f9cf-c5fa-f99a-39740c82bdca,Shelly Rodgers,1985-10-17,SYN-922-61-9643,74302,735,2026-06-24,6,0,,90de885e-f9cf-c5fa-f99a-39740c82bdca
e3cc4013-0006-6518-3d3f-f5f11bc31f0d,Alejandra Thomas,1984-01-04,SYN-840-52-3425,38151,630,2025-08-05,329,0,,e3cc4013-0006-6518-3d3f-f5f11bc31f0d
abc1a768-7e1d-31ae-6a99-e683a03c3dfa,Chris Morris,1966-01-01,SYN-324-70-4259,129925,688,2025-06-21,374,0,,abc1a768-7e1d-31ae-6a99-e683a03c3dfa
956e86f5-c753-2626-9bc6-d76340c993d7,Bernard Hicks,1989-12-24,SYN-433-38-9471,60812,751,2026-01-23,158,0,,956e86f5-c753-2626-9bc6-d76340c993d7
3719b370-9c02-0692-bc6b-c058bb1dcd50,Andrew Gonzalez,2001-05-28,SYN-853-40-2450,38045,655,2026-04-15,76,0,,3719b370-9c02-0692-bc6b-c058bb1dcd50
a42ebf5f-18ee-c502-4db9-69a647b4927d,Matthew Murphy,1980-09-11,SYN-824-48-1258,36709,670,2025-01-08,538,0,,a42ebf5f-18ee-c502-4db9-69a647b4927d
1cd69e98-c7c6-03a6-a764-5b371ee2c811,Emily Arnold,1991-03-14,SYN-216-70-2749,42738,597,2025-06-30,365,0,,1cd69e98-c7c6-03a6-a764-5b371ee2c811
e46760fe-b53f-97f5-2773-4beb59481b83,Melissa Warner,1985-07-26,SYN-213-90-6552,22108,607,2025-07-06,359,0,,e46760fe-b53f-97f5-2773-4beb59481b83
2a38ea9c-8075-334d-c5f9-a97ccc32eb7d,Hannah Montoya,1990-07-08,SYN-843-34-3752,58665,658,2026-03-11,111,0,,2a38ea9c-8075-334d-c5f9-a97ccc32eb7d
2e55bd71-4f81-35b2-3844-0d938bb8575d,Ashlee Mendez,1986-03-24,SYN-540-26-9084,20633,619,2025-11-24,218,0,,2e55bd71-4f81-35b2-3844-0d938bb8575d
369adbe0-c4bd-7eb7-d9a9-f492d209524e,Martin Fitzpatrick,1983-12-29,SYN-511-98-2480,36074,827,2026-06-26,4,0,,369adbe0-c4bd-7eb7-d9a9-f492d209524e
1563ce77-af4f-738f-1041-b2f61549b334,William Graham,2001-08-08,SYN-443-99-6939,48259,668,2025-07-10,355,0,,1563ce77-af4f-738f-1041-b2f61549b334
3f3eee8d-0066-d3df-28a8-b107296e5061,Cameron Fisher,1984-05-28,SYN-101-38-9238,28768,673,2025-07-23,342,0,,3f3eee8d-0066-d3df-28a8-b107296e5061
ca564a63-5c94-c99a-8909-f301c6424e79,Karen Gomez,1991-05-02,SYN-577-64-7007,41078,734,2026-02-19,131,0,,ca564a63-5c94-c99a-8909-f301c6424e79
31828a9c-39a0-9854-9fe2-2f9b82d19913,Ralph Brown,1985-01-07,SYN-192-66-9601,17742,574,2026-06-11,19,1,ring_0197,ring_0197
f80c083f-6ba9-d1ae-f287-0075ef731495,Darryl Richardson,1980-06-26,SYN-654-10-9144,68022,758,2026-06-06,24,0,,f80c083f-6ba9-d1ae-f287-0075ef731495
f9b399c5-2a3e-9974-213d-c91c0dc421b1,Nathan Nelson,1985-02-01,SYN-343-12-7996,22434,714,2025-02-23,492,0,,f9b399c5-2a3e-9974-213d-c91c0dc421b1
bed8c270-6fc8-49ec-a82d-627649636eff,Ian Harrell,2003-05-31,SYN-290-38-4454,42185,668,2025-10-16,257,0,,bed8c270-6fc8-49ec-a82d-627649636eff
7a31ac07-bc5b-1df5-ba54-f69d5779c232,Thomas Romero,1969-07-21,SYN-927-64-1116,88382,585,2025-06-20,375,0,,7a31ac07-bc5b-1df5-ba54-f69d5779c232
b34b7ff8-c303-1009-6e30-f01d3e480735,Jeremy Chavez,1986-12-26,SYN-409-51-7155,100263,643,2025-08-15,319,0,,b34b7ff8-c303-1009-6e30-f01d3e480735
fc31a522-263d-3ed1-e14a-2e8f3f081928,Amy Webb,1979-05-13,SYN-257-15-4897,29613,599,2025-02-18,497,0,,fc31a522-263d-3ed1-e14a-2e8f3f081928
46646fec-b108-ab25-fbf4-0eeb1d7d6f25,Dillon Travis,1976-08-16,SYN-588-54-8023,27455,600,2025-09-27,276,0,,46646fec-b108-ab25-fbf4-0eeb1d7d6f25
b4a99fe6-b81a-db61-e9d2-feee35f0f607,Natalie Burns,1964-12-16,SYN-429-25-5346,36320,605,2026-01-08,173,0,,b4a99fe6-b81a-db61-e9d2-feee35f0f607
7eea09af-e44e-893c-8d98-c12eb5467e48,Karen White,1995-07-21,SYN-439-36-8358,120386,770,2025-01-09,537,1,ring_0008,ring_0008
8c31fd4b-adbb-2fef-875c-a309fc6c468b,Steven Boyd,1994-12-09,SYN-242-47-9898,18156,691,2026-05-15,46,0,,8c31fd4b-adbb-2fef-875c-a309fc6c468b
16c903ad-499a-7076-2f38-0a3def3f6345,Brittney Hernandez,1970-01-31,SYN-295-20-2133,45214,792,2025-01-29,517,0,,16c903ad-499a-7076-2f38-0a3def3f6345
ed9ae3fd-344d-18e4-0598-d9da7d214a59,Karen Goodman,1998-08-01,SYN-864-91-3728,25431,673,2026-03-26,96,0,,ed9ae3fd-344d-18e4-0598-d9da7d214a59
9cb4280f-1ec2-e839-1aac-a25f71915908,Katherine Greene,1992-03-08,SYN-293-48-9276,140392,691,2026-04-25,66,0,,9cb4280f-1ec2-e839-1aac-a25f71915908
bb1efa73-3ac9-cb01-a2e3-71e86472459b,Andre Mckinney,1976-10-19,SYN-503-72-9254,92515,723,2025-04-07,449,1,ring_0001,ring_0001
f4cea453-759a-faeb-5dae-65ee753b05af,Anthony Davis,1983-04-24,SYN-312-62-9475,37445,799,2026-04-20,71,1,ring_0072,ring_0072
3c03a95b-4a75-3b6b-5144-7bf8a0f6c17d,Richard Turner,1975-06-30,SYN-530-77-5631,70120,618,2025-07-03,362,0,,3c03a95b-4a75-3b6b-5144-7bf8a0f6c17d
0961be4b-c3f4-4ea1-fa5a-9a79b6f616a0,Belinda Evans,1990-03-03,SYN-611-33-4376,49025,734,2025-01-15,531,0,,0961be4b-c3f4-4ea1-fa5a-9a79b6f616a0
c492419b-241f-2d47-cea7-898da6436a6d,Alexander Munoz,1981-04-13,SYN-577-19-5266,76031,707,2026-04-14,77,0,,c492419b-241f-2d47-cea7-898da6436a6d
52962490-a738-3f33-3ab1-e0b6ffc416ae,Matthew Moore,1975-01-09,SYN-707-43-3371,43551,687,2025-06-14,381,0,,52962490-a738-3f33-3ab1-e0b6ffc416ae
aa8b2b19-533b-81f7-7480-21c5b19c1909,Lauren Higgins,2002-11-10,SYN-788-43-5306,67374,534,2026-04-17,74,0,,aa8b2b19-533b-81f7-7480-21c5b19c1909
b9522770-4a6e-6956-8eef-48412798bf42,Natalie Malone,2008-03-03,SYN-767-37-3944,106315,525,2025-02-19,496,0,,b9522770-4a6e-6956-8eef-48412798bf42
79fe5ec8-114d-2477-df19-968ba19a03d8,Michele Cherry,1992-12-16,SYN-408-93-6781,27893,692,2025-05-14,412,0,,79fe5ec8-114d-2477-df19-968ba19a03d8
d5989bd6-d228-52f0-cdeb-0de3c0e805a0,Karen Keith,1972-12-15,SYN-738-10-7283,51010,756,2025-07-27,338,0,,d5989bd6-d228-52f0-cdeb-0de3c0e805a0
ec2ab75b-0ad3-839d-7fa8-a7f95b8aff66,Joseph Cook,1989-08-08,SYN-392-38-6247,67006,587,2025-08-23,311,0,,ec2ab75b-0ad3-839d-7fa8-a7f95b8aff66
c6654bcf-18af-7b66-b752-183c3c790566,Erin Stewart,1984-11-11,SYN-240-37-9849,29499,673,2025-08-07,327,0,,c6654bcf-18af-7b66-b752-183c3c790566
95821934-0289-f947-de2b-37ae17fa875c,Kari Jones,1991-07-12,SYN-788-67-6284,15504,682,2025-01-27,519,0,,95821934-0289-f947-de2b-37ae17fa875c
c65bf2c5-94d2-97da-350e-af4a21f7e218,Jacob Brewer,1982-06-21,SYN-220-40-5180,28107,754,2026-06-14,16,0,,c65bf2c5-94d2-97da-350e-af4a21f7e218
c9d48096-4472-1016-64b4-47ad8440e019,Sarah Brooks,1986-03-01,SYN-627-31-5613,77405,607,2025-03-22,465,0,,c9d48096-4472-1016-64b4-47ad8440e019
2aceff5f-b7a5-9f5d-c032-efc0dfc1b2aa,Laura Andrews,2008-04-26,SYN-288-12-8913,68519,674,2026-05-30,31,0,,2aceff5f-b7a5-9f5d-c032-efc0dfc1b2aa
e0d40ad5-252a-c726-50e0-c65caaf3fd77,Samantha Soto,1982-07-16,SYN-925-44-5161,105366,850,2025-10-15,258,0,,e0d40ad5-252a-c726-50e0-c65caaf3fd77
76cb7857-d3d1-f253-0c1a-b45307a1f816,Tammie Bright,1982-04-20,SYN-281-36-7809,55801,529,2025-07-26,339,0,,76cb7857-d3d1-f253-0c1a-b45307a1f816
b98fc62e-2976-f412-22ff-2bc4f3535bf5,Andre Watson,1997-02-27,SYN-423-73-6612,43237,802,2025-07-29,336,0,,b98fc62e-2976-f412-22ff-2bc4f3535bf5
f8239402-4521-7eca-fdc0-fd2dad2f1131,Robert Clarke,1974-12-31,SYN-702-18-8902,23879,850,2025-11-05,237,0,,f8239402-4521-7eca-fdc0-fd2dad2f1131
a7e3db46-8706-0315-f238-b9e2c0ec996e,Courtney Chapman,1976-03-03,SYN-606-45-9378,75829,764,2025-03-19,468,0,,a7e3db46-8706-0315-f238-b9e2c0ec996e
38c0a673-1d7e-5158-444d-f521e573423b,Julie Daniels,1982-01-24,SYN-980-49-5974,54677,596,2025-05-06,420,0,,38c0a673-1d7e-5158-444d-f521e573423b
2a3d99dd-3483-6d95-d9ce-aa1aba2802c4,Jill Powers,1973-01-29,SYN-924-53-1764,75609,536,2025-08-04,330,0,,2a3d99dd-3483-6d95-d9ce-aa1aba2802c4
85737fd0-4661-42d8-eae7-a868c5004130,Jose Gross,1997-09-12,SYN-157-95-3832,71733,661,2025-09-24,279,0,,85737fd0-4661-42d8-eae7-a868c5004130
59d38a57-7410-94c2-a9a0-f25614fab5bc,Elizabeth Mendez,1983-03-31,SYN-507-47-8709,33055,711,2026-04-23,68,0,,59d38a57-7410-94c2-a9a0-f25614fab5bc
f9c1036f-7848-431c-df61-051ccd345fb1,Dr. Samuel Holmes DDS,1971-01-10,SYN-948-15-8430,39191,650,2025-06-28,367,0,,f9c1036f-7848-431c-df61-051ccd345fb1
6389352c-7fb2-edaf-1d87-6604dc93f480,Jesse Martin,1958-03-19,SYN-607-86-5677,18989,644,2025-05-17,409,0,,6389352c-7fb2-edaf-1d87-6604dc93f480
b94076df-baff-ad84-f5e4-b832ede90d55,Cody Farmer,1979-10-23,SYN-303-68-9467,39343,640,2025-03-01,486,0,,b94076df-baff-ad84-f5e4-b832ede90d55
457e7030-8f82-a152-c68d-d32b907d6c8d,Sandy Evans,1977-01-10,SYN-591-39-4882,38409,626,2025-10-23,250,0,,457e7030-8f82-a152-c68d-d32b907d6c8d
8e67df08-e574-8fc6-ebd2-b0aa5e62dd8e,Michael Thompson,1968-10-20,SYN-256-20-5928,48809,540,2026-02-04,146,0,,8e67df08-e574-8fc6-ebd2-b0aa5e62dd8e
334f0984-1de5-4c78-b999-ba9a4e47c23d,Mr. William Ward,1986-01-09,SYN-252-57-9467,100115,621,2025-11-06,236,0,,334f0984-1de5-4c78-b999-ba9a4e47c23d
67b61084-9d8d-5607-beb0-f25922b2f00f,Jeffrey Weaver,1997-08-04,SYN-324-41-4698,42095,735,2025-10-18,255,0,,67b61084-9d8d-5607-beb0-f25922b2f00f
503f7c85-6d63-1eda-a00b-4512075d0d4f,Sophia Richmond,1990-02-18,SYN-955-64-9197,15589,698,2025-12-12,200,0,,503f7c85-6d63-1eda-a00b-4512075d0d4f
c83cbebc-c39d-86f7-894e-ad364a2383cf,Joseph Cooper,1995-10-03,SYN-500-67-6570,153817,710,2026-05-12,49,0,,c83cbebc-c39d-86f7-894e-ad364a2383cf
35cb1e37-8bc8-c81f-a754-bca7d0370358,John Gomez,1987-07-12,SYN-850-98-8286,44335,649,2025-08-15,319,0,,35cb1e37-8bc8-c81f-a754-bca7d0370358
ba9f6ffe-cbd1-148a-5a60-29c54797adbd,Charles Ellis,1984-08-27,SYN-675-43-5910,102894,710,2025-05-02,424,0,,ba9f6ffe-cbd1-148a-5a60-29c54797adbd
d0ba797b-d16d-fae7-4db7-a889aa5c8f4f,Jeffrey Bishop,1988-07-08,SYN-324-53-5366,42553,658,2025-10-07,266,0,,d0ba797b-d16d-fae7-4db7-a889aa5c8f4f
8a3c8b87-82bf-fa60-92f0-69b9f25fcce9,William Hodge,1986-09-18,SYN-425-39-8502,130442,659,2025-05-26,400,0,,8a3c8b87-82bf-fa60-92f0-69b9f25fcce9
7264a683-6959-b248-1068-13de38eedafb,Becky Smith,2005-07-04,SYN-236-42-1401,123556,823,2025-01-02,544,0,,7264a683-6959-b248-1068-13de38eedafb
d04ba24e-9346-5e03-926c-9a65283a1ece,Jason Thomas,1995-02-07,SYN-914-50-5696,27740,581,2026-04-03,88,0,,d04ba24e-9346-5e03-926c-9a65283a1ece
46c89f48-34c6-7893-ce05-a34076660ca0,Brian Gross,1964-06-14,SYN-336-49-6328,49027,760,2026-05-25,36,0,,46c89f48-34c6-7893-ce05-a34076660ca0
e6d84d98-1d95-baed-425f-f07854924a9b,Jacob Kennedy,1972-03-22,SYN-978-25-6189,72876,741,2025-01-31,515,0,,e6d84d98-1d95-baed-425f-f07854924a9b
b5b4b32d-ed70-2589-9640-61711ef90e0d,Stacy Taylor,1995-05-28,SYN-283-61-8741,29936,707,2025-12-21,191,0,,b5b4b32d-ed70-2589-9640-61711ef90e0d
97d9eebc-586f-ac19-79f8-de18b8ed66c8,Patrick Thornton,1980-03-15,SYN-120-98-6412,35526,623,2025-10-09,264,0,,97d9eebc-586f-ac19-79f8-de18b8ed66c8
6d95d2dc-e32c-f680-d3cf-2f7bc7da05ec,Kevin Davis,1987-05-13,SYN-494-70-3452,87948,678,2025-02-05,510,0,,6d95d2dc-e32c-f680-d3cf-2f7bc7da05ec
ef7eaf2e-f052-7aa2-af6b-90b9fb95d5ac,Frank Franklin,1992-05-30,SYN-874-69-1647,116925,595,2026-01-17,164,0,,ef7eaf2e-f052-7aa2-af6b-90b9fb95d5ac
197f6c7a-fc99-bfc4-22ec-998f720eecd3,Christopher Johnson,1971-12-30,SYN-149-26-7683,15975,723,2025-07-16,349,0,,197f6c7a-fc99-bfc4-22ec-998f720eecd3
57b41ff8-56ba-56b3-67f8-b63c25bb8aa8,Jennifer Smith,1992-12-17,SYN-367-63-4944,49849,642,2025-06-09,386,0,,57b41ff8-56ba-56b3-67f8-b63c25bb8aa8
555b83c1-e028-a2ca-24d1-dfdb14061e5a,John Ortiz,1993-04-07,SYN-794-33-6582,51599,611,2025-12-23,189,0,,555b83c1-e028-a2ca-24d1-dfdb14061e5a
cdc67bc0-f928-0efb-6c80-3c2a74d39f33,Charles Fuentes,1992-09-20,SYN-433-11-6572,53106,661,2025-03-07,480,0,,cdc67bc0-f928-0efb-6c80-3c2a74d39f33
5668ddbc-3055-55db-c628-125f00c91859,Lori Miller,1975-05-29,SYN-830-82-1408,32790,623,2025-05-08,418,1,ring_0158,ring_0158
ca8395e6-2ad1-76b7-2a58-dc6080f9903b,Brett Maxwell,1977-05-17,SYN-716-84-8461,66650,777,2026-04-19,72,0,,ca8395e6-2ad1-76b7-2a58-dc6080f9903b
b9460528-bf39-7c7a-98e6-a76a29016905,Brent Reed,1991-07-11,SYN-952-81-4788,116877,593,2026-01-17,164,0,,b9460528-bf39-7c7a-98e6-a76a29016905
64abbd68-9b96-cc67-d0c9-7714b6d7afa4,Jordan Curry,1987-02-08,SYN-494-23-3586,27169,743,2026-04-24,67,0,,64abbd68-9b96-cc67-d0c9-7714b6d7afa4
bf4488b6-24b2-e9dd-1cae-a734f9fe9d7e,Matthew Austin,1990-03-07,SYN-416-19-9615,41371,613,2026-06-08,22,0,,bf4488b6-24b2-e9dd-1cae-a734f9fe9d7e
729407d1-b0f4-d7b6-8a29-7fb387ec3f5a,Michelle Mcdowell,1978-12-05,SYN-746-27-3047,113096,713,2026-03-07,115,0,,729407d1-b0f4-d7b6-8a29-7fb387ec3f5a
920a8047-d219-bf21-7f1e-9904f1097bad,Stephanie Ross,2008-03-18,SYN-555-93-7248,65229,778,2025-03-20,467,0,,920a8047-d219-bf21-7f1e-9904f1097bad
518250ab-0559-cacf-f890-b2779db4b158,Linda Cox,1988-02-15,SYN-112-20-9526,37498,755,2026-01-01,180,0,,518250ab-0559-cacf-f890-b2779db4b158
2c00cdf2-f443-4496-b474-311ec40649e6,Danny Lowe PhD,1982-11-19,SYN-458-80-3355,30256,696,2025-07-19,346,0,,2c00cdf2-f443-4496-b474-311ec40649e6
f2e8d294-4659-4b51-0bf0-4a4dfc37270e,Jessica Johnson,1996-10-24,SYN-280-19-2050,57614,642,2025-09-13,290,0,,f2e8d294-4659-4b51-0bf0-4a4dfc37270e
87638668-a859-1ccc-bdfb-9d92b485105f,Pamela Jordan,1991-04-07,SYN-463-46-4320,26902,759,2025-04-01,455,0,,87638668-a859-1ccc-bdfb-9d92b485105f
6b615487-d7af-2988-1310-13a937e4ee2f,Megan Orr,2008-05-13,SYN-836-83-7674,104837,700,2025-11-29,213,0,,6b615487-d7af-2988-1310-13a937e4ee2f
efcb6fd8-c797-5874-00a2-5bb868cab03e,Anthony Lee,1966-01-26,SYN-138-75-8571,49506,798,2025-05-12,414,0,,efcb6fd8-c797-5874-00a2-5bb868cab03e
79861776-19c1-a37a-6bf2-2d3d48606dd1,Cheryl Wade,1982-12-23,SYN-302-20-3316,153333,698,2026-03-09,113,0,,79861776-19c1-a37a-6bf2-2d3d48606dd1
293a3dd0-85b3-a201-77c6-92feebeb0eba,Joshua Kramer,1975-05-01,SYN-827-51-1540,56707,813,2025-01-24,522,0,,293a3dd0-85b3-a201-77c6-92feebeb0eba
6ac98821-ecb6-5fc8-8a90-58d7912a9d84,Tina Solomon,1984-03-09,SYN-116-67-6755,37652,753,2026-04-26,65,0,,6ac98821-ecb6-5fc8-8a90-58d7912a9d84
2f156407-d40d-38a3-cb04-27f2e88438cf,Sarah Lyons,2008-03-13,SYN-835-53-8840,52849,599,2025-06-08,387,1,ring_0008,ring_0008
2d92700a-403e-a53e-78ce-ab8561ed28b1,Timothy Chavez,1973-11-09,SYN-497-54-8155,113401,772,2025-10-16,257,0,,2d92700a-403e-a53e-78ce-ab8561ed28b1
3e766d0f-6cb2-fcd0-e6ee-f1c322fafbb3,Anthony Hall,1962-11-20,SYN-584-31-4989,47660,619,2025-11-04,238,0,,3e766d0f-6cb2-fcd0-e6ee-f1c322fafbb3
7d09344c-0d5c-4fd9-a14d-84d3f00c3b8b,Kurt Wagner,1971-02-07,SYN-270-46-2380,154188,569,2026-06-09,21,0,,7d09344c-0d5c-4fd9-a14d-84d3f00c3b8b
e3f90c01-43ff-8059-a402-8a0f8f066d3d,Michael Lucas,1993-09-30,SYN-935-71-5466,46968,531,2025-10-02,271,0,,e3f90c01-43ff-8059-a402-8a0f8f066d3d
fc7066f2-45a0-a5f0-7e98-072bbaa4620b,Richard Hartman,1976-07-27,SYN-802-18-2539,54272,506,2025-09-21,282,0,,fc7066f2-45a0-a5f0-7e98-072bbaa4620b
018f2677-85af-df4e-c5e3-05e59e1a5dc3,Kyle Blake,1985-10-04,SYN-688-10-1055,56464,574,2026-03-11,111,0,,018f2677-85af-df4e-c5e3-05e59e1a5dc3
c27588b1-b90e-6aa1-2224-9dfdf3589b01,Jason Nguyen,1990-01-23,SYN-452-17-1289,15000,620,2025-10-27,246,0,,c27588b1-b90e-6aa1-2224-9dfdf3589b01
dc80d60d-0d69-c7ed-b0fe-33bd537a8f0e,Charles Schultz,1993-01-20,SYN-847-83-5698,36976,566,2025-11-29,213,0,,dc80d60d-0d69-c7ed-b0fe-33bd537a8f0e
495985fa-c5fe-ab03-08d7-0d40a188b211,Wendy Fisher,1985-11-27,SYN-443-32-4118,60791,694,2025-01-27,519,0,,495985fa-c5fe-ab03-08d7-0d40a188b211
85ed64a4-6dfc-5156-f653-14cc38cdc75d,Paige Case,2008-03-23,SYN-795-83-8396,43177,695,2025-01-01,545,0,,85ed64a4-6dfc-5156-f653-14cc38cdc75d
3d7649f8-74c8-2023-f5dd-d338d4fa51e3,Matthew Adams,1998-08-19,SYN-336-81-3525,98454,643,2025-01-15,531,1,ring_0012,ring_0012
610e4244-00af-27ca-7cf5-a054c9ab2385,Diane Brown,1978-12-11,SYN-259-69-3746,74204,659,2025-04-18,438,0,,610e4244-00af-27ca-7cf5-a054c9ab2385
977aca91-6fcc-48f3-273b-77ff2dd58a47,Tracy George,1993-08-09,SYN-257-97-8357,27347,645,2026-04-30,61,0,,977aca91-6fcc-48f3-273b-77ff2dd58a47
1eb231b4-4a1f-c401-8d3a-c2194746cda4,Wesley Rich,1992-01-20,SYN-911-21-2391,75468,694,2025-04-02,454,0,,1eb231b4-4a1f-c401-8d3a-c2194746cda4
01570856-8cec-a6cd-9e60-7c43ae8d467a,James Ruiz,1974-12-09,SYN-550-30-3829,39201,711,2025-07-12,353,0,,01570856-8cec-a6cd-9e60-7c43ae8d467a
74a9d11d-95e6-66f2-02d1-96ee70df64b4,Tammy Mcdaniel,1985-06-15,SYN-496-33-5382,42489,676,2025-06-03,392,1,ring_0099,ring_0099
cb469f05-7649-f7bf-929f-f9b4fb13bdf1,Christian Valencia,1975-03-01,SYN-173-91-6539,92356,650,2025-12-28,184,0,,cb469f05-7649-f7bf-929f-f9b4fb13bdf1
44bee4b9-62c5-5265-4dd2-32d82c0f3cbd,Bradley Cobb,1984-11-04,SYN-568-65-4665,69043,635,2026-02-09,141,0,,44bee4b9-62c5-5265-4dd2-32d82c0f3cbd
c079c69d-7865-813b-94a5-fea9df1c6978,Francis Andrews,2008-03-21,SYN-367-75-4820,46171,624,2025-07-30,335,0,,c079c69d-7865-813b-94a5-fea9df1c6978
de45ca21-58a9-2b2e-704b-58a5e25352b7,Angel May,2003-07-27,SYN-866-47-3168,208037,568,2025-02-21,494,0,,de45ca21-58a9-2b2e-704b-58a5e25352b7
02a89130-3512-a443-8614-c654cb869b9a,Jason Morgan,1974-12-21,SYN-943-27-2750,97962,595,2025-06-01,394,0,,02a89130-3512-a443-8614-c654cb869b9a
7ba18075-e2be-64b0-ac60-12d404053dc6,Laurie Fuller,1990-01-01,SYN-738-71-2693,53069,611,2026-06-05,25,0,,7ba18075-e2be-64b0-ac60-12d404053dc6
a8ba97bd-f020-6c53-9ecd-e3c2ae450e86,Sabrina Ward,1992-04-11,SYN-411-93-2984,48388,725,2025-01-17,529,0,,a8ba97bd-f020-6c53-9ecd-e3c2ae450e86
e05e6feb-d91d-25eb-fbb0-fecd4591cd24,Joanna Cook,1970-09-10,SYN-951-56-3044,46970,758,2025-11-13,229,0,,e05e6feb-d91d-25eb-fbb0-fecd4591cd24
41751bf2-3027-91d0-597f-29b54d2e0ff0,Jennifer Walker,1991-05-23,SYN-638-32-5399,74955,617,2025-08-09,325,0,,41751bf2-3027-91d0-597f-29b54d2e0ff0
459d675d-33bf-b1e6-9c8f-c339d8db0197,Michael Taylor,2007-07-19,SYN-276-89-8317,43131,649,2026-03-08,114,0,,459d675d-33bf-b1e6-9c8f-c339d8db0197
20800099-53e4-5464-6145-1de4bb8e5889,Rebecca Lopez,1985-08-01,SYN-296-83-5560,57225,738,2025-12-29,183,0,,20800099-53e4-5464-6145-1de4bb8e5889
2b462139-a68b-967c-d877-7a3c706b449d,Benjamin Duncan,2000-07-13,SYN-884-26-2167,92200,705,2025-08-04,330,0,,2b462139-a68b-967c-d877-7a3c706b449d
39c1c876-772c-227c-4120-8a2e4653dd6d,Benjamin Price,1985-11-21,SYN-653-85-1471,28261,687,2025-08-03,331,0,,39c1c876-772c-227c-4120-8a2e4653dd6d
6a8550c9-58c3-84cd-f26a-391a63094400,Derrick Espinoza,1995-09-02,SYN-687-22-7454,91656,508,2026-06-11,19,0,,6a8550c9-58c3-84cd-f26a-391a63094400
844db487-cf31-f718-c746-06e0cc691c4f,Deanna Barrera,1980-10-10,SYN-360-25-2287,118213,746,2025-01-18,528,0,,844db487-cf31-f718-c746-06e0cc691c4f
f20a6f0a-d856-46b2-ee80-f2512d93291e,Phyllis Schmidt,1983-09-05,SYN-772-98-9813,57386,744,2025-03-03,484,0,,f20a6f0a-d856-46b2-ee80-f2512d93291e
d3319fb6-43f1-df08-768f-1bd956bdfa30,Anthony Ashley,1991-04-06,SYN-868-12-5243,16602,770,2025-07-13,352,0,,d3319fb6-43f1-df08-768f-1bd956bdfa30
39e314d4-9ce2-5eb9-b6f1-9e2e1c546225,Raymond Quinn,1988-07-12,SYN-190-90-8771,80071,712,2026-03-18,104,0,,39e314d4-9ce2-5eb9-b6f1-9e2e1c546225
1eddfdb6-9a0f-8384-ffc7-41514acb3196,Claire Warren,1981-12-15,SYN-603-88-2607,59549,768,2025-08-08,326,0,,1eddfdb6-9a0f-8384-ffc7-41514acb3196
7835404f-544f-ac73-dcd2-9059e2c0dc22,Nathaniel Floyd,1985-10-07,SYN-107-77-8008,96413,627,2026-03-07,115,0,,7835404f-544f-ac73-dcd2-9059e2c0dc22
9eee6595-3b85-dbb2-f187-975e031329b6,Jamie Snyder,1989-06-17,SYN-178-84-6377,185183,644,2026-04-26,65,0,,9eee6595-3b85-dbb2-f187-975e031329b6
c36b405c-2d34-be3e-42c0-bdb4f570ec84,Melody Wood,1988-06-05,SYN-265-90-4164,124474,685,2026-01-20,161,1,ring_0163,ring_0163
a88945a5-efd2-b45f-fa8e-50c4c7e9189b,William Keith,1992-07-25,SYN-428-57-6633,159619,743,2025-06-15,380,0,,a88945a5-efd2-b45f-fa8e-50c4c7e9189b
f6e51a0d-7e43-b478-7062-c11759dffbb1,Hunter Williamson,1999-02-09,SYN-253-27-6154,37303,649,2026-05-05,56,0,,f6e51a0d-7e43-b478-7062-c11759dffbb1
2d29f15a-6bb2-bcd7-f5f9-f2a3ddca19b3,Lori Steele,1998-08-19,SYN-405-25-5584,58710,730,2025-10-28,245,0,,2d29f15a-6bb2-bcd7-f5f9-f2a3ddca19b3
13ba86b2-14da-44f1-0ac6-b87335f65f39,Mark Johnson,1982-11-05,SYN-243-52-1567,20653,757,2025-10-21,252,1,ring_0064,ring_0064
17e62511-355b-d883-d7e2-dd6948d120a4,Scott Garrett,1986-10-13,SYN-705-38-8947,17411,823,2025-08-04,330,1,ring_0115,ring_0115
5faef5e2-5801-2329-6e19-67ae9f933570,Patricia Hamilton,1989-11-01,SYN-895-65-7800,37276,779,2025-05-20,406,0,,5faef5e2-5801-2329-6e19-67ae9f933570
9668f5ec-79b6-1285-06c2-e96c7cf809a0,Holly Brown,1988-05-08,SYN-625-64-2840,57379,638,2025-04-28,428,1,ring_0161,ring_0161
c61d96bd-a2aa-e390-6a57-79380c4699e4,Mr. Thomas Garcia,1994-03-25,SYN-123-50-7503,24362,774,2026-04-05,86,0,,c61d96bd-a2aa-e390-6a57-79380c4699e4
2f9c6396-6740-1680-35d9-f17b9da1928e,Brandon Carrillo,2007-07-29,SYN-597-75-8651,31876,670,2025-08-07,327,0,,2f9c6396-6740-1680-35d9-f17b9da1928e
08d59d2e-9a98-8de5-c2f9-0fce6899a142,Mary Peterson,1982-08-17,SYN-866-76-4197,51294,641,2025-07-03,362,0,,08d59d2e-9a98-8de5-c2f9-0fce6899a142
0566b69e-f539-2995-469f-4f9e8ef7011f,Sherry Tapia,1995-04-06,SYN-343-46-9237,159815,850,2026-02-01,149,0,,0566b69e-f539-2995-469f-4f9e8ef7011f
d15fc290-b7f8-9f50-3edd-37d7090f8db0,Kerry Chavez DDS,1984-02-17,SYN-608-32-2648,95899,641,2025-08-12,322,0,,d15fc290-b7f8-9f50-3edd-37d7090f8db0
86fa9b18-7c1f-6221-3b05-5960d622f87b,Ashley Lewis,1986-10-09,SYN-720-20-2657,42903,561,2025-08-31,303,0,,86fa9b18-7c1f-6221-3b05-5960d622f87b
02ff3c0d-87b6-95c4-702c-be8aa97b27df,Leslie Vance,1977-05-09,SYN-186-86-5625,56077,732,2026-06-29,1,0,,02ff3c0d-87b6-95c4-702c-be8aa97b27df
93c9cf99-e629-a306-27e8-0a44d9b6f862,Luke Bush,1994-03-02,SYN-636-47-3155,192438,747,2025-04-26,430,0,,93c9cf99-e629-a306-27e8-0a44d9b6f862
bb3075db-d2da-f07d-9f7c-e9a068c46c83,Justin Small,1972-01-19,SYN-481-82-7505,53847,565,2025-02-01,514,0,,bb3075db-d2da-f07d-9f7c-e9a068c46c83
77907535-899a-e7e5-6544-39a35cd875a0,Sandra Alvarez,1984-09-15,SYN-262-65-4080,51523,734,2025-10-15,258,0,,77907535-899a-e7e5-6544-39a35cd875a0
6cede218-1300-45aa-25a7-4b89f1fade16,Dana Hopkins,1991-02-08,SYN-502-85-7989,27803,671,2025-01-25,521,0,,6cede218-1300-45aa-25a7-4b89f1fade16
a641dce3-3c1b-3074-488e-c569787052f1,Travis Powell,1985-06-29,SYN-638-75-2891,56938,728,2025-03-07,480,0,,a641dce3-3c1b-3074-488e-c569787052f1
8f4420ab-3dae-f4a0-fa18-b2ec3d0c12d8,Brenda Gonzalez,1981-08-16,SYN-753-66-7993,166420,587,2025-04-14,442,0,,8f4420ab-3dae-f4a0-fa18-b2ec3d0c12d8
3029470a-49c6-2166-11fa-083bb8903e6f,Mary Jones,1980-01-29,SYN-892-84-5430,30478,639,2025-02-24,491,0,,3029470a-49c6-2166-11fa-083bb8903e6f
fb1128bc-2187-153c-44c5-6778e1a35b8c,Victor Taylor,1982-03-29,SYN-815-89-5400,41372,617,2025-01-13,533,0,,fb1128bc-2187-153c-44c5-6778e1a35b8c
63cc87cc-8fc5-9a33-e710-3f37046ce8c6,William Todd,2006-10-25,SYN-872-11-5601,54485,592,2025-11-17,225,0,,63cc87cc-8fc5-9a33-e710-3f37046ce8c6
a3e73485-39a1-b5a9-bf9e-ec425e0951c4,Emma Butler,1993-07-31,SYN-139-68-4956,72232,603,2025-07-12,353,0,,a3e73485-39a1-b5a9-bf9e-ec425e0951c4
687cd8d7-5cd0-eacf-0aea-0b782b179b0c,Rachel Jones,1997-11-19,SYN-118-89-8993,47312,569,2025-10-02,271,0,,687cd8d7-5cd0-eacf-0aea-0b782b179b0c
30fefc13-2a4d-b46f-339d-0df434827ee9,Gilbert Reed,1970-03-24,SYN-475-68-5470,67400,755,2026-05-12,49,0,,30fefc13-2a4d-b46f-339d-0df434827ee9
fd26efcd-8df6-5ad7-4d0d-79209ebec308,Julia Maldonado,1988-07-04,SYN-414-22-7335,175781,695,2025-06-07,388,0,,fd26efcd-8df6-5ad7-4d0d-79209ebec308
fb1de7ed-558a-0715-5e9c-6b0f40a1eb47,Caitlin Ford,1990-07-03,SYN-509-83-2201,113065,728,2025-08-03,331,0,,fb1de7ed-558a-0715-5e9c-6b0f40a1eb47
e1a60c39-20c3-87ab-b39c-5050aca38e9a,Allison Wilson,1977-04-19,SYN-501-55-8445,74795,568,2026-02-16,134,0,,e1a60c39-20c3-87ab-b39c-5050aca38e9a
b5023b14-2ef3-8aa7-a061-daa0cd3dc832,Thomas Sullivan,1980-12-01,SYN-570-63-7677,44453,667,2026-02-27,123,0,,b5023b14-2ef3-8aa7-a061-daa0cd3dc832
78d4ff98-afae-453b-599e-99845d24e4ba,Yesenia Mosley,1994-12-31,SYN-470-38-9661,33094,698,2025-03-11,476,1,ring_0054,ring_0054
dc4e0eb0-68f5-5d1e-374a-d94f8a70b9ae,Robert Gross,1985-03-08,SYN-386-89-6151,146654,740,2025-12-11,201,0,,dc4e0eb0-68f5-5d1e-374a-d94f8a70b9ae
3d342dfe-8dbd-2fb2-1ad1-c0f27f0fd441,Leslie Gardner,1985-03-04,SYN-691-72-8490,53071,629,2025-10-16,257,0,,3d342dfe-8dbd-2fb2-1ad1-c0f27f0fd441
8cbb9db4-c192-a636-5ed7-064d114a28bf,Alan Nguyen,1987-04-24,SYN-120-49-6126,226479,662,2025-12-22,190,0,,8cbb9db4-c192-a636-5ed7-064d114a28bf
a82834ee-5d55-2eaa-6c83-b3f31912df4a,Chris Martin,1982-12-15,SYN-151-27-6710,25742,647,2025-07-25,340,0,,a82834ee-5d55-2eaa-6c83-b3f31912df4a
8bd821d3-51b0-4203-4948-7b5322f90c33,Shannon Taylor,1989-12-29,SYN-998-22-7769,37235,769,2025-10-09,264,0,,8bd821d3-51b0-4203-4948-7b5322f90c33
9c38178c-c253-d3fb-f201-eefaa4d89ced,Steven Harris,1992-03-23,SYN-419-65-3268,174764,666,2026-01-23,158,1,ring_0199,ring_0199
92061620-e622-d69a-c819-fd9eca446685,Tamara Moore,2007-11-10,SYN-123-56-5611,73495,765,2026-04-15,76,0,,92061620-e622-d69a-c819-fd9eca446685
f271cb0a-2fcf-73f0-cac7-f115723a9089,Candace Stuart,1982-09-12,SYN-791-88-3331,43695,673,2025-05-12,414,0,,f271cb0a-2fcf-73f0-cac7-f115723a9089
6eec830f-3fcf-4345-a096-8bab9a74986b,Stacie Sanford,1993-09-02,SYN-754-55-8818,96389,621,2025-08-13,321,0,,6eec830f-3fcf-4345-a096-8bab9a74986b
8d47eb15-b7e9-2abd-ff62-ffcde3e34586,Michael Wilson,1994-04-05,SYN-970-81-8000,33730,462,2025-12-13,199,0,,8d47eb15-b7e9-2abd-ff62-ffcde3e34586
3df7d2c5-341e-0cd6-797c-fe637310c114,Debra Johnson,2003-01-29,SYN-539-61-6610,48943,637,2025-04-12,444,0,,3df7d2c5-341e-0cd6-797c-fe637310c114
7049b6bd-f161-d2ec-61ab-4a0a220ead11,Katie Kaiser,1981-02-22,SYN-236-83-2744,42246,752,2025-01-06,540,0,,7049b6bd-f161-d2ec-61ab-4a0a220ead11
4bb77fb6-acd3-0194-a6f7-a4fc61d32016,Angelica Parker,1975-09-06,SYN-479-32-5609,24042,668,2025-09-13,290,0,,4bb77fb6-acd3-0194-a6f7-a4fc61d32016
7b09dbd1-035e-9f16-1abe-3e953448a8e4,Dr. Andrea Marshall,2003-01-18,SYN-148-56-5754,45792,724,2025-09-23,280,0,,7b09dbd1-035e-9f16-1abe-3e953448a8e4
d00a8629-3708-0ab5-7b2e-4e3e63d11732,Maurice Valenzuela,1996-06-05,SYN-128-70-5087,55577,667,2025-04-19,437,1,ring_0210,ring_0210
afaead81-e440-78d2-2da9-c581c6a16d7e,Mr. Eric Hall,1995-02-09,SYN-264-56-6703,29216,669,2025-07-12,353,0,,afaead81-e440-78d2-2da9-c581c6a16d7e
61801738-31ed-0b01-0665-50c8cccf0cd2,Richard Richard,2002-01-01,SYN-562-74-8514,46080,570,2026-05-09,52,1,ring_0030,ring_0030
fb6307c2-9f97-04d7-47a5-f4799ecd05ff,Jeffrey Glenn,1987-02-28,SYN-527-92-9403,35618,589,2025-08-10,324,0,,fb6307c2-9f97-04d7-47a5-f4799ecd05ff
dc4604f0-309c-3214-0581-b6cafa56eb41,Aaron Miller,1995-01-25,SYN-413-10-4478,46492,695,2025-06-11,384,0,,dc4604f0-309c-3214-0581-b6cafa56eb41
58a066f6-e789-430d-a4b4-be9ca707ce70,Kenneth Stokes,1970-08-13,SYN-750-83-5639,117405,710,2026-01-04,177,0,,58a066f6-e789-430d-a4b4-be9ca707ce70
2bc8aecd-6a78-2332-015e-008046a08e44,Lisa Barnes,1977-04-06,SYN-429-81-2431,61425,700,2026-01-21,160,0,,2bc8aecd-6a78-2332-015e-008046a08e44
308f3f72-eb83-13fc-01b5-d18dd7ed452d,Isaiah Avila,1979-07-05,SYN-200-25-3297,17663,682,2026-06-23,7,0,,308f3f72-eb83-13fc-01b5-d18dd7ed452d
829b47c8-e15e-749f-4566-615c1f2215f1,Derrick Diaz,1986-04-06,SYN-739-62-1728,43342,601,2025-06-25,370,0,,829b47c8-e15e-749f-4566-615c1f2215f1
75f234c7-78d7-b733-9ba3-ea7aa0c9fcc3,Laura Coleman,1991-11-05,SYN-257-28-8141,83870,650,2026-03-25,97,0,,75f234c7-78d7-b733-9ba3-ea7aa0c9fcc3
21b805d7-ddde-0850-74c4-5498c719012c,Jennifer James,1988-05-22,SYN-976-38-6244,61558,567,2025-09-29,274,0,,21b805d7-ddde-0850-74c4-5498c719012c
c7706a7d-ef78-1a6d-960d-7ff5786b008e,George Taylor,1999-09-05,SYN-892-66-4981,107824,635,2025-04-25,431,0,,c7706a7d-ef78-1a6d-960d-7ff5786b008e
16938552-7c2a-60bf-0de1-93b8634a05a1,William Phillips,1995-12-21,SYN-193-46-9947,42718,638,2026-02-14,136,0,,16938552-7c2a-60bf-0de1-93b8634a05a1
5b9704df-d168-7cab-ab1c-c6d11aeaff7f,Ann Montoya,1989-05-27,SYN-824-58-2948,64553,712,2026-04-06,85,0,,5b9704df-d168-7cab-ab1c-c6d11aeaff7f
aced834f-2218-9b2b-25fa-9231f7061df1,Alex Ramirez,1981-08-13,SYN-605-85-8292,44796,574,2026-02-15,135,0,,aced834f-2218-9b2b-25fa-9231f7061df1
55a4e028-38ab-d529-5239-7fc11245fc39,David Davenport,1975-08-20,SYN-340-19-7972,160562,573,2025-10-29,244,0,,55a4e028-38ab-d529-5239-7fc11245fc39
d1e1a475-f0a3-084d-4f37-e4fe6253d940,Diana Hays,1991-03-24,SYN-215-60-4111,27758,622,2025-12-15,197,0,,d1e1a475-f0a3-084d-4f37-e4fe6253d940
c3270a5e-a2b6-1d7a-e133-89f8fc08ce3e,Chelsea Smith,1976-10-16,SYN-709-64-1212,38405,684,2025-03-30,457,0,,c3270a5e-a2b6-1d7a-e133-89f8fc08ce3e
d9edea22-d776-81ff-231e-b44300ea3fe1,Mrs. Amy Malone,1993-03-19,SYN-341-88-6307,58474,660,2025-06-12,383,0,,d9edea22-d776-81ff-231e-b44300ea3fe1
52ca9103-d9ef-ec3d-2bd3-9f07af67781b,Colleen Brown,1989-10-15,SYN-946-58-8172,98972,669,2025-04-29,427,0,,52ca9103-d9ef-ec3d-2bd3-9f07af67781b
50e62c82-b501-0d38-4783-060c8be1650e,Pamela Morgan,1969-12-14,SYN-955-16-2571,67502,723,2025-10-04,269,0,,50e62c82-b501-0d38-4783-060c8be1650e
8f355adb-0d85-06c7-700b-09536d1ac352,Evan Cooper,1977-02-01,SYN-690-51-8096,98349,649,2025-02-10,505,0,,8f355adb-0d85-06c7-700b-09536d1ac352
f4a4f3d3-d5dd-f126-0d87-d390ea461600,Alison Adams,1967-10-22,SYN-378-57-7530,39299,645,2026-01-28,153,0,,f4a4f3d3-d5dd-f126-0d87-d390ea461600
dd467d0b-be96-6ed9-4d04-969700ebde57,Lauren Carson,2007-10-03,SYN-605-10-3755,96492,739,2025-05-28,398,0,,dd467d0b-be96-6ed9-4d04-969700ebde57
a89ee372-1ec9-8ac8-2efe-a89f9f812f43,Megan Klein,1992-02-21,SYN-193-43-7303,105124,609,2026-06-25,5,1,ring_0031,ring_0031
14d24829-2d9c-f88e-666c-65ce5c4d986f,Dustin Leach,2007-08-30,SYN-867-72-4276,82268,850,2025-03-13,474,1,ring_0144,ring_0144
0de8cdc9-fe33-cece-cf25-38fb60675bad,Emily Bennett,1981-03-26,SYN-683-41-5351,143946,696,2026-02-19,131,0,,0de8cdc9-fe33-cece-cf25-38fb60675bad
1fd71e6b-662a-c616-ab57-bab64158cf6c,Gregory Campbell,1982-09-25,SYN-923-76-8434,118009,742,2025-03-29,458,1,ring_0061,ring_0061
897fbea8-369d-a5b9-e88e-61d89b7745b5,Marc Moore,1965-09-17,SYN-385-21-9010,56726,641,2025-07-09,356,0,,897fbea8-369d-a5b9-e88e-61d89b7745b5
4d906bea-7fc1-9d29-c944-2a29a3b7468b,Tanner Holmes,1995-11-23,SYN-967-14-6742,84333,681,2026-06-13,17,0,,4d906bea-7fc1-9d29-c944-2a29a3b7468b
74bdb573-026d-c4f2-c615-8aa015d7f150,Jenny Cardenas,2000-04-21,SYN-467-49-2338,71032,700,2025-09-25,278,0,,74bdb573-026d-c4f2-c615-8aa015d7f150
052e724b-193b-82c1-4197-27dde4e5303a,Kelly Duncan,1975-10-28,SYN-913-47-2517,53886,660,2025-03-10,477,0,,052e724b-193b-82c1-4197-27dde4e5303a
50d9ec7e-0105-51ea-b192-303811ed357f,Aimee Montoya,1989-06-02,SYN-428-17-1604,20913,691,2026-01-18,163,0,,50d9ec7e-0105-51ea-b192-303811ed357f
9d59c23d-06c5-a957-238a-28af292aa569,Stephanie Cole,1970-05-07,SYN-989-15-6182,162758,753,2026-05-05,56,0,,9d59c23d-06c5-a957-238a-28af292aa569
d9df50aa-b679-da08-c16d-3104280d45d3,Breanna Flores,1981-06-13,SYN-199-76-7882,45310,688,2025-05-04,422,0,,d9df50aa-b679-da08-c16d-3104280d45d3
d3722a26-86f6-50d3-1329-75d041c5484e,Ashley Schultz,1991-07-22,SYN-558-35-1851,58212,587,2025-03-22,465,0,,d3722a26-86f6-50d3-1329-75d041c5484e
6ae8e42a-7cdc-fe62-1332-3e0199963d3b,Eric Ingram,1981-05-26,SYN-311-78-5065,34920,707,2025-04-01,455,0,,6ae8e42a-7cdc-fe62-1332-3e0199963d3b
eafc435d-c31b-b439-b09a-d4ac35c35d34,Angelica Clark,1975-10-01,SYN-168-96-5439,55244,675,2025-08-19,315,0,,eafc435d-c31b-b439-b09a-d4ac35c35d34
2b527869-ae22-b2ea-166e-e38724c4c957,Erik Lamb,1977-08-23,SYN-612-43-7916,21370,778,2026-04-28,63,1,ring_0181,ring_0181
a4bc9a91-656c-3fae-5988-5d42d4cf33db,Elizabeth Robinson,1981-10-07,SYN-257-53-3386,51876,708,2026-04-07,84,0,,a4bc9a91-656c-3fae-5988-5d42d4cf33db
9fe2986b-59a7-0953-5c5b-04f8cf1193ad,Jennifer Allen,1964-05-08,SYN-778-36-6783,74505,715,2026-02-25,125,0,,9fe2986b-59a7-0953-5c5b-04f8cf1193ad
29101780-8b9e-ec5e-af92-bb2e667840ed,Noah Rhodes,1986-02-14,SYN-840-59-4990,53678,620,2026-03-06,116,0,,29101780-8b9e-ec5e-af92-bb2e667840ed
77746c8a-b0de-dd5e-9a8e-43bdf2797045,Tracy Roberts,1977-08-11,SYN-862-84-9264,130629,665,2025-08-31,303,0,,77746c8a-b0de-dd5e-9a8e-43bdf2797045
5ad5b83e-1989-a588-ebbf-bdbf952d6878,Aaron Leon,1987-09-05,SYN-767-16-7008,40954,706,2025-05-15,411,0,,5ad5b83e-1989-a588-ebbf-bdbf952d6878
c9c2b264-feb7-7fcb-81d3-81e1d8b04a35,Cody Ramirez,1985-10-17,SYN-781-25-7711,70012,621,2026-06-06,24,0,,c9c2b264-feb7-7fcb-81d3-81e1d8b04a35
023af9c1-7e85-8f56-7e38-a248a17b59dc,Audrey James,1987-10-05,SYN-168-22-7504,113059,768,2025-08-30,304,1,ring_0002,ring_0002
1fffa3e6-3dfe-10e2-ceff-3673219341fc,Carl Harris,1992-04-04,SYN-855-95-7322,143700,601,2026-06-30,0,0,,1fffa3e6-3dfe-10e2-ceff-3673219341fc
a872e0d0-1ada-46b9-67ab-c54c13c18c02,John Johnson,1977-08-10,SYN-807-84-6664,151906,685,2025-06-13,382,1,ring_0205,ring_0205
98f833db-feb2-de71-7605-548e76147488,Jenny Cox,2007-12-27,SYN-170-14-5356,26304,797,2025-03-22,465,0,,98f833db-feb2-de71-7605-548e76147488
40ac43e5-cb19-483c-a90c-f017af8ad6e7,Kiara Little,1989-07-03,SYN-683-16-1364,39026,526,2025-04-01,455,0,,40ac43e5-cb19-483c-a90c-f017af8ad6e7
22466a09-afd3-b4ee-517d-cf86157b8320,Thomas Gonzalez,1985-01-08,SYN-122-14-2342,122031,682,2025-11-12,230,1,ring_0174,ring_0174
78772b14-2435-d0c2-b5a5-a73b2d474919,Martin Elliott,1985-01-27,SYN-585-28-9269,52937,704,2026-05-08,53,0,,78772b14-2435-d0c2-b5a5-a73b2d474919
4b20e3db-107f-c5d3-43f0-2150049e4f04,Rose Mcdonald,1984-11-10,SYN-143-57-6520,31760,615,2025-01-16,530,0,,4b20e3db-107f-c5d3-43f0-2150049e4f04
027e8a52-5289-1d7b-f9fb-7fdc46c9f3e1,Joe Jordan,1994-07-22,SYN-223-56-7985,34656,591,2025-10-29,244,1,ring_0147,ring_0147
2c087974-25a3-e74c-0258-5a2fb1f45860,Jennifer Jenkins,1989-11-21,SYN-821-48-6254,168696,585,2025-12-18,194,0,,2c087974-25a3-e74c-0258-5a2fb1f45860
c0a8696f-773c-288f-ab24-53875ea225cc,Matthew Jones,1996-09-05,SYN-205-83-7302,62343,727,2025-09-28,275,0,,c0a8696f-773c-288f-ab24-53875ea225cc
766a3567-8745-5502-6cc2-2d714f90a94c,Alexandra Lyons,1975-11-11,SYN-702-47-7629,75877,676,2026-05-29,32,0,,766a3567-8745-5502-6cc2-2d714f90a94c
b89ab99b-26eb-97c5-08b7-2d940a73d960,Katherine Salas,2003-09-03,SYN-291-70-1038,54930,664,2025-08-25,309,0,,b89ab99b-26eb-97c5-08b7-2d940a73d960
f492ab9d-3d74-ee54-3cd0-409654f4eb53,Marc Brown,2007-08-20,SYN-463-72-7010,42048,698,2025-05-13,413,0,,f492ab9d-3d74-ee54-3cd0-409654f4eb53
e0f5e186-2bb3-d0d8-f46c-c6feab34e2d1,Jennifer Phillips,1956-11-19,SYN-244-78-4615,52715,725,2026-04-20,71,0,,e0f5e186-2bb3-d0d8-f46c-c6feab34e2d1
3ac6e9ce-3547-e322-d9b3-d704f5b0295b,Christine Singh,1985-07-15,SYN-131-55-4244,102063,731,2025-04-09,447,0,,3ac6e9ce-3547-e322-d9b3-d704f5b0295b
acae03a6-1919-154d-c3d4-575420c6d318,Erica Johnson,1996-06-25,SYN-627-97-2133,73495,817,2025-06-24,371,0,,acae03a6-1919-154d-c3d4-575420c6d318
cc438284-0b43-7ef2-ed5c-1d7a3f70b025,Melissa Sullivan,1986-06-13,SYN-293-18-7293,45794,711,2025-02-10,505,1,ring_0099,ring_0099
7432f5bf-d0f2-46d5-c210-e842f0c7321e,Rebecca Perez,1981-06-10,SYN-359-34-8344,75048,625,2026-01-11,170,0,,7432f5bf-d0f2-46d5-c210-e842f0c7321e
fd09f9e3-8777-d9ca-cd37-642e72bef409,Wesley Browning,1993-10-23,SYN-658-51-6324,57266,678,2025-01-02,544,0,,fd09f9e3-8777-d9ca-cd37-642e72bef409
fd310db3-3587-8e19-8ae1-cec098c27e1b,John Anderson,2008-01-19,SYN-657-46-2097,48909,630,2025-04-23,433,0,,fd310db3-3587-8e19-8ae1-cec098c27e1b
248d047a-2bf5-2da9-a5cf-5ef389f1c938,Brian Clark,1997-06-25,SYN-692-95-2871,34038,714,2026-03-04,118,0,,248d047a-2bf5-2da9-a5cf-5ef389f1c938
b6aa6660-fd16-173b-ace5-ccd49ef9df07,Maria Valenzuela,1981-05-03,SYN-449-69-7277,31645,661,2026-02-03,147,0,,b6aa6660-fd16-173b-ace5-ccd49ef9df07
3079dac8-f97a-7ac9-d5ae-04fe49028192,Shelly Horton,2004-12-15,SYN-794-52-1198,93017,559,2025-08-13,321,0,,3079dac8-f97a-7ac9-d5ae-04fe49028192
f870dfbd-5d16-428d-07e2-918e852999d0,Robert Herrera,2008-01-11,SYN-107-65-8561,80270,621,2025-10-02,271,1,ring_0162,ring_0162
45921125-40c0-389c-9100-db2d6a2fca5e,Melissa Brown,1986-05-15,SYN-174-58-6613,52721,787,2025-12-18,194,0,,45921125-40c0-389c-9100-db2d6a2fca5e
016ebde3-632c-e8dd-d8f4-31def323953d,Ryan Alvarez,1977-05-02,SYN-163-54-7402,52586,653,2025-03-07,480,0,,016ebde3-632c-e8dd-d8f4-31def323953d
cd4d2157-6e80-24b7-8023-8b185608f0ad,Amber Bennett,1977-10-22,SYN-632-44-9377,92752,679,2025-11-11,231,0,,cd4d2157-6e80-24b7-8023-8b185608f0ad
65d66abe-42bf-31de-d70a-47ba810fc668,Wesley Williams,2000-12-02,SYN-671-60-8014,80148,640,2025-06-06,389,0,,65d66abe-42bf-31de-d70a-47ba810fc668
67538641-9c59-6da9-9dea-db96cad8064e,Olivia Randolph,1981-10-25,SYN-501-68-4136,36004,646,2026-05-27,34,0,,67538641-9c59-6da9-9dea-db96cad8064e
842c7781-16dd-17ae-269f-c2b5eb44cb37,Tamara Davis,1986-10-22,SYN-256-65-8466,28014,718,2026-05-26,35,0,,842c7781-16dd-17ae-269f-c2b5eb44cb37
73ae1b5f-3987-01e0-2228-9bc17780d629,Denise Martinez,1960-11-22,SYN-147-74-7682,39061,680,2025-11-22,220,0,,73ae1b5f-3987-01e0-2228-9bc17780d629
d3544d4d-cdcc-3129-101f-634e55f776b9,Maria Blair,2000-01-06,SYN-278-95-9684,86621,642,2025-06-11,384,1,ring_0195,ring_0195
7f73f5b4-06da-37fc-8fc7-327f5e45af76,Diane Hernandez,1985-02-26,SYN-539-28-9699,17682,651,2025-12-08,204,1,ring_0212,ring_0212
6875d69b-4df2-9b02-10e9-0d9a19a76693,William Herrera,1991-08-02,SYN-160-27-4042,86526,630,2025-07-10,355,0,,6875d69b-4df2-9b02-10e9-0d9a19a76693
0a977f6a-754f-02f1-a888-98618e81ec4d,Jon Gonzalez,2001-05-09,SYN-146-88-9806,155327,621,2025-06-15,380,0,,0a977f6a-754f-02f1-a888-98618e81ec4d
d4e01ca5-f945-8063-a371-466a3a5b66c2,Christina Miles,1970-09-27,SYN-169-41-5518,39814,824,2026-04-16,75,0,,d4e01ca5-f945-8063-a371-466a3a5b66c2
35a9f653-b90d-e4c7-ba4e-fbc77b63b73a,Manuel Smith,1980-05-29,SYN-669-74-7279,44170,547,2025-07-18,347,0,,35a9f653-b90d-e4c7-ba4e-fbc77b63b73a
24944398-dc60-6e75-9279-cc3f1dbe7e6e,Joshua Diaz,1993-02-22,SYN-670-43-3366,58174,625,2025-10-05,268,1,ring_0199,ring_0199
238bcfda-378b-5ddb-1360-9e29cc1ec3e3,Joseph Garcia,1969-05-12,SYN-743-34-8322,55811,709,2026-01-31,150,1,ring_0071,ring_0071
b5c38b23-be3d-79ca-bb43-0b963eb5463c,Amy Martinez,1983-01-06,SYN-645-54-1625,45466,668,2025-02-24,491,0,,b5c38b23-be3d-79ca-bb43-0b963eb5463c
a091122e-9745-6d8e-2fa9-e656060e8936,Mark Clark,1996-01-29,SYN-477-46-1825,145641,770,2026-02-04,146,0,,a091122e-9745-6d8e-2fa9-e656060e8936
0dc8c7f7-4d7a-cbdf-6325-ac751a303dba,Abigail Baird,1988-04-29,SYN-202-84-7817,64635,722,2025-11-23,219,0,,0dc8c7f7-4d7a-cbdf-6325-ac751a303dba
bca74918-9ea9-1d99-41c2-75e5ce64813b,Ronnie Medina,1987-08-10,SYN-815-43-6956,23233,636,2025-11-23,219,0,,bca74918-9ea9-1d99-41c2-75e5ce64813b
c861d044-8707-51af-2743-abb2dd5c555c,Kimberly Sanders,1972-12-02,SYN-773-58-5237,63891,717,2025-02-15,500,0,,c861d044-8707-51af-2743-abb2dd5c555c
bb211b37-82cf-21d0-4baf-97c98f62aca6,Mark Thomas,1970-08-19,SYN-400-15-7533,62187,600,2026-05-02,59,0,,bb211b37-82cf-21d0-4baf-97c98f62aca6
73ce6768-27af-814b-76f9-e51261707650,Thomas Bennett,1999-12-21,SYN-989-72-4102,47688,716,2025-05-10,416,0,,73ce6768-27af-814b-76f9-e51261707650
1c6bb73e-9ecf-77e1-3217-ce72dc98dc4a,Brian Bishop,1982-03-30,SYN-393-70-1149,97034,595,2025-03-19,468,0,,1c6bb73e-9ecf-77e1-3217-ce72dc98dc4a
2b461750-508b-2f5f-a3ce-f0df10a9c98f,Jose Mckinney,2005-09-08,SYN-422-14-3155,15000,639,2025-11-11,231,0,,2b461750-508b-2f5f-a3ce-f0df10a9c98f
78728c13-08be-12a7-018c-af233831e7af,Todd Moore,1991-01-10,SYN-434-17-6361,106903,627,2025-11-12,230,0,,78728c13-08be-12a7-018c-af233831e7af
df02e3a6-0f6f-aa5f-953b-d4a4fdfbc3a8,Tony Smith,1964-10-01,SYN-507-30-8242,67249,722,2025-05-23,403,0,,df02e3a6-0f6f-aa5f-953b-d4a4fdfbc3a8
810abab9-69cb-1154-c698-9d76bbf85c3a,Veronica Diaz,1998-04-22,SYN-199-22-5109,16384,610,2026-01-31,150,0,,810abab9-69cb-1154-c698-9d76bbf85c3a
60eaf821-ff86-45a3-04a9-14a40d605a6b,Rebecca Cox,1991-04-21,SYN-693-37-4406,36823,717,2025-12-03,209,0,,60eaf821-ff86-45a3-04a9-14a40d605a6b
69b7647a-b950-7517-ffbd-5790099d0db6,Brendan Palmer,1992-03-29,SYN-211-21-5315,15000,628,2025-08-08,326,0,,69b7647a-b950-7517-ffbd-5790099d0db6
f0bf8325-fdd4-6f31-9d66-bb3a7f7f7d4b,Tricia Bailey,1994-11-29,SYN-704-80-2234,31228,593,2026-06-14,16,0,,f0bf8325-fdd4-6f31-9d66-bb3a7f7f7d4b
081da635-545d-bc05-6a35-c7c12f63fb8f,Mitchell Sellers,1993-07-20,SYN-388-39-6660,87698,740,2026-04-28,63,0,,081da635-545d-bc05-6a35-c7c12f63fb8f
dac13b6f-4132-4f15-9c0a-75b41f05c05d,Laura Adams,1951-07-19,SYN-705-35-2371,39535,641,2025-09-14,289,0,,dac13b6f-4132-4f15-9c0a-75b41f05c05d
6f6ff2f6-56c0-3eb9-01c9-ff660d2c251b,Ashley Friedman,1994-12-22,SYN-294-41-3529,16122,671,2025-03-13,474,0,,6f6ff2f6-56c0-3eb9-01c9-ff660d2c251b
57490bc8-1891-95fc-0d13-dfed4fc6b458,Christopher Mcmillan,1990-05-02,SYN-495-37-4531,21815,691,2025-10-24,249,0,,57490bc8-1891-95fc-0d13-dfed4fc6b458
18977b6a-3dd3-bfaa-edc1-7b0e443f74ad,Jordan Williams,1963-12-16,SYN-537-69-1456,79472,834,2025-08-22,312,0,,18977b6a-3dd3-bfaa-edc1-7b0e443f74ad
e69bd122-b08f-f08d-0bbf-1f760ec6b5a8,Jennifer Bennett,1992-11-25,SYN-556-35-7047,74049,704,2025-01-14,532,0,,e69bd122-b08f-f08d-0bbf-1f760ec6b5a8
b9eb81e7-6fd0-9b48-cb0a-01e3c111b908,Alejandro Deleon,1993-06-17,SYN-832-71-4386,40218,544,2025-09-02,301,0,,b9eb81e7-6fd0-9b48-cb0a-01e3c111b908
ab9912d3-17ef-b65b-2978-c153eb72fa35,Laurie Sanchez,1981-07-23,SYN-878-23-6343,86177,654,2026-01-20,161,0,,ab9912d3-17ef-b65b-2978-c153eb72fa35
748142e0-3e03-ae46-6a04-1adbfc6c4664,Ms. Mackenzie Barton,1999-12-24,SYN-902-54-9871,66804,655,2026-02-24,126,0,,748142e0-3e03-ae46-6a04-1adbfc6c4664
c44e7f02-ce12-88a5-33a7-3da212a44bd9,Sarah Davis,2007-07-10,SYN-108-97-7965,53002,588,2026-04-15,76,0,,c44e7f02-ce12-88a5-33a7-3da212a44bd9
1941b014-dc87-9616-0277-70d8d5137956,Nichole Davis,2000-05-28,SYN-696-57-6383,42087,590,2026-03-29,93,0,,1941b014-dc87-9616-0277-70d8d5137956
e3de7dd5-3969-e9e8-5737-2bf8b9da5a8f,Jessica Long,1986-07-11,SYN-820-24-7081,19456,785,2026-06-21,9,0,,e3de7dd5-3969-e9e8-5737-2bf8b9da5a8f
013ab0f2-0809-c466-2c64-f93ca9537ab8,Timothy Perez,1980-05-04,SYN-587-51-1442,52298,738,2026-05-21,40,1,ring_0164,ring_0164
06261767-1d69-63da-abc9-cdd4af8d9f8e,Christopher Horn,2005-10-14,SYN-638-60-4505,45765,695,2026-01-31,150,0,,06261767-1d69-63da-abc9-cdd4af8d9f8e
7849b243-3d90-3a4e-fe0a-499426696418,Joe Miranda,1983-09-26,SYN-210-11-7957,83917,754,2025-05-13,413,0,,7849b243-3d90-3a4e-fe0a-499426696418
f5eae29f-dfb8-c6aa-83ec-c1ad56b9be5d,Cody Reid,1980-02-15,SYN-440-58-9550,119550,731,2025-10-22,251,0,,f5eae29f-dfb8-c6aa-83ec-c1ad56b9be5d
0b17b77b-4db3-cbae-7007-a0f6399d5b77,Maria Cooke,1976-08-15,SYN-182-43-7882,77397,578,2026-06-05,25,0,,0b17b77b-4db3-cbae-7007-a0f6399d5b77
a26e2e5b-b304-b8a2-ab8a-63f091374985,Janice Kelly,2001-01-26,SYN-976-42-1419,136897,635,2026-02-21,129,0,,a26e2e5b-b304-b8a2-ab8a-63f091374985
a424ff1c-a904-513b-f15c-f958cc6c62dc,Kim Arnold,1983-06-04,SYN-642-82-6063,84965,726,2026-06-26,4,0,,a424ff1c-a904-513b-f15c-f958cc6c62dc
78b5e3b6-f702-00d8-803b-31e3bab3a78f,Matthew Barry,1951-12-29,SYN-175-94-6525,39516,789,2025-06-20,375,0,,78b5e3b6-f702-00d8-803b-31e3bab3a78f
24c79511-76fe-327c-3ee1-e982df6f99d4,Tracy Parker,1975-03-10,SYN-684-52-4480,45780,787,2025-06-29,366,0,,24c79511-76fe-327c-3ee1-e982df6f99d4
6a59f0e1-124b-3db8-11b1-ad852abd87f2,Samantha Foster,2003-07-01,SYN-737-18-6988,53104,749,2025-02-03,512,0,,6a59f0e1-124b-3db8-11b1-ad852abd87f2
3a78d52d-e0ee-26f7-cf34-4675436e7674,Brian Perkins,1986-12-25,SYN-949-14-7625,50908,780,2026-06-25,5,0,,3a78d52d-e0ee-26f7-cf34-4675436e7674
535ae9b4-72d3-0c44-0ee7-ecef6f949283,Stephanie Miller,1967-05-04,SYN-197-91-6567,103144,650,2025-05-19,407,0,,535ae9b4-72d3-0c44-0ee7-ecef6f949283
130fe3e6-c74a-d820-a4e6-49baf9970c94,Michael Rosario,1980-02-03,SYN-664-57-2085,42319,684,2025-06-03,392,0,,130fe3e6-c74a-d820-a4e6-49baf9970c94
5cb1bc73-0349-d902-2220-29631c633ffa,Robert Keith,2007-07-12,SYN-873-62-1539,45326,614,2026-04-25,66,0,,5cb1bc73-0349-d902-2220-29631c633ffa
087db9a7-4bef-faf5-d508-cd85dd00bd7a,Matthew Thompson,1991-04-20,SYN-235-47-9438,164050,708,2025-03-21,466,0,,087db9a7-4bef-faf5-d508-cd85dd00bd7a
1a71fbe1-64fd-96a0-b9b4-b9943e0775db,Charles Bush,1988-09-05,SYN-726-86-9841,61344,590,2026-03-18,104,0,,1a71fbe1-64fd-96a0-b9b4-b9943e0775db
a799a754-1a68-e148-171a-f11db7423b70,Aaron Thompson,1976-07-14,SYN-722-98-9760,66402,613,2026-01-27,154,0,,a799a754-1a68-e148-171a-f11db7423b70
4f7f9fd4-f7ff-81ec-e198-bd2f684b113d,Eddie Bailey,1984-08-03,SYN-617-29-4507,47523,830,2026-05-25,36,0,,4f7f9fd4-f7ff-81ec-e198-bd2f684b113d
fb78df87-61b3-3938-818e-bf1d294ff2bf,Juan Moore,1979-02-05,SYN-483-30-2805,69652,624,2026-06-11,19,0,,fb78df87-61b3-3938-818e-bf1d294ff2bf
58b4af6c-01d4-4f43-bf4c-98ea8089ef05,Anna Wheeler,1984-12-22,SYN-440-36-1521,47344,683,2025-07-14,351,0,,58b4af6c-01d4-4f43-bf4c-98ea8089ef05
a4601eec-8575-891b-1bed-ff2c996961d4,Joe Mendez PhD,1971-08-08,SYN-843-56-4640,51129,646,2026-03-27,95,0,,a4601eec-8575-891b-1bed-ff2c996961d4
be654af0-9eeb-1568-37cb-c36f65f94cc2,Angelica Mays,2007-05-02,SYN-682-19-7531,75319,531,2025-01-02,544,0,,be654af0-9eeb-1568-37cb-c36f65f94cc2
6d6c807a-4493-488d-2a37-ef2964cfafcf,Michael Barr,1996-06-24,SYN-104-36-2130,90333,752,2025-05-22,404,0,,6d6c807a-4493-488d-2a37-ef2964cfafcf
39934718-163c-40ce-676b-354600998ae4,Lori Roberson,1995-04-12,SYN-729-21-4004,37318,767,2025-11-08,234,0,,39934718-163c-40ce-676b-354600998ae4
795d37dc-fdf5-e83c-0784-c7dd08cbcf55,Melissa Nguyen DVM,1977-10-16,SYN-379-90-4617,25771,625,2026-04-09,82,0,,795d37dc-fdf5-e83c-0784-c7dd08cbcf55
eaf7f6a8-a922-cf19-b0b8-8efb809190c6,Jennifer Avila,1996-12-30,SYN-928-31-5867,72213,625,2025-05-16,410,0,,eaf7f6a8-a922-cf19-b0b8-8efb809190c6
09cc494d-19d2-7ae6-d39b-25a5ecb1484b,John Cook,1995-11-26,SYN-158-67-2781,51596,725,2025-11-27,215,0,,09cc494d-19d2-7ae6-d39b-25a5ecb1484b
a4b32511-8a23-3976-db11-71812ad337c1,Brian Daniel,1987-11-26,SYN-103-20-6785,61773,675,2025-02-07,508,0,,a4b32511-8a23-3976-db11-71812ad337c1
7dbdecf5-9ceb-bb9e-eb09-92b8daf069a7,Lisa Kaiser,1988-12-15,SYN-247-60-6462,60041,566,2025-08-14,320,0,,7dbdecf5-9ceb-bb9e-eb09-92b8daf069a7
a2713eb2-d41f-7172-ff8d-35380ea90da3,Jeremy Edwards,1991-11-09,SYN-830-72-6107,57277,777,2025-01-31,515,0,,a2713eb2-d41f-7172-ff8d-35380ea90da3
57ddcd4c-f22c-3b5a-f915-55cc86d83c6b,Brett Phillips,1974-05-14,SYN-240-69-3208,38208,629,2025-12-27,185,0,,57ddcd4c-f22c-3b5a-f915-55cc86d83c6b
fd95f507-541b-0082-91b3-188c821c1c5c,Stephen Cowan,1999-08-06,SYN-769-37-7909,34280,730,2025-06-26,369,0,,fd95f507-541b-0082-91b3-188c821c1c5c
d6e670a1-578f-1232-08fc-8c21c82f91a2,David Roach,1997-02-09,SYN-945-10-9418,15000,717,2025-10-26,247,0,,d6e670a1-578f-1232-08fc-8c21c82f91a2
0156340a-79d9-26af-1b52-6e05f363c2bc,Richard Morales,1999-06-08,SYN-874-14-1888,22415,696,2025-07-17,348,0,,0156340a-79d9-26af-1b52-6e05f363c2bc
5b53219b-54ae-5b9e-5fab-39db26c313e2,Jordan Williams,1987-03-19,SYN-134-66-4447,77453,727,2025-11-15,227,0,,5b53219b-54ae-5b9e-5fab-39db26c313e2
20670023-a54e-345d-f952-08701d6c1587,Rebecca Johnson,1977-05-25,SYN-461-75-9418,21916,741,2025-02-16,499,0,,20670023-a54e-345d-f952-08701d6c1587
723b6c07-7c98-2bc6-d91e-5d77d3d9c3e0,Joel Thomas,1993-07-16,SYN-459-50-2853,32291,657,2025-05-12,414,0,,723b6c07-7c98-2bc6-d91e-5d77d3d9c3e0
8d9e4db6-e155-ee85-e590-fdd6acd7b3ec,Dr. Kelly Hammond DVM,2007-10-07,SYN-379-13-4600,35889,664,2025-03-19,468,0,,8d9e4db6-e155-ee85-e590-fdd6acd7b3ec
c10a75ed-ce3e-bf95-9ccb-b16fc8bef158,Matthew Ruiz,1985-08-11,SYN-305-78-3539,60028,594,2025-09-05,298,0,,c10a75ed-ce3e-bf95-9ccb-b16fc8bef158
823efd2b-077e-4b60-6fed-6bc8b9e14777,Samantha Carter,1963-10-26,SYN-224-31-3641,73149,813,2026-03-08,114,0,,823efd2b-077e-4b60-6fed-6bc8b9e14777
bf44c292-217c-59da-8a25-f0c41a938cab,Amanda Pineda,1977-10-26,SYN-977-31-6139,52328,592,2025-07-04,361,0,,bf44c292-217c-59da-8a25-f0c41a938cab
cc0d4820-47b7-d7a0-965a-0c54ea22dac4,Kelli Shepard,1984-09-01,SYN-784-39-8519,38176,714,2025-05-19,407,0,,cc0d4820-47b7-d7a0-965a-0c54ea22dac4
7ab23a5a-ee52-2fc2-02e5-42776302aeb2,Janet Flowers,1986-09-25,SYN-914-43-5083,176076,725,2026-05-27,34,0,,7ab23a5a-ee52-2fc2-02e5-42776302aeb2
51cbf6fe-7f43-aa1d-80d7-7e067c2d1f42,Angela Parker,2005-10-26,SYN-809-66-4605,68034,751,2025-09-10,293,0,,51cbf6fe-7f43-aa1d-80d7-7e067c2d1f42
d0e7d968-8550-54d8-57b6-c0473e2daa99,Mckenzie Green,1974-03-25,SYN-706-48-3404,45373,718,2025-10-02,271,0,,d0e7d968-8550-54d8-57b6-c0473e2daa99
de809995-ad8d-6e1d-5bb2-e771bab76c4d,Kelly Liu,2004-05-19,SYN-744-77-6508,89490,709,2026-06-14,16,0,,de809995-ad8d-6e1d-5bb2-e771bab76c4d
6af31a69-56b2-c897-8bc2-e1359ee88bd7,Alicia Garner,2000-06-27,SYN-738-89-6990,26801,727,2026-02-05,145,0,,6af31a69-56b2-c897-8bc2-e1359ee88bd7
2b14f188-c9f4-8e82-a8cf-8b365d2e173d,Bradley Reyes,1992-09-05,SYN-443-46-1711,28261,698,2026-06-24,6,1,ring_0190,ring_0190
54a6c21c-a683-d95e-7616-d11539706316,Michelle Davis DVM,1992-03-12,SYN-373-41-3553,47261,710,2025-05-01,425,0,,54a6c21c-a683-d95e-7616-d11539706316
3565d2c4-86ab-78e3-aa84-8c0415388479,Troy Glenn,2002-05-31,SYN-690-46-6557,73440,646,2025-11-26,216,0,,3565d2c4-86ab-78e3-aa84-8c0415388479
3cfc22d6-14a1-f35e-419f-46e78cd112a9,Michael Neal,2007-01-26,SYN-413-48-1426,135132,604,2026-06-08,22,0,,3cfc22d6-14a1-f35e-419f-46e78cd112a9
4f89778e-9c9d-6ade-c38f-f28904ad70bd,Julia Long,2000-02-26,SYN-572-84-3873,32257,649,2026-03-08,114,0,,4f89778e-9c9d-6ade-c38f-f28904ad70bd
2d964dd6-fe0b-4704-7db6-a588fb5b5784,Luke Alexander,1974-12-15,SYN-282-47-1686,54537,654,2025-01-06,540,0,,2d964dd6-fe0b-4704-7db6-a588fb5b5784
c54730e9-d2a0-c4f1-8f94-c05bcc1722d6,Jennifer Goodwin,1967-12-03,SYN-849-77-8337,15000,727,2025-05-15,411,0,,c54730e9-d2a0-c4f1-8f94-c05bcc1722d6
fe61d2ee-a564-ada3-db06-58336951ae49,Darren Morris,1979-11-09,SYN-460-83-3342,84980,756,2026-02-08,142,0,,fe61d2ee-a564-ada3-db06-58336951ae49
c76c88fe-f509-cd46-8daa-fea7f4fe2722,Stephanie Williams,1990-06-27,SYN-765-81-8225,62390,559,2026-05-22,39,0,,c76c88fe-f509-cd46-8daa-fea7f4fe2722
b937cd87-37ce-b1be-2c33-c19b7ac33d35,Maria Henry,1971-11-08,SYN-248-70-2070,65970,531,2026-02-02,148,0,,b937cd87-37ce-b1be-2c33-c19b7ac33d35
be13fdc2-f80c-982a-a5e3-acf76bfdf44d,Michael Norton,1972-12-26,SYN-179-61-7861,77883,781,2026-04-15,76,0,,be13fdc2-f80c-982a-a5e3-acf76bfdf44d
a9cd4117-4c81-9d70-aaad-c40211471b80,Donna Stanton,1990-12-01,SYN-716-15-2338,66489,505,2025-10-26,247,0,,a9cd4117-4c81-9d70-aaad-c40211471b80
470ee578-fad8-0579-8a96-95966e679957,Bianca Kim,1981-04-05,SYN-384-39-9924,167373,808,2025-12-23,189,0,,470ee578-fad8-0579-8a96-95966e679957
42912564-287d-0894-3e3f-f1b508f4f501,Brenda Mcdaniel,1988-09-30,SYN-421-77-1912,32751,635,2026-04-01,90,1,ring_0011,ring_0011
460c1852-1fe9-941b-7e3b-599d95c07fea,Patty Perez,2001-04-11,SYN-133-22-5993,143252,689,2025-12-27,185,0,,460c1852-1fe9-941b-7e3b-599d95c07fea
3b28afaa-b5f3-d2fd-adbe-3149e91f796d,Linda Atkinson,1991-02-22,SYN-535-71-5964,120103,716,2025-12-04,208,0,,3b28afaa-b5f3-d2fd-adbe-3149e91f796d
7222470f-a049-551f-9f07-8d570e465f75,Kenneth Sharp,2000-01-29,SYN-250-49-5784,128574,578,2025-05-08,418,0,,7222470f-a049-551f-9f07-8d570e465f75
2afaa387-e17e-6334-4b41-94ebb04c5df1,Sandra Guzman,1991-10-02,SYN-577-54-6360,44171,588,2025-04-07,449,1,ring_0134,ring_0134
58b98d1e-66e1-3b2d-c19d-c8434106c4a5,Parker Knight,1978-03-15,SYN-200-67-6484,68830,739,2026-06-16,14,0,,58b98d1e-66e1-3b2d-c19d-c8434106c4a5
10afcb55-0e5b-27e9-57f1-5416eb96ae78,Clayton May,1978-03-03,SYN-444-15-3055,95211,681,2025-04-16,440,0,,10afcb55-0e5b-27e9-57f1-5416eb96ae78
21d32e73-36f0-60d0-d023-7d8906a505f2,Christine Jennings,1987-12-16,SYN-587-36-8212,61984,781,2026-02-09,141,0,,21d32e73-36f0-60d0-d023-7d8906a505f2
fadc6774-8969-b51e-4403-0a9c4d5bd612,Casey Obrien,2008-04-14,SYN-157-96-3020,44555,640,2025-10-31,242,0,,fadc6774-8969-b51e-4403-0a9c4d5bd612
beaad25f-502a-9021-4531-ba0746df4461,Jennifer Roman,1991-11-09,SYN-184-77-6530,17313,671,2025-03-10,477,0,,beaad25f-502a-9021-4531-ba0746df4461
d1f23674-2dd2-6e59-fad6-82663ead1d19,Mark Rojas,1973-04-18,SYN-603-99-5443,28629,647,2025-08-15,319,1,ring_0028,ring_0028
802094ae-4b1e-3cc2-c846-be83f7278534,Rhonda Harris,1975-10-30,SYN-548-74-8654,112050,835,2025-06-28,367,1,ring_0130,ring_0130
e426c1bd-6f8d-fa09-5a65-8690ca1e9e7e,Marie Christian,1972-07-31,SYN-314-71-7723,57310,601,2025-04-27,429,0,,e426c1bd-6f8d-fa09-5a65-8690ca1e9e7e
11471475-e91b-645a-4571-8479b3e05c6b,Frederick Mejia,1979-04-27,SYN-776-29-9806,136204,706,2026-02-18,132,0,,11471475-e91b-645a-4571-8479b3e05c6b
b7730555-8c25-e107-3ba4-78b6a4bc7261,Mr. Scott Miller,1994-08-18,SYN-215-27-9128,76221,625,2025-07-03,362,0,,b7730555-8c25-e107-3ba4-78b6a4bc7261
97a8263f-697c-4cb0-a40c-bf5d3d1578d5,Monica Brooks,2002-10-19,SYN-285-78-6272,52826,633,2026-03-03,119,0,,97a8263f-697c-4cb0-a40c-bf5d3d1578d5
712ff41e-bd1d-c136-aa69-f89fff19ab89,Juan Keller MD,1974-01-08,SYN-870-33-3157,78792,709,2025-09-10,293,0,,712ff41e-bd1d-c136-aa69-f89fff19ab89
e8cc9971-a13e-4cef-8624-48d09730b1c9,Christian Vaughn,1965-10-13,SYN-457-63-8418,50713,776,2025-05-22,404,0,,e8cc9971-a13e-4cef-8624-48d09730b1c9
90ec3de6-44cc-a525-3c5d-58a1bae66dd1,Melinda Mitchell,1987-11-26,SYN-996-31-6069,32602,788,2026-01-15,166,0,,90ec3de6-44cc-a525-3c5d-58a1bae66dd1
94a17ba6-2822-6dda-f511-a6f34632bdba,Lisa Bridges,1973-12-04,SYN-530-17-6406,21685,725,2025-02-14,501,0,,94a17ba6-2822-6dda-f511-a6f34632bdba
753ca165-4808-f162-a2ae-d8a3a2146822,Tracey Hogan,1995-02-01,SYN-748-35-2371,96568,678,2026-06-30,0,0,,753ca165-4808-f162-a2ae-d8a3a2146822
eed73795-a292-cea3-d5c7-15e8a137d474,Chad Flores,1998-07-05,SYN-212-25-7133,52590,582,2025-03-30,457,0,,eed73795-a292-cea3-d5c7-15e8a137d474
87aacf4c-fd9e-27ee-b15c-5b4067d32f14,John Collins,1988-11-21,SYN-857-74-3125,82149,751,2025-10-04,269,0,,87aacf4c-fd9e-27ee-b15c-5b4067d32f14
29adeb3c-9697-c3dc-a696-33d8a2653e22,Nicholas Rasmussen,1983-06-15,SYN-714-58-7812,126777,713,2026-02-03,147,0,,29adeb3c-9697-c3dc-a696-33d8a2653e22
490c9048-dcb4-f7e6-7cb8-446c0d9b1fc5,Julia Johnston,1975-05-16,SYN-134-72-5313,29536,609,2025-01-21,525,0,,490c9048-dcb4-f7e6-7cb8-446c0d9b1fc5
d199a5fc-e388-d66a-ee26-8d57c746230e,Jennifer Nichols,1996-12-23,SYN-911-96-1440,98062,687,2026-02-10,140,0,,d199a5fc-e388-d66a-ee26-8d57c746230e
110fabdc-cc08-688a-804e-c062e6104c9d,Jesse Poole,1984-12-23,SYN-245-48-6511,59776,683,2025-08-19,315,0,,110fabdc-cc08-688a-804e-c062e6104c9d
c9fea6f8-5a89-75e8-ce93-5b1674212502,Mitchell Jordan,1973-11-22,SYN-711-15-8411,46292,676,2025-07-10,355,0,,c9fea6f8-5a89-75e8-ce93-5b1674212502
6ff857cc-e0a3-6de5-7bd9-9c5a504f8d0c,Melanie Drake,2002-05-22,SYN-745-91-5672,170776,642,2025-03-22,465,0,,6ff857cc-e0a3-6de5-7bd9-9c5a504f8d0c
46a6c1c5-1bc9-0efe-93bf-5140200e5eae,Christopher Ayala,1961-12-01,SYN-171-18-4643,33035,621,2025-12-28,184,0,,46a6c1c5-1bc9-0efe-93bf-5140200e5eae
6097cbe8-15fc-bcb4-2ca6-3e07088f4e7b,Randall Bright,1976-03-27,SYN-684-15-3772,18446,622,2026-04-18,73,1,ring_0030,ring_0030
706f6cb8-a7a9-0624-23cf-096377dd7622,Elizabeth Brock,1993-06-25,SYN-475-41-4683,105996,627,2025-05-04,422,0,,706f6cb8-a7a9-0624-23cf-096377dd7622
b8912493-3593-a529-b9f4-c73cb1545228,Isaiah Terry,1991-09-24,SYN-978-34-2755,109007,737,2025-08-25,309,0,,b8912493-3593-a529-b9f4-c73cb1545228
836b9db3-0859-f866-445f-4a1be98e4ddf,Elizabeth Ruiz,1997-10-16,SYN-936-56-8959,30933,613,2025-02-25,490,0,,836b9db3-0859-f866-445f-4a1be98e4ddf
e32cb1ee-8087-d69a-da07-91259734228a,Kim Beltran,1965-11-25,SYN-366-93-2990,41462,577,2025-05-25,401,0,,e32cb1ee-8087-d69a-da07-91259734228a
3c528791-0cf8-4298-657e-e7c5bbdd9972,Krista Hoffman,1974-12-18,SYN-441-58-4230,151021,743,2025-04-24,432,1,ring_0023,ring_0023
e9fdd9af-430b-3942-374e-588eae19a811,Lori Valentine,2005-07-04,SYN-396-14-5817,106134,730,2026-06-23,7,0,,e9fdd9af-430b-3942-374e-588eae19a811
249063b7-5105-3b0e-3b9a-3ca5b7ba4364,Gloria Mckinney,1991-09-21,SYN-466-38-8401,52082,562,2026-04-07,84,0,,249063b7-5105-3b0e-3b9a-3ca5b7ba4364
6592896a-b838-e5db-54c4-d840193c467a,Ryan Gonzalez,1979-10-28,SYN-631-13-2048,27746,703,2026-02-07,143,0,,6592896a-b838-e5db-54c4-d840193c467a
e00f111c-0a75-897e-f1a4-467d5a5be248,Dale Ryan,1981-12-21,SYN-217-85-6126,100406,674,2025-11-03,239,0,,e00f111c-0a75-897e-f1a4-467d5a5be248
5e370eea-b931-f45a-8993-380541f3d9d5,Patricia Harvey,1979-01-16,SYN-155-30-1278,72615,668,2025-06-18,377,0,,5e370eea-b931-f45a-8993-380541f3d9d5
db64abf0-2a29-58ae-9aeb-068d03542f7a,Joshua Leonard,1999-09-19,SYN-683-53-6721,25202,478,2025-09-10,293,0,,db64abf0-2a29-58ae-9aeb-068d03542f7a
500dd829-7b82-dab6-b213-03d89c5f9743,Juan Nichols,1984-08-14,SYN-934-51-1713,70024,716,2025-01-02,544,0,,500dd829-7b82-dab6-b213-03d89c5f9743
cc8803a1-e67c-f0bd-1dcf-9b2b66fbf14b,John Moore,2000-12-18,SYN-870-80-9021,138954,802,2026-05-31,30,0,,cc8803a1-e67c-f0bd-1dcf-9b2b66fbf14b
18949b15-0df2-1dfe-aa25-f729dd4e9c20,Jose York,2001-06-28,SYN-857-89-3985,40341,823,2026-06-03,27,1,ring_0007,ring_0007
f1b4e62a-f65f-aff8-949d-90e3bc3b7b6b,Jamie Lindsey,1980-08-21,SYN-368-71-9452,40270,640,2025-05-10,416,0,,f1b4e62a-f65f-aff8-949d-90e3bc3b7b6b
8f48b9b7-275e-a0c7-d5fb-1835df1615b2,Felicia Gordon,1981-10-14,SYN-706-10-3614,35547,690,2025-10-09,264,0,,8f48b9b7-275e-a0c7-d5fb-1835df1615b2
656ab0f4-7745-18f3-f439-a3b8a7ed741c,Kristin Herman,1991-09-19,SYN-475-42-5458,59142,766,2025-05-13,413,0,,656ab0f4-7745-18f3-f439-a3b8a7ed741c
7163cde9-b69d-d56f-ad7f-304044451f0e,Thomas Miller,1977-07-22,SYN-739-50-5927,37942,695,2026-03-31,91,1,ring_0106,ring_0106
ca2ab59d-56f1-c42b-401e-11f8bee62ed7,Eric Clark,1984-07-12,SYN-508-72-1594,27966,703,2025-12-03,209,0,,ca2ab59d-56f1-c42b-401e-11f8bee62ed7
76da7c09-9394-31bd-1626-249e667d3cad,Allison Cowan,1984-03-24,SYN-862-12-6672,30445,682,2025-03-24,463,0,,76da7c09-9394-31bd-1626-249e667d3cad
c20b3f73-9b1e-abb6-f6f1-f74d96e3c50c,Connor Benton,1998-08-14,SYN-969-29-4849,29983,627,2025-09-14,289,0,,c20b3f73-9b1e-abb6-f6f1-f74d96e3c50c
57f8f5b7-b671-5e3a-632a-a267f287f7e3,Robert Stewart,1989-01-26,SYN-544-54-5050,39633,637,2025-02-26,489,0,,57f8f5b7-b671-5e3a-632a-a267f287f7e3
f86e2eab-700f-a007-f979-caf8a25b95ad,Rachel Warren,1983-06-24,SYN-700-69-2466,49032,651,2026-02-15,135,0,,f86e2eab-700f-a007-f979-caf8a25b95ad
ea1b49e2-30bd-c16e-fbe0-d20eab916b5f,Judith Myers,1981-10-17,SYN-777-77-7776,73399,738,2025-04-11,445,0,,ea1b49e2-30bd-c16e-fbe0-d20eab916b5f
a2c79092-f50d-5543-dc84-e1f357bcb113,Diane Hughes,1986-03-07,SYN-996-33-9160,37326,769,2025-11-25,217,0,,a2c79092-f50d-5543-dc84-e1f357bcb113
2255e2c0-045f-72f0-a704-b342314f393e,Christopher Cain,1987-09-24,SYN-770-81-2426,37914,751,2025-02-13,502,0,,2255e2c0-045f-72f0-a704-b342314f393e
398acb5a-7f40-313c-dc55-b8624e816207,Jean Lane,1989-10-26,SYN-378-53-9618,26789,639,2025-05-08,418,0,,398acb5a-7f40-313c-dc55-b8624e816207
25aa8692-dfb9-7bfb-9bf8-33069d197e4b,Nancy Allen,1968-10-19,SYN-119-29-6394,58501,740,2026-05-15,46,0,,25aa8692-dfb9-7bfb-9bf8-33069d197e4b
a8101f49-8d91-7c25-b1c1-1bb4881ec029,Christopher Butler,1982-07-28,SYN-992-48-2836,98083,722,2025-06-27,368,0,,a8101f49-8d91-7c25-b1c1-1bb4881ec029
f5c33fcc-d6d1-4323-6da6-9abc0dcd5c8d,Jeffrey Wallace,1985-05-30,SYN-462-11-9160,95629,708,2025-10-09,264,0,,f5c33fcc-d6d1-4323-6da6-9abc0dcd5c8d
0484ddc3-306c-0a8e-ef6f-ae0590fec74f,Valerie Reyes,1995-01-04,SYN-985-36-9121,25831,607,2025-05-27,399,0,,0484ddc3-306c-0a8e-ef6f-ae0590fec74f
9835be86-b223-64ce-ca2c-c3a6e06e8da6,Andrew Cortez,1983-06-17,SYN-168-34-5332,54972,671,2025-10-03,270,0,,9835be86-b223-64ce-ca2c-c3a6e06e8da6
f8a46d32-ae2c-d965-ca25-c17b6dc572fc,Devon Davis,1988-02-23,SYN-261-66-5356,199035,705,2025-03-04,483,0,,f8a46d32-ae2c-d965-ca25-c17b6dc572fc
01da2fc7-4581-5a0b-d615-70b9d8369e95,Kimberly Nunez,1987-10-14,SYN-632-10-4150,205169,579,2026-03-24,98,0,,01da2fc7-4581-5a0b-d615-70b9d8369e95
ed4d4eb8-927f-6491-af09-954c29704288,Charles Roberts,1997-02-20,SYN-390-77-6717,68236,809,2025-11-01,241,0,,ed4d4eb8-927f-6491-af09-954c29704288
bfbf3615-df75-5e64-cb87-b8484c619c7f,Heather Ball,1980-03-29,SYN-651-95-3060,58870,747,2025-08-05,329,0,,bfbf3615-df75-5e64-cb87-b8484c619c7f
6574a207-7e7b-882f-6d6e-2e4129135f14,Krystal Jones,1974-12-24,SYN-878-85-8386,44003,553,2026-06-25,5,0,,6574a207-7e7b-882f-6d6e-2e4129135f14
bd98fdfb-5db3-969d-3450-acdd01c291cf,Amanda Hart DVM,1988-06-12,SYN-823-62-6303,35005,550,2026-06-04,26,0,,bd98fdfb-5db3-969d-3450-acdd01c291cf
d0524f0b-a5b3-4afe-3275-5e78ff6a3bb9,Kathryn Chavez,1975-09-16,SYN-422-30-8325,33216,637,2026-02-10,140,0,,d0524f0b-a5b3-4afe-3275-5e78ff6a3bb9
42bb1edf-c3f2-fb12-562f-f6b0d5195584,Latoya Nelson,1982-01-18,SYN-607-60-9390,66679,789,2025-03-26,461,0,,42bb1edf-c3f2-fb12-562f-f6b0d5195584
aec1d745-adcc-b72c-199d-3f746fdf4799,Jennifer Little,1973-11-17,SYN-813-66-9564,51148,691,2025-05-17,409,0,,aec1d745-adcc-b72c-199d-3f746fdf4799
1f31e0c5-7736-796e-26cd-4be4ea50754d,Rachel Norris,2008-05-27,SYN-376-85-4808,70599,756,2026-03-16,106,0,,1f31e0c5-7736-796e-26cd-4be4ea50754d
54a566f6-a065-7d63-19be-937c7c6c5782,Nicolas James,1971-06-28,SYN-763-30-7302,28980,717,2025-11-01,241,0,,54a566f6-a065-7d63-19be-937c7c6c5782
f2d43d9e-b65d-62f5-f173-cd0144773b6e,Laura Steele,1989-12-11,SYN-712-17-1310,98430,774,2026-01-08,173,1,ring_0145,ring_0145
86ec6009-a3f3-8782-b20b-61b02fb5864c,Amy Patterson,1964-06-09,SYN-481-89-3227,20288,704,2025-05-27,399,1,ring_0068,ring_0068
01b61ed1-1e07-7d59-d987-f30c637d1c04,Michael Graham,2004-02-29,SYN-336-39-9236,64494,712,2025-03-14,473,0,,01b61ed1-1e07-7d59-d987-f30c637d1c04
4b34d7b7-2afe-f9a6-1964-3c57c6c84cf8,Vanessa Coleman,1996-01-09,SYN-167-76-2995,60967,698,2026-06-26,4,0,,4b34d7b7-2afe-f9a6-1964-3c57c6c84cf8
630b7865-1680-8230-7de0-0281789bb91f,Ashley Hall,1977-12-01,SYN-636-29-8130,31780,667,2025-11-21,221,0,,630b7865-1680-8230-7de0-0281789bb91f
0c94b586-9511-20b5-c589-7ee0017bd28f,Danielle Carter,1978-12-24,SYN-555-89-5677,77025,756,2025-01-13,533,0,,0c94b586-9511-20b5-c589-7ee0017bd28f
67f9fe62-5534-9f04-28d3-fd5f4739c500,Steven Mayo,1957-10-24,SYN-162-53-2593,31209,715,2025-07-25,340,0,,67f9fe62-5534-9f04-28d3-fd5f4739c500
07afbd76-d447-02f8-4ff4-286dd16b2b41,Anthony Berg,1989-03-17,SYN-907-56-4459,32336,658,2025-10-19,254,0,,07afbd76-d447-02f8-4ff4-286dd16b2b41
a2bb9800-384f-360e-5d65-24dfdeae62ae,Jesse Murphy,1981-11-09,SYN-507-95-5162,175062,701,2025-08-24,310,0,,a2bb9800-384f-360e-5d65-24dfdeae62ae
6448f7ca-1ce8-ceec-d3a6-1ba1ccf99428,Erica Rose,1985-01-05,SYN-729-82-2380,35280,723,2026-05-24,37,0,,6448f7ca-1ce8-ceec-d3a6-1ba1ccf99428
bdf3a2fd-75a0-0a28-414d-0a726c46c3d2,Adam Taylor,1970-10-31,SYN-953-51-9810,26804,757,2025-12-08,204,0,,bdf3a2fd-75a0-0a28-414d-0a726c46c3d2
b3536fe7-b71e-b74c-2eb5-4cd09927e976,Douglas Oliver,1989-05-28,SYN-501-99-4910,77743,573,2025-04-09,447,0,,b3536fe7-b71e-b74c-2eb5-4cd09927e976
906c7be8-77ef-1e9d-0856-583cc89cb7ca,Brian Cervantes,1989-08-21,SYN-539-69-7586,32146,662,2026-06-13,17,0,,906c7be8-77ef-1e9d-0856-583cc89cb7ca
670d5f6b-55a2-8a21-2f2e-7d0741563b8a,Michelle Wilson,2007-11-27,SYN-636-25-6944,39298,597,2025-10-19,254,0,,670d5f6b-55a2-8a21-2f2e-7d0741563b8a
ae4db52c-d748-1884-a64e-43ae390c98cd,Sherri Baker,1982-02-18,SYN-985-55-7624,39917,713,2025-04-17,439,0,,ae4db52c-d748-1884-a64e-43ae390c98cd
205f18f7-f2f5-52bd-caa5-3198d25030ad,Colleen Blanchard,1976-09-15,SYN-905-91-8024,96897,594,2025-10-31,242,0,,205f18f7-f2f5-52bd-caa5-3198d25030ad
ac37b177-6387-ec51-8a7d-0b4174382856,Stephanie Salinas,1974-08-16,SYN-265-29-1306,27444,608,2025-09-26,277,0,,ac37b177-6387-ec51-8a7d-0b4174382856
5c9c7eb5-ac4e-db77-3484-0c695e7479f0,Leslie Moody,1992-04-05,SYN-319-52-6748,44378,618,2025-03-09,478,0,,5c9c7eb5-ac4e-db77-3484-0c695e7479f0
b7fdc5a4-77c3-2ef6-e207-76881fe50f64,Mrs. Amanda Kelley DDS,1980-08-24,SYN-677-37-9647,167063,723,2026-04-06,85,0,,b7fdc5a4-77c3-2ef6-e207-76881fe50f64
324349fb-b7c5-bcf9-b8bb-69e298d3c2b9,Francis Walker,1992-08-28,SYN-250-19-6778,70668,660,2026-02-21,129,0,,324349fb-b7c5-bcf9-b8bb-69e298d3c2b9
1ce237b2-1bbd-0344-65c8-7b513ed72e0d,Donald Mays,1982-01-19,SYN-337-66-9989,60813,699,2025-12-15,197,0,,1ce237b2-1bbd-0344-65c8-7b513ed72e0d
907ca2d2-89bd-1010-85bb-471458d684f5,Taylor Taylor,1975-07-29,SYN-466-41-5894,39583,666,2025-02-08,507,0,,907ca2d2-89bd-1010-85bb-471458d684f5
a6dfc1bb-0842-7127-7190-90b7c1ce610c,Sean Curtis,1980-10-08,SYN-678-43-4324,103850,759,2026-04-26,65,0,,a6dfc1bb-0842-7127-7190-90b7c1ce610c
546f6b05-4c36-3a8e-6c20-16c672296afd,Valerie Sharp,1982-09-05,SYN-263-44-1407,51790,609,2025-09-04,299,0,,546f6b05-4c36-3a8e-6c20-16c672296afd
7dadf563-d02f-47a1-a5e3-eaf00dc9a6ec,Erika Alvarez,1978-09-27,SYN-560-83-8604,68386,683,2026-04-20,71,0,,7dadf563-d02f-47a1-a5e3-eaf00dc9a6ec
474486c9-5f49-8d65-4115-a1a722967912,William Mason,1993-10-28,SYN-893-52-7005,120842,665,2025-02-05,510,0,,474486c9-5f49-8d65-4115-a1a722967912
5200e32a-172a-2b54-80c5-90abeb67b020,Mary Parks,1994-05-03,SYN-124-94-8984,41950,642,2025-08-25,309,0,,5200e32a-172a-2b54-80c5-90abeb67b020
63dc8433-b18f-3c89-aa96-9b2b0c7c8be2,David Cooper,2000-03-28,SYN-209-66-3468,21412,613,2025-08-05,329,0,,63dc8433-b18f-3c89-aa96-9b2b0c7c8be2
cc660076-edb8-61d4-e246-e5e31aaa317e,Meagan Smith,1981-03-28,SYN-528-19-4459,31890,788,2025-09-19,284,0,,cc660076-edb8-61d4-e246-e5e31aaa317e
5e8c78ca-2f56-a26c-05ca-9b1afa0c1f79,Laura Benson,1979-01-05,SYN-811-62-3009,22576,630,2025-02-06,509,0,,5e8c78ca-2f56-a26c-05ca-9b1afa0c1f79
9c8193e6-5768-e51e-b769-3f3106fb9211,Andrew Jacobs,1971-03-31,SYN-446-44-5676,18168,637,2025-09-01,302,0,,9c8193e6-5768-e51e-b769-3f3106fb9211
31727e5f-3562-378e-7006-24fe719b11b4,Samuel Carpenter,1991-04-14,SYN-502-59-6288,45636,711,2025-12-04,208,1,ring_0159,ring_0159
54a9cad0-5bb7-fa75-b9eb-7f6093862663,Nicholas Payne,1982-06-27,SYN-532-49-3471,96584,804,2025-04-07,449,0,,54a9cad0-5bb7-fa75-b9eb-7f6093862663
0ac990ef-eb4c-98a0-7dd4-3b9861611e09,Ronald Clark,1981-01-01,SYN-872-34-6539,77419,662,2025-10-16,257,0,,0ac990ef-eb4c-98a0-7dd4-3b9861611e09
44275d3c-ace7-8839-cb59-a8e3c2c33d4c,Justin Stone,1978-07-13,SYN-152-33-1524,57492,720,2026-06-20,10,0,,44275d3c-ace7-8839-cb59-a8e3c2c33d4c
e06d85b1-9be3-d590-c482-8fbe3b393915,Mr. Larry Shaw,1991-10-19,SYN-511-79-2687,93142,751,2025-08-05,329,0,,e06d85b1-9be3-d590-c482-8fbe3b393915
4c36ecde-5276-222e-40f6-c56a3d02a7c1,Jack Garcia,1999-11-18,SYN-664-31-5876,47301,620,2026-01-03,178,0,,4c36ecde-5276-222e-40f6-c56a3d02a7c1
3248cd79-c92f-7b4a-2d05-98329489331b,Kevin Nguyen,1988-02-25,SYN-863-57-4680,50113,668,2025-10-18,255,0,,3248cd79-c92f-7b4a-2d05-98329489331b
a9cce4e4-2ad1-aed5-566d-8d915225c7f3,Juan Evans,2004-01-06,SYN-437-81-5092,39156,741,2025-01-12,534,0,,a9cce4e4-2ad1-aed5-566d-8d915225c7f3
dac89842-f8cc-96c9-c77e-9cf9af69a428,Johnny Blanchard,1991-11-20,SYN-181-98-4455,35445,616,2026-04-03,88,1,ring_0044,ring_0044
cea45fa3-afef-0408-45fa-6d7c949b892c,Wanda Conley,1990-10-30,SYN-871-77-6643,74181,710,2025-05-22,404,0,,cea45fa3-afef-0408-45fa-6d7c949b892c
ae5c5609-cc88-3d3c-5999-14e618bca503,Paul Saunders,2002-09-06,SYN-716-62-1033,67985,699,2026-01-05,176,0,,ae5c5609-cc88-3d3c-5999-14e618bca503
74c3a5dd-0da9-8307-d742-092862c602e2,Teresa Obrien,1998-08-17,SYN-902-14-4605,31968,781,2025-01-21,525,0,,74c3a5dd-0da9-8307-d742-092862c602e2
7d650d97-ad38-04b3-3e82-1799f3c29502,Clifford Murphy DVM,1986-11-15,SYN-609-20-8883,112351,710,2025-12-09,203,0,,7d650d97-ad38-04b3-3e82-1799f3c29502
1cf60fd4-acbb-7323-3ebb-acfc1c2947a1,Valerie Morgan,1998-04-25,SYN-274-84-2831,64572,743,2026-02-10,140,0,,1cf60fd4-acbb-7323-3ebb-acfc1c2947a1
1e512c3a-6efa-b8db-f0a2-dfd32cb9d946,Angie Henderson,1988-11-21,SYN-730-41-1611,66357,612,2025-09-03,300,0,,1e512c3a-6efa-b8db-f0a2-dfd32cb9d946
9e337b67-7a2e-2a51-0fc7-149818078959,Susan Barnes,1979-10-06,SYN-101-25-8649,72201,704,2025-06-23,372,0,,9e337b67-7a2e-2a51-0fc7-149818078959
8d36e105-2b5c-9be0-b22b-5855c5727013,Sydney Welch,2000-12-29,SYN-130-99-2872,53300,578,2025-10-20,253,0,,8d36e105-2b5c-9be0-b22b-5855c5727013
56879e48-9fc5-4c1d-ef38-593b6a7a1e65,Brittany Jenkins,1972-08-09,SYN-222-93-4700,37925,683,2026-03-04,118,0,,56879e48-9fc5-4c1d-ef38-593b6a7a1e65
9891c3d6-9afb-ddd2-3936-e8aa50208844,Melissa Lee MD,1985-04-09,SYN-713-56-4983,61464,789,2026-03-12,110,0,,9891c3d6-9afb-ddd2-3936-e8aa50208844
16756804-bc4d-acad-ad35-783b6b3f9ae8,Bradley Wallace,2003-06-06,SYN-967-55-2213,59951,705,2026-06-23,7,0,,16756804-bc4d-acad-ad35-783b6b3f9ae8
d05930a4-55a1-2d80-0272-0e793492d90c,Erin Watkins,2007-08-07,SYN-567-93-1020,20023,481,2025-08-25,309,0,,d05930a4-55a1-2d80-0272-0e793492d90c
78c3e194-b38a-28dd-3e23-71980b045675,Dennis Santana,1992-07-07,SYN-171-42-8514,142552,685,2025-03-07,480,0,,78c3e194-b38a-28dd-3e23-71980b045675
fa18e8fb-f1ff-04c4-00e1-740aee0e7cb4,Jennifer Cooper,1988-04-13,SYN-902-88-3506,37834,734,2026-03-22,100,0,,fa18e8fb-f1ff-04c4-00e1-740aee0e7cb4
539d4145-1b64-382c-d17b-f268c7b697e7,Elizabeth Butler,1984-03-15,SYN-503-54-9145,69227,728,2025-11-15,227,0,,539d4145-1b64-382c-d17b-f268c7b697e7
31ebce66-81a4-803a-8cb2-6ae5fd1c6711,Martin Fritz,1976-01-28,SYN-521-48-9060,26877,652,2026-03-14,108,1,ring_0198,ring_0198
e0e6bdc8-b22c-fad4-9feb-a9334e43a7bf,Molly Jackson,2003-10-15,SYN-862-10-2965,41078,746,2025-01-05,541,0,,e0e6bdc8-b22c-fad4-9feb-a9334e43a7bf
8a5fe406-5c72-df17-110b-836a687fc9c4,Andrea Oconnor,1974-02-28,SYN-224-52-6486,45186,723,2025-07-06,359,0,,8a5fe406-5c72-df17-110b-836a687fc9c4
d25ca724-11a9-3e80-6847-07502ed094ea,Christian Dawson,1962-11-16,SYN-854-39-5144,58436,814,2026-03-24,98,0,,d25ca724-11a9-3e80-6847-07502ed094ea
60b1840d-b6eb-291b-1a10-1733ac2ebfc7,Susan Baldwin,1987-11-13,SYN-705-97-9309,40170,579,2025-04-12,444,0,,60b1840d-b6eb-291b-1a10-1733ac2ebfc7
fc9c4aed-8f2b-2729-e41f-c52f4d698810,Elizabeth Key,1983-03-19,SYN-970-49-3774,76442,671,2025-04-05,451,0,,fc9c4aed-8f2b-2729-e41f-c52f4d698810
92e87bad-62d6-d77f-1bb7-d8c015672e92,Sarah Bush,1978-02-07,SYN-553-69-8993,58736,641,2025-04-04,452,0,,92e87bad-62d6-d77f-1bb7-d8c015672e92
d201f7ae-e2b5-942b-b83d-174ce953f363,Greg Dyer,1993-02-02,SYN-710-70-8219,50223,764,2026-04-07,84,0,,d201f7ae-e2b5-942b-b83d-174ce953f363
96117168-4679-9bdd-07f1-d5a05bd8bfa5,Eugene Price,1990-01-18,SYN-806-26-1486,69642,650,2025-12-22,190,0,,96117168-4679-9bdd-07f1-d5a05bd8bfa5
8a5ccfb2-3961-bfd5-ee1a-93b164442a38,Tammy Cameron,1987-04-24,SYN-129-12-3054,20843,651,2026-01-16,165,0,,8a5ccfb2-3961-bfd5-ee1a-93b164442a38
e14e8545-e930-1363-7e16-d77af22d83b6,Amanda Harvey,1996-12-10,SYN-546-79-9198,39100,727,2025-04-27,429,0,,e14e8545-e930-1363-7e16-d77af22d83b6
c471d392-cb94-3b84-e7fd-b9b002edf708,Shaun Wood,1986-04-10,SYN-290-87-4131,65505,723,2025-06-09,386,0,,c471d392-cb94-3b84-e7fd-b9b002edf708
626b6c7d-5fb3-3c70-1819-225ad805b118,Aaron Schroeder,1977-06-15,SYN-843-70-1766,66116,602,2026-06-08,22,0,,626b6c7d-5fb3-3c70-1819-225ad805b118
260cb88a-3825-3132-c835-e23253e3ba80,Charles Cervantes,1992-01-09,SYN-315-92-6535,23573,714,2026-03-06,116,0,,260cb88a-3825-3132-c835-e23253e3ba80
27bb66ad-cc4c-b133-4d47-527b6f7ca467,Claudia Brooks,1980-11-28,SYN-128-33-6184,102203,685,2026-03-27,95,0,,27bb66ad-cc4c-b133-4d47-527b6f7ca467
053f72d1-99bc-f7b9-15a5-c957df57f27a,Holly Scott,1990-05-26,SYN-614-60-9231,89830,706,2026-04-27,64,0,,053f72d1-99bc-f7b9-15a5-c957df57f27a
59946d40-3265-0010-d4ab-7915326d4bf1,Jeffrey Petersen,1980-05-04,SYN-537-69-8016,79807,593,2025-02-25,490,0,,59946d40-3265-0010-d4ab-7915326d4bf1
ad0da81f-5034-db5e-62e5-2b7a292a561a,Christian Shelton,1990-04-11,SYN-313-19-4914,42898,630,2025-09-23,280,0,,ad0da81f-5034-db5e-62e5-2b7a292a561a
6fb761b3-7c87-5c28-75e0-d0cb2a6a6eba,Janet Graves,1991-02-20,SYN-800-12-5395,45873,747,2025-04-11,445,0,,6fb761b3-7c87-5c28-75e0-d0cb2a6a6eba
f99c64d8-1589-f058-6681-391f200462d1,Vincent Huynh,1989-04-27,SYN-622-33-9749,50677,681,2025-11-29,213,0,,f99c64d8-1589-f058-6681-391f200462d1
a54f2ff6-f5e8-10a3-1716-e196eb6cf280,Aaron Black,1975-02-27,SYN-732-59-7199,75616,647,2026-02-18,132,0,,a54f2ff6-f5e8-10a3-1716-e196eb6cf280
45887902-5ddd-5ccf-dab1-d65489ebbae2,Bryan Griffith,1988-11-10,SYN-503-53-8586,37117,638,2025-05-11,415,0,,45887902-5ddd-5ccf-dab1-d65489ebbae2
c1d7d8c0-f4fa-65ce-36f0-a8b97a9c1781,Jill Reynolds,1982-07-20,SYN-551-95-1280,38975,670,2025-03-02,485,0,,c1d7d8c0-f4fa-65ce-36f0-a8b97a9c1781
1419572c-2520-55bb-1275-6a8063352597,Matthew Miles,2000-01-26,SYN-630-70-5974,33950,773,2026-01-22,159,0,,1419572c-2520-55bb-1275-6a8063352597
68eda810-422c-e761-1702-bd23cdd32289,Zachary Cole,1976-12-23,SYN-592-86-3429,68509,665,2025-08-23,311,0,,68eda810-422c-e761-1702-bd23cdd32289
12f75ef5-24de-89e3-4558-6f2b6ea88235,Johnathan Harper,1992-09-15,SYN-242-97-1540,63070,623,2025-11-12,230,0,,12f75ef5-24de-89e3-4558-6f2b6ea88235
9c647711-52f4-df04-cfcc-7763388391e8,Cameron Torres,1997-05-29,SYN-493-61-9273,38754,607,2025-07-21,344,0,,9c647711-52f4-df04-cfcc-7763388391e8
491dfb87-30ca-8191-cdac-45edc39101c1,Ashley Barrera,1996-04-28,SYN-322-91-5800,87433,693,2026-01-19,162,0,,491dfb87-30ca-8191-cdac-45edc39101c1
edfe393c-36e1-e880-3492-304c35b92536,Cynthia Clark,1997-10-27,SYN-914-50-5452,45389,630,2026-03-21,101,0,,edfe393c-36e1-e880-3492-304c35b92536
4175296f-5ef5-4aaa-034f-4857223f4e03,Laura Hill,2002-12-03,SYN-320-49-9530,47083,619,2026-04-03,88,0,,4175296f-5ef5-4aaa-034f-4857223f4e03
20d7b731-73a7-acd1-9063-f3431174dc0e,Katie Myers,1985-04-20,SYN-138-22-2150,67103,722,2025-11-03,239,0,,20d7b731-73a7-acd1-9063-f3431174dc0e
5a938244-5a6d-e352-ef72-fe1c2166081d,Daniel Stout,1993-05-09,SYN-359-83-4527,60389,681,2025-01-31,515,0,,5a938244-5a6d-e352-ef72-fe1c2166081d
181ff5cb-54c4-fa24-4726-68897cff6ba5,Tom Foster,1999-11-15,SYN-718-12-1713,60014,575,2025-07-21,344,0,,181ff5cb-54c4-fa24-4726-68897cff6ba5
b0b6cfd7-38cb-8613-7138-57f1efb1127d,Jennifer Berry,2008-02-27,SYN-117-27-1192,65282,588,2025-05-22,404,1,ring_0153,ring_0153
57c5084d-96f0-423f-8fd9-55218b43e88c,Mark Webster,1992-11-21,SYN-196-35-1507,97839,573,2025-12-23,189,0,,57c5084d-96f0-423f-8fd9-55218b43e88c
34f761fb-4f59-2a0a-b720-615a134046db,Joseph Smith,1979-02-22,SYN-439-71-9832,31977,737,2026-06-23,7,0,,34f761fb-4f59-2a0a-b720-615a134046db
ecdb1af2-7ef9-2b0f-670e-8ad2caa26ae7,James Frank,1997-06-15,SYN-909-85-8334,45489,573,2025-06-05,390,0,,ecdb1af2-7ef9-2b0f-670e-8ad2caa26ae7
a34f7ae3-666d-9a4c-8404-74f96a57abad,Kevin Oliver,1973-06-11,SYN-287-60-4179,59367,671,2025-11-09,233,0,,a34f7ae3-666d-9a4c-8404-74f96a57abad
c6a123dd-7720-8688-c7cd-79250dbb01ec,Shannon Malone,1997-11-30,SYN-792-49-2318,38948,664,2026-04-11,80,0,,c6a123dd-7720-8688-c7cd-79250dbb01ec
3b8be865-406d-be41-a74c-c228ba2ec37b,Lauren Smith,1977-02-27,SYN-883-98-9204,53321,602,2025-04-04,452,0,,3b8be865-406d-be41-a74c-c228ba2ec37b
2826af19-50ae-29e7-89f8-661d31a29819,Franklin Harris,1977-09-07,SYN-623-81-4801,55816,713,2026-02-27,123,0,,2826af19-50ae-29e7-89f8-661d31a29819
341db25d-1cfb-eb01-8303-070a169d0c56,Joyce Solis,1981-05-23,SYN-855-31-2244,100985,634,2026-03-22,100,0,,341db25d-1cfb-eb01-8303-070a169d0c56
633953f6-c8df-dac3-4cbf-38ceac18148b,Shelia Cruz,1981-06-10,SYN-292-61-6819,48450,701,2026-06-16,14,0,,633953f6-c8df-dac3-4cbf-38ceac18148b
5b1b210b-d6ed-e2a9-41dd-afd919a528e0,Renee Farmer,1983-07-18,SYN-458-45-5525,33457,666,2026-05-13,48,0,,5b1b210b-d6ed-e2a9-41dd-afd919a528e0
5d50c10e-c846-5a62-8f19-b51693006a66,Levi Lopez,1987-10-09,SYN-764-99-8917,41131,654,2026-03-09,113,0,,5d50c10e-c846-5a62-8f19-b51693006a66
0c95e47c-ee56-d25f-1469-35f3c249076e,Christine Mendez,1967-10-05,SYN-531-99-7305,33832,707,2025-08-10,324,0,,0c95e47c-ee56-d25f-1469-35f3c249076e
2a342749-409b-fa1c-cba4-7a1886c82de7,Alejandro Nguyen,1982-07-31,SYN-543-19-6324,76000,722,2025-09-03,300,0,,2a342749-409b-fa1c-cba4-7a1886c82de7
d76f3b45-8bfd-50a6-ae8f-5621dcb7658b,Elizabeth Camacho,2005-04-01,SYN-585-35-6747,93454,589,2026-04-01,90,0,,d76f3b45-8bfd-50a6-ae8f-5621dcb7658b
55c2adbb-12e1-aa44-6859-802499dffd8a,Anthony White,1996-11-15,SYN-772-37-3505,44650,692,2025-05-27,399,0,,55c2adbb-12e1-aa44-6859-802499dffd8a
2e0d20f0-e4f9-3f82-aaaa-b362dd8fe7d6,Jeffrey Holden,1975-09-15,SYN-253-88-1195,55883,746,2026-01-29,152,0,,2e0d20f0-e4f9-3f82-aaaa-b362dd8fe7d6
b7a16ff7-b79f-7423-2cdb-b104d032e2a4,Christine Johnson,1968-08-02,SYN-387-73-5646,72426,715,2026-01-05,176,0,,b7a16ff7-b79f-7423-2cdb-b104d032e2a4
398f0362-b3f7-a554-e4b8-377d40c57368,Melissa Johnson,1983-01-15,SYN-989-68-1771,103812,655,2025-04-13,443,0,,398f0362-b3f7-a554-e4b8-377d40c57368
1e9b349f-3ad0-d0b0-63ea-401383b8c16c,Jill Shaw,1966-03-31,SYN-129-66-8871,71866,514,2026-06-26,4,0,,1e9b349f-3ad0-d0b0-63ea-401383b8c16c
0c5e5425-fd62-515e-bb24-a2856db2754e,Kevin Gregory,1971-07-02,SYN-235-70-3326,52860,795,2025-10-13,260,0,,0c5e5425-fd62-515e-bb24-a2856db2754e
a703641a-5345-aeb4-b86d-055d6dc2d248,Jessica Larsen,1988-11-18,SYN-535-70-6615,43247,701,2025-01-17,529,0,,a703641a-5345-aeb4-b86d-055d6dc2d248
3df2f724-1ee4-856f-7f49-e98f13cc9bbc,Shawna Silva,2002-09-19,SYN-810-65-9266,123147,623,2025-06-16,379,0,,3df2f724-1ee4-856f-7f49-e98f13cc9bbc
c14331cb-03d4-1656-55ec-84179076d6fc,Veronica Simpson,1988-06-11,SYN-507-19-8583,68782,697,2025-08-31,303,0,,c14331cb-03d4-1656-55ec-84179076d6fc
8325f975-ce7c-ae6d-37c0-795de5180529,Maurice Johnson,1972-03-19,SYN-267-84-5519,22164,712,2025-03-19,468,0,,8325f975-ce7c-ae6d-37c0-795de5180529
a2796bec-eb30-b467-7600-ca65148088f2,Kathryn White,1969-07-12,SYN-395-32-7934,58977,765,2025-05-26,400,0,,a2796bec-eb30-b467-7600-ca65148088f2
bf6ed82a-d9a3-3165-f15c-3da4684ddd4e,Shannon Rivera,1985-02-10,SYN-237-30-3249,53006,710,2026-06-12,18,0,,bf6ed82a-d9a3-3165-f15c-3da4684ddd4e
95e0224c-39d7-accb-1aec-130545abe97d,Victoria Keller,2004-09-17,SYN-466-77-2471,34726,610,2026-01-11,170,1,ring_0181,ring_0181
72e59e3c-09ef-b488-e26c-eb1ab44d80b5,Lisa Fox,1995-05-19,SYN-532-43-5866,21686,699,2025-07-08,357,0,,72e59e3c-09ef-b488-e26c-eb1ab44d80b5
535f1137-2489-f34d-0d31-ea4319304dcf,Dennis Cooper PhD,1988-07-24,SYN-631-36-2741,60800,584,2025-07-10,355,0,,535f1137-2489-f34d-0d31-ea4319304dcf
7231e25d-1fdf-2d4e-9e92-30e2369b8dca,Wayne Jackson,1989-08-26,SYN-760-83-2444,35827,697,2025-12-20,192,0,,7231e25d-1fdf-2d4e-9e92-30e2369b8dca
d720880a-8da6-07da-9037-650c5d704587,Alexander Drake,1984-06-08,SYN-327-24-1695,60391,708,2025-10-12,261,0,,d720880a-8da6-07da-9037-650c5d704587
5eb7034a-f3f9-90b8-8f83-0d33cabfc35b,Michael Roberts,1988-09-05,SYN-480-28-1873,15000,718,2026-05-17,44,0,,5eb7034a-f3f9-90b8-8f83-0d33cabfc35b
912450c3-80d5-639d-6fe8-feab64602628,Jacqueline Phillips,1971-10-13,SYN-176-55-8745,71192,619,2025-03-07,480,0,,912450c3-80d5-639d-6fe8-feab64602628
9dab239e-48aa-5562-1751-a6363c9e51a7,Morgan Cunningham,1995-07-14,SYN-186-15-9106,38056,619,2025-02-28,487,0,,9dab239e-48aa-5562-1751-a6363c9e51a7
c387f6bf-1705-c2ca-55a7-ab6ba40ad21d,Daniel Ramirez,1952-06-09,SYN-413-87-9562,36881,628,2025-05-26,400,0,,c387f6bf-1705-c2ca-55a7-ab6ba40ad21d
5025e079-c633-0d5b-99ef-98cb7775dc4a,Jennifer Brooks,1974-09-29,SYN-233-76-3990,140956,715,2026-03-13,109,1,ring_0205,ring_0205
09012d96-189b-4f6e-3827-c0a314c391b2,Alex Johnson,2002-08-26,SYN-253-98-1039,101424,661,2025-12-03,209,0,,09012d96-189b-4f6e-3827-c0a314c391b2
c6a0298e-22ef-85fc-c838-35c8265a628f,April Finley,2004-03-16,SYN-571-93-4395,37004,645,2025-02-01,514,0,,c6a0298e-22ef-85fc-c838-35c8265a628f
04e910ed-02c3-55d9-f687-d6d279ccb15a,Toni Lamb,1978-03-28,SYN-451-86-1134,34883,613,2025-06-17,378,0,,04e910ed-02c3-55d9-f687-d6d279ccb15a
dc3bfbd4-1df1-abe4-1d91-5659c9f55c24,James Morse,1991-07-06,SYN-701-67-8043,62307,557,2025-11-29,213,0,,dc3bfbd4-1df1-abe4-1d91-5659c9f55c24
42937b85-80ee-c97b-3b49-9fb3f1ac77f3,Cindy Gomez,1978-12-07,SYN-898-46-4467,23193,617,2025-11-18,224,0,,42937b85-80ee-c97b-3b49-9fb3f1ac77f3
69ef20ab-3fa3-9b24-4424-0f6f82accf49,Phillip Turner,1982-12-06,SYN-916-61-1401,99064,709,2025-09-12,291,0,,69ef20ab-3fa3-9b24-4424-0f6f82accf49
7301c0b2-4cbf-edf3-3999-8ab7e0102ebd,Mr. David Wright,1998-10-19,SYN-287-61-1624,59190,666,2025-09-13,290,0,,7301c0b2-4cbf-edf3-3999-8ab7e0102ebd
f26656ba-9e5c-6500-457a-ff10f5fe90fd,Dr. Paul Morgan,1995-08-28,SYN-167-18-3707,42845,761,2025-10-10,263,0,,f26656ba-9e5c-6500-457a-ff10f5fe90fd
c5709f72-ee03-5472-ff75-1baea49cd846,Cody Sanchez,1988-08-30,SYN-799-64-1895,91063,708,2026-04-02,89,0,,c5709f72-ee03-5472-ff75-1baea49cd846
2541bc75-ca30-305e-8c07-87ac2d61e7e5,Mariah Robles,1975-09-14,SYN-724-27-8146,170412,686,2026-04-19,72,0,,2541bc75-ca30-305e-8c07-87ac2d61e7e5
3f8bd643-eef4-8985-cf42-5c2f5f12ff18,Steven Swanson,2002-04-28,SYN-641-54-9359,26420,604,2025-02-24,491,0,,3f8bd643-eef4-8985-cf42-5c2f5f12ff18
2ff615d5-e616-6ccf-6766-47ef1f199c96,William Gould,1988-01-18,SYN-609-56-7086,76645,730,2026-05-06,55,0,,2ff615d5-e616-6ccf-6766-47ef1f199c96
0e327d7f-d9da-2c10-a34f-a8360c75cdd0,Stephanie Kelley,1964-04-26,SYN-930-95-6973,60210,720,2026-03-04,118,0,,0e327d7f-d9da-2c10-a34f-a8360c75cdd0
a0118fb1-f9bd-8318-e186-0e296d5cb19b,Nichole Klein,1973-01-18,SYN-814-99-9975,205110,722,2025-07-25,340,0,,a0118fb1-f9bd-8318-e186-0e296d5cb19b
e3c78c18-e4e4-1a86-a6d0-fe98116f5ecf,Russell Murphy,1981-12-16,SYN-902-42-7334,36394,684,2025-12-31,181,0,,e3c78c18-e4e4-1a86-a6d0-fe98116f5ecf
75bb6d38-4938-f14b-d0a3-6e9a6194bdb1,Nathan Matthews,1995-09-17,SYN-663-40-9764,94700,721,2026-02-15,135,1,ring_0171,ring_0171
f9c539d3-3d7f-5384-9f20-b01817b130ce,Tracy Morales,2000-01-25,SYN-997-95-8709,57883,698,2025-09-01,302,0,,f9c539d3-3d7f-5384-9f20-b01817b130ce
cd6f171b-4276-a958-912b-82aa0b31accd,Alex Lamb,1993-11-06,SYN-377-67-5305,175611,675,2025-10-31,242,0,,cd6f171b-4276-a958-912b-82aa0b31accd
02eb9b0c-1072-531b-755f-4d0d4f9e7267,Elizabeth Fowler,2006-08-02,SYN-853-85-8206,29383,763,2025-06-04,391,0,,02eb9b0c-1072-531b-755f-4d0d4f9e7267
ca00db72-db64-639d-2c61-a38b637dba1c,Erica Porter,1985-03-13,SYN-913-96-7918,63710,506,2025-07-06,359,0,,ca00db72-db64-639d-2c61-a38b637dba1c
f5e09917-18f7-592c-3b60-947efe76be53,Jennifer Ramirez,1984-01-28,SYN-392-57-4372,66682,699,2025-11-16,226,0,,f5e09917-18f7-592c-3b60-947efe76be53
be68d000-226c-972b-dc2a-7529235ac01d,Robert Newton,1991-06-10,SYN-695-41-3898,63598,657,2025-08-28,306,0,,be68d000-226c-972b-dc2a-7529235ac01d
22297983-d5ad-6929-e4ea-7b4029c2b009,Dawn Jordan,1994-04-01,SYN-510-60-3199,91094,646,2025-04-08,448,0,,22297983-d5ad-6929-e4ea-7b4029c2b009
028feb2b-3969-0e7f-9a77-37243ff82007,Patricia Gonzalez,1989-11-21,SYN-451-69-2722,29034,743,2025-07-16,349,0,,028feb2b-3969-0e7f-9a77-37243ff82007
e32fff6f-a57c-c6b0-344e-73a755baa187,Anthony Wells,1980-06-12,SYN-210-41-4123,49149,672,2025-10-20,253,0,,e32fff6f-a57c-c6b0-344e-73a755baa187
fa9b0078-88f3-8eae-9124-6557a285248f,Elizabeth Kelley,1970-06-26,SYN-151-81-6918,69457,713,2025-07-22,343,0,,fa9b0078-88f3-8eae-9124-6557a285248f
b10f702d-41b1-204c-a952-52733c86b3ea,Zachary Moody,2007-12-02,SYN-175-62-3196,69990,814,2026-06-25,5,1,ring_0197,ring_0197
683d6712-ac6c-6ee9-6c6e-1004b2b21edd,Brian Miller,2000-07-22,SYN-807-23-9719,84136,662,2026-01-31,150,0,,683d6712-ac6c-6ee9-6c6e-1004b2b21edd
5ec05f57-2478-fbe1-76fe-62e9a42c5d60,Susan Bolton,1985-11-22,SYN-830-21-9397,48598,685,2026-05-31,30,0,,5ec05f57-2478-fbe1-76fe-62e9a42c5d60
38209c1b-7480-b662-0b4e-29f43b5fcfc4,Dr. Sarah Payne,1986-11-11,SYN-812-63-5598,54894,671,2026-04-03,88,0,,38209c1b-7480-b662-0b4e-29f43b5fcfc4
a36c29b9-4e32-f63a-d360-8d4b260c7d01,Gregory Chambers,2005-01-04,SYN-258-97-7106,39888,718,2026-05-09,52,0,,a36c29b9-4e32-f63a-d360-8d4b260c7d01
7eb13c00-8fda-7e59-2d62-df45480d4292,Elizabeth Sharp,1977-07-14,SYN-273-29-7757,66269,615,2025-03-09,478,0,,7eb13c00-8fda-7e59-2d62-df45480d4292
7a12302b-cae3-ff51-e4cf-6b1f13a53d1e,Kyle Lowery,2002-03-03,SYN-433-56-4346,48775,744,2025-08-07,327,1,ring_0192,ring_0192
8b243b73-2511-3718-bcfc-b4628ea199bc,Corey Norris,2001-12-29,SYN-775-48-3582,96064,847,2025-05-12,414,0,,8b243b73-2511-3718-bcfc-b4628ea199bc
1bc8f010-3129-276f-ef2d-8e7decee39b6,Brett Owen,1998-04-08,SYN-624-74-2507,33134,780,2025-11-25,217,0,,1bc8f010-3129-276f-ef2d-8e7decee39b6
b5589037-7951-0665-ff5b-3976a2918fd0,Michael Thompson,1999-04-15,SYN-459-20-3559,56996,595,2026-03-04,118,0,,b5589037-7951-0665-ff5b-3976a2918fd0
1a7efd40-caaf-638e-7bf8-5a956f661f47,David Robles,1969-06-19,SYN-173-96-8032,47895,713,2025-07-13,352,0,,1a7efd40-caaf-638e-7bf8-5a956f661f47
b3920d5b-ba29-52d6-b71a-40573653831a,Rebecca Cole,1994-08-10,SYN-156-45-7726,27755,681,2026-06-15,15,0,,b3920d5b-ba29-52d6-b71a-40573653831a
7f00ff86-5981-f34f-9e8c-cc5bf7dbd2f3,Steven Haas,1999-06-07,SYN-819-52-4832,59847,683,2025-03-19,468,0,,7f00ff86-5981-f34f-9e8c-cc5bf7dbd2f3
58245ef7-986f-2090-937b-3b5c6d5dea92,Mario Green,1970-11-23,SYN-358-17-7295,127234,816,2026-06-13,17,0,,58245ef7-986f-2090-937b-3b5c6d5dea92
921504f0-7d3d-123d-4f5f-ee60083fb62c,Heather Brown,1994-09-07,SYN-517-48-3824,34079,749,2025-05-20,406,0,,921504f0-7d3d-123d-4f5f-ee60083fb62c
869a7ba7-6a39-f273-a7f3-23a60843450f,Joshua Henderson,1976-02-13,SYN-738-20-8465,32817,674,2026-06-28,2,0,,869a7ba7-6a39-f273-a7f3-23a60843450f
c3442774-3750-d861-4557-c5ad7d333259,Kristen Gallegos,1985-04-24,SYN-683-16-2787,30924,632,2025-03-31,456,0,,c3442774-3750-d861-4557-c5ad7d333259
244d9bfe-0dd5-5829-a07c-e1f1915444f0,Erin Summers,1996-09-20,SYN-323-15-9652,32031,707,2026-06-03,27,0,,244d9bfe-0dd5-5829-a07c-e1f1915444f0
da981637-509e-ae13-9a73-eb50d40eae96,Dawn Levy,2001-03-26,SYN-904-93-1864,48623,850,2025-07-31,334,0,,da981637-509e-ae13-9a73-eb50d40eae96
b4b59bd0-2628-90be-ee38-146b7b321720,Thomas Atkins,1977-03-16,SYN-118-96-6846,34296,707,2025-03-13,474,0,,b4b59bd0-2628-90be-ee38-146b7b321720
b214eb9c-3ca4-b299-7df9-5c6d9c5aed68,Michael Evans,1995-07-02,SYN-226-39-4567,92961,615,2026-04-26,65,0,,b214eb9c-3ca4-b299-7df9-5c6d9c5aed68
486ab94d-1506-cf39-d3c3-85960e78752a,Casey Garcia,1975-03-29,SYN-879-29-3612,40201,619,2025-01-07,539,0,,486ab94d-1506-cf39-d3c3-85960e78752a
44c59435-1362-c7f1-e76d-374348954c83,Jennifer Underwood,1957-03-30,SYN-117-82-1868,38841,696,2025-01-15,531,0,,44c59435-1362-c7f1-e76d-374348954c83
e6acb3d6-6cc8-4120-ea31-cfb64c1d5a1a,Amy Montgomery,1964-10-03,SYN-190-28-5563,38290,751,2025-07-27,338,0,,e6acb3d6-6cc8-4120-ea31-cfb64c1d5a1a
497b133c-ef11-b897-39f6-6779a5edda1c,Robin Young,1979-12-16,SYN-473-22-4505,45230,503,2025-08-26,308,0,,497b133c-ef11-b897-39f6-6779a5edda1c
96d76752-6b8e-8062-6f07-5420506b22ba,Margaret Young,1991-06-02,SYN-382-28-5457,15000,665,2026-03-01,121,0,,96d76752-6b8e-8062-6f07-5420506b22ba
639006c8-14f1-4b49-b7da-da4bba1f76b4,Lee Morton,1966-06-08,SYN-963-31-2062,42211,617,2025-06-30,365,0,,639006c8-14f1-4b49-b7da-da4bba1f76b4
c0360f97-d370-1c21-709a-a0903ab20202,John Pierce,2007-12-09,SYN-711-57-7549,37454,701,2026-01-30,151,0,,c0360f97-d370-1c21-709a-a0903ab20202
ab8fef2b-da4b-b6a9-1b2c-c5f591b1fae9,Juan Gilbert,1999-10-25,SYN-678-51-8159,48654,645,2026-06-10,20,0,,ab8fef2b-da4b-b6a9-1b2c-c5f591b1fae9
7103af7c-faca-3898-8461-1759d5cbcb5e,Bobby Guerrero,1968-08-01,SYN-415-44-7171,116757,747,2026-02-02,148,0,,7103af7c-faca-3898-8461-1759d5cbcb5e
39b66fec-c999-bc2a-90a8-e73e250b2b56,Sean Hernandez,1998-03-16,SYN-813-24-9639,22263,694,2025-12-23,189,0,,39b66fec-c999-bc2a-90a8-e73e250b2b56
a52cd69c-ca2b-1ab3-0b7b-dfa117b0e0fa,Jessica Hill,1987-11-18,SYN-823-40-9324,35075,730,2025-11-18,224,0,,a52cd69c-ca2b-1ab3-0b7b-dfa117b0e0fa
a3112641-7817-d3bd-196d-f3815fb2eca8,Mark Johnson,1974-01-12,SYN-599-69-3282,38476,597,2025-07-11,354,0,,a3112641-7817-d3bd-196d-f3815fb2eca8
2e85b687-5c21-c619-6e23-d1b585e7d837,Melissa Jordan,1981-06-07,SYN-483-45-6201,86311,601,2025-10-23,250,1,ring_0111,ring_0111
ca7951a7-0c9c-bc62-767e-e212561523de,Tracey Reynolds,1989-07-22,SYN-271-12-9087,55263,549,2026-04-01,90,0,,ca7951a7-0c9c-bc62-767e-e212561523de
96fd3f68-965c-cf7c-9d27-74e7ea7214ee,Anthony Proctor,1986-02-13,SYN-280-61-5805,162724,747,2026-02-09,141,0,,96fd3f68-965c-cf7c-9d27-74e7ea7214ee
7deaf46c-42b9-1f35-1827-2722ef5375c4,David Mendoza,1983-12-21,SYN-934-74-7955,29143,721,2026-01-07,174,0,,7deaf46c-42b9-1f35-1827-2722ef5375c4
e3d221d9-734d-6624-ffaf-b9cb339572e6,Sean Clay,1989-02-04,SYN-956-31-4850,47511,618,2026-03-24,98,0,,e3d221d9-734d-6624-ffaf-b9cb339572e6
5b3c8cab-4f7d-5ec7-bfda-c649cf6060f7,Rebecca Lee,1974-08-25,SYN-218-58-9811,100597,833,2026-01-18,163,0,,5b3c8cab-4f7d-5ec7-bfda-c649cf6060f7
cc23c3e8-a032-0331-0818-8aac3da07699,Nicole Collins,1991-11-03,SYN-342-81-6901,115294,595,2025-09-23,280,0,,cc23c3e8-a032-0331-0818-8aac3da07699
8954e1f4-58aa-0842-5da1-072f8106b2c3,Joshua Love,1984-08-20,SYN-964-45-1956,40347,820,2025-12-21,191,0,,8954e1f4-58aa-0842-5da1-072f8106b2c3
84de39b4-20bc-1674-57d5-5cb24e63612c,Nicole Acosta,1992-06-21,SYN-250-42-6639,64957,576,2026-05-26,35,0,,84de39b4-20bc-1674-57d5-5cb24e63612c
abe8bc86-8740-b0db-a2a7-ee74a278d9fe,Felicia Cole,1978-12-30,SYN-953-26-5125,35588,659,2025-12-09,203,1,ring_0203,ring_0203
8b18b123-5492-b631-a427-5a7f7b03ef4b,Samuel Bowman,1981-02-04,SYN-429-21-7903,66179,834,2025-02-25,490,0,,8b18b123-5492-b631-a427-5a7f7b03ef4b
bc5203ac-b660-5d31-0c88-2b2ea7605032,Shawn Doyle,1981-06-08,SYN-517-21-7364,86641,531,2026-05-24,37,0,,bc5203ac-b660-5d31-0c88-2b2ea7605032
cff6b910-536f-20c8-2fa1-e4e8109a984e,Kelsey Gillespie,1970-05-28,SYN-755-17-4892,76714,687,2026-05-16,45,1,ring_0157,ring_0157
d62ccca4-d7c0-7e8c-417a-59b1f22812fe,Scott Thomas,1984-07-01,SYN-329-51-8856,16221,641,2025-03-01,486,0,,d62ccca4-d7c0-7e8c-417a-59b1f22812fe
ab24903c-6a95-5730-9edf-3c2cb9030c32,Anthony Everett,1992-02-01,SYN-531-76-8756,22214,515,2025-08-04,330,0,,ab24903c-6a95-5730-9edf-3c2cb9030c32
084fbd91-947e-5b07-bad4-ed5fab66c31e,Leah Walters,1992-07-10,SYN-539-39-9621,45081,752,2025-11-27,215,0,,084fbd91-947e-5b07-bad4-ed5fab66c31e
8a68c16a-51c1-6051-1dbe-11e8907396be,Jessica Harris,1991-07-09,SYN-604-41-4375,32303,719,2025-07-05,360,0,,8a68c16a-51c1-6051-1dbe-11e8907396be
ede6822f-1c8f-618c-ba78-b3dd97b8e83f,Alison Bishop,1986-10-23,SYN-450-34-4987,34637,750,2025-03-24,463,1,ring_0109,ring_0109
5c4a5314-b7e9-3097-381f-a709938c711b,Antonio Lopez,1982-04-22,SYN-573-57-3857,88737,502,2026-04-27,64,0,,5c4a5314-b7e9-3097-381f-a709938c711b
5f8cba67-3ab0-2855-c476-9dce4f096c7f,Sean Wagner,2008-04-08,SYN-746-29-5515,59841,694,2025-09-19,284,0,,5f8cba67-3ab0-2855-c476-9dce4f096c7f
73806432-10ef-c863-103e-d9d115166977,Patrick Blair,1987-04-09,SYN-656-63-4434,68108,625,2026-06-24,6,0,,73806432-10ef-c863-103e-d9d115166977
e8622fd6-4281-4de5-bd7c-3f72a71fc94b,Jimmy Hernandez,1993-04-17,SYN-302-42-7397,43971,637,2025-09-15,288,0,,e8622fd6-4281-4de5-bd7c-3f72a71fc94b
6f474688-23d0-9ebe-cc85-c4ce3d8eccc8,Karen Novak,1986-08-18,SYN-631-24-4578,77590,676,2025-05-12,414,0,,6f474688-23d0-9ebe-cc85-c4ce3d8eccc8
34a7bf86-f894-c7a7-b30a-05e1081731ae,Carolyn Cantu,2004-08-22,SYN-578-37-2781,58866,792,2025-02-20,495,0,,34a7bf86-f894-c7a7-b30a-05e1081731ae
95840acc-0524-d834-37ef-ebf548683088,Debra Jackson,1999-04-30,SYN-864-34-4948,43104,730,2025-01-17,529,0,,95840acc-0524-d834-37ef-ebf548683088
9cf44206-7cec-add4-aead-a855da57f910,Paul Bennett,1958-11-08,SYN-664-11-6620,56785,725,2026-06-20,10,1,ring_0178,ring_0178
0e0d67c4-38ac-a388-7e83-749d3d07e2a8,Brittany Davis,1987-07-28,SYN-427-14-2097,62999,610,2026-06-03,27,0,,0e0d67c4-38ac-a388-7e83-749d3d07e2a8
5dc72f6a-83f5-57c9-0479-10847de85038,Pamela Sanders,2008-04-01,SYN-197-57-6927,70354,693,2025-02-05,510,0,,5dc72f6a-83f5-57c9-0479-10847de85038
d60da344-da2c-cd6b-7761-1be68540acae,Joel Mclean,1985-01-30,SYN-720-42-1847,28758,734,2025-04-14,442,0,,d60da344-da2c-cd6b-7761-1be68540acae
3df85637-3a3e-85b0-6f48-11dc40caaab3,Brent Stephens,1961-01-01,SYN-504-30-7078,111720,675,2026-05-18,43,0,,3df85637-3a3e-85b0-6f48-11dc40caaab3
639f0d12-f974-eb60-d996-3a88d54f3a18,Darlene Miller,1992-01-08,SYN-750-97-4501,38343,734,2025-10-30,243,0,,639f0d12-f974-eb60-d996-3a88d54f3a18
117f4596-e9e3-0a42-4d03-e01c0603557c,Mary Thompson,1991-03-26,SYN-951-19-8214,57844,604,2025-11-07,235,0,,117f4596-e9e3-0a42-4d03-e01c0603557c
24af6f07-d2ff-b300-3991-d0505852ac80,Nicholas Hernandez,2003-12-30,SYN-270-53-2599,42327,661,2026-04-30,61,0,,24af6f07-d2ff-b300-3991-d0505852ac80
79f1c7fd-26e1-1253-00ad-c1ed0b55aeed,Ethan Perez,1991-08-03,SYN-866-44-6998,71875,756,2025-08-24,310,0,,79f1c7fd-26e1-1253-00ad-c1ed0b55aeed
ec5a7e32-a833-1cf6-c637-d0a555227512,Jorge Davis,1967-07-21,SYN-880-30-6960,35806,850,2026-01-04,177,0,,ec5a7e32-a833-1cf6-c637-d0a555227512
db151c32-9055-125c-2aa8-bdecdf1c9f07,Patrick Bush,1968-06-30,SYN-420-85-1863,68704,735,2025-03-15,472,0,,db151c32-9055-125c-2aa8-bdecdf1c9f07
0ba57f78-9b07-8145-a8e4-371d6adf333e,Sharon Jones,1998-09-11,SYN-560-34-9860,46634,664,2025-11-27,215,0,,0ba57f78-9b07-8145-a8e4-371d6adf333e
f9fdbf74-86fd-ccb4-f9d0-39b14c7eb9a9,Kenneth Schmidt,1965-09-01,SYN-580-10-1158,50214,624,2026-03-31,91,0,,f9fdbf74-86fd-ccb4-f9d0-39b14c7eb9a9
de306892-c92b-dd5b-6703-760b84363df4,Amy Ramirez,2002-11-14,SYN-242-40-4958,25802,663,2026-03-29,93,0,,de306892-c92b-dd5b-6703-760b84363df4
ad0fe3fa-c5b7-2541-38a8-eba20cb668df,Victoria Garcia,1981-12-15,SYN-323-95-5871,37803,709,2025-07-25,340,0,,ad0fe3fa-c5b7-2541-38a8-eba20cb668df
3699fde2-d69e-3bfa-8a1d-4f039acb675a,Preston Kim,1971-11-27,SYN-326-59-2126,40979,845,2026-04-20,71,0,,3699fde2-d69e-3bfa-8a1d-4f039acb675a
b0f53d86-3c86-7448-71b1-7d90e969c053,Maria Williams,1975-03-07,SYN-408-88-4612,74410,583,2025-06-04,391,0,,b0f53d86-3c86-7448-71b1-7d90e969c053
d71e117f-e647-342f-80ed-3a131ad990f0,Cynthia Jackson,1983-08-08,SYN-624-49-8526,157385,716,2025-08-21,313,0,,d71e117f-e647-342f-80ed-3a131ad990f0
d41d491c-691d-8aff-6086-4ce26c855860,Ashley Morris,1993-09-10,SYN-662-15-6027,64154,499,2025-01-01,545,0,,d41d491c-691d-8aff-6086-4ce26c855860
e699d795-1eaa-44eb-f2d2-7d7d215da7de,Tricia Russo,1978-07-06,SYN-735-57-6176,41573,666,2025-01-17,529,0,,e699d795-1eaa-44eb-f2d2-7d7d215da7de
10da726c-8701-a4ba-6ae3-6b9860169073,Christopher Black,1999-02-22,SYN-129-95-5030,53106,625,2026-04-21,70,0,,10da726c-8701-a4ba-6ae3-6b9860169073
02313522-561d-a4e7-637e-8b1c8eb2f8ef,Nicholas Long,1979-10-29,SYN-735-28-3719,31625,667,2025-07-29,336,0,,02313522-561d-a4e7-637e-8b1c8eb2f8ef
1235125a-6bea-1004-793a-e1017699c4c5,Kimberly Sullivan,1999-05-02,SYN-676-41-7897,51904,820,2025-02-23,492,0,,1235125a-6bea-1004-793a-e1017699c4c5
9e3811c6-573a-6a6a-39fd-f2788a11ca96,Howard Norman,2000-12-11,SYN-839-16-2949,96463,626,2025-02-28,487,0,,9e3811c6-573a-6a6a-39fd-f2788a11ca96
cbb6d63f-7d96-cad8-e574-dffdbe1a12d9,Stephen Martinez,2005-03-27,SYN-171-58-9600,250000,743,2025-12-28,184,0,,cbb6d63f-7d96-cad8-e574-dffdbe1a12d9
a161a6c0-edc2-d27e-bf78-703fd76e4b7a,Sara Obrien,1985-08-12,SYN-887-84-5594,56169,587,2025-01-01,545,0,,a161a6c0-edc2-d27e-bf78-703fd76e4b7a
0c686e6f-feaa-db9f-419a-a4472f5c1230,Timothy Perez,1988-08-12,SYN-779-32-7139,45840,717,2026-03-03,119,0,,0c686e6f-feaa-db9f-419a-a4472f5c1230
85f19f05-0c40-2817-97bf-2f41e2925cec,Matthew Evans,1985-10-19,SYN-452-90-3944,71013,630,2025-09-08,295,0,,85f19f05-0c40-2817-97bf-2f41e2925cec
c30f7d9d-fac7-50a1-127a-948c39cc8f3a,Krista Benton,1982-01-04,SYN-622-24-9888,16067,719,2026-06-14,16,0,,c30f7d9d-fac7-50a1-127a-948c39cc8f3a
613d66dc-4f65-ead5-4985-32063aa3998a,Stephanie Knight,1990-07-19,SYN-335-85-1907,31929,571,2025-08-16,318,0,,613d66dc-4f65-ead5-4985-32063aa3998a
1016bfb3-b3b7-1e3b-8f75-121dc9705d4b,Aaron Shepard,1988-05-19,SYN-313-90-4925,54945,670,2025-12-02,210,0,,1016bfb3-b3b7-1e3b-8f75-121dc9705d4b
001a2d10-fe0e-8235-f3da-e4099a22dcda,Stacy Johnson,1974-02-18,SYN-223-19-1656,34686,693,2025-09-16,287,0,,001a2d10-fe0e-8235-f3da-e4099a22dcda
c7b59a0f-7cd1-19d4-a498-91169ae64387,Jonathan Porter,1985-02-07,SYN-393-80-6859,73426,679,2025-08-06,328,0,,c7b59a0f-7cd1-19d4-a498-91169ae64387
045d39cb-923b-2138-dd2a-b96c616183af,Kimberly Obrien,1967-11-20,SYN-191-47-6863,61227,659,2026-01-23,158,0,,045d39cb-923b-2138-dd2a-b96c616183af
0539f9e7-c506-2084-f998-c84baa482a07,Mr. Jeffrey Duncan,1974-06-30,SYN-434-36-8964,53021,766,2025-08-31,303,0,,0539f9e7-c506-2084-f998-c84baa482a07
ba6ac597-edc4-42ef-e58c-6760175921f7,Derek Coleman,1975-12-02,SYN-561-14-8410,32273,680,2026-01-15,166,0,,ba6ac597-edc4-42ef-e58c-6760175921f7
0dafcc90-ae36-6f17-88f9-36f5d8138082,Chris Butler,1987-07-25,SYN-231-20-6531,21771,788,2026-01-03,178,0,,0dafcc90-ae36-6f17-88f9-36f5d8138082
e51dcdab-6b58-7dc7-6ee8-8811325cf100,Andrea Baker,1971-06-13,SYN-633-39-9255,42247,668,2025-10-17,256,0,,e51dcdab-6b58-7dc7-6ee8-8811325cf100
352469f5-68b9-b623-d935-8564d332893b,James Morgan,1970-10-09,SYN-793-47-9429,71897,724,2025-12-27,185,0,,352469f5-68b9-b623-d935-8564d332893b
873e26fc-7fee-13b0-242f-e84c2e648b63,Nicole Jones,1980-02-18,SYN-530-45-3550,69391,666,2025-01-14,532,0,,873e26fc-7fee-13b0-242f-e84c2e648b63
87798748-8728-a02a-16f3-71a57b3d3db7,Gregory Jacobs,1984-03-09,SYN-293-23-1297,49137,735,2025-01-24,522,0,,87798748-8728-a02a-16f3-71a57b3d3db7
7c212318-de45-718a-0d23-7cd437188020,Jonathan Peterson,1981-07-20,SYN-425-94-6637,107484,747,2025-04-20,436,0,,7c212318-de45-718a-0d23-7cd437188020
267d4d89-58df-fd5b-efa1-e6fceb7c4076,Michael Roberson,1991-11-10,SYN-969-30-1310,37440,714,2026-04-18,73,0,,267d4d89-58df-fd5b-efa1-e6fceb7c4076
2a1fdd19-d0cd-34cf-15ab-cd20b42c40cc,Elizabeth Clayton,2001-03-18,SYN-154-31-9740,17314,790,2025-06-17,378,1,ring_0069,ring_0069
37992fcc-9775-5ab9-c1bb-fb8af402684e,Ryan Cobb PhD,1989-01-14,SYN-798-13-8086,38439,677,2025-12-31,181,0,,37992fcc-9775-5ab9-c1bb-fb8af402684e
a53759a6-d4c0-0609-dd0a-f87a0683d0a0,Amanda Hill,1992-12-21,SYN-971-89-3900,140353,742,2025-06-02,393,0,,a53759a6-d4c0-0609-dd0a-f87a0683d0a0
9a12d8a9-88c0-5c93-14b1-252d16a3dd27,Kathy Rivas,1994-02-04,SYN-319-55-3655,25110,571,2025-05-03,423,0,,9a12d8a9-88c0-5c93-14b1-252d16a3dd27
8e429b02-f3ca-9d65-7f38-841a105012a3,Nancy Liu,1993-06-01,SYN-767-69-9155,101418,695,2025-01-21,525,0,,8e429b02-f3ca-9d65-7f38-841a105012a3
37701e71-fd75-5912-db66-e159da518232,Christian Bryant,1970-07-28,SYN-861-64-9063,34991,732,2025-04-22,434,0,,37701e71-fd75-5912-db66-e159da518232
5bc72c6d-3530-292d-7c62-72b57f6c07e8,Nicholas Massey,1983-09-21,SYN-920-53-7809,53362,669,2025-05-30,396,0,,5bc72c6d-3530-292d-7c62-72b57f6c07e8
7d0a7472-f58d-7f29-0a76-29bb48a59dee,Zachary Miller,1987-04-18,SYN-365-44-9787,48855,747,2026-06-22,8,0,,7d0a7472-f58d-7f29-0a76-29bb48a59dee
12438f5f-82d4-f911-e336-b79ca31d0347,Charles Ramos,1992-04-17,SYN-252-61-9876,69506,682,2025-02-02,513,0,,12438f5f-82d4-f911-e336-b79ca31d0347
8a64bb3d-3351-7c05-77c6-5d2d30631593,Nicholas Richardson,1990-09-16,SYN-914-83-3841,25908,456,2025-09-30,273,0,,8a64bb3d-3351-7c05-77c6-5d2d30631593
8e622704-434e-c51a-7832-b55bff698764,Elizabeth Thomas,1979-11-08,SYN-917-63-1885,56908,671,2025-08-13,321,0,,8e622704-434e-c51a-7832-b55bff698764
93476ade-635a-9ccd-106e-16a930776599,Crystal Garcia,1962-10-08,SYN-736-14-9198,94417,720,2026-03-03,119,0,,93476ade-635a-9ccd-106e-16a930776599
4d63d04e-c423-a863-89f8-b4c575c2ebc5,Alexander Hunt,1990-06-04,SYN-841-41-7510,31300,636,2025-04-05,451,0,,4d63d04e-c423-a863-89f8-b4c575c2ebc5
d860af6f-848c-7b06-81ad-94b72df04446,Holly Martin,2002-09-16,SYN-561-60-3486,34480,512,2025-02-23,492,0,,d860af6f-848c-7b06-81ad-94b72df04446
90c632fd-63c0-08eb-61ac-57c51b1eeb36,Melinda Jacobs,1969-11-28,SYN-157-15-3693,51125,663,2025-03-03,484,0,,90c632fd-63c0-08eb-61ac-57c51b1eeb36
233cf8af-b59e-5eaf-98eb-867b4b3cd4b3,Susan Lambert,2000-10-15,SYN-128-59-7189,32079,718,2025-05-19,407,1,ring_0087,ring_0087
cfa07361-db4a-2317-7fc9-28083f136c14,Richard Goodman,1974-02-21,SYN-914-76-2220,56768,663,2025-11-30,212,0,,cfa07361-db4a-2317-7fc9-28083f136c14
d5eec9cc-efbf-381f-124e-21cb3bb94397,Shawn Santos,1980-03-20,SYN-791-12-7244,18227,741,2026-04-01,90,0,,d5eec9cc-efbf-381f-124e-21cb3bb94397
810f64c4-d17f-8eac-e56a-767d4cd4a570,Kara Duke,1985-05-03,SYN-981-57-2986,42201,648,2026-06-20,10,1,ring_0037,ring_0037
29f1cc52-e6af-d4d3-3b8b-1759343d2842,Timothy Andrews,1989-11-04,SYN-298-64-1704,33146,664,2025-07-09,356,0,,29f1cc52-e6af-d4d3-3b8b-1759343d2842
966b5687-3c6c-25b1-f040-9eec72de8d6d,Alfred Galvan,1995-09-12,SYN-261-60-9112,32716,684,2025-07-12,353,0,,966b5687-3c6c-25b1-f040-9eec72de8d6d
e9a64a3e-763a-a236-62c0-cbbda4349fb1,Sharon Miller,1991-04-03,SYN-982-59-7492,16937,636,2026-05-20,41,0,,e9a64a3e-763a-a236-62c0-cbbda4349fb1
3d097b7b-f515-bac8-ff30-a1f80a0b45ad,Kyle Burke,1972-01-05,SYN-889-13-9150,110713,664,2025-10-27,246,0,,3d097b7b-f515-bac8-ff30-a1f80a0b45ad
ec40fe5a-a008-eb0b-d788-27df5d4c9d1d,Tina Patel,2007-07-25,SYN-523-20-2881,32561,667,2026-02-19,131,0,,ec40fe5a-a008-eb0b-d788-27df5d4c9d1d
d6eddc87-cc3a-f666-1af3-00d3d361565c,Max Mcclain,1979-03-01,SYN-155-64-5621,30357,554,2025-02-02,513,0,,d6eddc87-cc3a-f666-1af3-00d3d361565c
21f3865d-a11c-2eb3-eb2d-e5be7e656352,Casey Chase,1972-08-21,SYN-296-74-1957,16584,696,2026-05-19,42,0,,21f3865d-a11c-2eb3-eb2d-e5be7e656352
3b1fa7a8-9495-bcee-6549-7ecd5f17ea19,Austin Horton,1973-12-25,SYN-561-37-4755,96039,726,2026-01-29,152,0,,3b1fa7a8-9495-bcee-6549-7ecd5f17ea19
37d1fa69-d9a0-31f7-2f00-b99ab205b7b5,Elizabeth Graham,2008-03-16,SYN-198-84-1365,73489,582,2025-01-20,526,0,,37d1fa69-d9a0-31f7-2f00-b99ab205b7b5
13bc2bee-b6a6-d52b-ec2b-41bb79aec921,Stephanie Joseph,1971-04-30,SYN-955-17-5379,20646,707,2025-02-03,512,0,,13bc2bee-b6a6-d52b-ec2b-41bb79aec921
58d6f0b0-6da2-9eee-637d-92e76c10c0b8,Matthew Carroll,1987-05-17,SYN-120-36-3278,57294,720,2026-01-25,156,0,,58d6f0b0-6da2-9eee-637d-92e76c10c0b8
85c8c2a9-ce0d-d153-721c-a7a60f016902,Joel Rogers,1996-11-06,SYN-344-36-5901,54353,717,2025-07-11,354,0,,85c8c2a9-ce0d-d153-721c-a7a60f016902
a0faaa79-86b6-b201-5800-f41947944ae3,Tyler Russell,1990-04-24,SYN-315-92-1063,40007,582,2025-07-14,351,0,,a0faaa79-86b6-b201-5800-f41947944ae3
02cfc371-b958-4ad7-6a96-d4d8d63ac0a6,Arthur Golden,1985-09-02,SYN-199-18-2415,43135,618,2026-02-17,133,0,,02cfc371-b958-4ad7-6a96-d4d8d63ac0a6
71a8d97d-e9d4-d9da-8aa0-4cff69992079,Christopher Taylor,1979-11-21,SYN-962-55-1025,65237,676,2025-07-31,334,0,,71a8d97d-e9d4-d9da-8aa0-4cff69992079
7b7de605-baf8-44c2-c423-20d12d761b31,Debra Leonard,1982-12-21,SYN-889-36-7506,119262,576,2025-12-20,192,0,,7b7de605-baf8-44c2-c423-20d12d761b31
6d9a4fd8-7d56-5563-be53-d4f41da1cee7,Ryan Kaiser,1987-06-06,SYN-864-47-8311,16259,673,2025-09-03,300,0,,6d9a4fd8-7d56-5563-be53-d4f41da1cee7
d94dc9f4-a02f-c9e0-c2f9-2e619a7bf0b7,Kelly Calderon,1994-12-04,SYN-819-15-4037,31025,581,2025-07-20,345,0,,d94dc9f4-a02f-c9e0-c2f9-2e619a7bf0b7
05ad9de0-c030-7cc8-d838-4163516ec7d3,Jordan Moses,1971-07-07,SYN-767-40-4282,25856,668,2025-04-28,428,0,,05ad9de0-c030-7cc8-d838-4163516ec7d3
3177b738-5ea8-c544-76ba-32b720ab75d3,Crystal Smith,2006-06-17,SYN-668-47-2451,52602,640,2025-05-01,425,0,,3177b738-5ea8-c544-76ba-32b720ab75d3
82fd603e-2b5d-618e-d4a1-2ea6157f2468,Amy Silva,1987-11-08,SYN-652-15-7524,34391,697,2025-05-27,399,0,,82fd603e-2b5d-618e-d4a1-2ea6157f2468
f79fba0e-dbec-8122-317d-f3d9b42dfdda,Ashley Bell,1995-07-15,SYN-909-93-1236,109907,771,2026-03-13,109,0,,f79fba0e-dbec-8122-317d-f3d9b42dfdda
dc521174-6527-4d14-20d8-1a1fcb480cbb,Alex Barton,1987-12-22,SYN-959-18-5164,54233,801,2026-01-03,178,0,,dc521174-6527-4d14-20d8-1a1fcb480cbb
8767f824-22fb-3991-32a4-4d689e016d0a,Jeffrey Baldwin,2005-02-07,SYN-429-90-7142,135210,769,2026-02-17,133,0,,8767f824-22fb-3991-32a4-4d689e016d0a
2a145058-5cde-fd0a-15bb-97c4bca52d82,Rebecca Roberts,1988-05-01,SYN-802-30-3432,52191,621,2026-02-07,143,0,,2a145058-5cde-fd0a-15bb-97c4bca52d82
48126c3a-7c2d-5a13-db53-a47db11be54b,Christopher Robinson,1987-05-09,SYN-803-11-6560,95505,508,2026-04-25,66,1,ring_0010,ring_0010
f51688a8-06fd-f763-8270-4f92c55f9333,Michelle Prince,1986-01-07,SYN-389-50-5645,55957,750,2025-08-23,311,0,,f51688a8-06fd-f763-8270-4f92c55f9333
16dc9ec0-2047-8628-6ff2-fe781d98131b,Mary Campbell,1963-08-07,SYN-693-32-6513,90604,489,2025-05-19,407,0,,16dc9ec0-2047-8628-6ff2-fe781d98131b
6fcfcac5-548d-b07c-d782-a6532f0768c7,Felicia Thompson,1987-07-10,SYN-845-95-7575,106925,739,2026-04-18,73,0,,6fcfcac5-548d-b07c-d782-a6532f0768c7
994ce730-ec0c-982b-51a6-ffe0c04ebb39,Austin Grant,1985-01-24,SYN-387-96-3504,28400,582,2025-08-18,316,0,,994ce730-ec0c-982b-51a6-ffe0c04ebb39
19aeee3f-7e56-7726-1b36-12d480c97fac,Rebecca Hoover,1979-09-01,SYN-351-41-9477,23703,589,2025-05-21,405,0,,19aeee3f-7e56-7726-1b36-12d480c97fac
c5f0103f-68da-f1f3-d8f6-a0af29bd55a5,Andrew Reynolds,1992-08-30,SYN-893-78-2858,71583,588,2026-02-17,133,0,,c5f0103f-68da-f1f3-d8f6-a0af29bd55a5
c7f7527f-5894-2fea-5cd4-be72533463ee,Donna Taylor,1974-05-21,SYN-851-29-3505,199616,652,2026-05-29,32,0,,c7f7527f-5894-2fea-5cd4-be72533463ee
6239f848-3364-b8a3-5653-4fc7be8cb1ed,Jennifer Williams,1970-03-22,SYN-552-51-7930,55790,651,2025-08-20,314,0,,6239f848-3364-b8a3-5653-4fc7be8cb1ed
716690c7-f406-00f4-f156-2372909f008a,Joseph Williams,1970-12-27,SYN-799-24-4969,41279,693,2026-06-10,20,0,,716690c7-f406-00f4-f156-2372909f008a
11c893cf-0654-d94e-4c91-ced3bedef5f6,Maria Roberts,1967-03-23,SYN-153-14-8521,33411,704,2025-09-03,300,0,,11c893cf-0654-d94e-4c91-ced3bedef5f6
c656e501-728d-3fbc-f87d-2f3f68514ade,Tammy Alvarado,1989-01-18,SYN-255-57-5702,95243,739,2026-02-01,149,0,,c656e501-728d-3fbc-f87d-2f3f68514ade
87c27d34-042f-2340-73b5-4fe1d033d28d,Eric Jordan,2003-06-21,SYN-891-48-2364,55569,667,2025-05-15,411,0,,87c27d34-042f-2340-73b5-4fe1d033d28d
9e499790-4966-6c63-8951-80bcfc610e93,Riley Clark,2000-10-18,SYN-597-90-4791,46872,608,2025-05-16,410,0,,9e499790-4966-6c63-8951-80bcfc610e93
f90cc899-11eb-3049-55c9-bc102d2a9e7a,Dr. Melissa Sullivan DDS,1990-07-29,SYN-853-54-7843,35102,709,2025-02-11,504,0,,f90cc899-11eb-3049-55c9-bc102d2a9e7a
e2a92897-fcf9-984f-d4d9-80cef1150658,Kelsey Lewis,1978-10-23,SYN-298-43-1063,64585,705,2025-12-21,191,0,,e2a92897-fcf9-984f-d4d9-80cef1150658
3f4fe8ce-3f19-3233-ed15-595eea06c0fc,Mark Maddox,1975-04-16,SYN-292-60-4838,29865,703,2025-04-05,451,0,,3f4fe8ce-3f19-3233-ed15-595eea06c0fc
33bbb280-f867-f160-8797-677344c9a614,William Martinez,1976-06-16,SYN-326-57-3696,70026,683,2025-08-06,328,0,,33bbb280-f867-f160-8797-677344c9a614
b514cbc8-eae9-c677-44e8-75ed8e20428a,Kimberly Hanna,2008-01-25,SYN-166-71-4495,95032,720,2026-03-01,121,0,,b514cbc8-eae9-c677-44e8-75ed8e20428a
616dd7af-75ad-3dd7-1b1f-dfa4ffbfe409,Scott Meza,1980-12-01,SYN-470-57-6367,49239,630,2026-03-09,113,0,,616dd7af-75ad-3dd7-1b1f-dfa4ffbfe409
fde4ac4b-1de8-d0a6-a777-8ff5b6f4c7db,Paula Lopez,1953-07-21,SYN-150-71-4960,61888,681,2025-02-05,510,0,,fde4ac4b-1de8-d0a6-a777-8ff5b6f4c7db
aacf4a0e-36ff-f222-5651-93dcfd668556,Karen Jones,1994-09-17,SYN-834-31-7564,42840,707,2025-08-22,312,0,,aacf4a0e-36ff-f222-5651-93dcfd668556
d13e7eeb-8f44-e833-390d-5b489953e9f7,Michael Gordon,1989-02-20,SYN-770-96-3863,63551,732,2026-01-26,155,0,,d13e7eeb-8f44-e833-390d-5b489953e9f7
741d6fa4-9e24-1f08-60d4-0e8c841c7b48,Nancy Flowers,1991-05-08,SYN-502-76-7904,121706,708,2025-11-12,230,0,,741d6fa4-9e24-1f08-60d4-0e8c841c7b48
0f18549f-d332-cb32-0e5b-4db5aef94a12,Heather Bradford,1990-04-20,SYN-657-82-8275,54271,641,2025-04-27,429,0,,0f18549f-d332-cb32-0e5b-4db5aef94a12
10af4507-0a12-7703-a91f-94bc01cbc7b6,Isaac Hodge,1980-06-18,SYN-160-91-4059,26826,645,2025-03-25,462,1,ring_0174,ring_0174
2d582552-11a3-2444-d69b-f7fad4b313ed,Rachel Jones,1984-12-17,SYN-326-23-1318,62584,796,2025-06-15,380,0,,2d582552-11a3-2444-d69b-f7fad4b313ed
3a15a3cc-6a19-7e52-90a7-3bb6a7069f5a,Maurice Graham,1983-02-17,SYN-879-15-5747,94252,655,2025-11-22,220,0,,3a15a3cc-6a19-7e52-90a7-3bb6a7069f5a
e12a127f-7d03-6618-2331-01023949f926,Nancy Webb,2003-06-18,SYN-267-47-7622,141089,579,2025-01-03,543,0,,e12a127f-7d03-6618-2331-01023949f926
59917608-b627-40f1-45d9-831890c2dfaf,Kimberly Fritz,2007-09-16,SYN-198-31-8655,75817,551,2025-04-05,451,0,,59917608-b627-40f1-45d9-831890c2dfaf
7bff68f9-7a4f-ce35-8c75-039f5ab28ec9,Mandy Lee,1992-06-18,SYN-511-88-8090,50269,732,2026-04-07,84,0,,7bff68f9-7a4f-ce35-8c75-039f5ab28ec9
7e5faf59-0b6e-1502-3cd8-b204ab6cc1a1,Kim Lopez,1997-06-07,SYN-795-23-2695,40601,693,2025-11-12,230,0,,7e5faf59-0b6e-1502-3cd8-b204ab6cc1a1
cc0acdf3-34cd-6031-29c6-9054e63cb4fd,Christopher Davis,2005-02-24,SYN-462-73-9694,92987,611,2025-02-15,500,1,ring_0168,ring_0168
d1ba71c7-16ea-acc1-fbd8-c50fca92074a,Devin Ferrell,1991-03-15,SYN-825-24-8979,45329,737,2025-05-06,420,0,,d1ba71c7-16ea-acc1-fbd8-c50fca92074a
2fd9fe0a-6c8c-7de4-39ad-974e005e5137,Michael Serrano,1993-07-10,SYN-224-78-4297,42828,660,2026-02-25,125,0,,2fd9fe0a-6c8c-7de4-39ad-974e005e5137
14faf39a-9fe3-5cb7-b441-14a607e48172,Kimberly Mitchell,1975-01-09,SYN-652-30-5098,52924,795,2026-03-18,104,0,,14faf39a-9fe3-5cb7-b441-14a607e48172
dd7ac862-a41b-a154-5276-603e842c5fdb,Jordan Dawson,1975-01-22,SYN-522-72-4212,50937,732,2026-03-02,120,1,ring_0141,ring_0141
2bedda3e-96f0-e701-61ec-43a54208ec6d,Patrick Ortega,1967-05-14,SYN-382-13-7895,100504,717,2026-01-15,166,0,,2bedda3e-96f0-e701-61ec-43a54208ec6d
736ffb61-a74a-c007-a201-66c294852dc6,Kathy Hull,1981-09-08,SYN-855-50-9456,51156,613,2026-06-20,10,0,,736ffb61-a74a-c007-a201-66c294852dc6
229b8ba0-f74d-ee1e-319e-0e4fb504d6f5,Allen Hunt,1993-08-15,SYN-995-24-1910,45081,573,2025-03-17,470,0,,229b8ba0-f74d-ee1e-319e-0e4fb504d6f5
f5fcd227-2724-f3f3-fa33-c32481671d05,Robert Arnold,1992-02-29,SYN-745-57-9231,45199,682,2026-06-30,0,0,,f5fcd227-2724-f3f3-fa33-c32481671d05
a3cc931d-deea-b133-90b0-50367ed6337d,Lisa Lopez MD,1981-03-13,SYN-601-16-7557,20460,626,2025-07-11,354,0,,a3cc931d-deea-b133-90b0-50367ed6337d
246508ca-494a-bf8b-ed1f-cb29ea8e9ff9,Matthew Barrett,1994-12-11,SYN-311-16-8553,90350,662,2025-05-18,408,0,,246508ca-494a-bf8b-ed1f-cb29ea8e9ff9
0d0a63b5-608a-a881-814a-a151856d53d6,Dale Heath,1969-09-04,SYN-624-67-9406,39936,709,2025-01-02,544,0,,0d0a63b5-608a-a881-814a-a151856d53d6
6cc81a65-4f0d-7852-6fee-63bf550e9feb,Melissa Robinson,1963-04-29,SYN-556-26-9390,49387,626,2026-04-16,75,0,,6cc81a65-4f0d-7852-6fee-63bf550e9feb
97a73598-b540-2796-8847-8d6bc47bb276,Dale Chan,1996-01-04,SYN-300-25-4066,53717,654,2026-01-19,162,0,,97a73598-b540-2796-8847-8d6bc47bb276
110c4203-56a8-f275-bdd7-65f55032e0a1,Nathan Lang,1996-09-15,SYN-427-50-1445,36837,747,2026-01-08,173,0,,110c4203-56a8-f275-bdd7-65f55032e0a1
83e3912b-c941-8919-dd97-f8e3c039e410,Sarah Martin,1967-10-11,SYN-221-61-4101,29127,629,2026-05-07,54,0,,83e3912b-c941-8919-dd97-f8e3c039e410
fb07dc38-6f39-dfb7-e119-003b371446c2,Dennis Jones,1976-10-09,SYN-997-43-6294,57949,644,2025-03-12,475,0,,fb07dc38-6f39-dfb7-e119-003b371446c2
b5de7db4-1d61-e5fe-1216-e1f630765bca,Billy Williams,1984-03-25,SYN-362-83-7317,92569,838,2025-11-30,212,0,,b5de7db4-1d61-e5fe-1216-e1f630765bca
74871428-3f3e-012a-c4f2-d560fcade73c,Nathaniel Walter,1975-05-06,SYN-662-49-2805,75404,649,2026-06-02,28,0,,74871428-3f3e-012a-c4f2-d560fcade73c
c1fedb8e-c189-634f-858c-0c06add1d9ac,Hannah Marquez,1978-11-10,SYN-893-47-8692,64798,649,2026-02-06,144,0,,c1fedb8e-c189-634f-858c-0c06add1d9ac
26cb100c-c2e2-972d-b212-063e7e0e7b51,Christopher Gay,1994-02-17,SYN-313-57-3814,15000,800,2025-07-01,364,0,,26cb100c-c2e2-972d-b212-063e7e0e7b51
6bc5d719-855f-9f78-676e-0c079f5ed9fe,Christopher Roy,1976-01-13,SYN-269-70-7929,77742,647,2025-11-20,222,0,,6bc5d719-855f-9f78-676e-0c079f5ed9fe
066f3bdc-bc79-8a3e-9933-260eee9a7086,Michael Powell,1983-03-03,SYN-936-64-4768,37390,630,2025-12-22,190,0,,066f3bdc-bc79-8a3e-9933-260eee9a7086
5fb4b9e9-867e-d687-a1e0-b67343783564,Kevin Miller,1986-09-22,SYN-603-45-1973,95421,737,2026-06-05,25,0,,5fb4b9e9-867e-d687-a1e0-b67343783564
f53e10c0-7647-4013-4d45-74ccfdc445ae,Richard Gordon,1970-06-17,SYN-284-32-8899,91696,675,2025-01-19,527,0,,f53e10c0-7647-4013-4d45-74ccfdc445ae
98d71c1d-1b83-0f93-91dd-ba6ee9ed2798,Billy Rich,1978-10-01,SYN-509-34-5507,56579,591,2025-04-07,449,1,ring_0055,ring_0055
d87df8c9-4af8-9158-39f3-ca63769f4119,Kyle Brown,1988-05-20,SYN-172-44-5381,32435,674,2026-06-08,22,0,,d87df8c9-4af8-9158-39f3-ca63769f4119
6a3f333a-3c13-961d-7fb7-fe909dd86555,John Thomas,1990-06-16,SYN-261-43-6936,81022,679,2025-10-19,254,1,ring_0101,ring_0101
afd0e64b-25c0-6eab-c83b-f1d263a10399,Michael Garcia,2003-05-29,SYN-201-16-4124,50423,636,2025-10-31,242,0,,afd0e64b-25c0-6eab-c83b-f1d263a10399
b350a350-8ad7-358e-1303-af185c7fd0a0,Jay Hall,1989-03-28,SYN-666-63-4715,54757,732,2025-12-09,203,0,,b350a350-8ad7-358e-1303-af185c7fd0a0
b456f8e8-79f1-ac8a-f533-738ad291ce77,David Morse Jr.,1971-08-06,SYN-156-11-5591,42624,669,2025-09-23,280,0,,b456f8e8-79f1-ac8a-f533-738ad291ce77
806e8281-8e2c-4a83-3873-a7969fc80655,Carlos Castillo,1993-05-24,SYN-170-38-1314,74295,651,2025-05-31,395,0,,806e8281-8e2c-4a83-3873-a7969fc80655
4f5bbd4e-b096-1c55-94a3-91f3a4a4e9fb,Christopher Harrison,1989-07-11,SYN-577-47-5727,36666,740,2026-05-01,60,0,,4f5bbd4e-b096-1c55-94a3-91f3a4a4e9fb
a817b4a4-80a2-b145-ecb4-3d0b8ecdbeb3,Cameron White,2001-07-16,SYN-984-45-8940,84830,668,2026-03-04,118,0,,a817b4a4-80a2-b145-ecb4-3d0b8ecdbeb3
bfc47cfe-ea82-37e2-f0c0-10b98f3a795f,Lisa Ramirez,1978-12-31,SYN-674-27-7837,82900,697,2025-02-06,509,0,,bfc47cfe-ea82-37e2-f0c0-10b98f3a795f
477731c9-7853-9778-e098-230421335faf,William Wood,1996-06-26,SYN-986-86-7562,19124,750,2026-02-24,126,0,,477731c9-7853-9778-e098-230421335faf
86769a12-a890-3c40-0985-f7a5acb9a83f,Mary Atkinson,1981-11-08,SYN-770-64-6749,18272,850,2025-02-03,512,0,,86769a12-a890-3c40-0985-f7a5acb9a83f
de652c09-6e85-2bb9-a2a9-b55e6a930e85,Trevor Johnson,1968-03-16,SYN-145-80-2287,76033,517,2025-07-04,361,0,,de652c09-6e85-2bb9-a2a9-b55e6a930e85
db321d6e-8c2c-d166-607b-54983df704c6,Adam Shannon,1983-09-19,SYN-120-28-2078,46312,797,2025-06-21,374,0,,db321d6e-8c2c-d166-607b-54983df704c6
ef9d8dc7-48d6-f7a3-1a18-e6ae368a2009,Robert Flowers,1981-06-02,SYN-845-46-4715,53427,662,2025-05-29,397,0,,ef9d8dc7-48d6-f7a3-1a18-e6ae368a2009
5a4e4809-1760-7939-9b31-2b9ce9225a16,Steve Perez,2004-10-30,SYN-529-23-8107,102487,652,2026-05-06,55,1,ring_0148,ring_0148
7add6623-562c-7660-72d1-0ae7fd2bcad7,Gina Brennan,2005-03-11,SYN-352-10-3082,81263,813,2025-08-08,326,0,,7add6623-562c-7660-72d1-0ae7fd2bcad7
a3141a94-2f38-e66b-5e67-58d63bf831e9,Jesus Gomez,1983-03-21,SYN-470-44-9522,20209,675,2026-06-27,3,1,ring_0138,ring_0138
1fb765e8-eb22-021d-f3ba-c7cb38b7ee50,Scott Alexander,1992-09-18,SYN-787-35-4910,159389,676,2026-04-13,78,0,,1fb765e8-eb22-021d-f3ba-c7cb38b7ee50
66f3dec5-d425-70c0-4c73-3ccacf6c8667,Alison Walker,1998-03-08,SYN-465-26-7084,64842,785,2026-05-19,42,0,,66f3dec5-d425-70c0-4c73-3ccacf6c8667
508b2c12-355e-ec9b-abf8-cc5e5beb6ef6,Kaitlin Hardin,1974-10-29,SYN-732-93-7234,74774,702,2025-01-13,533,0,,508b2c12-355e-ec9b-abf8-cc5e5beb6ef6
de53c5ff-3a90-919f-9c1f-27175d3244ae,Shannon Jones,1979-08-19,SYN-321-31-5079,37635,689,2025-12-30,182,0,,de53c5ff-3a90-919f-9c1f-27175d3244ae
2b4f8f16-fb06-f48f-d14a-0cbef342e516,Shawn Evans,1988-06-22,SYN-206-35-4680,250000,605,2025-08-28,306,0,,2b4f8f16-fb06-f48f-d14a-0cbef342e516
3a23e47e-53d4-85ff-e44f-dd20211e5502,Donald Santana,1975-05-23,SYN-846-62-6748,108733,671,2026-01-17,164,0,,3a23e47e-53d4-85ff-e44f-dd20211e5502
ec20f098-a6a3-4d68-25e0-e6e66395eab9,Erin Jacobs,1992-06-09,SYN-577-20-3791,28918,588,2026-04-28,63,0,,ec20f098-a6a3-4d68-25e0-e6e66395eab9
cb408eba-e5a7-4666-6ed4-07cb869f03a3,Jeffrey Watts,1981-10-07,SYN-587-57-7433,69512,698,2025-02-18,497,0,,cb408eba-e5a7-4666-6ed4-07cb869f03a3
2cd79dc2-6d2b-ae31-74b5-b668117cd2b6,Mr. Bryan Mckinney,1985-11-06,SYN-352-84-9082,66309,685,2025-04-30,426,0,,2cd79dc2-6d2b-ae31-74b5-b668117cd2b6
c3f62b25-8b77-b518-2476-4856a88c8f3f,Christina Washington,1988-09-08,SYN-745-28-7066,25586,793,2025-12-21,191,0,,c3f62b25-8b77-b518-2476-4856a88c8f3f
f028102f-1d1c-5863-a778-82027c14e011,Courtney Sanders,1986-10-02,SYN-977-26-1493,52674,700,2025-08-20,314,0,,f028102f-1d1c-5863-a778-82027c14e011
2cf16164-a162-695c-0e70-9644d408444c,Lisa Riggs,1986-01-19,SYN-731-32-2787,60456,773,2025-03-22,465,0,,2cf16164-a162-695c-0e70-9644d408444c
89dde475-3ae6-8a38-ed40-1020ac7ec262,Joseph Moon,2008-01-09,SYN-176-81-2184,69065,499,2025-05-30,396,0,,89dde475-3ae6-8a38-ed40-1020ac7ec262
2d2e7390-34c9-6943-01ec-b6c7c489c45c,Todd Perry,1995-10-21,SYN-379-61-7555,64064,676,2025-04-16,440,0,,2d2e7390-34c9-6943-01ec-b6c7c489c45c
75105382-d740-bae1-ef9d-b1a5e6763d70,Matthew Patton,1983-06-14,SYN-238-55-1284,27072,706,2026-06-11,19,0,,75105382-d740-bae1-ef9d-b1a5e6763d70
6953fd49-b1f7-f81f-3a28-ff09c5a0f856,Eric Anderson,1991-09-02,SYN-962-88-6885,42105,646,2026-06-30,0,0,,6953fd49-b1f7-f81f-3a28-ff09c5a0f856
e5e11a92-b86b-870f-76c3-db6a8e5d3357,Kendra Wang DVM,1992-10-19,SYN-541-58-5174,29384,731,2025-04-05,451,0,,e5e11a92-b86b-870f-76c3-db6a8e5d3357
8bac1ae4-1a04-dafb-43f6-a270bf7b0be3,Paul Anderson,1983-01-27,SYN-207-10-6578,37562,549,2025-05-10,416,0,,8bac1ae4-1a04-dafb-43f6-a270bf7b0be3
2be47261-a750-7f5e-d059-0646274377a4,David Johnson,1987-07-21,SYN-684-46-6815,65055,645,2025-10-01,272,0,,2be47261-a750-7f5e-d059-0646274377a4
fd4e361f-fd46-cd11-f1bc-ac9d9bb8f9dd,Rhonda Patterson,2007-07-13,SYN-664-18-5470,141766,486,2026-06-26,4,0,,fd4e361f-fd46-cd11-f1bc-ac9d9bb8f9dd
07ba23dd-4e29-b83d-d3b5-c6affb612091,Mr. Jacob Moore,1997-06-18,SYN-889-75-9416,35585,662,2026-06-27,3,0,,07ba23dd-4e29-b83d-d3b5-c6affb612091
629e8cce-197f-1e28-74e3-b7c606e30d01,Gabriella Jones,1976-04-07,SYN-198-65-4964,48388,622,2026-01-23,158,0,,629e8cce-197f-1e28-74e3-b7c606e30d01
b44a6ba8-5941-6a42-ed21-151977432646,Anna Snyder,1988-01-22,SYN-450-72-4696,60313,738,2026-04-16,75,0,,b44a6ba8-5941-6a42-ed21-151977432646
d76540a1-dd01-3a69-d4b2-54e0f240879f,Richard Johnson,1989-05-20,SYN-986-89-2560,53833,614,2025-04-24,432,0,,d76540a1-dd01-3a69-d4b2-54e0f240879f
432480e0-80d3-efb9-d27e-5bd2d1d14db8,Kurt Martinez,2002-11-27,SYN-371-31-7520,32861,565,2025-09-05,298,0,,432480e0-80d3-efb9-d27e-5bd2d1d14db8
5a5f365b-6773-d476-9e49-906c1181fcfd,Jon Robinson,1996-02-25,SYN-154-91-1995,24695,766,2025-04-27,429,0,,5a5f365b-6773-d476-9e49-906c1181fcfd
d4640310-0ba9-51c7-9b16-1f134b77e5a4,Jason Nixon,2005-10-31,SYN-542-57-6435,55024,658,2025-07-20,345,0,,d4640310-0ba9-51c7-9b16-1f134b77e5a4
4bd9afc7-b766-3e80-7ca2-d74154a5e0c8,Joshua Gonzalez,1969-12-24,SYN-252-77-6563,70518,669,2025-01-03,543,0,,4bd9afc7-b766-3e80-7ca2-d74154a5e0c8
098b605a-76f1-c851-f2be-94e829a37d88,David Montoya,2007-11-19,SYN-593-13-2434,64008,651,2025-02-13,502,1,ring_0160,ring_0160
aa2c1e08-6f83-4b34-582e-3b88ae78f2d5,Katelyn Curry,1992-05-01,SYN-359-80-7962,45040,627,2025-05-11,415,0,,aa2c1e08-6f83-4b34-582e-3b88ae78f2d5
11984211-3e9d-5b68-5108-7b72409f0404,Tammy Scott,1996-12-08,SYN-425-74-6993,42340,726,2025-07-14,351,0,,11984211-3e9d-5b68-5108-7b72409f0404
36a480c0-e5f1-a246-552a-96fabd89076a,Elaine Brooks,1980-11-13,SYN-503-51-3386,30454,624,2025-11-25,217,0,,36a480c0-e5f1-a246-552a-96fabd89076a
ef465eec-db61-0676-eb14-aba184781790,Jacob Duran,1970-09-21,SYN-760-49-8342,85141,723,2026-01-06,175,0,,ef465eec-db61-0676-eb14-aba184781790
3c12bc8a-8e56-02bc-cafe-0cfa227ff3d2,Mr. Raymond Thompson,1985-10-07,SYN-883-26-3566,30545,764,2025-06-30,365,1,ring_0074,ring_0074
84360ebd-acc8-9f2d-dcca-295749e970f7,Jennifer Williams,1990-01-22,SYN-413-69-4949,17775,741,2026-01-06,175,0,,84360ebd-acc8-9f2d-dcca-295749e970f7
05d3321f-281f-487f-0886-d9239f15ee89,Ronald Marshall,1977-10-04,SYN-338-60-3487,47436,737,2025-10-08,265,0,,05d3321f-281f-487f-0886-d9239f15ee89
f53b8f8e-c971-6c6d-03c9-49c16a73c74e,Wendy Williams,1986-08-19,SYN-229-65-8004,63357,685,2026-01-06,175,0,,f53b8f8e-c971-6c6d-03c9-49c16a73c74e
ecd15ca5-d8ce-15a4-d9d1-70af4edfb2a1,Willie Henry,1977-06-02,SYN-776-76-3653,64026,798,2025-01-11,535,0,,ecd15ca5-d8ce-15a4-d9d1-70af4edfb2a1
9d00fd89-56c7-71fb-7df4-20e05af7439b,Sarah Thompson,1983-11-30,SYN-589-14-1364,82622,682,2026-01-14,167,0,,9d00fd89-56c7-71fb-7df4-20e05af7439b
ce36096e-3d11-56e3-fb7f-df9b1139c3f6,Neil Mclaughlin,1993-05-14,SYN-156-46-9596,90277,711,2025-11-30,212,1,ring_0041,ring_0041
88fbc515-e083-23dc-cf4c-d7f1a54068d1,Angela Watson,1981-06-04,SYN-109-92-3408,36160,652,2025-11-07,235,0,,88fbc515-e083-23dc-cf4c-d7f1a54068d1
80870578-3288-2529-ae52-8120f60a8b05,Karen Johnson,2008-01-24,SYN-999-34-7860,50755,676,2026-03-08,114,0,,80870578-3288-2529-ae52-8120f60a8b05
c5b453b7-c362-0b81-7638-bf74f4eea06b,Brent Roberts,1992-12-07,SYN-338-95-2502,63074,835,2025-05-08,418,0,,c5b453b7-c362-0b81-7638-bf74f4eea06b
9c057022-825c-1397-8c6f-2e1b010777e8,Kari Lloyd,1985-07-16,SYN-159-81-5589,26075,713,2026-03-01,121,0,,9c057022-825c-1397-8c6f-2e1b010777e8
82dba3bf-947f-0b61-d0cc-7e0feff7f90e,Ashley Robertson,1982-05-31,SYN-216-43-1276,85007,729,2026-06-12,18,0,,82dba3bf-947f-0b61-d0cc-7e0feff7f90e
3cec2d36-e813-b8aa-36b1-440721d7ebed,Randy Phillips,1973-10-18,SYN-328-58-6737,35831,679,2026-01-27,154,0,,3cec2d36-e813-b8aa-36b1-440721d7ebed
ec89f788-4bd9-7f50-b709-2683523f33df,Manuel Taylor,1970-07-24,SYN-275-52-7072,67392,630,2025-04-13,443,0,,ec89f788-4bd9-7f50-b709-2683523f33df
0f2ef947-3225-64d5-933e-ed229804e4e8,Joseph Smith,1986-12-18,SYN-565-79-7813,147588,685,2026-06-29,1,0,,0f2ef947-3225-64d5-933e-ed229804e4e8
7af519fd-43ae-d7e1-a63a-c1de7447de5e,Nathan Stanley,1965-10-31,SYN-211-17-3305,151451,550,2025-12-17,195,0,,7af519fd-43ae-d7e1-a63a-c1de7447de5e
688d92a6-f1d3-d67e-3376-d396c646ae05,Brian Garcia,1969-06-12,SYN-115-92-4854,129824,571,2025-10-17,256,1,ring_0081,ring_0081
c2e811cd-4e36-e5db-fd4f-d8edfa5d4e1f,Cynthia Morris,1980-02-23,SYN-123-35-8525,21135,664,2025-10-25,248,0,,c2e811cd-4e36-e5db-fd4f-d8edfa5d4e1f
4e257c7c-235e-7268-c404-b9cce555ba27,Larry Rivera,1958-03-19,SYN-728-99-4143,45946,732,2026-01-10,171,0,,4e257c7c-235e-7268-c404-b9cce555ba27
8e930508-6687-9933-21e4-ef9f5a35bf92,Olivia Rodriguez,1985-09-08,SYN-332-97-2300,64825,736,2026-01-20,161,0,,8e930508-6687-9933-21e4-ef9f5a35bf92
8536942b-10b6-17a4-fb4c-0c050a1dc8fb,Katherine Stark,1978-06-23,SYN-239-16-7695,31532,635,2026-04-01,90,0,,8536942b-10b6-17a4-fb4c-0c050a1dc8fb
58d24fbb-731f-a903-6cd9-faa25ae85e70,Todd Beasley,1991-08-16,SYN-885-71-6581,21370,664,2025-04-26,430,0,,58d24fbb-731f-a903-6cd9-faa25ae85e70
864a1ac2-e3ae-7035-1a6b-3ab65aec629f,Sarah Nelson,2004-02-14,SYN-505-69-3582,41150,592,2025-07-13,352,0,,864a1ac2-e3ae-7035-1a6b-3ab65aec629f
55d8359e-fede-69d5-81de-8ede0bac8106,Marie Thompson,2002-07-17,SYN-700-39-2832,35457,640,2026-01-30,151,0,,55d8359e-fede-69d5-81de-8ede0bac8106
f2ce2068-1e3e-5fad-ae2b-bb333c88ac16,Vanessa Morris,1985-04-04,SYN-766-34-5218,29465,791,2025-03-31,456,0,,f2ce2068-1e3e-5fad-ae2b-bb333c88ac16
6d9ffda1-6a2c-ec47-6657-c8d6691b5ed6,Ryan Barrera MD,1971-04-15,SYN-804-79-2076,41285,710,2026-03-24,98,1,ring_0094,ring_0094
65b2d9da-54b9-4df4-7102-b80f7bfb3245,James Miller,1986-09-27,SYN-751-73-2426,68480,631,2025-12-06,206,0,,65b2d9da-54b9-4df4-7102-b80f7bfb3245
ca879237-900e-f88f-1280-70f11261be2a,Cathy Hess,1983-02-18,SYN-139-70-7670,49386,687,2025-02-22,493,0,,ca879237-900e-f88f-1280-70f11261be2a
5a794b55-cdd5-67b6-daf7-a80037436285,Erin Stevens,1979-08-28,SYN-190-42-6921,30863,581,2025-02-08,507,1,ring_0060,ring_0060
b085b011-8f91-759c-c9c9-477073d97016,Brian Daugherty,1998-10-11,SYN-246-43-5866,17339,531,2026-05-26,35,0,,b085b011-8f91-759c-c9c9-477073d97016
883806eb-a48b-647a-5eb4-c92a4170a0f5,Christopher Shelton,1990-12-23,SYN-201-73-9594,95226,715,2026-04-10,81,0,,883806eb-a48b-647a-5eb4-c92a4170a0f5
2a534821-1235-02fe-983f-a03ff23f76e7,Kenneth Bailey DDS,1996-11-20,SYN-660-38-5062,25644,595,2025-10-07,266,0,,2a534821-1235-02fe-983f-a03ff23f76e7
0d5d3313-0e9b-5dda-5a37-e2539dbfd864,James Williams,2007-12-31,SYN-700-42-9846,88115,737,2026-06-15,15,0,,0d5d3313-0e9b-5dda-5a37-e2539dbfd864
d96b5e82-1164-300c-1792-14cd67e76531,Amber Williams,1994-09-23,SYN-261-56-5575,24692,707,2026-03-30,92,0,,d96b5e82-1164-300c-1792-14cd67e76531
ca1b852c-ad02-6fad-ced1-30b7a470e8c4,Nicole Williams,1999-11-21,SYN-818-43-5928,54256,557,2026-05-22,39,0,,ca1b852c-ad02-6fad-ced1-30b7a470e8c4
668db362-e338-3edd-37cd-13fc0c6f0a75,Brittney Morales,1991-05-24,SYN-836-72-7592,116507,767,2026-06-25,5,0,,668db362-e338-3edd-37cd-13fc0c6f0a75
1f65c741-df43-077f-c5c2-df2597fea96b,Amanda Swanson,1978-06-24,SYN-659-28-5364,48797,673,2025-07-05,360,0,,1f65c741-df43-077f-c5c2-df2597fea96b
9c8445fd-12ac-4d6b-1f16-95a3f319cda2,Michelle Brown,1972-09-18,SYN-920-89-1736,21338,654,2026-02-02,148,0,,9c8445fd-12ac-4d6b-1f16-95a3f319cda2
c9ba003c-0899-9aa0-6d57-3be182961c51,Meagan Charles,1981-09-07,SYN-625-33-8066,66556,672,2025-05-26,400,0,,c9ba003c-0899-9aa0-6d57-3be182961c51
695715e7-fc8b-d922-cf12-6dd82b51bcf3,Ricky Wood,2006-07-31,SYN-482-11-3258,91552,681,2025-03-15,472,1,ring_0058,ring_0058
4967d78a-a4e4-62a7-47bb-56e9543a0c62,Christina Moon,1977-12-25,SYN-808-13-6464,42978,629,2025-03-11,476,0,,4967d78a-a4e4-62a7-47bb-56e9543a0c62
eb67b822-5948-d7bb-4d3d-e206a548a73c,Kristy Hart,1980-03-17,SYN-804-98-9639,74183,730,2026-03-10,112,0,,eb67b822-5948-d7bb-4d3d-e206a548a73c
aa1c223b-1df3-7ed2-07cd-73502170a96c,Rachel Patel,1985-09-04,SYN-281-43-8718,19759,695,2025-05-12,414,0,,aa1c223b-1df3-7ed2-07cd-73502170a96c
694d8ae9-ee24-4d53-f2d0-228444a600b9,Amy Wong,1990-08-20,SYN-928-67-4682,137000,665,2025-06-06,389,0,,694d8ae9-ee24-4d53-f2d0-228444a600b9
5607eaaf-d538-558f-cb35-b912cbe34c79,Aaron Hernandez,1981-11-03,SYN-663-83-7544,110067,710,2025-09-09,294,0,,5607eaaf-d538-558f-cb35-b912cbe34c79
aefd8ab3-ae7e-9c6c-1926-2da08ac9303f,Vanessa Moore,1975-11-13,SYN-616-80-5953,41103,802,2026-05-20,41,0,,aefd8ab3-ae7e-9c6c-1926-2da08ac9303f
5491338b-f0bc-777f-aa77-c05a6faea18b,Scott Solomon,1976-07-28,SYN-470-87-2672,38269,600,2026-05-04,57,1,ring_0107,ring_0107
ace592f9-3fab-881c-62e0-da714fdb0e01,Jessica Castro,1975-12-18,SYN-667-40-9541,85426,762,2026-04-23,68,0,,ace592f9-3fab-881c-62e0-da714fdb0e01
9a4b2070-fff1-28bc-65ff-cd42e38f1ee5,Steven Phillips MD,1981-06-18,SYN-319-66-1863,52227,690,2025-06-16,379,1,ring_0044,ring_0044
61cdc98d-341a-b9ac-2fe8-1ace3417fb5d,Sara Evans,1976-10-07,SYN-579-13-5209,72894,594,2025-09-30,273,0,,61cdc98d-341a-b9ac-2fe8-1ace3417fb5d
2f5cafb7-9343-df2d-b716-138c6d53aa7d,Morgan Valencia,1971-02-01,SYN-385-86-2663,35670,748,2025-02-15,500,0,,2f5cafb7-9343-df2d-b716-138c6d53aa7d
11d44af4-f94a-1d7e-a999-820bbf3eadcd,David Mason,1988-05-19,SYN-362-86-3549,34557,757,2026-06-27,3,0,,11d44af4-f94a-1d7e-a999-820bbf3eadcd
5c0d57d5-3375-b8e0-3210-4b4d9c575daf,Brittany Flowers,1969-09-06,SYN-673-55-2064,42409,587,2026-03-02,120,0,,5c0d57d5-3375-b8e0-3210-4b4d9c575daf
e1d350a4-3274-60c4-16e5-92572db67252,Regina Butler,1985-04-13,SYN-288-23-4362,46995,696,2025-11-25,217,0,,e1d350a4-3274-60c4-16e5-92572db67252
2aff8f44-1e08-b672-fd61-cd73b8fda737,Kathryn Shields,1991-11-06,SYN-629-54-5957,62975,812,2025-06-21,374,0,,2aff8f44-1e08-b672-fd61-cd73b8fda737
a9d06530-36db-00e2-005e-47bae624b3c2,Ricky Davis II,1976-09-10,SYN-257-77-4219,69389,719,2025-04-18,438,0,,a9d06530-36db-00e2-005e-47bae624b3c2
94ff9829-2b8f-63c9-aec2-771a3dc6662c,Michael Martin,1985-05-17,SYN-203-88-3731,21813,711,2026-01-30,151,0,,94ff9829-2b8f-63c9-aec2-771a3dc6662c
4034b7b4-502e-d13a-5389-48a787f8c5e1,Valerie Roberts,1980-08-10,SYN-479-91-5254,19583,778,2025-03-11,476,0,,4034b7b4-502e-d13a-5389-48a787f8c5e1
226072b1-e129-76e3-51e5-1dd071e961c9,Timothy Ho,2007-09-30,SYN-420-42-8703,43468,553,2026-01-13,168,0,,226072b1-e129-76e3-51e5-1dd071e961c9
0927374b-a9d8-7332-24ac-cd2649f14695,Katrina Johnson,1972-07-28,SYN-780-71-7524,250000,646,2026-04-30,61,0,,0927374b-a9d8-7332-24ac-cd2649f14695
c9afe27e-9d4e-c7f0-163d-14eda0eb58b8,Suzanne Wagner,1982-01-26,SYN-595-66-3445,47592,655,2025-11-11,231,0,,c9afe27e-9d4e-c7f0-163d-14eda0eb58b8
bdff778c-32a3-8b59-260c-caebad4e016b,Brooke Allison,1979-08-22,SYN-590-10-1563,58517,575,2025-05-12,414,0,,bdff778c-32a3-8b59-260c-caebad4e016b
e0d6631b-70ec-41f7-8a9b-de81d40e2d04,Victor Taylor,1972-06-20,SYN-827-95-6594,52796,591,2026-02-02,148,0,,e0d6631b-70ec-41f7-8a9b-de81d40e2d04
0660d68f-5547-2797-3b2a-df295e694098,Linda Berry,1985-10-15,SYN-523-32-3153,76812,733,2025-10-09,264,0,,0660d68f-5547-2797-3b2a-df295e694098
9321c0f2-a1e8-e38b-3162-3c0927e8791e,Terry Waller,1996-11-10,SYN-318-90-8438,32810,675,2026-03-20,102,0,,9321c0f2-a1e8-e38b-3162-3c0927e8791e
6f3da893-82ac-3ac9-11c3-afd1ff1fc40c,Natalie Smith,1968-09-17,SYN-803-89-2097,35958,581,2025-06-25,370,0,,6f3da893-82ac-3ac9-11c3-afd1ff1fc40c
46828a9e-3059-53c7-a42f-0458de13bd49,Mrs. Felicia Castro DDS,2001-03-27,SYN-322-78-2916,32114,606,2025-03-10,477,0,,46828a9e-3059-53c7-a42f-0458de13bd49
d335c6e5-c5d0-9569-f68e-3391bf563a98,Audrey Gomez,2002-04-04,SYN-211-33-3365,42923,669,2026-05-15,46,0,,d335c6e5-c5d0-9569-f68e-3391bf563a98
27b81462-676e-025b-4093-0819ce6f0099,Joshua Rodriguez,1988-03-18,SYN-402-51-5114,46429,829,2025-10-28,245,0,,27b81462-676e-025b-4093-0819ce6f0099
3bcb0910-3e6a-8364-8d96-758a923f87de,Tyler Baker,1977-09-13,SYN-143-98-9945,37258,713,2025-01-31,515,0,,3bcb0910-3e6a-8364-8d96-758a923f87de
7b12b718-5727-ccc2-24e4-40c34ec82e98,Zachary Hill,1973-12-25,SYN-984-90-5804,57132,672,2025-12-29,183,0,,7b12b718-5727-ccc2-24e4-40c34ec82e98
d8517dc2-a938-ab73-5e0e-20010a503e14,Debbie Schmidt,1972-04-28,SYN-792-50-3324,36598,651,2026-02-20,130,0,,d8517dc2-a938-ab73-5e0e-20010a503e14
dc6ac819-5c62-09fd-2795-97fc1d828f46,Amber Kennedy,1986-07-19,SYN-134-10-1877,16316,700,2025-11-05,237,0,,dc6ac819-5c62-09fd-2795-97fc1d828f46
7b68a774-bc29-8f8b-3436-14fb2d89e8a8,Michael Chandler,1998-03-14,SYN-460-19-8105,37202,679,2025-09-29,274,0,,7b68a774-bc29-8f8b-3436-14fb2d89e8a8
41d2540e-ad9c-57cc-a5d8-9d569bc9951e,Michelle Graham,1990-02-20,SYN-244-36-8156,50793,654,2025-08-06,328,0,,41d2540e-ad9c-57cc-a5d8-9d569bc9951e
771caf65-f86b-a59b-f584-050e9a3e9934,Kenneth Jackson,1986-03-10,SYN-705-77-9632,58386,709,2026-04-24,67,0,,771caf65-f86b-a59b-f584-050e9a3e9934
2c80195e-4615-28b4-ef24-b8a5d62e7afd,Keith Rodriguez,1994-07-05,SYN-346-88-8321,25865,708,2026-02-25,125,0,,2c80195e-4615-28b4-ef24-b8a5d62e7afd
1f03e2d4-f073-748d-468c-54e1bad538d8,Erika Hughes,1978-01-14,SYN-595-15-1520,118758,693,2026-03-02,120,1,ring_0039,ring_0039
3ef24729-ecb5-c900-0bfb-00c74b4b1254,Michelle Evans,1964-01-09,SYN-506-57-4539,33629,688,2025-06-11,384,0,,3ef24729-ecb5-c900-0bfb-00c74b4b1254
76fdee0f-8cf8-ae67-369b-e61a91cbdc61,Karla Burton,1975-01-27,SYN-268-44-3577,94245,594,2025-03-29,458,0,,76fdee0f-8cf8-ae67-369b-e61a91cbdc61
b3dbc42d-725d-eb70-f502-417f8ce5e92e,Javier Stanley,1977-10-17,SYN-832-82-8239,101893,619,2025-04-03,453,0,,b3dbc42d-725d-eb70-f502-417f8ce5e92e
4e5eede1-302f-81b7-904f-be71b4531506,Paul Hansen,1974-09-21,SYN-781-32-4626,47958,732,2025-06-07,388,0,,4e5eede1-302f-81b7-904f-be71b4531506
cd027f6b-d907-e1a1-170d-7b581c70f402,John Anderson,1986-10-10,SYN-198-74-7768,21420,568,2025-11-14,228,0,,cd027f6b-d907-e1a1-170d-7b581c70f402
95066bd9-7fa4-014f-f542-056c6945a762,Nicholas George,1985-10-18,SYN-713-30-2120,27060,664,2026-05-23,38,0,,95066bd9-7fa4-014f-f542-056c6945a762
e5a2bb4e-5de9-3fd6-f215-fa8b7546d064,Dr. George Hernandez,1990-01-30,SYN-109-82-7841,159073,642,2025-08-18,316,0,,e5a2bb4e-5de9-3fd6-f215-fa8b7546d064
cda0b9e6-4e4c-77e8-acb5-cbd25fffd12c,Nicole Lewis,1996-10-22,SYN-844-81-3169,23763,730,2025-10-27,246,0,,cda0b9e6-4e4c-77e8-acb5-cbd25fffd12c
7ff2d298-e903-4410-3870-ecbf5727c433,Elijah Wall,1991-01-02,SYN-729-16-8731,42494,593,2025-09-08,295,0,,7ff2d298-e903-4410-3870-ecbf5727c433
58c79ffc-c675-a0a6-f2bc-5ed34077591c,Claudia Jordan,1970-10-27,SYN-320-18-8964,64156,692,2025-07-14,351,0,,58c79ffc-c675-a0a6-f2bc-5ed34077591c
0993df92-d62b-b02d-4f93-2eebecbe914b,Whitney Gomez,1983-07-23,SYN-534-20-1097,55459,687,2026-05-13,48,0,,0993df92-d62b-b02d-4f93-2eebecbe914b
4dfe0179-2a70-61a3-1b39-6d508eda8a44,Carla Jones,1978-02-10,SYN-760-96-3552,76021,810,2025-11-22,220,0,,4dfe0179-2a70-61a3-1b39-6d508eda8a44
e15dd415-7c18-61c9-3031-a822fbf3b911,Cynthia Jones,1990-02-22,SYN-266-26-8529,56150,799,2025-11-09,233,0,,e15dd415-7c18-61c9-3031-a822fbf3b911
be58a5b8-bb60-7714-e667-43e8a434e470,Kayla Burns,1994-03-13,SYN-950-17-2971,64673,704,2025-11-23,219,0,,be58a5b8-bb60-7714-e667-43e8a434e470
ea501b78-ef53-ebfe-27fc-ee00a33e4282,Robert Gutierrez,1972-07-12,SYN-926-51-9726,52972,589,2025-02-14,501,0,,ea501b78-ef53-ebfe-27fc-ee00a33e4282
5a7c5f13-722e-a2fc-baa5-6f8af949c43a,Alisha Byrd,1987-09-14,SYN-783-44-7417,82839,685,2026-06-09,21,0,,5a7c5f13-722e-a2fc-baa5-6f8af949c43a
4e40178e-168e-e897-4004-c5750af7a5cc,Bryan Gomez,1982-05-06,SYN-331-73-1839,119346,647,2025-04-18,438,0,,4e40178e-168e-e897-4004-c5750af7a5cc
f8332da5-5784-2783-7e01-6038e98e78f0,Christina Faulkner,2001-08-02,SYN-136-21-7854,50021,637,2025-06-13,382,0,,f8332da5-5784-2783-7e01-6038e98e78f0
731e8773-b4ed-6f4d-e9b6-76eeb2e7fd26,Scott Duke,1973-11-04,SYN-928-40-2774,82440,683,2025-10-27,246,0,,731e8773-b4ed-6f4d-e9b6-76eeb2e7fd26
634b8855-e3ca-e059-f3a7-9e25b20b2338,Veronica Simmons,2002-04-18,SYN-940-16-2058,48252,628,2025-05-20,406,0,,634b8855-e3ca-e059-f3a7-9e25b20b2338
a3fdf99b-428e-b9de-2a97-425657d8be5b,Dean Sanchez,1976-12-22,SYN-437-98-5794,107374,563,2025-12-11,201,0,,a3fdf99b-428e-b9de-2a97-425657d8be5b
e8f6d730-c20c-0681-8468-5182250d94b6,Peter Gilbert,1971-02-04,SYN-719-80-9884,49298,759,2025-05-10,416,0,,e8f6d730-c20c-0681-8468-5182250d94b6
515e8cb7-a120-fd11-4c8f-6dcf340647c7,Sherry Horton,2008-02-05,SYN-291-96-4440,33436,741,2026-05-28,33,0,,515e8cb7-a120-fd11-4c8f-6dcf340647c7
5cda32e4-43ac-2069-5c94-02ba91ea4888,Carlos Miller,1981-10-30,SYN-419-47-5294,41819,735,2026-04-24,67,0,,5cda32e4-43ac-2069-5c94-02ba91ea4888
e9541e96-5486-dc05-e5ac-3bc34ffe6954,Jessica Patterson,1984-06-14,SYN-544-44-3101,119679,631,2025-01-21,525,0,,e9541e96-5486-dc05-e5ac-3bc34ffe6954
56398379-8113-8cfe-edab-d81108c6f871,Jason Quinn,1991-02-17,SYN-328-37-2913,179144,703,2025-01-27,519,0,,56398379-8113-8cfe-edab-d81108c6f871
ccb33351-5491-704c-fa6c-ccd1d4ae6f8c,Mark Townsend,1990-06-04,SYN-119-93-9882,116225,671,2025-03-12,475,0,,ccb33351-5491-704c-fa6c-ccd1d4ae6f8c
b80a3f7f-7b0b-f6e7-094e-301cc5845ec2,Nancy Chavez,1988-03-21,SYN-594-86-7224,41031,632,2025-02-06,509,0,,b80a3f7f-7b0b-f6e7-094e-301cc5845ec2
23334400-250f-b2c7-abe6-30a59ff22f9c,Regina Davis,1991-07-03,SYN-809-74-3382,32836,690,2025-02-03,512,0,,23334400-250f-b2c7-abe6-30a59ff22f9c
69bb5b27-602d-7d6b-f9fe-fee25ae0fba0,Michael Tran,1983-01-18,SYN-359-77-5212,66404,674,2026-05-08,53,0,,69bb5b27-602d-7d6b-f9fe-fee25ae0fba0
9f0009eb-2c4f-70af-795e-9016086fe60c,Donna Wright,1976-03-06,SYN-355-81-8520,83086,774,2025-01-12,534,0,,9f0009eb-2c4f-70af-795e-9016086fe60c
023f7538-2a19-0b67-25ac-1c268b038371,George Hall,1986-12-22,SYN-444-91-9262,130293,673,2026-01-07,174,0,,023f7538-2a19-0b67-25ac-1c268b038371
c42cd050-a3f2-ce62-76b5-211fd3dc809d,Lindsay Walker,1974-10-12,SYN-504-27-4380,65795,673,2025-03-16,471,0,,c42cd050-a3f2-ce62-76b5-211fd3dc809d
6c369b0c-8fa5-dbbb-1d4e-ca900e858b15,Katherine Harrison,2007-07-29,SYN-809-33-7185,42767,605,2025-05-06,420,0,,6c369b0c-8fa5-dbbb-1d4e-ca900e858b15
245f743b-6c5e-c1b9-147b-d275c40b99d3,Paula Lee,1954-05-21,SYN-148-91-9956,33078,698,2025-10-09,264,0,,245f743b-6c5e-c1b9-147b-d275c40b99d3
d7e0b814-d83c-fa36-386b-b090435077ec,Luis Wilson,1975-07-18,SYN-820-42-2144,29089,707,2025-01-24,522,0,,d7e0b814-d83c-fa36-386b-b090435077ec
7608baee-187c-596e-c0cf-e6fe46efacc1,Heather Hess,1982-03-12,SYN-595-35-3788,47609,644,2026-05-23,38,0,,7608baee-187c-596e-c0cf-e6fe46efacc1
05f1bf59-93de-fba3-0421-8bc4718ed54c,Rachel Evans,2008-03-07,SYN-524-41-5264,125404,598,2025-07-22,343,1,ring_0020,ring_0020
104205e8-b211-512c-cac4-9c2d9963fafa,Daniel Jones III,1980-04-01,SYN-808-31-4039,81084,618,2025-11-07,235,0,,104205e8-b211-512c-cac4-9c2d9963fafa
a748eff1-8ef6-518d-beeb-e7c06fed74ef,Andrew Wilson,1986-02-22,SYN-103-82-7932,33318,850,2026-03-10,112,1,ring_0069,ring_0069
141c20d2-0363-01bd-19a3-dcf46118e556,Dylan Contreras,2003-08-01,SYN-400-36-7078,39962,706,2025-05-11,415,0,,141c20d2-0363-01bd-19a3-dcf46118e556
29e7630e-9f7b-479d-b043-9c5e23ff05ff,Natalie Oconnor,1987-10-19,SYN-121-27-8459,74698,726,2026-01-21,160,0,,29e7630e-9f7b-479d-b043-9c5e23ff05ff
f882ad5e-0f5a-467f-4120-033d8ebce98b,Kyle Mccarthy,1966-02-03,SYN-466-91-8090,104537,748,2025-05-15,411,0,,f882ad5e-0f5a-467f-4120-033d8ebce98b
27b4578f-e1a9-445f-f468-472b634f6150,Debra Blackburn,1997-06-01,SYN-290-26-2671,37750,713,2026-06-12,18,0,,27b4578f-e1a9-445f-f468-472b634f6150
4afdf90e-8331-17fe-789b-04cc05f62e8c,Mr. James Coleman,1978-04-23,SYN-383-76-3961,62477,643,2025-09-10,293,1,ring_0128,ring_0128
025608c0-93e2-b3d1-d7e9-200be3b78e75,Daniel Miller,2004-09-15,SYN-213-74-1744,105876,660,2026-03-05,117,0,,025608c0-93e2-b3d1-d7e9-200be3b78e75
2f633d7b-4353-3865-711b-11303a6b5051,Nicholas Pace,1982-09-09,SYN-119-74-7217,76974,643,2025-02-19,496,0,,2f633d7b-4353-3865-711b-11303a6b5051
c6583f4c-8c5a-fd0a-3798-2853cb758232,Rodney Nichols,1994-12-29,SYN-268-51-5082,88344,539,2026-05-25,36,0,,c6583f4c-8c5a-fd0a-3798-2853cb758232
6e939b66-9b47-5880-6b79-5bb51fe70915,Jonathan Keith,1959-11-21,SYN-873-18-2080,85685,723,2026-06-18,12,1,ring_0123,ring_0123
1969eb51-c6fb-89e0-3ff7-89ec2528e370,Alicia Grant DVM,1995-05-26,SYN-926-83-8766,120398,509,2025-02-14,501,0,,1969eb51-c6fb-89e0-3ff7-89ec2528e370
e305cb0a-d338-b995-7444-9b563c43d7e6,Michael Brown,1980-03-10,SYN-878-20-9617,67182,610,2025-12-16,196,0,,e305cb0a-d338-b995-7444-9b563c43d7e6
eed024a4-6b4e-e906-b34e-74a69e025285,Carla Wong,1975-11-17,SYN-415-51-2519,63289,788,2026-04-23,68,0,,eed024a4-6b4e-e906-b34e-74a69e025285
4c68a3c6-be04-9197-65ea-e76d71f7439d,Lisa Hall,1999-05-13,SYN-136-31-4287,48595,749,2025-06-27,368,0,,4c68a3c6-be04-9197-65ea-e76d71f7439d
3f3c8a29-ab77-e939-8afb-a2595e2bdba2,Rachel Sandoval,1991-04-22,SYN-373-18-8514,39410,701,2025-02-15,500,0,,3f3c8a29-ab77-e939-8afb-a2595e2bdba2
f161104a-e884-2f99-aaf2-815dbd4ecbf5,Erika Gonzalez,1986-04-16,SYN-681-60-7694,56777,574,2026-02-16,134,0,,f161104a-e884-2f99-aaf2-815dbd4ecbf5
cf916f9a-3300-4476-945b-2c5431a65d67,Angel Aguirre,1996-07-19,SYN-231-24-3993,55957,518,2026-02-14,136,0,,cf916f9a-3300-4476-945b-2c5431a65d67
9f814c98-6b1e-3c91-5b28-725e368e13b9,Daniel Williams,1994-09-18,SYN-386-72-6991,35599,724,2025-09-24,279,0,,9f814c98-6b1e-3c91-5b28-725e368e13b9
12edf9ea-9e8c-94d2-2387-c8b80945e39b,Charles Scott,1989-01-16,SYN-904-96-4076,117964,706,2025-11-25,217,0,,12edf9ea-9e8c-94d2-2387-c8b80945e39b
7beec98d-55c1-7e4e-9462-bbf4c6c6709d,Rebecca Kelly,1985-05-24,SYN-329-73-8050,122126,714,2026-01-13,168,0,,7beec98d-55c1-7e4e-9462-bbf4c6c6709d
f3b36be4-9c3f-c434-05dd-08d22aa01246,Lauren Howell,1979-06-29,SYN-654-66-2682,67076,678,2025-08-25,309,0,,f3b36be4-9c3f-c434-05dd-08d22aa01246
ea869593-12d9-5704-3f71-83f0093cb3bc,Brandon Figueroa,1999-09-26,SYN-958-64-7528,88803,791,2025-09-18,285,1,ring_0056,ring_0056
759a88e5-c0a8-19e2-f7b1-cd63c831045e,Sean Wilson,1972-10-19,SYN-181-34-8023,62509,731,2026-03-14,108,0,,759a88e5-c0a8-19e2-f7b1-cd63c831045e
876ec247-a6aa-bdd4-06b4-9b2c128c1593,Misty Garcia,1981-09-13,SYN-438-79-7252,31379,657,2025-02-02,513,0,,876ec247-a6aa-bdd4-06b4-9b2c128c1593
6ecb6b48-813b-ffa7-0193-afb9dd20bfd0,Christine Green,1996-10-12,SYN-659-48-2519,26033,697,2026-05-13,48,0,,6ecb6b48-813b-ffa7-0193-afb9dd20bfd0
38512f9d-2ae2-e22a-6fb4-eeb06137e39c,Timothy Bentley DVM,1972-04-28,SYN-659-23-3576,38164,573,2026-05-08,53,0,,38512f9d-2ae2-e22a-6fb4-eeb06137e39c
5c81c0cb-f205-3fbe-504b-44de8ecb4ad3,Elizabeth Matthews,1992-02-04,SYN-632-27-8155,71512,646,2026-01-05,176,0,,5c81c0cb-f205-3fbe-504b-44de8ecb4ad3
8014e213-6659-ce99-58df-9310203fceb0,Jake Campbell,1975-06-19,SYN-269-58-1689,58967,747,2026-06-11,19,0,,8014e213-6659-ce99-58df-9310203fceb0
1d2d04f8-eec6-3163-2d0a-36c42401fdfe,Megan Green,1986-03-17,SYN-272-63-8215,83105,652,2025-12-08,204,0,,1d2d04f8-eec6-3163-2d0a-36c42401fdfe
61652397-c433-57c7-ce07-ae1384a9639c,Julia Dunn MD,1980-06-02,SYN-472-29-5003,21413,667,2025-08-19,315,0,,61652397-c433-57c7-ce07-ae1384a9639c
242e9cfc-3316-5538-7b4d-ae70cd4280ef,Judith Carter,1986-01-09,SYN-228-32-3218,52415,680,2025-06-06,389,0,,242e9cfc-3316-5538-7b4d-ae70cd4280ef
0420c81f-8cb7-7202-6f2e-8cfcf8bcf9a8,James Stevens,1972-12-10,SYN-588-30-1133,25506,569,2025-08-23,311,0,,0420c81f-8cb7-7202-6f2e-8cfcf8bcf9a8
3f0ec121-4294-8f71-5ecc-0dd2734f6270,Jillian Carrillo,1994-06-15,SYN-609-84-7024,41214,659,2025-07-19,346,0,,3f0ec121-4294-8f71-5ecc-0dd2734f6270
306df780-de6b-6b0a-dae7-48e7eb2ac554,Melanie Watson,1995-04-14,SYN-147-88-4532,57349,667,2026-02-05,145,0,,306df780-de6b-6b0a-dae7-48e7eb2ac554
44bde9f3-a983-4540-486d-09693f940fe2,Linda Johnson,1979-01-25,SYN-488-46-8336,21361,735,2025-10-01,272,0,,44bde9f3-a983-4540-486d-09693f940fe2
bd979830-35a9-7bd2-89a0-6576b40ad551,Stacy Garcia,2007-10-14,SYN-201-55-9340,90798,696,2025-07-28,337,0,,bd979830-35a9-7bd2-89a0-6576b40ad551
bfbb8a13-0c88-1140-778d-6a143d9fb7ea,Jill Taylor,2004-04-18,SYN-516-11-9649,52917,637,2025-07-06,359,0,,bfbb8a13-0c88-1140-778d-6a143d9fb7ea
bfd8778b-4219-625b-3d5b-db78f6ea75f4,Mark Weber,2007-10-19,SYN-222-70-9538,55596,713,2025-05-06,420,0,,bfd8778b-4219-625b-3d5b-db78f6ea75f4
8c77afe6-1423-90a0-7cfa-76e7a1cfe98e,Scott Thompson,1973-09-22,SYN-255-82-3705,52957,590,2026-06-19,11,0,,8c77afe6-1423-90a0-7cfa-76e7a1cfe98e
f98c40c5-195c-c405-df66-e31a83c01701,Joseph Mayer,1996-11-04,SYN-787-82-5796,52124,762,2026-04-29,62,0,,f98c40c5-195c-c405-df66-e31a83c01701
a3a6c7f8-d63d-2412-608a-870fa8beb876,Corey Barrera,1984-03-17,SYN-293-83-8521,70671,630,2025-06-13,382,0,,a3a6c7f8-d63d-2412-608a-870fa8beb876
e05cc222-c65e-4439-a6f8-6ab341d4bb6b,Shannon Sosa,1978-05-10,SYN-811-39-9258,37278,761,2025-12-16,196,0,,e05cc222-c65e-4439-a6f8-6ab341d4bb6b
26c98228-db4d-835f-4832-c96580088a19,John Jackson,1982-10-02,SYN-428-33-4658,88663,744,2025-09-04,299,0,,26c98228-db4d-835f-4832-c96580088a19
e908fd13-8fa8-b96b-aa29-8f644eb33fc9,Hannah Martin,1996-01-07,SYN-815-75-5506,65431,619,2026-04-05,86,0,,e908fd13-8fa8-b96b-aa29-8f644eb33fc9
1d0a9b90-5be4-49f4-4d3b-8d8653613d4e,Stephen Allen,1983-09-01,SYN-757-75-1815,83752,713,2025-01-29,517,0,,1d0a9b90-5be4-49f4-4d3b-8d8653613d4e
004879c0-560e-1e93-e00d-9a8569ba3250,Lori Little,1980-03-05,SYN-119-20-3636,22897,766,2026-05-21,40,0,,004879c0-560e-1e93-e00d-9a8569ba3250
f6bfd73c-24c0-6bde-9d56-1fa0dd235b0a,Glenn Ford,1976-06-03,SYN-630-35-3491,52869,791,2026-02-11,139,0,,f6bfd73c-24c0-6bde-9d56-1fa0dd235b0a
5ffc73ca-0aa5-d76d-3c3b-c69a4c11e929,Arthur Stout,1971-01-20,SYN-550-99-9911,116691,783,2026-02-03,147,0,,5ffc73ca-0aa5-d76d-3c3b-c69a4c11e929
c8d41b9f-ade4-8eb3-d8d3-908b2efdf54e,Michael Bowen,1999-06-16,SYN-530-74-8012,111912,777,2026-02-14,136,0,,c8d41b9f-ade4-8eb3-d8d3-908b2efdf54e
0e7497b9-994c-2ad7-9813-5f818b34b8cd,Peter Shepherd,2005-08-17,SYN-449-36-8809,211405,633,2025-06-20,375,0,,0e7497b9-994c-2ad7-9813-5f818b34b8cd
8aae551d-e28c-4aa8-cd67-019d3b989bb7,Laura Green,1987-12-14,SYN-649-50-3214,37493,748,2025-05-02,424,0,,8aae551d-e28c-4aa8-cd67-019d3b989bb7
14244f87-0265-1f1d-a8fa-3f187eef8344,Jamie Romero,1997-10-18,SYN-313-24-2313,41808,548,2025-03-27,460,0,,14244f87-0265-1f1d-a8fa-3f187eef8344
d8b87fbf-0368-64a5-4999-cb10142a3dff,Dr. Heather Johnson PhD,1982-08-06,SYN-433-22-5639,39769,668,2025-06-22,373,0,,d8b87fbf-0368-64a5-4999-cb10142a3dff
7d716268-5d5b-29c8-c3c0-1e16b9d8aa6e,Jeremiah Rowland,1980-04-01,SYN-486-99-9215,37857,693,2026-01-06,175,0,,7d716268-5d5b-29c8-c3c0-1e16b9d8aa6e
b00724f1-0c48-0958-febb-146c27196ea5,Autumn Hill,1974-03-19,SYN-913-29-6991,28840,834,2025-01-24,522,0,,b00724f1-0c48-0958-febb-146c27196ea5
44142f12-0a05-0f19-1f93-6e224c697930,Beverly Cook,1972-03-06,SYN-256-48-3200,27783,701,2025-12-01,211,0,,44142f12-0a05-0f19-1f93-6e224c697930
632ce51e-841a-1599-adee-b2eb10f9a1a8,Kelly Harris,1987-09-16,SYN-250-67-1810,73343,712,2026-04-08,83,0,,632ce51e-841a-1599-adee-b2eb10f9a1a8
2db9f247-2a80-6c5e-e0b2-2f991942f1fc,Melissa Davis,2000-11-27,SYN-655-84-5574,46933,786,2025-08-17,317,0,,2db9f247-2a80-6c5e-e0b2-2f991942f1fc
e174fd80-bc22-ef7e-f273-0574f7f65c38,Chad Cortez,1979-06-09,SYN-156-57-8727,99086,636,2026-01-16,165,0,,e174fd80-bc22-ef7e-f273-0574f7f65c38
0d6cfcee-730f-d87a-5fcf-0b78a11f8edf,Donna Snyder,1981-06-24,SYN-426-22-5708,72527,576,2025-03-08,479,0,,0d6cfcee-730f-d87a-5fcf-0b78a11f8edf
c4b8cc70-3c1d-7af0-1bab-a25fbfad1628,Melanie Griffith,1987-01-29,SYN-471-86-2130,87603,675,2025-05-08,418,0,,c4b8cc70-3c1d-7af0-1bab-a25fbfad1628
1c07ba6f-8b03-76d6-7683-58a428413b81,Lisa Hendricks,1961-08-17,SYN-666-13-8827,16473,703,2025-07-17,348,0,,1c07ba6f-8b03-76d6-7683-58a428413b81
b904cf80-0562-3a6b-61aa-9ddd68d2c5b3,Casey Gillespie,1964-05-25,SYN-928-14-2686,21797,717,2025-10-01,272,0,,b904cf80-0562-3a6b-61aa-9ddd68d2c5b3
e3b66d17-d313-fdbe-5fdb-29ca1efc824f,Loretta Miller,1965-05-14,SYN-213-59-3614,168106,712,2026-02-25,125,0,,e3b66d17-d313-fdbe-5fdb-29ca1efc824f
cf484f49-628a-3033-a616-4a9727cea3b7,Carolyn Brooks,1985-10-27,SYN-912-91-3472,208094,734,2025-08-03,331,0,,cf484f49-628a-3033-a616-4a9727cea3b7
ee607b89-8b15-8302-946a-b62aefef61fa,Wayne Parker,1989-08-26,SYN-422-70-9004,36010,693,2026-04-16,75,0,,ee607b89-8b15-8302-946a-b62aefef61fa
a8953964-4612-712d-581e-3002313ebf56,Megan Young,1978-04-09,SYN-122-64-9347,65111,683,2025-08-06,328,0,,a8953964-4612-712d-581e-3002313ebf56
87f013fb-35aa-e028-a945-b2ca693b3dc8,Angela Smith,1975-05-04,SYN-756-94-8464,36922,572,2026-01-28,153,0,,87f013fb-35aa-e028-a945-b2ca693b3dc8
ef1fb3f4-2c07-ad8b-9a60-7bbbaa8933e1,Michael Spencer,1988-05-28,SYN-526-76-3545,70531,647,2025-04-13,443,0,,ef1fb3f4-2c07-ad8b-9a60-7bbbaa8933e1
be7c5cb8-c83a-a418-0356-f896c29ff32f,Jesse Brown,1982-06-17,SYN-876-75-6940,26960,630,2026-02-16,134,0,,be7c5cb8-c83a-a418-0356-f896c29ff32f
3623f7e0-8ba6-a7a8-2628-d0129da06cf6,James Davenport,1999-06-10,SYN-946-84-2018,42517,609,2025-11-23,219,0,,3623f7e0-8ba6-a7a8-2628-d0129da06cf6
de9a2301-d953-ffd3-9561-897ca9968e4e,Marie Boyd,1992-11-02,SYN-273-77-2902,113464,622,2026-06-14,16,0,,de9a2301-d953-ffd3-9561-897ca9968e4e
52d90b1b-c043-8cf2-c4a7-f3ddd2964380,Darren Valdez,1976-02-04,SYN-812-64-7590,74376,714,2025-07-08,357,1,ring_0042,ring_0042
39d35831-abb2-c858-3cb8-fd9ebde218dd,Julia Parsons,2008-02-20,SYN-270-46-9969,126398,669,2026-05-17,44,0,,39d35831-abb2-c858-3cb8-fd9ebde218dd
93681704-5476-62e4-f15d-c8dd70456659,Anthony Simmons,1994-07-24,SYN-628-56-7695,48440,578,2026-02-26,124,0,,93681704-5476-62e4-f15d-c8dd70456659
52c4ec28-227e-ef9b-27ca-b1ddabba1c1c,Michael Blair,1979-04-23,SYN-374-10-5492,88907,756,2025-07-26,339,0,,52c4ec28-227e-ef9b-27ca-b1ddabba1c1c
514d4d73-d0c5-d2bb-5972-6d468ac12a87,Michael Farmer,1987-03-05,SYN-388-39-1913,37308,659,2025-03-21,466,0,,514d4d73-d0c5-d2bb-5972-6d468ac12a87
9b332130-5f93-d582-0e44-bf3ddec23523,Clarence Wood,1993-08-09,SYN-810-87-2317,113381,774,2025-02-13,502,0,,9b332130-5f93-d582-0e44-bf3ddec23523
6dde7b55-1956-d4c7-804e-d59b0ad99d95,Tammy Williams,1983-07-21,SYN-513-89-4692,29923,647,2025-09-02,301,0,,6dde7b55-1956-d4c7-804e-d59b0ad99d95
bf9cbbca-1151-3a51-ed1e-26f52c70ac89,Melissa Sanchez,1990-06-23,SYN-829-47-4491,36990,693,2025-05-14,412,0,,bf9cbbca-1151-3a51-ed1e-26f52c70ac89
8030b93d-40da-11dc-2144-0a0a68b20419,Brandon Edwards,1987-03-20,SYN-113-46-9935,149988,677,2025-01-02,544,0,,8030b93d-40da-11dc-2144-0a0a68b20419
e021e222-68e4-8c0e-4472-8883f92c5ef6,Jerry Davenport,1984-12-20,SYN-543-23-9555,103876,779,2025-10-10,263,0,,e021e222-68e4-8c0e-4472-8883f92c5ef6
5e50b557-ccfb-a8d0-11a4-adf38066b982,Ellen Thornton,1974-06-07,SYN-404-51-3698,56656,673,2025-07-16,349,0,,5e50b557-ccfb-a8d0-11a4-adf38066b982
6f91f8a8-d726-b9b1-ce2a-8e0927947a2d,Jacob Wu,1961-10-20,SYN-960-91-3021,77008,736,2025-04-26,430,0,,6f91f8a8-d726-b9b1-ce2a-8e0927947a2d
144cc7e1-e2ec-dbfc-83a5-a8a0c4b64037,Amanda Bishop,1981-09-29,SYN-967-89-3804,128235,615,2025-11-12,230,0,,144cc7e1-e2ec-dbfc-83a5-a8a0c4b64037
d2f255e3-65e7-1e1e-5a00-190912e4227a,Katherine Mccormick,1992-01-31,SYN-389-43-6412,65565,620,2025-06-17,378,0,,d2f255e3-65e7-1e1e-5a00-190912e4227a
05573fcb-9989-d288-4609-5192a01bed66,Shaun Meyer DDS,1968-10-14,SYN-658-33-2068,34461,696,2026-03-09,113,0,,05573fcb-9989-d288-4609-5192a01bed66
2431f328-ecc5-d191-7240-6b51ffad7294,Kimberly Thomas,1986-12-02,SYN-345-62-3035,40100,629,2025-09-02,301,0,,2431f328-ecc5-d191-7240-6b51ffad7294
6a03735c-3420-86de-d3ec-16c39c8fa823,Ashley Davis,1978-07-30,SYN-708-17-7982,91287,762,2026-01-14,167,1,ring_0027,ring_0027
1b52cdbc-4819-a3ca-742d-c4b743c0a86e,Sharon Sutton,2002-11-09,SYN-773-98-9798,60017,575,2026-06-25,5,1,ring_0048,ring_0048
29f2a19f-8079-af04-5fcf-fe1187b164c8,Joseph Mccullough,1981-07-06,SYN-335-94-3390,30254,723,2026-03-06,116,0,,29f2a19f-8079-af04-5fcf-fe1187b164c8
df15daf0-c8f4-70a8-3ca1-aa75f9374cf7,Christopher Humphrey,1997-01-12,SYN-236-36-5405,43548,708,2026-04-15,76,0,,df15daf0-c8f4-70a8-3ca1-aa75f9374cf7
f2c6fbd7-419e-9f05-c0c9-c4636f342c0c,Susan Conley,1983-01-09,SYN-781-42-3755,62254,676,2025-07-13,352,0,,f2c6fbd7-419e-9f05-c0c9-c4636f342c0c
a795ac61-ca60-074c-5712-232808672e12,Willie Duncan,2001-06-27,SYN-905-29-6444,80048,700,2026-06-04,26,0,,a795ac61-ca60-074c-5712-232808672e12
4af6dfef-0396-56de-b049-7f7845cd7737,Wendy Miller,2008-05-04,SYN-737-14-9688,48168,634,2025-07-09,356,0,,4af6dfef-0396-56de-b049-7f7845cd7737
205ef56f-7f74-9ef4-aef1-48a209848b22,Gloria Floyd,1986-02-14,SYN-997-79-3213,61370,649,2025-03-30,457,0,,205ef56f-7f74-9ef4-aef1-48a209848b22
3a8a7e6d-bcb4-adf7-dcb4-eb3c1bc49fe2,Tamara Harris,1959-01-29,SYN-849-28-8117,67815,598,2026-01-10,171,0,,3a8a7e6d-bcb4-adf7-dcb4-eb3c1bc49fe2
2828e958-ae86-93be-6937-695bf36b1231,Ryan Hodges,2008-05-22,SYN-798-39-2471,69488,650,2026-02-05,145,1,ring_0037,ring_0037
a00f739f-0c58-dc61-c53f-62bda84d324a,Kelly Valdez,1979-10-04,SYN-255-27-4138,36420,682,2025-06-09,386,1,ring_0111,ring_0111
19b8098a-3927-50d6-faa5-fde71afaa876,Regina Mitchell,1983-09-13,SYN-234-23-4623,23253,725,2025-10-06,267,0,,19b8098a-3927-50d6-faa5-fde71afaa876
302d1387-4231-54c3-3338-b41f053d2919,Susan Turner,1988-04-28,SYN-854-18-2378,33330,735,2026-06-18,12,0,,302d1387-4231-54c3-3338-b41f053d2919
15672b53-ff92-e90b-c79a-760d97a1ab24,Stephen Young,2002-01-05,SYN-258-92-3505,57253,652,2025-02-26,489,0,,15672b53-ff92-e90b-c79a-760d97a1ab24
3815510f-1765-1a8c-4b62-2751b6c5fcd6,Tammy Duncan,1985-09-30,SYN-872-67-6480,80964,640,2025-12-05,207,0,,3815510f-1765-1a8c-4b62-2751b6c5fcd6
385a898e-3a5a-aeda-6d41-3285ba39a3f1,Jennifer Perez PhD,1997-04-19,SYN-596-23-6862,62489,801,2025-11-16,226,0,,385a898e-3a5a-aeda-6d41-3285ba39a3f1
b5cfab26-a2f3-1031-1e5b-aded67b19e96,Zachary Cohen,1978-12-22,SYN-885-70-1638,48060,770,2025-09-11,292,1,ring_0205,ring_0205
9502c34b-d8eb-f59f-7f0e-2f9641c1840c,John Johnson,1989-04-26,SYN-425-62-9367,58063,726,2026-01-31,150,0,,9502c34b-d8eb-f59f-7f0e-2f9641c1840c
6018fe0e-5a3d-892e-8602-9d6938440c18,April Randolph,1981-09-14,SYN-309-57-6155,40524,649,2025-03-19,468,0,,6018fe0e-5a3d-892e-8602-9d6938440c18
958a5ac6-c2ed-a91e-9060-41d05d067bf7,Kimberly Lee,1968-09-09,SYN-967-85-3860,33764,666,2025-08-28,306,0,,958a5ac6-c2ed-a91e-9060-41d05d067bf7
869161bd-e245-f42e-60a6-56d973c21a86,Katie Suarez,1987-01-19,SYN-590-38-9350,29686,751,2025-12-28,184,0,,869161bd-e245-f42e-60a6-56d973c21a86
8ae6812b-4951-ccd9-2174-39699d3cbd3e,Frank Fisher,1956-01-16,SYN-900-70-5970,60910,618,2026-04-11,80,1,ring_0062,ring_0062
47b86a5f-9083-0244-d6e0-b35349975355,Michael Keller,1984-05-22,SYN-897-32-2033,25718,750,2025-10-09,264,0,,47b86a5f-9083-0244-d6e0-b35349975355
f17a3250-8eb9-0cbc-3817-aa1171819d1f,Joshua Clayton,1998-09-04,SYN-564-49-6272,105733,679,2026-05-22,39,0,,f17a3250-8eb9-0cbc-3817-aa1171819d1f
a811802c-9b38-df21-1813-aebdff659cdb,Patrick Norris,1986-01-05,SYN-840-73-6661,39579,669,2025-06-27,368,0,,a811802c-9b38-df21-1813-aebdff659cdb
8771e36c-339c-1b0d-9fa6-6a2954673db7,Mark Taylor Jr.,1981-12-12,SYN-245-76-1812,25667,655,2025-02-18,497,0,,8771e36c-339c-1b0d-9fa6-6a2954673db7
e9ddd35c-3594-05f9-3d59-1c29ab8cd148,Jeffrey Smith,1985-02-11,SYN-379-36-6160,58150,678,2025-05-08,418,0,,e9ddd35c-3594-05f9-3d59-1c29ab8cd148
62d84624-9dc8-00ce-7b2d-1581bfacbcb4,David Jones,1998-04-01,SYN-959-46-7663,37026,663,2025-01-29,517,0,,62d84624-9dc8-00ce-7b2d-1581bfacbcb4
8869419c-caa2-c981-7336-143f71bd847a,Miss Kimberly Holloway,1996-11-01,SYN-240-17-9572,45427,802,2026-04-06,85,0,,8869419c-caa2-c981-7336-143f71bd847a
f32494e1-ea7c-7050-4700-684c78382a4d,David Washington,1997-12-27,SYN-820-17-9678,106637,606,2025-01-24,522,0,,f32494e1-ea7c-7050-4700-684c78382a4d
9d9ff7be-b874-23f4-78ab-48359203f459,Robert Walker PhD,1966-08-29,SYN-848-54-6249,127668,668,2025-10-05,268,0,,9d9ff7be-b874-23f4-78ab-48359203f459
a39980fc-eb4b-e5b2-0c6e-5df4b62d6abb,Emily Grant,1985-08-21,SYN-271-99-4141,34418,478,2026-06-21,9,0,,a39980fc-eb4b-e5b2-0c6e-5df4b62d6abb
01e19cc8-f074-99a2-05f3-93a3ce407fc5,Monica Howe,1985-10-04,SYN-588-62-9611,21844,718,2025-12-15,197,0,,01e19cc8-f074-99a2-05f3-93a3ce407fc5
f4401796-368c-1a6a-4b5d-0603874d35a5,James Morales DVM,1980-04-26,SYN-723-74-3641,68141,616,2026-06-26,4,0,,f4401796-368c-1a6a-4b5d-0603874d35a5
ee7c44fe-5265-7f30-dbc5-1705da807bad,Edward Schroeder,1985-08-01,SYN-712-76-4914,34924,623,2025-03-13,474,1,ring_0054,ring_0054
7e09aea2-eec1-3b50-00c1-cc866d95865c,Cheryl Petersen,2002-04-27,SYN-510-70-8050,81629,785,2025-11-15,227,0,,7e09aea2-eec1-3b50-00c1-cc866d95865c
d6670f53-b747-75b1-b787-21bd12951a5b,Theresa Smith,1985-02-06,SYN-541-37-1970,61187,542,2026-03-03,119,0,,d6670f53-b747-75b1-b787-21bd12951a5b
7f069d76-155c-3224-209a-13ef1698b484,Todd Reynolds,2008-02-20,SYN-669-68-1566,100940,693,2025-01-31,515,0,,7f069d76-155c-3224-209a-13ef1698b484
59c862b5-9270-e518-0dfa-398a11e63fa8,Elizabeth Mcdaniel,1982-07-25,SYN-746-59-6457,17166,714,2025-11-28,214,1,ring_0083,ring_0083
24e289e2-bc09-939b-122c-6e8702185c2a,Jennifer Sparks,1996-12-09,SYN-523-55-9052,49880,684,2026-05-03,58,0,,24e289e2-bc09-939b-122c-6e8702185c2a
43144f21-3f78-da48-2bee-cd832d3557fd,Vanessa Santiago,1978-05-04,SYN-387-28-3892,36826,667,2025-08-03,331,0,,43144f21-3f78-da48-2bee-cd832d3557fd
18d2b874-bfd3-31d0-f111-18df9be384d3,Amber Johnson,1986-05-27,SYN-410-61-3443,38290,594,2025-12-20,192,0,,18d2b874-bfd3-31d0-f111-18df9be384d3
f28ac55b-8e70-2909-9a3b-faa2d743d014,John Stokes,1982-12-04,SYN-900-42-2936,47768,612,2025-11-23,219,0,,f28ac55b-8e70-2909-9a3b-faa2d743d014
65fc27eb-396e-f4dd-9331-e8d606c90243,Jessica Holloway,1974-05-15,SYN-771-96-8423,74786,801,2025-07-30,335,0,,65fc27eb-396e-f4dd-9331-e8d606c90243
1d5461b0-9458-f644-0aa1-e5dcf14f3586,Ryan Thomas,1982-03-21,SYN-973-91-2742,57472,650,2026-04-14,77,0,,1d5461b0-9458-f644-0aa1-e5dcf14f3586
bc0d4f01-99e0-c01a-5ed0-47a15999005d,Erik Davis,1996-08-10,SYN-128-59-8607,96283,682,2025-12-15,197,0,,bc0d4f01-99e0-c01a-5ed0-47a15999005d
ffa92a35-d1a0-e026-e1a8-d631b8762a1e,Brandi Haney,1970-10-23,SYN-200-28-5101,53198,646,2025-06-21,374,0,,ffa92a35-d1a0-e026-e1a8-d631b8762a1e
fd243167-8bd6-43cd-2103-53ef1dfd69d6,Angela Rodriguez,1998-05-21,SYN-473-84-8206,51357,686,2026-02-04,146,0,,fd243167-8bd6-43cd-2103-53ef1dfd69d6
f3a0ccef-cb78-3f3b-2cd6-7e4bcd24d577,Jeremy Wallace,1959-03-13,SYN-525-33-7353,45520,658,2026-01-15,166,0,,f3a0ccef-cb78-3f3b-2cd6-7e4bcd24d577
8547f2d7-327d-8fd4-4092-74a88999fd12,Debra White,1986-04-04,SYN-825-43-8278,79639,702,2025-08-05,329,0,,8547f2d7-327d-8fd4-4092-74a88999fd12
a14d6d0e-3e82-1108-c3bb-44ef1b2090c0,Jenna Velazquez,1986-10-27,SYN-904-69-8407,26302,632,2025-02-06,509,0,,a14d6d0e-3e82-1108-c3bb-44ef1b2090c0
19530ee8-b26b-265f-bb47-1713dba7dc6f,Paul Gordon,1984-09-20,SYN-960-25-2012,41313,650,2025-01-26,520,0,,19530ee8-b26b-265f-bb47-1713dba7dc6f
42f60e55-58f2-b129-27b0-cb4ec5753faf,Ashley Waller,2008-06-26,SYN-959-75-3192,63146,680,2025-07-25,340,0,,42f60e55-58f2-b129-27b0-cb4ec5753faf
c5e80ced-e054-ca98-762c-a7c2fd36489a,Kim Morrow,1981-10-29,SYN-873-21-8609,250000,701,2025-07-31,334,0,,c5e80ced-e054-ca98-762c-a7c2fd36489a
618b3b86-6257-d858-33a0-41d761e5c2d8,Scott Roy,1990-05-14,SYN-869-34-7309,29858,647,2026-04-18,73,0,,618b3b86-6257-d858-33a0-41d761e5c2d8
10c588c2-a4d7-d331-17f2-285d17077b77,Daniel Wagner,1981-12-24,SYN-238-76-7147,49762,650,2026-06-15,15,0,,10c588c2-a4d7-d331-17f2-285d17077b77
7704a5ea-4868-e850-2549-33dcbe2e5508,Julia Marks,2001-10-20,SYN-157-60-2327,41527,670,2025-05-12,414,0,,7704a5ea-4868-e850-2549-33dcbe2e5508
feab0a24-7f5d-f668-486e-20d20626bfdb,Michael Smith,2008-06-21,SYN-147-15-1556,112369,682,2026-04-12,79,0,,feab0a24-7f5d-f668-486e-20d20626bfdb
5936daad-f753-cc1b-7227-afee59a14d27,William Jones,1991-07-21,SYN-535-53-1438,56116,653,2025-07-27,338,0,,5936daad-f753-cc1b-7227-afee59a14d27
ab2dd327-7acf-2206-39d7-0b4362c55bde,John Jackson,1992-01-07,SYN-693-18-6743,136471,754,2025-03-05,482,0,,ab2dd327-7acf-2206-39d7-0b4362c55bde
d039d78f-17ba-78f9-170a-707ee9853f46,Rachel Franco DDS,1980-05-10,SYN-280-50-3353,68454,710,2025-06-17,378,0,,d039d78f-17ba-78f9-170a-707ee9853f46
de6f1e3e-e95a-bce8-98b7-904a5fbf565b,Samantha Terry,1993-09-27,SYN-618-49-4563,29499,556,2025-06-07,388,0,,de6f1e3e-e95a-bce8-98b7-904a5fbf565b
b82b95ab-adb4-1647-a678-025ff1d02235,Thomas Mcgrath,2006-04-11,SYN-592-43-4862,24648,678,2025-02-22,493,0,,b82b95ab-adb4-1647-a678-025ff1d02235
69fb647e-c7f6-32b1-4cec-d2e69a80aa64,Ralph Yoder,1985-07-28,SYN-917-77-7327,21356,652,2026-01-26,155,0,,69fb647e-c7f6-32b1-4cec-d2e69a80aa64
5b26ada2-a2cb-7b53-e573-ea19d104137d,James Dickerson,1988-07-09,SYN-169-73-6379,19507,736,2026-05-31,30,0,,5b26ada2-a2cb-7b53-e573-ea19d104137d
7f72567e-ede5-5b83-a7fa-587313aac696,Kevin Walters,1974-05-08,SYN-229-18-6283,105565,757,2025-07-02,363,0,,7f72567e-ede5-5b83-a7fa-587313aac696
67a23654-5b9d-d2e2-568f-04359821e045,Colton Roth,1992-10-08,SYN-921-78-1241,58974,678,2026-02-10,140,0,,67a23654-5b9d-d2e2-568f-04359821e045
2377337f-571e-a3c8-8436-ec246ef4868f,Benjamin Richards,1995-03-30,SYN-642-61-1275,78896,669,2026-06-25,5,1,ring_0039,ring_0039
36a30a9e-1272-d6bf-5621-a80b1f614c98,Christopher Long,1994-07-27,SYN-136-74-9328,61571,807,2026-04-05,86,0,,36a30a9e-1272-d6bf-5621-a80b1f614c98
fb983239-ff15-9d6c-9f3d-bcbe6e1d98c2,Kristina Stephens,1977-11-10,SYN-504-73-2665,65460,649,2025-11-01,241,1,ring_0108,ring_0108
3b566a91-033d-12d2-ae24-3d12bfb7e13a,Raymond Vargas,2007-09-12,SYN-260-41-3328,16213,687,2025-08-04,330,0,,3b566a91-033d-12d2-ae24-3d12bfb7e13a
155e693b-b718-6121-e294-2ea127a41760,James Rivera,1961-02-16,SYN-391-72-5282,44290,803,2026-04-07,84,0,,155e693b-b718-6121-e294-2ea127a41760
a33b008a-69fa-3019-1334-1aa1a6225f7a,Emily Middleton,1991-08-16,SYN-210-66-7636,97830,656,2026-06-14,16,0,,a33b008a-69fa-3019-1334-1aa1a6225f7a
ee27f4c7-e8c0-3c56-1cb1-8b45089e4edb,Lee Richards,2004-11-09,SYN-831-83-9224,30449,724,2026-01-07,174,0,,ee27f4c7-e8c0-3c56-1cb1-8b45089e4edb
0e3eae93-d2d3-c6ca-ce66-4c94139b9628,Christine Sanders,1990-04-27,SYN-330-13-7774,57529,732,2025-07-12,353,0,,0e3eae93-d2d3-c6ca-ce66-4c94139b9628
c9cbecd1-c1b3-f28c-db12-a9d5e5e80b47,Kimberly Mcintyre,1980-04-13,SYN-754-93-1423,52629,674,2025-10-30,243,0,,c9cbecd1-c1b3-f28c-db12-a9d5e5e80b47
3f3be0db-4a7d-5fa3-8e9c-fc1f894c0290,Richard Munoz,2003-01-03,SYN-688-51-8191,29041,570,2026-05-25,36,0,,3f3be0db-4a7d-5fa3-8e9c-fc1f894c0290
cb8813e1-cfc1-4334-87d7-e9d1238a917a,Laura Hill,1991-03-06,SYN-860-26-1037,48073,783,2026-05-22,39,0,,cb8813e1-cfc1-4334-87d7-e9d1238a917a
d2de974a-781f-47b9-57fb-77c43ea91f61,John Anderson,1990-10-25,SYN-824-30-6297,62548,704,2025-03-03,484,0,,d2de974a-781f-47b9-57fb-77c43ea91f61
d468389c-e168-b1fd-5a33-ecdf631063bd,Robert Parker,1963-03-31,SYN-684-30-5271,32507,668,2025-12-06,206,0,,d468389c-e168-b1fd-5a33-ecdf631063bd
bf199080-d8a9-0be2-ee91-7336277ebf17,Sarah Miller,1980-08-04,SYN-371-95-4133,42380,548,2026-04-03,88,0,,bf199080-d8a9-0be2-ee91-7336277ebf17
a3eb20a1-f1ba-ac05-06ca-ed2d2e75d474,Malik Washington,1966-10-07,SYN-708-33-1635,96167,719,2026-05-09,52,0,,a3eb20a1-f1ba-ac05-06ca-ed2d2e75d474
482af54f-750e-0374-a4aa-ca54cf9a3172,Brittany Moore,2006-01-13,SYN-896-90-2306,85214,608,2025-08-04,330,1,ring_0130,ring_0130
78c4bc2c-d017-6822-f162-3426d3610f2d,Dean Mullins,1990-10-02,SYN-836-54-9465,36814,743,2026-02-27,123,0,,78c4bc2c-d017-6822-f162-3426d3610f2d
2815f36a-58d1-2722-9b56-d4e19d22200e,Kevin Morrow,1994-03-08,SYN-583-16-7566,78146,751,2026-04-24,67,0,,2815f36a-58d1-2722-9b56-d4e19d22200e
6ae832ac-21d5-c977-15e2-fcaf11b72733,Christian Cross,1985-07-12,SYN-957-12-5250,152074,705,2025-02-24,491,0,,6ae832ac-21d5-c977-15e2-fcaf11b72733
54126bdc-dd2d-a41d-0a47-844c1f2cb518,Timothy Moore,2002-09-02,SYN-153-78-2414,28446,611,2026-04-19,72,0,,54126bdc-dd2d-a41d-0a47-844c1f2cb518
a731cd83-721d-00d2-7d7a-1cceeda2c583,Megan Mcneil,1977-01-24,SYN-202-40-8528,31011,694,2026-05-22,39,0,,a731cd83-721d-00d2-7d7a-1cceeda2c583
d49ba4e2-85ee-5587-4598-28b3335c3b91,Justin Potter,1975-06-25,SYN-208-13-7917,44703,675,2026-03-20,102,0,,d49ba4e2-85ee-5587-4598-28b3335c3b91
72a19af5-ec5e-6ec2-f234-d8f65d7ded86,Christian Riddle,2004-01-04,SYN-135-31-6587,46496,687,2026-06-29,1,0,,72a19af5-ec5e-6ec2-f234-d8f65d7ded86
b2ce0ff3-338e-6d11-f90c-f64a57b6d384,Gregory Martin,1990-08-25,SYN-508-59-5253,138831,625,2025-06-26,369,0,,b2ce0ff3-338e-6d11-f90c-f64a57b6d384
8dfeb67a-e17b-d335-9992-397a5cf01c3d,Steven Martinez,1957-02-22,SYN-725-86-8136,42250,755,2026-03-05,117,0,,8dfeb67a-e17b-d335-9992-397a5cf01c3d
5aea8d39-3252-702c-42c5-66e4287089dc,Kayla Schneider,1997-08-05,SYN-524-10-4942,51329,640,2026-06-27,3,0,,5aea8d39-3252-702c-42c5-66e4287089dc
f11080df-0483-f330-f2e8-13285585ac40,Alec Mccoy,1972-10-08,SYN-924-15-2111,50614,525,2025-07-09,356,1,ring_0186,ring_0186
3205ad51-ce65-ef1a-f491-8d22bad4b901,Ryan Taylor,1993-03-09,SYN-323-98-5335,48935,689,2026-01-07,174,0,,3205ad51-ce65-ef1a-f491-8d22bad4b901
a71cc843-1fcf-d342-eec9-a87a481d4310,Robert Simpson,1980-08-02,SYN-902-24-6190,42976,632,2025-02-08,507,0,,a71cc843-1fcf-d342-eec9-a87a481d4310
9835050d-a913-c0c5-9f9d-193cc240566f,Kristen Taylor,1993-02-27,SYN-793-73-7194,71057,797,2025-11-16,226,0,,9835050d-a913-c0c5-9f9d-193cc240566f
4021dbee-5eed-ba43-6341-53bde3f782b5,Bryan Davis DVM,1989-07-19,SYN-483-80-8043,71693,697,2025-02-03,512,0,,4021dbee-5eed-ba43-6341-53bde3f782b5
234a8700-9eed-5fe0-39ad-22cc0eb294e0,Richard Brewer,1988-05-20,SYN-131-41-8339,35640,710,2025-09-26,277,0,,234a8700-9eed-5fe0-39ad-22cc0eb294e0
3086771c-1cea-fc91-47c5-ce62f20fdc8b,Nicholas Ramos MD,1994-08-12,SYN-726-48-9736,105806,665,2026-03-01,121,0,,3086771c-1cea-fc91-47c5-ce62f20fdc8b
93b8fbee-708c-ea38-d5ce-5e23acfa4459,Mario White,1985-05-03,SYN-723-83-3229,59356,758,2025-11-03,239,0,,93b8fbee-708c-ea38-d5ce-5e23acfa4459
c99f4d20-fa04-efb5-5b88-86f904508aec,Bryan Yates,2003-07-28,SYN-737-35-1856,49904,769,2025-11-25,217,0,,c99f4d20-fa04-efb5-5b88-86f904508aec
b14cebe2-3a93-bfbb-fabf-3085b8bfcd44,Tracy House,1980-09-23,SYN-567-85-4455,74565,676,2025-11-01,241,0,,b14cebe2-3a93-bfbb-fabf-3085b8bfcd44
6a9fed5a-aa8f-8918-5056-3bcb738ee15b,Jason Weaver,1987-09-11,SYN-457-95-6120,88174,641,2025-03-31,456,0,,6a9fed5a-aa8f-8918-5056-3bcb738ee15b
f79e18c4-022d-b228-fd16-403fad8b0047,Thomas Jones,1994-01-10,SYN-505-92-7768,20033,825,2025-12-09,203,0,,f79e18c4-022d-b228-fd16-403fad8b0047
0b8b6aa1-34fc-cc42-7034-62077aca39d4,Amanda Zavala,1972-01-01,SYN-447-32-6935,204950,708,2025-11-18,224,0,,0b8b6aa1-34fc-cc42-7034-62077aca39d4
7f823d52-4639-5d6f-ccac-56c469464921,Christina Compton,1987-12-13,SYN-572-69-4646,21225,628,2026-04-21,70,0,,7f823d52-4639-5d6f-ccac-56c469464921
e2c5af67-3d3b-0774-6426-bb7af1b1bb42,Kimberly Jones,1996-05-22,SYN-711-38-6944,52328,636,2026-06-24,6,0,,e2c5af67-3d3b-0774-6426-bb7af1b1bb42
a06d1fed-6324-d4d7-47a5-19e8b776477a,David Le,1993-08-13,SYN-425-31-5998,35572,614,2026-05-19,42,0,,a06d1fed-6324-d4d7-47a5-19e8b776477a
8c2bc8b0-1cea-e4c4-cf4f-b7bbf5658987,Monica Smith,1951-06-23,SYN-646-30-6677,22294,710,2026-01-31,150,0,,8c2bc8b0-1cea-e4c4-cf4f-b7bbf5658987
53257afb-4f68-4d31-6657-3c0d68fb762d,Michelle Williams,1984-11-03,SYN-616-81-2052,117374,578,2025-07-11,354,0,,53257afb-4f68-4d31-6657-3c0d68fb762d
7a96e1c5-76e8-4367-d9d4-23f64a7d1b34,Joseph Watson,1997-10-10,SYN-636-48-8338,40492,660,2026-06-18,12,0,,7a96e1c5-76e8-4367-d9d4-23f64a7d1b34
a8f766d3-8b78-76fa-f411-8101bfc8b576,Laurie Goodwin,1977-11-29,SYN-470-37-3809,31522,672,2026-05-23,38,0,,a8f766d3-8b78-76fa-f411-8101bfc8b576
ef61f56f-2f74-8904-8ebf-fc216bac00dc,Ronald Brown,1986-03-11,SYN-952-34-3102,29827,850,2025-09-21,282,0,,ef61f56f-2f74-8904-8ebf-fc216bac00dc
a698602a-599a-6eee-9e84-85aa53ef7a2c,Logan Smith,1977-05-03,SYN-618-14-9763,92781,611,2025-03-06,481,1,ring_0212,ring_0212
7fbb2e70-aa75-820f-a854-dddebed5e6b8,Matthew Watson,1991-03-05,SYN-992-73-5141,62689,666,2025-09-02,301,0,,7fbb2e70-aa75-820f-a854-dddebed5e6b8
31b6775d-32b1-d35d-3319-8c595c6c2c68,Valerie Johnson,1995-05-29,SYN-787-15-5085,37403,650,2026-06-18,12,1,ring_0032,ring_0032
80c8f6ec-11bd-132f-3bf4-e6b30bc676b8,Curtis Rice,1991-10-18,SYN-883-41-8223,69598,741,2025-01-12,534,0,,80c8f6ec-11bd-132f-3bf4-e6b30bc676b8
d29d5b7e-47ab-93ca-9c73-3f6c1c68c27d,Gary Myers,1977-01-29,SYN-708-84-6332,42788,800,2025-11-08,234,0,,d29d5b7e-47ab-93ca-9c73-3f6c1c68c27d
9a9fef1d-5d18-31a1-5349-6ef1cb77f422,Amber Wilson,1991-02-05,SYN-912-52-5695,70756,651,2026-04-07,84,0,,9a9fef1d-5d18-31a1-5349-6ef1cb77f422
f8f4efd0-f02a-a3be-9c7a-abd18bdaa288,Jessica Taylor,1984-09-12,SYN-373-31-1063,50642,613,2025-06-09,386,1,ring_0079,ring_0079
85423119-1329-f1b0-4fa2-e6f5f0fe140a,James Livingston,1974-11-29,SYN-476-16-1969,32063,742,2025-12-16,196,0,,85423119-1329-f1b0-4fa2-e6f5f0fe140a
e7177b0f-8bbb-8302-f9d8-ef34950168ac,Jeffrey Vaughn,1981-04-08,SYN-148-73-2490,37456,598,2026-02-23,127,0,,e7177b0f-8bbb-8302-f9d8-ef34950168ac
8280eee3-5066-5761-6969-831e0cff5fe2,Bryan Moore,1999-11-19,SYN-129-52-3389,27474,788,2026-04-02,89,0,,8280eee3-5066-5761-6969-831e0cff5fe2
0289a9bb-41b3-1bc9-6db9-4208b6001397,Curtis Campbell,1978-12-07,SYN-441-68-3011,24078,721,2025-04-01,455,0,,0289a9bb-41b3-1bc9-6db9-4208b6001397
63b6cdfe-8f22-0552-c872-2ca2430d60d9,Joshua White,2007-10-31,SYN-898-60-2484,33967,654,2025-09-18,285,0,,63b6cdfe-8f22-0552-c872-2ca2430d60d9
0f917dbf-d3e8-4ed2-1ba4-739778633928,Jamie Lee,1992-01-15,SYN-566-33-3289,26104,668,2025-06-28,367,0,,0f917dbf-d3e8-4ed2-1ba4-739778633928
b34f30ed-a322-a9d8-439c-b4bad49351b5,Lance Robinson,1970-07-12,SYN-508-39-2548,68952,694,2025-01-11,535,0,,b34f30ed-a322-a9d8-439c-b4bad49351b5
01e303d5-2ee0-543c-c0a2-ace04898fb2b,Christopher Fitzgerald,1996-10-30,SYN-551-85-2704,91529,690,2025-08-30,304,0,,01e303d5-2ee0-543c-c0a2-ace04898fb2b
2d02f376-f262-a4f2-932b-709cc4a98417,Melissa Short,2002-06-12,SYN-526-15-3303,39000,745,2025-04-02,454,0,,2d02f376-f262-a4f2-932b-709cc4a98417
6e16c92f-8a14-2af2-1d16-ad39e10bfb08,Tracy Burke,2001-10-15,SYN-197-17-6105,20618,663,2026-02-27,123,0,,6e16c92f-8a14-2af2-1d16-ad39e10bfb08
8185b182-16c0-b063-f6b0-b3afcd95d4eb,Megan Carter,1995-04-18,SYN-553-69-3556,51244,804,2026-05-23,38,0,,8185b182-16c0-b063-f6b0-b3afcd95d4eb
97320000-1d94-ccbd-3b69-1727fd07bdb1,Marie Reynolds,1982-07-20,SYN-385-53-6595,64880,774,2025-05-04,422,0,,97320000-1d94-ccbd-3b69-1727fd07bdb1
80986953-987e-e3f8-fb9b-c8e4b646abb1,Christina Perry,1995-06-13,SYN-376-10-4294,68885,664,2025-08-03,331,0,,80986953-987e-e3f8-fb9b-c8e4b646abb1
83ca1ad6-8c33-bfcc-92a4-d9d6853b451f,Emily Fitzpatrick,1992-05-22,SYN-796-67-4141,48323,729,2025-08-31,303,0,,83ca1ad6-8c33-bfcc-92a4-d9d6853b451f
186da075-b8ab-9b48-3d54-cf9dbdddb6ea,Virginia Mendez,1990-02-12,SYN-811-18-3877,47118,787,2025-06-21,374,0,,186da075-b8ab-9b48-3d54-cf9dbdddb6ea
cf78d411-6c13-b224-c411-0ba1a2812ff4,Joseph Shaw,1982-07-15,SYN-569-74-2772,67572,601,2025-02-19,496,0,,cf78d411-6c13-b224-c411-0ba1a2812ff4
862bea07-a1d6-a0e6-6f3b-2b9f52d665fb,Justin Moreno,1965-06-13,SYN-690-30-7109,28977,705,2025-08-22,312,0,,862bea07-a1d6-a0e6-6f3b-2b9f52d665fb
6907bb03-3c96-1fe9-c6e6-f5496d3f01a8,Michael Lewis,1990-07-08,SYN-104-24-1464,60368,737,2025-03-20,467,0,,6907bb03-3c96-1fe9-c6e6-f5496d3f01a8
c603ce2d-c491-98c8-7374-b2e87880522f,Maria Fisher,1996-12-03,SYN-136-71-6469,73383,709,2026-04-03,88,0,,c603ce2d-c491-98c8-7374-b2e87880522f
18bd9598-5b10-97b2-6595-6ae9469fd5f6,Katherine Garcia,1964-10-02,SYN-221-83-2342,37283,644,2025-09-22,281,0,,18bd9598-5b10-97b2-6595-6ae9469fd5f6
e0ae9343-6983-65db-ce3f-9fbda5705244,Renee Mendez,1979-07-25,SYN-825-88-5923,24632,600,2025-11-19,223,0,,e0ae9343-6983-65db-ce3f-9fbda5705244
af58d8bc-28ce-ecd4-f619-4b0bae9ce5e6,Katie Williams,1977-10-20,SYN-188-92-8552,45912,794,2026-05-27,34,1,ring_0137,ring_0137
a2b5a64f-1a4e-b25a-e07a-d95b82063d6b,Brianna Adams,1979-03-25,SYN-700-29-9972,20094,654,2025-07-07,358,0,,a2b5a64f-1a4e-b25a-e07a-d95b82063d6b
a271e25a-685e-bb00-c220-5cabfc533b40,Michael Rogers,1967-08-30,SYN-347-68-7766,47574,588,2026-01-29,152,0,,a271e25a-685e-bb00-c220-5cabfc533b40
e5a38421-8bc3-1a76-b1b1-639bb7173b32,Lee Perez,2005-03-31,SYN-100-42-8950,41402,651,2026-01-14,167,0,,e5a38421-8bc3-1a76-b1b1-639bb7173b32
1bccd353-88bd-5050-9c77-92ac630610eb,Randy Wang,1989-08-12,SYN-941-65-1128,49113,645,2025-04-09,447,0,,1bccd353-88bd-5050-9c77-92ac630610eb
14dc70f1-2631-4b67-fbc0-ff3b5b377c1f,Timothy Reilly,1965-05-24,SYN-860-57-6920,42734,730,2025-08-27,307,0,,14dc70f1-2631-4b67-fbc0-ff3b5b377c1f
3861fa47-75c2-0d15-c9de-1afeb90aaf9b,Sandy Oconnor,1976-11-29,SYN-127-21-9527,16925,571,2026-02-07,143,0,,3861fa47-75c2-0d15-c9de-1afeb90aaf9b
92c43f17-1a12-234d-6087-cffaa78dcdb9,Chad Evans,2002-04-24,SYN-441-49-6646,70872,597,2025-02-15,500,0,,92c43f17-1a12-234d-6087-cffaa78dcdb9
f6f8432a-d13a-6429-90af-2325e0cf1f71,Vincent Rosario,1977-03-16,SYN-778-75-1928,16380,625,2025-11-23,219,0,,f6f8432a-d13a-6429-90af-2325e0cf1f71
1fea533a-9902-d826-e4e0-74e885ef55b7,Jennifer Smith,1993-07-04,SYN-237-73-3243,100748,728,2025-12-06,206,0,,1fea533a-9902-d826-e4e0-74e885ef55b7
05f83585-c712-90f0-7185-db4a35f81985,Anthony Hernandez,1998-04-06,SYN-462-30-6855,31755,779,2026-03-09,113,0,,05f83585-c712-90f0-7185-db4a35f81985
d872fa31-d6ed-ea61-5aaa-f5e33696fd51,Raymond Barber,1972-10-24,SYN-986-44-7892,69561,673,2026-02-06,144,0,,d872fa31-d6ed-ea61-5aaa-f5e33696fd51
7e82773c-7c5f-484a-4820-872a5ae5c1f2,Robert Peterson,1968-07-26,SYN-733-52-4435,131204,562,2025-05-28,398,0,,7e82773c-7c5f-484a-4820-872a5ae5c1f2
a79bdecc-378a-f53e-879e-7f5fc614247b,Cristian Lambert,1986-09-22,SYN-170-87-2061,28882,756,2025-03-26,461,0,,a79bdecc-378a-f53e-879e-7f5fc614247b
0e595bf0-70bc-b7ca-60a4-f40c73154978,Bradley Smith,2001-11-02,SYN-530-88-5063,59653,597,2025-03-17,470,1,ring_0075,ring_0075
44d1eaf9-5b72-c9a3-1c9a-a190633f3ed5,Kevin Carson,1996-06-27,SYN-616-91-7073,71866,813,2026-02-11,139,0,,44d1eaf9-5b72-c9a3-1c9a-a190633f3ed5
725e08ec-f21f-ee58-5b3d-f32a2c37e0fa,Ashley Burton MD,1992-01-12,SYN-261-40-6175,37531,588,2026-02-18,132,0,,725e08ec-f21f-ee58-5b3d-f32a2c37e0fa
c44292e9-7966-fcc8-43d8-89e142076e1d,Timothy Smith,1981-03-10,SYN-363-93-5811,91155,702,2026-05-01,60,0,,c44292e9-7966-fcc8-43d8-89e142076e1d
e1997d4b-fb09-a04f-54a1-3f0699c1f300,Lori Mitchell,2008-03-19,SYN-316-33-9757,22385,672,2025-10-17,256,0,,e1997d4b-fb09-a04f-54a1-3f0699c1f300
9aaa20cf-00e0-d3fb-91b2-00c3854e2880,Cindy Estrada,1980-05-24,SYN-812-56-9358,70633,637,2026-03-11,111,0,,9aaa20cf-00e0-d3fb-91b2-00c3854e2880
bd68f3a6-e32c-3ae4-ffd4-7ba46e4c99ac,Christopher Nelson,1984-04-07,SYN-222-65-4270,158359,653,2026-01-25,156,0,,bd68f3a6-e32c-3ae4-ffd4-7ba46e4c99ac
5496a904-a284-a0d7-6d42-b150ba637e90,Robert Briggs,2004-02-22,SYN-589-87-6286,21660,736,2026-04-10,81,1,ring_0035,ring_0035
f85ea76c-e19e-baed-c58e-bfeb9a98db38,Nicole Barron,1987-08-20,SYN-861-51-8761,32848,663,2025-06-05,390,0,,f85ea76c-e19e-baed-c58e-bfeb9a98db38
98076d78-0e41-e48f-7cf9-9e3b23cbfe01,Donald Fisher,1978-06-23,SYN-420-71-9693,66258,707,2025-05-22,404,0,,98076d78-0e41-e48f-7cf9-9e3b23cbfe01
906339c0-12cb-04b7-f8e4-a11caffba511,Sarah King,2007-04-23,SYN-990-21-9522,27776,729,2025-08-21,313,0,,906339c0-12cb-04b7-f8e4-a11caffba511
765c01a1-5d33-edef-f6b6-89541dee80a4,Patricia Acosta,2000-09-29,SYN-260-41-3524,29537,554,2026-04-22,69,0,,765c01a1-5d33-edef-f6b6-89541dee80a4
cac913bd-5c40-246c-0fcd-4ef6c45ddf63,Tonya Kemp,1979-05-08,SYN-350-83-1344,69706,688,2025-07-16,349,0,,cac913bd-5c40-246c-0fcd-4ef6c45ddf63
12026d09-2fc7-2dd5-6662-07f2f116f9f1,Steven Morgan,2002-05-27,SYN-625-94-3426,79272,652,2025-12-18,194,0,,12026d09-2fc7-2dd5-6662-07f2f116f9f1
479c61c7-e18a-84bb-070e-c341bc197365,Toni Hill,1987-04-09,SYN-501-80-4887,52681,625,2025-01-26,520,0,,479c61c7-e18a-84bb-070e-c341bc197365
bab2172b-a6a8-6216-d2ea-c5bb8125dbb8,Travis Schmidt,1975-06-26,SYN-863-51-7244,81079,642,2025-05-23,403,0,,bab2172b-a6a8-6216-d2ea-c5bb8125dbb8
c101959a-039d-66cf-332b-1ee3bc1ac81b,Melinda Anderson,2008-05-28,SYN-291-95-6598,42997,684,2026-06-04,26,0,,c101959a-039d-66cf-332b-1ee3bc1ac81b
2981ae04-f50e-4444-050d-e867efa6b0bc,Phillip Padilla PhD,1984-10-13,SYN-822-64-7785,47496,672,2025-04-11,445,0,,2981ae04-f50e-4444-050d-e867efa6b0bc
a1f68a49-576a-d3f0-60ec-7f76e0be1125,Kayla Robinson,2001-05-24,SYN-731-77-1806,78531,702,2025-12-16,196,1,ring_0203,ring_0203
76315e84-cc66-b714-f74f-420ddb394e84,Jacqueline Gonzalez,1972-06-18,SYN-765-80-8104,86757,704,2026-04-25,66,0,,76315e84-cc66-b714-f74f-420ddb394e84
da90afe8-635d-8023-d85e-3f5420a8bef4,Amber Ray,1995-12-22,SYN-997-69-4846,45322,681,2026-03-27,95,0,,da90afe8-635d-8023-d85e-3f5420a8bef4
74a9348c-c758-02bb-1552-cbf736cbb064,Eric Li,2007-10-12,SYN-575-68-3081,123126,700,2025-10-26,247,0,,74a9348c-c758-02bb-1552-cbf736cbb064
b6205233-4db4-8d64-2570-b5a3f74138c1,Alicia James,1999-11-20,SYN-442-98-5633,69290,658,2025-10-25,248,0,,b6205233-4db4-8d64-2570-b5a3f74138c1
77efdfad-223d-adc6-8def-6b279bf69d3f,Thomas Kelly,1994-11-18,SYN-520-86-5256,39655,810,2025-08-08,326,0,,77efdfad-223d-adc6-8def-6b279bf69d3f
d85c0266-8501-ec7c-055a-8b79bf664626,Kristin Mendoza,2007-08-06,SYN-745-85-2570,19889,758,2025-10-04,269,0,,d85c0266-8501-ec7c-055a-8b79bf664626
68adb0de-a6a2-38cc-5607-a6483d5eb976,Gregory Quinn,1990-08-05,SYN-373-24-7135,91374,774,2026-05-13,48,0,,68adb0de-a6a2-38cc-5607-a6483d5eb976
c09d4ee5-f038-9df3-8d54-53c33a08fd20,David Harris,1991-04-13,SYN-257-38-5999,20931,676,2025-07-20,345,0,,c09d4ee5-f038-9df3-8d54-53c33a08fd20
46b0062f-a153-bc3a-35b1-696ae119bd2c,Christina Lutz,1961-12-06,SYN-379-66-4011,54265,740,2025-01-24,522,1,ring_0140,ring_0140
c3188d46-0884-f1df-48d3-326b1192fe6c,Steven Cook,1985-01-20,SYN-222-25-4283,45101,579,2026-04-28,63,0,,c3188d46-0884-f1df-48d3-326b1192fe6c
b8b73dd3-6886-d399-eaa5-3c4e441f7a55,Luke Hansen,2002-12-21,SYN-700-10-2896,26905,619,2025-07-26,339,0,,b8b73dd3-6886-d399-eaa5-3c4e441f7a55
39e3ebd4-f2c9-919b-5864-5d990abdce1c,Jessica Haas,1974-11-06,SYN-160-56-4306,46414,619,2025-04-22,434,0,,39e3ebd4-f2c9-919b-5864-5d990abdce1c
df17d4a1-8cfc-8e9f-da1d-c104211805d1,Douglas Sanders,1979-03-20,SYN-791-82-1651,95702,647,2026-03-31,91,0,,df17d4a1-8cfc-8e9f-da1d-c104211805d1
a2b64dae-1f34-a36c-a7a4-98daba25bfc9,Christie Mccullough,1988-11-21,SYN-357-17-4042,60435,732,2026-02-26,124,0,,a2b64dae-1f34-a36c-a7a4-98daba25bfc9
b8c7e657-f2f7-3689-f23b-fcf759689177,Joanne Baker,1973-01-25,SYN-773-87-6769,50220,586,2026-05-08,53,0,,b8c7e657-f2f7-3689-f23b-fcf759689177
b10dc131-f63c-e2a8-09b0-28be92af7a9b,Roger Sullivan,2005-02-06,SYN-316-81-2515,66431,651,2025-08-29,305,0,,b10dc131-f63c-e2a8-09b0-28be92af7a9b
6b7ec39c-9c6c-7331-fcaf-b12e89ed1c91,Rebecca Boone,1980-08-09,SYN-641-53-7208,82549,700,2025-07-15,350,0,,6b7ec39c-9c6c-7331-fcaf-b12e89ed1c91
b9eed905-bb9a-3cbb-aca1-e363e3f9f788,James Pena,1990-09-04,SYN-889-51-3071,34576,748,2026-02-06,144,0,,b9eed905-bb9a-3cbb-aca1-e363e3f9f788
2a182346-8b59-4b88-467f-afcccc639c0d,Heather Davis,1980-07-07,SYN-600-40-8622,133515,645,2025-06-15,380,0,,2a182346-8b59-4b88-467f-afcccc639c0d
2449e22e-3924-a90c-2066-a8f761531d3b,Mary Kelly,1988-06-26,SYN-363-78-3997,37209,781,2025-01-02,544,0,,2449e22e-3924-a90c-2066-a8f761531d3b
d5364ebe-75b7-b649-f4ba-794729847833,Jennifer Baker,1969-02-19,SYN-155-25-5638,34418,654,2025-01-17,529,0,,d5364ebe-75b7-b649-f4ba-794729847833
08002b60-0c49-0550-9972-30f51b47d039,Elizabeth Gay,2004-02-29,SYN-782-18-9587,26022,679,2026-02-25,125,0,,08002b60-0c49-0550-9972-30f51b47d039
3b1562a2-a25f-6555-63d4-c393014631c2,Christopher Smith,1979-01-10,SYN-721-84-7363,88506,652,2025-12-11,201,0,,3b1562a2-a25f-6555-63d4-c393014631c2
db78436a-e0f4-cd73-70d0-0f62033f767f,Samantha Reynolds,1982-11-22,SYN-182-13-4086,146557,678,2025-05-04,422,0,,db78436a-e0f4-cd73-70d0-0f62033f767f
180e6e07-e320-41cd-ddfe-265a28b90ef9,Michael Guerra,1962-01-15,SYN-259-76-9034,136539,682,2025-01-09,537,0,,180e6e07-e320-41cd-ddfe-265a28b90ef9
ba9a38fc-b112-4876-f49d-67b20c26b094,William Webb,1987-02-20,SYN-194-11-3912,83621,638,2025-01-13,533,0,,ba9a38fc-b112-4876-f49d-67b20c26b094
b8b158ad-ce75-e2ab-91c5-6d38a9e511e0,Jesse Brooks,1993-04-29,SYN-486-96-1031,46715,646,2025-05-13,413,0,,b8b158ad-ce75-e2ab-91c5-6d38a9e511e0
57226a94-8421-371d-9f50-4346e9f5bb64,Ashley Cochran,1999-04-02,SYN-425-36-5478,76433,731,2026-03-25,97,0,,57226a94-8421-371d-9f50-4346e9f5bb64
11602609-bf28-f232-7bff-6ca28f2c475c,Danny Campbell,1980-06-09,SYN-570-38-1466,32155,565,2025-10-31,242,0,,11602609-bf28-f232-7bff-6ca28f2c475c
d9d36630-2ce2-0ba8-8d0e-b1458de8bb3d,Brian Thompson,1972-08-31,SYN-285-24-6315,76732,758,2025-11-25,217,0,,d9d36630-2ce2-0ba8-8d0e-b1458de8bb3d
78a4b451-c4da-1db3-c1ad-c8cb5385b59b,Deanna Mcdonald,1994-11-12,SYN-305-69-5331,45658,566,2025-01-23,523,0,,78a4b451-c4da-1db3-c1ad-c8cb5385b59b
b11c0884-ecd6-bfd6-af17-1c9b9e7bf8c6,Grace Swanson,1993-01-08,SYN-654-85-6936,52611,722,2025-11-17,225,0,,b11c0884-ecd6-bfd6-af17-1c9b9e7bf8c6
c0d6355a-f85b-a600-ac61-1dd60c0cb149,Mr. Robert Acevedo MD,2003-09-21,SYN-411-76-1767,40075,625,2025-11-18,224,0,,c0d6355a-f85b-a600-ac61-1dd60c0cb149
f477bec1-12db-4e8e-cc14-5e078b0f2120,Eddie Davis,1970-09-19,SYN-903-17-5096,115031,589,2025-10-28,245,0,,f477bec1-12db-4e8e-cc14-5e078b0f2120
0798c5d3-f933-7b17-ba42-2b539e9ee0aa,Courtney Gonzalez,1990-10-15,SYN-696-37-1177,76776,680,2025-08-11,323,0,,0798c5d3-f933-7b17-ba42-2b539e9ee0aa
6872bddf-424e-99a2-9e7c-9dbadb45b49c,Lindsey Mendoza,1987-08-20,SYN-661-39-8168,43246,662,2025-08-16,318,0,,6872bddf-424e-99a2-9e7c-9dbadb45b49c
1795f319-9140-a538-7e36-1b30b12289fc,Tracey Bailey,1998-05-01,SYN-361-39-6169,92670,798,2025-09-11,292,0,,1795f319-9140-a538-7e36-1b30b12289fc
bc4f006c-3f91-2bb4-534b-5ba34c9f74bf,Xavier Parker,1971-10-08,SYN-282-62-1056,49513,716,2026-01-31,150,0,,bc4f006c-3f91-2bb4-534b-5ba34c9f74bf
d7ffa145-f937-f340-5f7c-985fcf99d1a4,Kevin Mccoy,1976-11-07,SYN-925-20-5722,102622,578,2026-02-26,124,0,,d7ffa145-f937-f340-5f7c-985fcf99d1a4
e560757f-36bf-de0d-4138-00b116789688,Julie Martinez,2008-05-29,SYN-336-31-6890,25251,732,2025-07-20,345,0,,e560757f-36bf-de0d-4138-00b116789688
2834efbe-656a-f788-b358-b84bde4a1a14,Amy Bernard,1979-08-29,SYN-636-79-7200,60159,642,2026-06-09,21,1,ring_0042,ring_0042
496ae01e-3c2d-fdf8-141d-f93e7c7a90a3,David Wallace,2003-04-17,SYN-226-55-5042,59337,694,2026-01-23,158,0,,496ae01e-3c2d-fdf8-141d-f93e7c7a90a3
404824b3-8b04-22c5-e45e-d2c1696e230b,Kristin Williams,1963-05-21,SYN-318-53-6695,44092,682,2026-06-07,23,0,,404824b3-8b04-22c5-e45e-d2c1696e230b
126e57fc-9bea-829f-bcbd-2142061580a2,Jennifer Howard,1986-09-20,SYN-736-79-9120,145593,719,2025-05-14,412,0,,126e57fc-9bea-829f-bcbd-2142061580a2
0458aabe-fb0b-77f2-7ec9-ca4ab551a3d0,Ashley Schaefer,1974-10-20,SYN-248-53-9427,36223,746,2026-06-18,12,0,,0458aabe-fb0b-77f2-7ec9-ca4ab551a3d0
38b7d184-11a7-285b-69c6-cf149702d0d9,Mary Conley,1975-05-02,SYN-529-90-9571,27668,593,2025-09-25,278,0,,38b7d184-11a7-285b-69c6-cf149702d0d9
21ddd56b-5ba4-2e40-d527-6f0339b3fbc5,Paige Hernandez,1996-09-03,SYN-526-78-7213,63774,706,2025-07-27,338,0,,21ddd56b-5ba4-2e40-d527-6f0339b3fbc5
f406272f-928e-71fa-859b-448e224e53b0,Robert Jarvis,1984-01-17,SYN-111-82-7160,49480,676,2025-07-30,335,0,,f406272f-928e-71fa-859b-448e224e53b0
36f33c21-604c-0d7c-21df-b3037ff2dc51,Adam Sanchez,1975-01-06,SYN-987-29-3516,74265,563,2026-05-09,52,0,,36f33c21-604c-0d7c-21df-b3037ff2dc51
3a4c17d9-6c96-fe62-8716-b6a33948fafd,William Richard,2006-10-12,SYN-811-57-1612,50752,739,2026-05-04,57,1,ring_0006,ring_0006
62e29a0e-62c5-6ada-ef17-2462c2d70d41,Cynthia Freeman,1975-03-30,SYN-218-51-9199,34493,715,2026-03-21,101,0,,62e29a0e-62c5-6ada-ef17-2462c2d70d41
a9cf852a-89d1-7e38-1bd3-3d4c3dd10a1b,Dawn Parker,1990-12-18,SYN-916-48-3801,48765,649,2026-05-20,41,0,,a9cf852a-89d1-7e38-1bd3-3d4c3dd10a1b
db72a16b-98e3-bf72-3e9a-d97e8fccfa4f,Dr. Nicole Richards,1992-07-02,SYN-572-36-5491,17528,619,2025-06-12,383,1,ring_0213,ring_0213
89159781-44e2-36dc-2d63-5a305610a5d9,Stephanie Li,1977-11-18,SYN-308-30-5053,38015,546,2025-08-06,328,0,,89159781-44e2-36dc-2d63-5a305610a5d9
b499697c-1627-3d05-9b98-70345e07d83c,Kelly Murphy,1985-01-02,SYN-722-92-2160,116144,766,2025-02-07,508,1,ring_0197,ring_0197
4c9a5bb5-fbdc-b037-dfcc-4a00cb855bb6,Lisa Robinson,2006-11-28,SYN-435-91-7499,26701,758,2026-01-22,159,0,,4c9a5bb5-fbdc-b037-dfcc-4a00cb855bb6
fe9dd4e7-e5b9-4005-50df-21a2d36159e4,James Williams,2007-08-25,SYN-914-11-3848,31199,698,2025-06-04,391,0,,fe9dd4e7-e5b9-4005-50df-21a2d36159e4
e62335ab-8976-08d5-9e31-1b59ee8fcc4b,Melissa Sparks,1972-06-06,SYN-913-28-1621,31366,663,2025-03-13,474,0,,e62335ab-8976-08d5-9e31-1b59ee8fcc4b
949562c7-3094-92b8-f2c2-e1927db9b561,Shannon Cain,2007-09-03,SYN-311-35-5467,89470,638,2025-11-07,235,0,,949562c7-3094-92b8-f2c2-e1927db9b561
6d0cc00a-275d-b0dc-8321-3a838b22be7a,Deborah Wood,1978-03-20,SYN-605-21-3750,66303,687,2026-05-24,37,0,,6d0cc00a-275d-b0dc-8321-3a838b22be7a
43c96805-1fb1-9150-d1c0-501b40cccf21,Jacob Mcdonald,1989-12-22,SYN-855-31-1385,61906,678,2026-01-01,180,0,,43c96805-1fb1-9150-d1c0-501b40cccf21
65a97a41-87f1-19f8-aca5-09ed61ad2d6b,Dean Cook,1971-02-09,SYN-194-34-4482,55546,676,2025-11-10,232,0,,65a97a41-87f1-19f8-aca5-09ed61ad2d6b
97239243-34bb-949a-b5d4-27af35516172,Martha Jacobs,1985-02-10,SYN-919-21-3482,92717,571,2026-05-07,54,0,,97239243-34bb-949a-b5d4-27af35516172
5b27150a-cf3a-be3e-6492-9455b28bbee0,Luis Davis,1988-01-13,SYN-258-94-9515,182268,765,2025-02-17,498,0,,5b27150a-cf3a-be3e-6492-9455b28bbee0
74eea5be-2cc5-6f47-f086-d69062444518,William Arnold,1972-07-30,SYN-917-23-7257,74319,692,2026-04-17,74,0,,74eea5be-2cc5-6f47-f086-d69062444518
9ad9983e-b8cd-b30a-dc6e-863fd3ae2a5a,Randy Hopkins,1999-01-18,SYN-967-74-3802,67469,653,2026-02-05,145,0,,9ad9983e-b8cd-b30a-dc6e-863fd3ae2a5a
5181e42d-d033-1f71-9cd4-129c06bf1ba7,Lisa Wagner,1996-05-21,SYN-481-43-7532,68719,671,2026-01-25,156,0,,5181e42d-d033-1f71-9cd4-129c06bf1ba7
285bb362-c90b-5ec5-670f-d33d39950f61,Hayley Carter,2008-05-21,SYN-552-70-6712,22823,698,2025-09-01,302,0,,285bb362-c90b-5ec5-670f-d33d39950f61
a713ea01-e4ad-6f1e-6449-2793a1311719,Wendy Allen,1992-11-30,SYN-825-32-4282,74541,688,2026-04-25,66,0,,a713ea01-e4ad-6f1e-6449-2793a1311719
52c29096-93c3-ae83-fcad-23981b88ca93,Sandra Drake,1968-04-30,SYN-746-89-9322,250000,603,2025-08-13,321,0,,52c29096-93c3-ae83-fcad-23981b88ca93
abbbf82a-3512-b877-0a33-77113362722b,Kathryn Snyder,1995-09-26,SYN-334-47-2381,40778,744,2026-01-25,156,0,,abbbf82a-3512-b877-0a33-77113362722b
d25bbc39-f0d2-b89f-b8af-0a51001040f9,David Carter,1961-11-28,SYN-293-78-3170,78584,666,2025-10-12,261,0,,d25bbc39-f0d2-b89f-b8af-0a51001040f9
304d5b77-b6ce-845c-bcc1-95e2462bc1d9,Stacy Harper,1998-01-16,SYN-997-29-8802,64877,764,2026-01-03,178,0,,304d5b77-b6ce-845c-bcc1-95e2462bc1d9
25ac1d7c-a391-ffac-6eac-e83363ded571,Martha Williams,2008-01-27,SYN-596-86-1463,38740,657,2025-02-21,494,0,,25ac1d7c-a391-ffac-6eac-e83363ded571
01b3c46f-6a2d-8372-a395-3567bc0b4acc,Gina Hayes,2003-05-11,SYN-461-59-5998,62396,694,2025-06-16,379,0,,01b3c46f-6a2d-8372-a395-3567bc0b4acc
48e4e078-f7ab-916e-75a0-eaa797bcfc78,Nicole Chung,1992-11-16,SYN-117-42-4541,21355,703,2026-05-20,41,0,,48e4e078-f7ab-916e-75a0-eaa797bcfc78
92dc7c9b-d3c6-5685-e255-306337c6803e,Joshua Scott,1976-02-07,SYN-276-20-2941,51433,698,2025-05-09,417,0,,92dc7c9b-d3c6-5685-e255-306337c6803e
e7497c04-46ed-44c2-b0e5-dcd5c794fa57,Timothy Hayden,1975-06-01,SYN-995-12-6000,45120,703,2026-05-27,34,0,,e7497c04-46ed-44c2-b0e5-dcd5c794fa57
6419c8ce-2987-6355-2943-906c673fa754,Kimberly Gutierrez,1986-02-04,SYN-269-57-8654,46991,783,2025-12-14,198,0,,6419c8ce-2987-6355-2943-906c673fa754
9690a559-db56-71e7-a065-68355edf03e4,Kevin Moss,1980-07-16,SYN-797-54-4037,39199,755,2025-04-22,434,0,,9690a559-db56-71e7-a065-68355edf03e4
e2f66e21-3161-cf28-0715-262bd131bbec,Anthony Morales,1974-03-21,SYN-410-35-7950,39100,699,2025-09-17,286,0,,e2f66e21-3161-cf28-0715-262bd131bbec
e25a3298-87b1-8229-375a-28949b64ee01,Danielle Briggs,1975-09-12,SYN-369-75-7923,47317,767,2025-10-18,255,0,,e25a3298-87b1-8229-375a-28949b64ee01
94e09c33-593e-21a2-2729-c6420e343824,Ralph Rodriguez,1988-04-23,SYN-234-96-7657,66966,694,2025-08-14,320,0,,94e09c33-593e-21a2-2729-c6420e343824
77e7137d-b8bd-6853-b4ec-5ecdc660cab9,Jacqueline Herman,1965-03-04,SYN-865-78-5305,44841,683,2025-09-05,298,0,,77e7137d-b8bd-6853-b4ec-5ecdc660cab9
fc7bc954-de70-a34c-2a91-f277b47c8555,Steven Rivera,1997-06-26,SYN-510-23-1398,35558,744,2026-01-11,170,0,,fc7bc954-de70-a34c-2a91-f277b47c8555
67c469f1-f897-995d-0471-e7abd39656f1,David Lopez,2000-02-15,SYN-943-82-2797,35266,790,2026-06-14,16,1,ring_0135,ring_0135
2cc4b629-a347-7d20-cb7a-a7915f55a266,Matthew Watkins,1986-04-18,SYN-649-17-6058,49672,627,2026-01-15,166,0,,2cc4b629-a347-7d20-cb7a-a7915f55a266
6817e5e2-0a0d-8e2e-059b-8814656be588,Colleen Hernandez,1971-02-11,SYN-633-40-6074,73295,665,2025-02-07,508,0,,6817e5e2-0a0d-8e2e-059b-8814656be588
22ae0750-4ae5-433c-c301-71cc621a832c,Lori Howard,1995-05-06,SYN-455-14-3217,36357,665,2025-12-15,197,0,,22ae0750-4ae5-433c-c301-71cc621a832c
9ab35d5a-98bd-25da-0862-f656a1da313a,Sharon Brown,2002-06-18,SYN-157-25-4122,58677,713,2025-01-31,515,0,,9ab35d5a-98bd-25da-0862-f656a1da313a
2c347282-47ca-3908-5f6f-0c802793a285,Kendra Sullivan,1985-06-22,SYN-150-96-4102,20476,715,2025-12-08,204,0,,2c347282-47ca-3908-5f6f-0c802793a285
89296f34-7f24-d9bc-721f-5ac939ba5002,Abigail Chavez,1977-11-14,SYN-630-73-3268,63654,715,2025-01-22,524,1,ring_0094,ring_0094
43c54c84-2e65-e418-71f8-23fe2b126781,Sharon Cross,1967-11-05,SYN-739-58-6135,39166,824,2026-01-07,174,0,,43c54c84-2e65-e418-71f8-23fe2b126781
11df74b3-8bf5-04f6-a3d5-ace508f6d37d,Lauren Hooper,1976-07-04,SYN-978-94-5429,60142,615,2026-03-22,100,0,,11df74b3-8bf5-04f6-a3d5-ace508f6d37d
55f7a593-0753-5d5d-9adb-ca3833932f0d,Jacqueline Davis,1985-03-07,SYN-903-48-3591,27026,661,2025-05-25,401,0,,55f7a593-0753-5d5d-9adb-ca3833932f0d
b480593b-83f9-9813-78db-79fa9276fa48,Emily Hall,1980-05-04,SYN-458-77-1046,98800,680,2025-05-31,395,0,,b480593b-83f9-9813-78db-79fa9276fa48
11055cf2-428d-9027-00a4-ffd5d432baed,Daniel Lee,1967-04-28,SYN-814-81-1540,92394,834,2025-09-25,278,0,,11055cf2-428d-9027-00a4-ffd5d432baed
648db147-e565-36d9-481e-77e78b29ece9,Annette Nguyen,1991-12-02,SYN-197-28-2397,75431,574,2026-05-08,53,1,ring_0048,ring_0048
8424a93f-394b-31d3-05b3-00a632d48b06,Joann Glass,2001-09-24,SYN-878-54-5151,51567,788,2026-03-07,115,0,,8424a93f-394b-31d3-05b3-00a632d48b06
a0343a34-7be1-d61f-82aa-4a625384fe6f,Aimee Turner,1983-08-06,SYN-484-99-5339,31331,714,2025-08-09,325,0,,a0343a34-7be1-d61f-82aa-4a625384fe6f
fa3174d7-1ebb-f8eb-87c2-4fa7ddc758d6,Amber Hawkins,1994-06-01,SYN-191-14-2532,34254,690,2025-05-06,420,1,ring_0094,ring_0094
7c19dae4-61dc-55b6-373a-efbf5e9c39b3,Eric Copeland,2003-03-07,SYN-578-11-8851,82823,683,2026-05-06,55,1,ring_0111,ring_0111
1dc9cdcc-d691-1aac-0522-5b3343f6954b,Joseph Davis,2008-01-20,SYN-185-16-1446,15000,748,2025-10-04,269,0,,1dc9cdcc-d691-1aac-0522-5b3343f6954b
5bd5b83c-661e-6238-8f64-00144a42c606,Christopher Irwin,1977-09-01,SYN-117-95-2746,70673,712,2026-06-20,10,1,ring_0087,ring_0087
43e4a700-0e3c-b2d6-14b7-68fe2c9d7782,Kevin Walter,1997-07-28,SYN-611-82-7053,63809,518,2026-03-12,110,0,,43e4a700-0e3c-b2d6-14b7-68fe2c9d7782
a1ff6f90-5d1c-61d1-f265-40d1dcbe9e04,Melissa Rogers,1998-02-14,SYN-185-78-3090,107319,767,2025-07-29,336,0,,a1ff6f90-5d1c-61d1-f265-40d1dcbe9e04
e785b0d2-01e1-a0da-eb95-6a8ef97f457b,April Arellano,2004-08-06,SYN-170-64-2906,181905,752,2026-04-17,74,0,,e785b0d2-01e1-a0da-eb95-6a8ef97f457b
155b6e05-b39c-cc57-9242-0462a0eb5d1e,Michael Moore,1991-07-10,SYN-422-34-8406,24362,793,2025-01-15,531,0,,155b6e05-b39c-cc57-9242-0462a0eb5d1e
a0f647aa-3648-3f2f-414d-5497c6074be6,Ashley Bell,1991-01-02,SYN-766-48-4242,96639,680,2025-01-18,528,0,,a0f647aa-3648-3f2f-414d-5497c6074be6
05ffeefd-6e9b-621c-e7f3-24285de7ec96,Brian Taylor,2008-04-16,SYN-388-63-9511,47991,651,2025-09-13,290,0,,05ffeefd-6e9b-621c-e7f3-24285de7ec96
48ab0521-7d39-71ec-59da-6d82b9895985,Andrea Jones,1979-03-20,SYN-666-36-5684,69891,580,2025-01-01,545,0,,48ab0521-7d39-71ec-59da-6d82b9895985
4ebe94fb-6705-ef36-16df-cb464c559568,Ryan Munoz,2002-06-24,SYN-310-83-1524,44721,647,2025-06-15,380,0,,4ebe94fb-6705-ef36-16df-cb464c559568
03a4faf3-a4b7-cc71-43e4-056ec328b1ab,Christopher Davis,1989-07-11,SYN-110-56-9601,55262,682,2025-01-01,545,0,,03a4faf3-a4b7-cc71-43e4-056ec328b1ab
9ee3b606-5e51-54d3-2389-4c5d472d6016,Donna Howell,1963-10-16,SYN-276-76-9264,41799,730,2026-04-18,73,0,,9ee3b606-5e51-54d3-2389-4c5d472d6016
00014d53-c700-6e70-9f3a-318bd5ccdda4,Kristen Davis,1998-11-19,SYN-798-56-8294,42140,687,2025-07-12,353,0,,00014d53-c700-6e70-9f3a-318bd5ccdda4
e5a08ea8-6f49-ae79-0ef0-d19ff96a08a4,Monique Diaz,1981-02-21,SYN-516-33-5057,28843,647,2025-01-12,534,0,,e5a08ea8-6f49-ae79-0ef0-d19ff96a08a4
f879f056-ea38-e067-e560-a33f99e3a5fb,Anthony Schmidt,2003-12-16,SYN-962-65-9473,31976,564,2025-06-16,379,0,,f879f056-ea38-e067-e560-a33f99e3a5fb
0845a29d-a4b1-a0b8-3fc7-3d1e15e2f984,Nicole Peterson,1969-02-14,SYN-983-98-3557,37221,692,2025-01-15,531,0,,0845a29d-a4b1-a0b8-3fc7-3d1e15e2f984
972cd305-7f16-9e91-590e-8445a6e44ce1,Parker Brown,1987-12-30,SYN-918-74-6173,25046,652,2025-07-25,340,0,,972cd305-7f16-9e91-590e-8445a6e44ce1
b6ebe30b-3dae-2c32-8986-986e5835c12d,David Mcdaniel,1980-03-27,SYN-197-55-2697,39028,793,2025-10-10,263,0,,b6ebe30b-3dae-2c32-8986-986e5835c12d
57999bd6-5b0a-b0e3-a4e3-25ddc929aa84,Danielle Murray,2007-10-08,SYN-180-91-5639,97004,699,2025-03-25,462,0,,57999bd6-5b0a-b0e3-a4e3-25ddc929aa84
888030bd-06ae-8439-757b-fa55f48374ce,Edwin Carter,1995-02-13,SYN-150-56-4220,31380,720,2025-03-25,462,0,,888030bd-06ae-8439-757b-fa55f48374ce
bdcbb9d2-2844-034f-4fc0-f58662e0b7fe,Megan Hall,1995-05-23,SYN-955-61-6738,22220,735,2025-02-13,502,0,,bdcbb9d2-2844-034f-4fc0-f58662e0b7fe
77b95387-46e9-d523-7dd0-40c978d55fc5,Nicole Wallace DDS,2007-09-23,SYN-423-31-5737,73660,697,2025-09-26,277,0,,77b95387-46e9-d523-7dd0-40c978d55fc5
4917e3e6-6b41-d35f-a2e0-f4e0f51f23e6,Michael White,2005-07-19,SYN-641-17-2435,29104,752,2025-11-27,215,0,,4917e3e6-6b41-d35f-a2e0-f4e0f51f23e6
9e7ed4ad-5d0d-a238-3de4-323ad16308cb,Taylor Tran,1993-04-24,SYN-387-91-3871,117047,601,2025-02-23,492,0,,9e7ed4ad-5d0d-a238-3de4-323ad16308cb
185bd7da-2393-b6cc-ec58-64ae80b0d73e,Sharon Williams,1990-01-10,SYN-528-22-8636,35113,552,2025-05-14,412,0,,185bd7da-2393-b6cc-ec58-64ae80b0d73e
fd20baf0-889f-76c8-891b-b3d31dfb1dbb,Molly Mckenzie,1989-08-24,SYN-720-29-6669,94318,739,2025-01-10,536,0,,fd20baf0-889f-76c8-891b-b3d31dfb1dbb
6d56cf18-c03c-7107-35fb-71d0e1d01668,David Davis,1991-02-01,SYN-616-15-2406,81583,734,2025-12-20,192,0,,6d56cf18-c03c-7107-35fb-71d0e1d01668
108df58d-e39e-e2b8-111e-1f067e541e17,Jennifer White,1997-03-24,SYN-549-99-2565,99427,734,2025-07-28,337,0,,108df58d-e39e-e2b8-111e-1f067e541e17
48795325-0f92-a514-c270-5c750d3dfe5a,Wayne Gray,2002-02-12,SYN-245-39-5530,46760,674,2025-11-06,236,0,,48795325-0f92-a514-c270-5c750d3dfe5a
f9b87e2d-5943-b885-0df3-991daa06bf8e,Melissa Carroll,1955-04-07,SYN-578-81-5905,37384,664,2025-01-19,527,0,,f9b87e2d-5943-b885-0df3-991daa06bf8e
7a784d89-670e-5fb8-5a9a-158dd7757dc8,James Henry,1989-08-16,SYN-469-57-6837,31667,709,2026-03-25,97,0,,7a784d89-670e-5fb8-5a9a-158dd7757dc8
63d45799-d97e-ca3a-ac70-5bcfe87ba4d4,Tammy Boone,1982-11-20,SYN-982-82-3029,26284,580,2025-08-06,328,0,,63d45799-d97e-ca3a-ac70-5bcfe87ba4d4
9411b0b9-254a-0fd5-3907-3acdb922c88b,Jamie Robbins,2007-07-08,SYN-558-77-2860,63657,789,2026-06-10,20,0,,9411b0b9-254a-0fd5-3907-3acdb922c88b
32dc6d32-e821-99ed-deef-d6432b14cc53,Mrs. Miranda Johnston,1991-02-07,SYN-954-93-5520,58665,619,2026-06-20,10,0,,32dc6d32-e821-99ed-deef-d6432b14cc53
ae1302fd-0434-71bb-2cc9-aa961948ee16,Jonathan Palmer,2000-05-27,SYN-794-86-8429,57320,706,2025-04-15,441,1,ring_0167,ring_0167
04f87e55-997f-b07e-69ae-f02a736ef9ac,Marissa Bennett,1976-10-31,SYN-392-77-1740,82444,720,2026-02-11,139,0,,04f87e55-997f-b07e-69ae-f02a736ef9ac
2a972065-afdf-1722-e1b1-3b0312bff71f,Carla James,2007-11-27,SYN-639-31-1334,38929,808,2025-05-22,404,0,,2a972065-afdf-1722-e1b1-3b0312bff71f
b7953dad-1f35-a8f9-9cf3-64ccd9f7cb3b,Krista Powers,1971-06-01,SYN-238-89-9317,54301,631,2026-02-06,144,1,ring_0016,ring_0016
a2e46f6e-838e-8b01-28a9-cfdfc7b23e4b,Aimee Fisher,1975-04-11,SYN-622-24-7350,198785,807,2025-04-01,455,0,,a2e46f6e-838e-8b01-28a9-cfdfc7b23e4b
0634a7e5-b852-9281-3dfb-83e2d459019a,Ashley Hodge,1978-11-01,SYN-451-96-1496,28412,661,2025-04-11,445,1,ring_0083,ring_0083
cfaa57ff-fa24-8b35-12ae-d8f636d14d7e,Joshua Miller,1984-07-23,SYN-389-85-6658,72058,561,2026-01-16,165,0,,cfaa57ff-fa24-8b35-12ae-d8f636d14d7e
0ee0a5b4-a0a1-0cb7-2a06-596086e7a4ab,Beth Medina,1980-04-15,SYN-325-40-1483,62328,569,2025-06-21,374,0,,0ee0a5b4-a0a1-0cb7-2a06-596086e7a4ab
d17f1ab9-1602-0a3d-0db1-ae6f6f594122,Mr. Carl Rios,1974-04-13,SYN-519-25-5736,22039,601,2025-09-10,293,0,,d17f1ab9-1602-0a3d-0db1-ae6f6f594122
c4d91ed7-edad-1284-1906-f3e66a6b88c3,Paula Evans,1995-08-17,SYN-893-36-8428,53895,653,2026-03-03,119,0,,c4d91ed7-edad-1284-1906-f3e66a6b88c3
1184dd06-78db-3be2-468b-c8aca9ec623d,Ann Peterson,1974-11-21,SYN-608-53-9227,81533,684,2026-03-17,105,0,,1184dd06-78db-3be2-468b-c8aca9ec623d
836753a3-eb29-ae20-7c8b-cbf43837a7e1,Bobby Flores,1984-05-20,SYN-872-49-6203,202842,553,2025-06-10,385,0,,836753a3-eb29-ae20-7c8b-cbf43837a7e1
bd997955-a7db-ba15-534b-a17cc46c827a,Sheila Douglas,1980-01-10,SYN-798-91-3491,49791,759,2025-05-30,396,0,,bd997955-a7db-ba15-534b-a17cc46c827a
6dbc1519-a251-16c9-6995-ee25d6e054b6,Ann Goodwin,2000-07-18,SYN-681-93-4417,47636,740,2025-09-11,292,0,,6dbc1519-a251-16c9-6995-ee25d6e054b6
c55c5bd9-5338-172d-d624-1dd4be410f51,Kathryn Smith,1985-12-14,SYN-769-44-2977,35489,720,2025-02-16,499,1,ring_0182,ring_0182
29da72d0-5b0a-2b48-7919-ef7c74242a3f,Sean Mathews,1986-04-29,SYN-612-15-2600,25770,669,2025-05-08,418,0,,29da72d0-5b0a-2b48-7919-ef7c74242a3f
5bc7f769-def0-e6b9-8a64-35b8bc9c0a76,Daniel Kennedy,1990-11-11,SYN-639-16-5255,76057,610,2025-08-03,331,0,,5bc7f769-def0-e6b9-8a64-35b8bc9c0a76
98c555bc-2bd9-18b2-4154-9b6424158672,Mark Mcpherson,1997-06-12,SYN-686-37-2534,123458,652,2025-08-10,324,0,,98c555bc-2bd9-18b2-4154-9b6424158672
e761ad85-72e7-47aa-1b88-b39cca11d1fb,Lauren Green,1985-08-16,SYN-642-30-3402,152976,678,2025-04-27,429,0,,e761ad85-72e7-47aa-1b88-b39cca11d1fb
dba297da-de81-4c7c-a7cf-af27a6f4c44f,Jackie Clements,1962-01-26,SYN-490-51-9171,56597,498,2025-03-21,466,0,,dba297da-de81-4c7c-a7cf-af27a6f4c44f
ea2833db-30e4-4f90-761e-5f68dfb21501,Johnathan Palmer,1973-10-04,SYN-428-85-3487,23028,646,2025-12-24,188,0,,ea2833db-30e4-4f90-761e-5f68dfb21501
5c3bbaa8-f5c8-13f0-a863-2a85f5bad5a2,Anna Walker,2008-04-01,SYN-296-23-4555,17921,638,2025-09-18,285,0,,5c3bbaa8-f5c8-13f0-a863-2a85f5bad5a2
8a7c4e28-71dc-e99d-86f6-88efe2b87141,Katherine Martinez,1975-09-25,SYN-856-22-8909,63225,683,2025-01-28,518,0,,8a7c4e28-71dc-e99d-86f6-88efe2b87141
b7faea1e-a712-7a41-485c-9b561b7dae61,Erica Wright,1994-07-28,SYN-898-40-4548,171019,700,2025-05-27,399,0,,b7faea1e-a712-7a41-485c-9b561b7dae61
f034ab71-5284-ddb9-fa95-add9fb3a45f1,Patrick Simpson,1983-09-22,SYN-860-57-1188,38598,686,2026-05-07,54,0,,f034ab71-5284-ddb9-fa95-add9fb3a45f1
c2e1a866-a975-4a35-c61f-ddd6ce63fb5b,Adam Espinoza,1985-05-11,SYN-373-29-7801,109074,680,2026-02-22,128,0,,c2e1a866-a975-4a35-c61f-ddd6ce63fb5b
53110625-3c97-4bfb-688d-45a4f91f5af7,James Short,2003-03-28,SYN-521-39-2280,37657,683,2025-06-26,369,0,,53110625-3c97-4bfb-688d-45a4f91f5af7
67df2823-6437-0a87-4ed8-3acdc8654174,Deanna Edwards,1971-01-08,SYN-925-82-7251,64760,672,2025-09-22,281,0,,67df2823-6437-0a87-4ed8-3acdc8654174
8d60f8b0-c84d-e59a-078c-31211586c018,Donald Jackson,1968-10-02,SYN-399-70-3440,29072,706,2026-06-23,7,0,,8d60f8b0-c84d-e59a-078c-31211586c018
fed7f625-3879-45d1-b420-d81c0ec92d2f,Christine Aguilar,2001-09-19,SYN-690-66-4720,56404,656,2025-01-12,534,0,,fed7f625-3879-45d1-b420-d81c0ec92d2f
591260d1-805e-4943-531a-c16247790609,Frank Rubio,1985-04-18,SYN-454-26-8039,32271,641,2025-05-08,418,1,ring_0186,ring_0186
b68b932f-a434-3cb6-d7b6-b6a4997d29dd,Mary Donaldson,1973-06-29,SYN-479-36-6235,39657,756,2025-12-03,209,0,,b68b932f-a434-3cb6-d7b6-b6a4997d29dd
b6817ab2-76b0-07f0-2797-d70e3ebb3c79,Jason Woodward,1985-10-02,SYN-765-56-8234,41855,732,2025-11-18,224,0,,b6817ab2-76b0-07f0-2797-d70e3ebb3c79
7492c30f-d1fb-f889-2632-b228e4a876bf,Cassandra Williams,1975-05-01,SYN-418-98-5628,102821,718,2025-07-22,343,0,,7492c30f-d1fb-f889-2632-b228e4a876bf
bd3825ec-90ae-0bfb-5aac-5db92375b9e9,Jennifer Smith,1985-07-23,SYN-421-95-7696,55989,737,2026-02-21,129,0,,bd3825ec-90ae-0bfb-5aac-5db92375b9e9
e7bfa7f4-116f-44f5-ebcd-32d77badffd2,Alyssa Morales,1994-07-06,SYN-118-73-2763,45412,601,2025-05-14,412,0,,e7bfa7f4-116f-44f5-ebcd-32d77badffd2
74f6aa87-b283-c28f-5f42-3890ec8f5c00,Jenny Carter,1992-10-12,SYN-685-83-5925,33759,673,2025-02-06,509,0,,74f6aa87-b283-c28f-5f42-3890ec8f5c00
8bbd1321-0d5a-7ad6-227d-18e1f5ee7f35,Jack Moore,2000-11-11,SYN-380-77-8928,48595,720,2025-01-01,545,0,,8bbd1321-0d5a-7ad6-227d-18e1f5ee7f35
b2b55944-804e-f67f-9aa1-a16000bfcbd1,Michele Conner,1980-09-01,SYN-749-33-9403,40464,683,2026-05-26,35,0,,b2b55944-804e-f67f-9aa1-a16000bfcbd1
11fd0109-9bdb-0f1a-b5a3-7f224e733cdc,Kelly Howard,2004-07-29,SYN-684-12-3891,58409,752,2025-05-11,415,0,,11fd0109-9bdb-0f1a-b5a3-7f224e733cdc
e084b521-1a86-2d3a-34a8-cb0f3a92952e,Holly Bryant,1970-08-23,SYN-210-39-3087,119855,799,2025-07-31,334,1,ring_0099,ring_0099
751d86a0-6454-7f2d-5990-7d83f5a588a4,Tyler Miranda,1988-09-09,SYN-678-55-6310,24417,621,2025-06-05,390,0,,751d86a0-6454-7f2d-5990-7d83f5a588a4
8cc88924-5ddd-8000-192c-dee875c080ff,Eric Murphy,1985-05-22,SYN-343-49-8140,41862,732,2025-08-12,322,0,,8cc88924-5ddd-8000-192c-dee875c080ff
53aa0671-ce14-b368-6f6d-d3c6a7f1ff79,Ashley Brown,2006-07-04,SYN-442-36-2499,59638,657,2025-09-18,285,0,,53aa0671-ce14-b368-6f6d-d3c6a7f1ff79
f8e5399a-14c8-0c37-58fb-12dcfa344508,Michael Bennett DVM,1988-11-18,SYN-532-61-4437,100513,656,2025-04-25,431,0,,f8e5399a-14c8-0c37-58fb-12dcfa344508
f5da089b-098b-3145-3231-40161a6b24ed,Terry Lopez,1980-01-15,SYN-837-70-9664,98237,687,2026-01-14,167,1,ring_0187,ring_0187
fdd82c23-e4c7-bd63-51ee-51f6f24e643c,Amanda Davis,1991-11-25,SYN-976-96-7897,73870,660,2026-05-30,31,0,,fdd82c23-e4c7-bd63-51ee-51f6f24e643c
b7d72017-e43a-5564-09b4-839f61540bb6,Ryan Vaughn,1981-01-03,SYN-372-33-9935,135301,627,2026-06-16,14,0,,b7d72017-e43a-5564-09b4-839f61540bb6
79986323-bf9a-8a98-4d31-f7f32ba8da6c,Anna Wong,1979-09-13,SYN-104-15-5347,26116,790,2026-03-16,106,0,,79986323-bf9a-8a98-4d31-f7f32ba8da6c
51d176d7-c38e-fc4d-d9ad-9698d3129769,Alexis Benson,1996-11-10,SYN-139-77-2634,34178,688,2025-07-06,359,0,,51d176d7-c38e-fc4d-d9ad-9698d3129769
8067ec67-1d61-2001-1e6d-19cdc11363ec,Edward Keller,1976-11-17,SYN-809-81-3042,72260,746,2025-05-28,398,0,,8067ec67-1d61-2001-1e6d-19cdc11363ec
6e5ee4f2-8ab3-7e68-a226-d3bdff09879f,Michael Robinson,1959-11-28,SYN-856-14-7348,31643,621,2025-01-19,527,0,,6e5ee4f2-8ab3-7e68-a226-d3bdff09879f
10884aed-4e1e-7146-c1ac-093036181632,Alyssa Haynes,2008-01-25,SYN-278-24-5714,99109,589,2025-02-07,508,0,,10884aed-4e1e-7146-c1ac-093036181632
d76da4c4-3bb6-9972-1cdc-1c84b850f745,Kimberly Jones,1979-03-18,SYN-629-63-4243,44044,690,2025-02-11,504,0,,d76da4c4-3bb6-9972-1cdc-1c84b850f745
9257059f-48b7-f0e9-5586-4a4f27c24ec7,Stephen Mitchell,1992-03-16,SYN-499-86-9377,27317,603,2026-01-11,170,0,,9257059f-48b7-f0e9-5586-4a4f27c24ec7
d0e4f1a2-f22d-6fe1-e836-cae156773721,Michael Brown,1982-01-27,SYN-887-29-9472,54737,667,2025-12-28,184,0,,d0e4f1a2-f22d-6fe1-e836-cae156773721
25fdbc23-aa14-ac1d-e18a-689f4e5c86c3,William Guzman,1994-04-04,SYN-546-49-1886,38404,719,2025-03-09,478,0,,25fdbc23-aa14-ac1d-e18a-689f4e5c86c3
c12098cf-ef70-7f45-e9e3-df686f0c2124,Joshua Dunlap,2002-05-20,SYN-551-53-5472,26230,545,2025-02-11,504,0,,c12098cf-ef70-7f45-e9e3-df686f0c2124
2ebadf96-27ee-fab9-d18f-01d67b401cdd,Keith Morales,1981-06-04,SYN-278-84-6492,15877,641,2026-04-21,70,0,,2ebadf96-27ee-fab9-d18f-01d67b401cdd
7244e8aa-78be-aab8-8ec6-cc00394f7363,Andrew Powers,1993-07-15,SYN-707-77-2243,46081,615,2025-04-30,426,0,,7244e8aa-78be-aab8-8ec6-cc00394f7363
a2af1246-6275-1874-83d5-bc8b285ec831,Kristen Bradley,1990-01-07,SYN-688-19-5421,169792,610,2026-05-23,38,0,,a2af1246-6275-1874-83d5-bc8b285ec831
3a319166-8c2c-7c85-bc18-4172753fa06c,Jeremy Johnson,1973-01-03,SYN-601-33-5190,50086,655,2025-06-09,386,0,,3a319166-8c2c-7c85-bc18-4172753fa06c
ca9e395b-e214-0902-a076-d9e0502e6f04,Nicole Bright,1999-08-20,SYN-128-71-7955,20088,734,2026-02-12,138,0,,ca9e395b-e214-0902-a076-d9e0502e6f04
616c6a82-e7e3-813b-d8d0-4c7dd1547a30,Kimberly Carson,1995-09-20,SYN-695-12-3326,97844,727,2026-03-29,93,0,,616c6a82-e7e3-813b-d8d0-4c7dd1547a30
c8b23a42-a91c-d5c2-c4a3-74c73b1208e6,Diane Mcdowell,1971-10-15,SYN-870-20-3701,150296,649,2025-02-09,506,0,,c8b23a42-a91c-d5c2-c4a3-74c73b1208e6
e6df4cd6-c5a5-4c98-94a4-1bd7270840e2,Stephanie Evans,1979-01-26,SYN-799-28-7131,74397,707,2025-04-27,429,0,,e6df4cd6-c5a5-4c98-94a4-1bd7270840e2
cc3e1059-0f5b-e414-3136-2091a1fbeaa5,Michelle Rodriguez,1968-08-06,SYN-256-61-7249,28237,667,2025-02-19,496,0,,cc3e1059-0f5b-e414-3136-2091a1fbeaa5
f843f998-46f5-8fec-9b40-5d839621e62d,George Phillips,1985-01-28,SYN-951-41-6936,46393,563,2026-04-27,64,0,,f843f998-46f5-8fec-9b40-5d839621e62d
8034e2de-f127-c2b1-9be5-38807661e832,Jennifer Ross,1985-10-25,SYN-954-84-6787,46802,760,2026-05-07,54,0,,8034e2de-f127-c2b1-9be5-38807661e832
26f4cb86-5deb-040b-8cca-adcaed602c80,David Potter,1988-08-16,SYN-149-97-4084,54039,749,2026-01-14,167,0,,26f4cb86-5deb-040b-8cca-adcaed602c80
6ea52f33-59fb-074a-a9f4-2721929e2708,Amanda Hess,1983-09-20,SYN-700-52-3872,128807,691,2026-02-23,127,0,,6ea52f33-59fb-074a-a9f4-2721929e2708
795cc993-d8c1-222e-07e0-0c14c9afe249,Carlos Hensley,1994-07-17,SYN-934-60-8959,20442,624,2025-07-11,354,0,,795cc993-d8c1-222e-07e0-0c14c9afe249
efb90ff8-22c3-57ac-21a4-e166491da976,Kimberly Santos,1993-10-13,SYN-647-12-5510,67288,687,2025-09-24,279,0,,efb90ff8-22c3-57ac-21a4-e166491da976
86080194-10a0-89f9-14db-0059b716f506,Kevin Barber,1985-11-27,SYN-412-92-2701,47096,737,2025-01-21,525,0,,86080194-10a0-89f9-14db-0059b716f506
cfc4d19e-dc82-93c8-fc3f-233ded0bb733,Mrs. Holly Lopez,2008-01-29,SYN-575-69-9935,29774,680,2025-02-10,505,1,ring_0094,ring_0094
47bc6ced-283e-2f76-e841-b8e793f60980,Paul Smith,1964-04-16,SYN-242-21-9936,65459,651,2025-06-19,376,0,,47bc6ced-283e-2f76-e841-b8e793f60980
b0b14a10-a1e9-2105-49bd-9d13ab2af3fc,Samantha Johnson,2008-05-13,SYN-550-20-3401,21645,630,2025-07-31,334,0,,b0b14a10-a1e9-2105-49bd-9d13ab2af3fc
ecab92c3-04dc-12c9-24b1-3507f0218f01,Brenda Hinton,1979-05-25,SYN-681-93-9555,57315,782,2025-07-12,353,0,,ecab92c3-04dc-12c9-24b1-3507f0218f01
f7e78666-da49-d295-479f-22c51fc2cc61,Ashley Martinez,1989-10-26,SYN-979-43-1607,148907,740,2025-03-05,482,0,,f7e78666-da49-d295-479f-22c51fc2cc61
52a2501b-4f02-3243-ff30-a2027ef6802d,Cory Massey,1974-01-14,SYN-459-94-4503,78616,635,2025-04-05,451,1,ring_0164,ring_0164
fe0e4b31-527f-fc10-4057-d8be5b68c53d,Dana Chapman,1975-07-27,SYN-593-93-2443,157870,790,2025-06-01,394,0,,fe0e4b31-527f-fc10-4057-d8be5b68c53d
0eebfce9-ccf7-379a-ef96-a24cac147a54,Erik Dean,1992-10-11,SYN-396-15-9446,56971,742,2025-08-12,322,0,,0eebfce9-ccf7-379a-ef96-a24cac147a54
59376176-5cb9-9215-55c0-e790d99ef766,Shannon Nguyen,1990-02-08,SYN-197-79-1075,15000,747,2025-09-18,285,1,ring_0177,ring_0177
658e3021-cf9c-7afc-d56e-c13cda8f6d04,Laura Ramirez,1997-11-15,SYN-939-69-9438,22294,626,2025-12-26,186,0,,658e3021-cf9c-7afc-d56e-c13cda8f6d04
4eb1a972-dd70-a3c5-cbd5-ef78fc72c7f9,Debra Valentine,1982-07-16,SYN-957-13-4524,32963,608,2026-05-23,38,0,,4eb1a972-dd70-a3c5-cbd5-ef78fc72c7f9
cb6d2e52-89ab-93f4-f4f7-367eed1c6eb8,Edward Higgins,2002-09-30,SYN-283-75-3973,99879,669,2025-10-06,267,1,ring_0105,ring_0105
c3114f9a-c4c4-18cf-5584-ba762e731e2b,Brittany Ballard,2006-05-14,SYN-501-51-1726,82336,626,2025-05-25,401,0,,c3114f9a-c4c4-18cf-5584-ba762e731e2b
ea82d6e5-881c-9e9c-f1f1-94fedea589cd,Deborah Waller,1999-11-05,SYN-455-32-6207,41120,605,2026-05-29,32,0,,ea82d6e5-881c-9e9c-f1f1-94fedea589cd
785a6780-30c7-bff9-a1dd-8a6ff792bd67,Kathy Lewis,1991-12-05,SYN-372-20-5239,43168,667,2025-01-17,529,0,,785a6780-30c7-bff9-a1dd-8a6ff792bd67
e4282c55-9f5a-1086-08a0-2245c90e2838,Francis Wilson,1980-09-11,SYN-855-52-5735,76594,651,2026-01-24,157,0,,e4282c55-9f5a-1086-08a0-2245c90e2838
20faee82-a954-9d6a-fcfb-2e88ccb2c1ec,Ronnie Jenkins,1983-07-01,SYN-761-77-7476,54829,809,2025-03-29,458,0,,20faee82-a954-9d6a-fcfb-2e88ccb2c1ec
c9cb7c43-68b8-39d3-498a-64745e330189,Lawrence Martin,1991-02-13,SYN-624-48-9121,131457,642,2025-04-06,450,0,,c9cb7c43-68b8-39d3-498a-64745e330189
c488de1f-bc49-e2fb-f3fc-789af832d818,Melissa Reeves,2002-01-26,SYN-545-22-1998,119527,733,2026-04-11,80,0,,c488de1f-bc49-e2fb-f3fc-789af832d818
335cf518-409a-62f1-65c0-bc83397e0a94,Jonathan Jefferson DVM,1990-05-13,SYN-963-26-2997,117237,599,2026-02-28,122,0,,335cf518-409a-62f1-65c0-bc83397e0a94
07b91802-5978-fa61-9771-e16790ce5b36,Tyler Baker,2002-04-03,SYN-327-47-7276,69318,661,2025-10-22,251,0,,07b91802-5978-fa61-9771-e16790ce5b36
bb978f38-9a03-2b9e-62c5-40e55dc215d0,Brandy Forbes,1991-07-09,SYN-646-39-9042,47868,599,2025-06-03,392,0,,bb978f38-9a03-2b9e-62c5-40e55dc215d0
b7b466ed-da30-28af-ecdc-141bbe79e454,Timothy Wang,1980-09-22,SYN-601-60-4391,24322,634,2025-06-24,371,0,,b7b466ed-da30-28af-ecdc-141bbe79e454
8b713ae3-110a-3303-7f8f-d628b5d4b424,John Garcia,1996-08-08,SYN-426-10-9273,128179,650,2025-01-03,543,0,,8b713ae3-110a-3303-7f8f-d628b5d4b424
cb1a2332-aa9b-a2c5-cf63-af0716c50cbd,Henry Garcia,1974-07-26,SYN-200-54-7061,79002,754,2025-08-07,327,0,,cb1a2332-aa9b-a2c5-cf63-af0716c50cbd
65f1f81b-2b27-4948-b6f0-85aef51e5767,Brandon White,1988-07-21,SYN-733-98-5455,51672,674,2025-01-20,526,0,,65f1f81b-2b27-4948-b6f0-85aef51e5767
a1f8d52a-e45c-a572-33a3-6515d2eb8238,Joseph Jackson,1992-05-30,SYN-104-27-7218,31582,653,2025-04-01,455,0,,a1f8d52a-e45c-a572-33a3-6515d2eb8238
21031c5c-45b0-0892-fb58-cd672af5465d,Ryan Smith,2003-06-28,SYN-652-63-3983,38311,850,2025-12-10,202,0,,21031c5c-45b0-0892-fb58-cd672af5465d
caf5da1c-56e9-017a-c209-6866fe921bdf,Aaron Parker,1971-10-01,SYN-508-19-6993,53787,657,2025-12-01,211,0,,caf5da1c-56e9-017a-c209-6866fe921bdf
4f43455f-28ce-c1ad-8a0a-1e622452b127,Stephanie Thompson,2008-01-31,SYN-325-95-6322,27740,642,2026-01-02,179,0,,4f43455f-28ce-c1ad-8a0a-1e622452b127
96760df0-5073-3160-e0c3-0eb6028d6a98,Julian Conner,1970-11-17,SYN-527-66-2363,58484,673,2025-01-13,533,0,,96760df0-5073-3160-e0c3-0eb6028d6a98
478c9f6b-c3e0-3fa0-2bde-f4d7a9888467,Dr. Diana Espinoza,1991-08-13,SYN-285-63-3461,124503,759,2025-09-29,274,0,,478c9f6b-c3e0-3fa0-2bde-f4d7a9888467
fa89b405-0d60-612d-4425-256dbd558609,Monica Ellis,1993-05-17,SYN-250-55-1820,37155,695,2026-04-03,88,0,,fa89b405-0d60-612d-4425-256dbd558609
0a0afb89-609d-1e1c-6f87-d4a064084cd1,Austin Patterson,1991-07-07,SYN-289-16-7927,59712,717,2025-10-08,265,0,,0a0afb89-609d-1e1c-6f87-d4a064084cd1
26806125-4584-179e-a6af-66e65759b9e0,Mrs. Courtney Wong,2006-06-05,SYN-248-70-4841,16972,466,2026-06-04,26,0,,26806125-4584-179e-a6af-66e65759b9e0
1eba3f33-72b8-ef51-27ce-87ab12bf917a,Harold Wagner,2007-09-10,SYN-319-73-8121,49568,705,2025-05-25,401,0,,1eba3f33-72b8-ef51-27ce-87ab12bf917a
4db40487-920f-ff59-9480-d1d2ed6b94bc,James Cox,1992-10-03,SYN-792-74-2025,22747,756,2025-10-11,262,0,,4db40487-920f-ff59-9480-d1d2ed6b94bc
01439581-6d5c-0908-9ea9-6c7ff3d393aa,Susan Hutchinson,1969-02-13,SYN-858-21-7397,143852,742,2025-03-05,482,0,,01439581-6d5c-0908-9ea9-6c7ff3d393aa
a5be31d7-c9bd-268f-9d03-9fca06f87669,Audrey Koch,1988-06-04,SYN-155-36-6456,250000,651,2025-03-16,471,0,,a5be31d7-c9bd-268f-9d03-9fca06f87669
a363fdfa-335d-41f9-c16c-223a5a60d05e,Yolanda Green,1993-01-26,SYN-186-53-7773,43207,716,2025-05-24,402,0,,a363fdfa-335d-41f9-c16c-223a5a60d05e
ffc976a1-465f-d0a3-05a1-fc6ee034e15d,Jonathan Glover,1979-06-04,SYN-586-90-7678,75930,556,2025-11-10,232,0,,ffc976a1-465f-d0a3-05a1-fc6ee034e15d
a8ff0287-e464-2e2e-d3b8-9b78d1254b02,Cassandra Hartman,2000-03-26,SYN-470-84-5848,46200,647,2026-06-07,23,1,ring_0001,ring_0001
636f207e-7456-ab08-2a2e-685cfbf7ae4f,Alexis Wells,1996-05-30,SYN-317-84-1113,44767,711,2026-05-18,43,0,,636f207e-7456-ab08-2a2e-685cfbf7ae4f
53de4ad2-042e-b9be-e1ec-b3e6c06d1cd8,Linda Morris,1974-04-24,SYN-412-24-5788,34601,613,2026-05-06,55,0,,53de4ad2-042e-b9be-e1ec-b3e6c06d1cd8
407316c6-b690-189e-0a95-7afd4ad02857,Samantha Jacobs,1985-05-06,SYN-913-22-4274,94515,773,2025-07-14,351,0,,407316c6-b690-189e-0a95-7afd4ad02857
0dcd271d-1afd-98b0-baa2-f488f3456f33,Brianna Ryan,1990-04-15,SYN-930-60-6970,76996,740,2026-04-04,87,0,,0dcd271d-1afd-98b0-baa2-f488f3456f33
dc4d0e88-32a7-fcd4-eaba-f61293093319,Terry Glover,1983-04-04,SYN-927-80-4159,33382,798,2026-06-04,26,0,,dc4d0e88-32a7-fcd4-eaba-f61293093319
caf5c559-2859-b5e6-1ca6-c0973f655822,Shannon Jackson,1974-02-08,SYN-913-53-6944,140592,722,2025-04-24,432,0,,caf5c559-2859-b5e6-1ca6-c0973f655822
49d0d085-3805-a819-709d-3464e98d37bc,Kyle Watkins,1999-01-03,SYN-554-99-6395,27968,664,2025-01-09,537,0,,49d0d085-3805-a819-709d-3464e98d37bc
b9da09b3-28c9-2fe9-ffc0-94a066d685d6,Paul Lawrence,1978-09-04,SYN-303-11-2378,92617,529,2026-04-12,79,0,,b9da09b3-28c9-2fe9-ffc0-94a066d685d6
f2b7e555-6fad-cc2c-cf41-0fdb4a1f096b,Jason Rodriguez,2005-08-18,SYN-566-37-3738,77846,693,2026-02-11,139,0,,f2b7e555-6fad-cc2c-cf41-0fdb4a1f096b
14ac7659-a2cc-948b-ba87-d4d85de6ca51,Darrell Ibarra,1997-03-31,SYN-341-97-7207,33713,747,2025-01-11,535,0,,14ac7659-a2cc-948b-ba87-d4d85de6ca51
810d5d8c-8e8c-9b5e-c58d-dc1b7452e01a,Kyle Horton,1958-10-28,SYN-667-35-7838,38089,667,2025-08-13,321,0,,810d5d8c-8e8c-9b5e-c58d-dc1b7452e01a
e1f79901-e502-fe73-e783-4e0d99b13c7a,Shawn Hickman,2008-06-11,SYN-442-53-1576,49105,688,2025-09-04,299,0,,e1f79901-e502-fe73-e783-4e0d99b13c7a
c2ec6587-d132-c3cd-f868-ad44eab439b6,Bethany Harding,1990-04-13,SYN-933-99-8698,27675,555,2025-10-31,242,0,,c2ec6587-d132-c3cd-f868-ad44eab439b6
59ae0d9f-20ed-4a43-11f3-a64261ba2d0a,Sherry Miller,1972-06-13,SYN-526-86-8888,48924,683,2025-12-12,200,0,,59ae0d9f-20ed-4a43-11f3-a64261ba2d0a
ed236afb-4d25-33be-822c-75811c2b5a9c,Richard Long,2005-10-10,SYN-766-23-1456,23397,746,2025-04-12,444,0,,ed236afb-4d25-33be-822c-75811c2b5a9c
efca07f0-27bc-5172-cf55-ad2317c4d5cf,Kristen Jackson,1965-02-25,SYN-520-33-1773,55162,622,2026-02-08,142,0,,efca07f0-27bc-5172-cf55-ad2317c4d5cf
a9799c8a-8958-f9df-9007-ddfcec055d3f,Charles Owens,2001-02-06,SYN-172-80-6068,56186,672,2026-01-27,154,0,,a9799c8a-8958-f9df-9007-ddfcec055d3f
02a2fef7-d93d-bf41-1b2d-7112c2fb71ef,Anthony Murphy,1979-10-17,SYN-240-99-4860,146997,712,2025-05-20,406,0,,02a2fef7-d93d-bf41-1b2d-7112c2fb71ef
ed5f6f6f-3a1c-0670-4cf9-433f30c94b21,Brian Allen,2004-11-20,SYN-853-99-2687,102876,653,2025-10-19,254,0,,ed5f6f6f-3a1c-0670-4cf9-433f30c94b21
b0f7dfbc-01c9-3775-2423-c72245b5598f,Alison Livingston,1987-07-04,SYN-681-21-5485,99177,562,2025-07-28,337,0,,b0f7dfbc-01c9-3775-2423-c72245b5598f
f549f4d7-7a0e-db4b-d10c-e4b8d9e42328,Elijah Short,1970-11-30,SYN-105-13-9827,78312,718,2026-06-06,24,0,,f549f4d7-7a0e-db4b-d10c-e4b8d9e42328
ddd5d915-63c9-7177-4575-cc8dd909b28f,Paul Chaney,1966-12-20,SYN-708-86-1928,40181,598,2025-11-13,229,0,,ddd5d915-63c9-7177-4575-cc8dd909b28f
32de9292-2eff-4292-09fe-27c8c339283d,Michael Ellis,1987-11-17,SYN-563-27-8412,40504,684,2025-12-30,182,0,,32de9292-2eff-4292-09fe-27c8c339283d
56d70290-a560-7714-f176-d715ea3ab3d5,Ashley Duran,1993-08-04,SYN-920-58-2542,34231,650,2025-03-12,475,0,,56d70290-a560-7714-f176-d715ea3ab3d5
a9fc869e-0cbe-b97a-08d5-9254cb093829,Courtney Smith,1988-07-17,SYN-404-71-1973,46199,692,2025-10-03,270,0,,a9fc869e-0cbe-b97a-08d5-9254cb093829
c358afe4-45bf-46c7-52ab-426c373dfb70,Michael Moore,1990-02-28,SYN-905-66-4468,23236,681,2025-01-19,527,0,,c358afe4-45bf-46c7-52ab-426c373dfb70
511b0ee8-6024-b56e-3dc4-c13c89531861,Emily Lopez,1957-10-04,SYN-283-55-5753,39206,589,2025-02-22,493,0,,511b0ee8-6024-b56e-3dc4-c13c89531861
a4303eea-8053-6b9f-4a8e-fa9814fddf1b,Jennifer Nguyen,1975-11-07,SYN-650-28-1760,26090,773,2025-10-08,265,0,,a4303eea-8053-6b9f-4a8e-fa9814fddf1b
3111c248-5442-c3c8-23bf-b50e29a87a99,Jenna Garcia,1986-08-14,SYN-785-35-5343,22550,707,2025-10-26,247,0,,3111c248-5442-c3c8-23bf-b50e29a87a99
fb740f39-352a-a0c5-b7b5-fad1b523d298,Tonya Campbell,1988-04-04,SYN-724-99-6499,56333,629,2025-06-03,392,0,,fb740f39-352a-a0c5-b7b5-fad1b523d298
b1f5ba78-3f85-8f80-91b3-a14d9f6bd183,William Evans,1966-05-20,SYN-232-62-5841,15000,735,2025-04-29,427,0,,b1f5ba78-3f85-8f80-91b3-a14d9f6bd183
d7eff2f3-e678-5ae6-c27e-9acce514dded,Michael Arias,1970-10-05,SYN-484-53-9185,36462,655,2025-02-15,500,0,,d7eff2f3-e678-5ae6-c27e-9acce514dded
d548e928-34e9-bf51-e959-bcdcafb49c03,Desiree Booth,1984-09-20,SYN-488-17-2323,29959,665,2026-06-11,19,0,,d548e928-34e9-bf51-e959-bcdcafb49c03
ac388cf2-50b1-a740-34a8-5da605a20c83,Craig Tate,1983-05-19,SYN-159-96-4596,57701,812,2025-09-29,274,0,,ac388cf2-50b1-a740-34a8-5da605a20c83
5f10cc2d-7139-a6a3-6155-f8fe71ac7e4d,Alyssa Weber,1983-01-17,SYN-461-59-3734,67587,669,2026-01-13,168,0,,5f10cc2d-7139-a6a3-6155-f8fe71ac7e4d
82441962-ef2e-c4d5-0c8e-6857e68d9e79,Joseph Rice,1978-12-19,SYN-394-79-2440,38473,619,2026-01-10,171,0,,82441962-ef2e-c4d5-0c8e-6857e68d9e79
d49289d8-9db2-bbd9-3483-ee91cf74ced8,John Mendoza,1964-11-17,SYN-427-15-4137,56466,662,2026-02-10,140,0,,d49289d8-9db2-bbd9-3483-ee91cf74ced8
f426e441-b4f3-d823-667e-e15e7b51c8d7,Allison Spencer,1970-05-01,SYN-835-20-6234,19203,706,2025-01-03,543,0,,f426e441-b4f3-d823-667e-e15e7b51c8d7
1792f088-a00e-2b66-7b39-1a1dd1f7b8ed,Edwin Brown,1955-01-18,SYN-661-47-8215,51559,654,2026-02-17,133,0,,1792f088-a00e-2b66-7b39-1a1dd1f7b8ed
750e43c1-afaf-fe27-c43b-55507ffe5933,Jesse Sampson,1990-09-03,SYN-927-27-9679,53036,666,2026-05-23,38,0,,750e43c1-afaf-fe27-c43b-55507ffe5933
3dd6cf1d-83ce-b42f-776c-39a5f9e3f7c2,Veronica Berry,1983-05-15,SYN-741-70-5207,15000,850,2026-06-21,9,0,,3dd6cf1d-83ce-b42f-776c-39a5f9e3f7c2
df6c8a17-aa87-0a0a-4441-526a581cddb4,Brian Stephens,1986-05-16,SYN-983-64-7426,85295,793,2025-02-05,510,1,ring_0140,ring_0140
a911876b-ee19-7e9a-b8d2-1309a65bd22c,Jennifer Young,2000-03-01,SYN-522-21-4487,55233,694,2025-03-17,470,0,,a911876b-ee19-7e9a-b8d2-1309a65bd22c
32ebfb2a-dd50-c3f2-d766-50566882f6c0,Timothy Gordon,1983-10-18,SYN-163-33-6048,115531,553,2025-02-23,492,0,,32ebfb2a-dd50-c3f2-d766-50566882f6c0
170cd45a-b69e-6550-a960-4481712f6671,Elizabeth Marshall,1998-05-03,SYN-634-29-3473,37366,648,2025-07-20,345,1,ring_0086,ring_0086
72701464-533b-4ab6-d2a7-d45926bb6f98,Melody Stevens,1983-03-09,SYN-813-77-8142,24343,607,2026-03-18,104,0,,72701464-533b-4ab6-d2a7-d45926bb6f98
5362cd35-621b-fd63-5c98-0ec52fef3ab2,Mr. Michael Williams,1984-04-04,SYN-514-17-9973,70974,770,2025-12-29,183,0,,5362cd35-621b-fd63-5c98-0ec52fef3ab2
132f32ad-6ace-20c4-b91e-1554932aa436,Scott Garza,1956-08-05,SYN-522-23-8562,77507,675,2026-06-23,7,1,ring_0087,ring_0087
e6281512-59fd-ccf3-185b-8ab4d090bfe7,April Horton,1996-06-30,SYN-793-68-4761,19802,690,2026-05-05,56,0,,e6281512-59fd-ccf3-185b-8ab4d090bfe7
2644c4b9-0318-bb25-ffa2-92c86c0a98b4,Kenneth Hart,1991-05-13,SYN-190-35-5686,47848,772,2026-05-29,32,1,ring_0157,ring_0157
e0736ddc-8c20-9b60-4559-e4774d23cf6b,Mary Compton,1983-12-03,SYN-683-28-2687,79303,582,2025-12-30,182,0,,e0736ddc-8c20-9b60-4559-e4774d23cf6b
30d0fe5a-641d-502f-0ce6-767a4b020d27,Rebecca Lambert,2001-12-22,SYN-444-47-4559,39205,783,2025-07-21,344,0,,30d0fe5a-641d-502f-0ce6-767a4b020d27
762e5f8a-8876-c008-e36b-e8a5953c70ee,Jessica Fisher,1988-11-15,SYN-596-29-2783,20689,764,2026-03-21,101,0,,762e5f8a-8876-c008-e36b-e8a5953c70ee
efb52498-4a82-7246-54db-d8e7d12063e7,Brett Rogers,1970-04-29,SYN-238-92-2728,39056,724,2026-02-09,141,0,,efb52498-4a82-7246-54db-d8e7d12063e7
3595a757-a6c3-1c12-7be6-e3253ce1d7c4,Victoria Tanner,1984-11-23,SYN-775-91-9716,82399,735,2026-03-04,118,0,,3595a757-a6c3-1c12-7be6-e3253ce1d7c4
cf6d18ec-6224-e101-2eb2-e4a47be78c37,Robert Benson,2001-11-16,SYN-992-80-2189,58303,733,2025-08-25,309,0,,cf6d18ec-6224-e101-2eb2-e4a47be78c37
246f5494-ee56-667d-4c86-3e1fdd7428ed,Michael Miles,1977-10-29,SYN-148-44-6862,78433,690,2025-12-21,191,0,,246f5494-ee56-667d-4c86-3e1fdd7428ed
54772de8-54cc-85f7-79b7-c58ceb521f37,Cindy Richardson,1979-09-26,SYN-706-54-7950,55104,689,2025-01-10,536,0,,54772de8-54cc-85f7-79b7-c58ceb521f37
b2dcd62e-1290-80f6-cc0a-a5c139186f3d,Justin Hammond,1982-01-17,SYN-269-76-5135,41098,626,2025-07-27,338,0,,b2dcd62e-1290-80f6-cc0a-a5c139186f3d
8ebba8be-2231-d1e7-8172-d65e1f3a8b13,Cristian Santos,1973-01-23,SYN-516-21-7178,43324,644,2026-05-19,42,0,,8ebba8be-2231-d1e7-8172-d65e1f3a8b13
10d1509c-76e8-7155-8403-571cece3905b,Elizabeth Nichols,1972-08-30,SYN-396-49-2263,38675,739,2025-02-19,496,0,,10d1509c-76e8-7155-8403-571cece3905b
7a5e2118-15b5-6305-84a6-a564bc2c36b3,Angela Hunt,1987-10-20,SYN-399-39-3313,24763,676,2025-07-05,360,0,,7a5e2118-15b5-6305-84a6-a564bc2c36b3
83d815af-0edd-94aa-1a3d-e789a3362002,Blake Bonilla,1992-11-09,SYN-571-64-6489,78763,705,2026-01-11,170,0,,83d815af-0edd-94aa-1a3d-e789a3362002
c3370145-9638-0314-a246-c8502f3d288b,Jason Jennings,1977-04-24,SYN-163-11-5369,22558,742,2025-01-03,543,0,,c3370145-9638-0314-a246-c8502f3d288b
d6b262b5-62c3-df71-2e59-f82a7e59e3a4,Natalie Patrick,1983-04-16,SYN-852-69-2041,47536,768,2025-07-23,342,0,,d6b262b5-62c3-df71-2e59-f82a7e59e3a4
1d0a8413-804f-557c-9b23-b1945eae5620,Beth Brown,1996-09-04,SYN-927-67-5901,37850,710,2026-04-05,86,0,,1d0a8413-804f-557c-9b23-b1945eae5620
eb73ae18-e414-be2b-4f60-571fd89dcd04,Misty Rice,1980-03-27,SYN-379-87-6511,53100,573,2025-09-20,283,0,,eb73ae18-e414-be2b-4f60-571fd89dcd04
2d74e683-2b1b-c69e-f19a-3a23da0863f5,Richard Larsen,1975-01-13,SYN-770-59-1976,40563,658,2026-05-14,47,0,,2d74e683-2b1b-c69e-f19a-3a23da0863f5
8ba28881-5491-00ac-2b38-0b09b9f7e21a,John Allen,2007-09-19,SYN-296-23-5198,109370,671,2026-03-04,118,0,,8ba28881-5491-00ac-2b38-0b09b9f7e21a
a6caaa04-5df2-2d95-e3cd-c4cf8a6a1ce5,Daniel Nguyen,1997-05-22,SYN-583-75-4090,61350,674,2025-05-22,404,0,,a6caaa04-5df2-2d95-e3cd-c4cf8a6a1ce5
915d6ecc-7d36-1f4e-7162-9472dd14bf08,Joseph Garcia,1998-02-17,SYN-321-17-7859,103192,592,2026-06-08,22,0,,915d6ecc-7d36-1f4e-7162-9472dd14bf08
24ecf3a4-e38b-dca3-a40a-b0ddab5881a8,Michael Rush,1982-08-01,SYN-183-60-2651,80422,740,2025-10-27,246,0,,24ecf3a4-e38b-dca3-a40a-b0ddab5881a8
e191abbc-5b8b-d778-8763-401902f14ab9,Donald Miller,1985-06-07,SYN-741-92-3024,39832,599,2025-05-30,396,0,,e191abbc-5b8b-d778-8763-401902f14ab9
ddc447ef-dd09-219c-6835-a761c0c8e9cf,Deborah Curry,1972-06-22,SYN-599-69-6571,44467,663,2026-05-29,32,0,,ddc447ef-dd09-219c-6835-a761c0c8e9cf
7ce99fb8-23d9-0c44-b5d6-3fab868346af,Amanda Bennett,1974-07-05,SYN-345-14-1342,91235,656,2025-09-03,300,0,,7ce99fb8-23d9-0c44-b5d6-3fab868346af
1a695f17-80f1-f917-b36e-ec50e4cf4b42,James Smith,1982-10-31,SYN-490-23-9293,72698,827,2026-04-12,79,0,,1a695f17-80f1-f917-b36e-ec50e4cf4b42
4e332acf-02fa-d04b-c674-296c9b582c8c,Mark Jones,1996-08-11,SYN-707-17-7941,24049,735,2025-03-30,457,1,ring_0048,ring_0048
e40f9c95-6339-40a6-3360-2bb3464c763f,Stefanie Simmons,2007-10-27,SYN-998-40-2516,46500,717,2025-07-17,348,0,,e40f9c95-6339-40a6-3360-2bb3464c763f
137d85c4-620b-5f28-d5e3-bf02fec6df8e,Pamela Medina,1993-04-22,SYN-387-84-2233,71306,676,2025-12-01,211,0,,137d85c4-620b-5f28-d5e3-bf02fec6df8e
d9d33fdd-7fca-7bcf-1aa7-4b1525ceaf26,Jack Jacobs,1973-07-18,SYN-949-34-8262,38560,661,2025-09-01,302,0,,d9d33fdd-7fca-7bcf-1aa7-4b1525ceaf26
c40a84d7-4580-708b-0fbe-57246889c131,Chad Pennington,1987-05-15,SYN-258-23-7193,94966,556,2025-08-27,307,0,,c40a84d7-4580-708b-0fbe-57246889c131
6f87dc5f-09e5-0073-95bf-6601887bc3bc,Bridget Edwards DDS,1983-08-20,SYN-691-59-7364,48437,670,2025-10-20,253,0,,6f87dc5f-09e5-0073-95bf-6601887bc3bc
de85c703-1ae8-e30e-e4d6-1c6d62fe97ca,Mark Mills,2001-10-21,SYN-120-89-9530,22332,652,2025-07-07,358,0,,de85c703-1ae8-e30e-e4d6-1c6d62fe97ca
8c5bce14-6b17-a3c4-bf9a-9c9bcc0886c0,Michael Crawford,1976-07-19,SYN-522-86-3188,26578,667,2026-01-21,160,0,,8c5bce14-6b17-a3c4-bf9a-9c9bcc0886c0
bee9a76c-95ea-d1cc-65e9-637ced8181f7,Bianca Wood,1998-10-06,SYN-245-50-6275,42179,663,2025-06-09,386,0,,bee9a76c-95ea-d1cc-65e9-637ced8181f7
b0ad7414-7b18-7845-4f24-002691a2a1e0,Tina Mooney,1987-09-24,SYN-908-48-2705,38191,725,2025-08-06,328,0,,b0ad7414-7b18-7845-4f24-002691a2a1e0
7a66685a-e236-5d43-5ce3-4680b47d9b85,Jennifer Warren,1976-10-19,SYN-826-67-9229,45557,728,2026-05-29,32,0,,7a66685a-e236-5d43-5ce3-4680b47d9b85
16f73491-16cc-7029-a988-4fda71f5e758,Andrew Edwards,2002-09-06,SYN-984-26-2352,41806,725,2025-11-01,241,0,,16f73491-16cc-7029-a988-4fda71f5e758
9a201a5c-b0d3-6d74-1dd7-24d1eb1177de,Charles Anderson,1985-05-12,SYN-278-50-2131,46687,622,2026-05-26,35,0,,9a201a5c-b0d3-6d74-1dd7-24d1eb1177de
14c1a0e0-3507-f9a3-c178-6e3f2024a6da,Margaret Harper,1959-03-27,SYN-305-59-1186,42472,758,2025-12-18,194,0,,14c1a0e0-3507-f9a3-c178-6e3f2024a6da
d47bebe0-f60b-f74a-c08e-1f13c75ecdc1,Nicholas Stanley,1979-05-05,SYN-616-20-5368,29363,608,2025-02-26,489,0,,d47bebe0-f60b-f74a-c08e-1f13c75ecdc1
a360dbbd-6262-b484-37f8-a7ed49a7e5e2,William Fisher,1967-06-08,SYN-522-72-3151,18817,616,2025-07-28,337,0,,a360dbbd-6262-b484-37f8-a7ed49a7e5e2
cf97d58c-d52f-c73f-7139-3c070d404a44,Anthony Simmons,1999-01-17,SYN-893-39-4083,50008,738,2025-11-01,241,0,,cf97d58c-d52f-c73f-7139-3c070d404a44
2880594f-a982-b4da-fb44-1d0f35878822,Alicia Obrien,1972-08-30,SYN-448-87-9359,67388,667,2026-04-15,76,0,,2880594f-a982-b4da-fb44-1d0f35878822
891fba7d-2de4-497a-9664-caf7a988e9d9,Edward Patterson DDS,1966-05-01,SYN-771-85-9182,83506,670,2025-04-11,445,0,,891fba7d-2de4-497a-9664-caf7a988e9d9
25a1cae1-d2d8-1b18-9176-2d1534dbcfee,Christine Zavala,1981-01-01,SYN-230-57-9676,53980,697,2025-01-04,542,0,,25a1cae1-d2d8-1b18-9176-2d1534dbcfee
5ecf914e-016d-5d4a-2e02-528902dbc27e,James Mclean,2000-09-20,SYN-573-25-8749,46154,816,2026-03-04,118,0,,5ecf914e-016d-5d4a-2e02-528902dbc27e
81b55f1d-92a6-97c7-99b7-97ba7481541c,Cheryl Floyd,1976-06-26,SYN-424-41-5133,48753,753,2025-05-11,415,1,ring_0089,ring_0089
dbc34e63-ec81-627f-ef6d-e6f52d071654,Angela Huang,1985-10-15,SYN-660-76-7853,20876,738,2025-09-07,296,0,,dbc34e63-ec81-627f-ef6d-e6f52d071654
1bf86553-6228-232c-8502-7c4136325fd0,James Griffith,1979-08-20,SYN-586-58-4002,55884,668,2025-04-04,452,0,,1bf86553-6228-232c-8502-7c4136325fd0
48021c72-3c2d-2eb8-f6bc-6e2573920856,Nicholas Howard,1983-03-29,SYN-201-36-7022,90614,654,2026-03-29,93,1,ring_0211,ring_0211
2d55221d-761a-1dc1-4b9b-714245f9fdc0,Shawn Fleming,1984-04-16,SYN-824-40-4952,95005,664,2025-02-03,512,0,,2d55221d-761a-1dc1-4b9b-714245f9fdc0
62900884-61bc-670a-141e-823c20d92090,Debra Morton,1989-06-22,SYN-939-15-2335,74350,581,2025-07-29,336,0,,62900884-61bc-670a-141e-823c20d92090
ac43741d-e012-4fbc-1657-62c2cc3ffcdf,Kimberly Morgan,1993-08-28,SYN-248-19-8442,97279,685,2025-09-11,292,0,,ac43741d-e012-4fbc-1657-62c2cc3ffcdf
c4fb829b-9509-098e-7f3f-49db0d28a04e,Brent Hernandez,2007-10-08,SYN-398-67-5035,131788,692,2025-04-20,436,0,,c4fb829b-9509-098e-7f3f-49db0d28a04e
71998d42-3714-2165-0c19-af2f6ea7c3dc,Amy Wilson,1973-11-25,SYN-192-47-3512,28482,576,2025-06-26,369,1,ring_0164,ring_0164
a385381d-ea1f-7221-ded2-e54ee4096728,Kayla Waters,1975-08-10,SYN-273-75-5097,73226,648,2025-09-08,295,0,,a385381d-ea1f-7221-ded2-e54ee4096728
6f4ca37b-ff16-6a0e-4604-f88b1ff0c022,Marilyn Phillips,2008-01-19,SYN-245-41-9070,36775,529,2025-05-15,411,1,ring_0173,ring_0173
c981b73e-12d6-92e5-3c6a-c2ba99ca4b55,Arthur Mcneil,2000-07-20,SYN-114-63-7217,174069,699,2025-08-28,306,0,,c981b73e-12d6-92e5-3c6a-c2ba99ca4b55
2498e53e-e268-209e-13e4-94aa8302b288,Rachel Brown,1991-06-28,SYN-255-84-3641,115954,799,2026-03-07,115,0,,2498e53e-e268-209e-13e4-94aa8302b288
77c5ae70-a61e-6b0b-306a-0e033459e5db,Courtney Nichols,1973-09-12,SYN-576-41-5069,48114,822,2025-02-05,510,0,,77c5ae70-a61e-6b0b-306a-0e033459e5db
85308173-a513-2e14-ae21-b3ef948acf19,Michael Hanson,1989-08-08,SYN-433-90-4835,84889,677,2026-03-05,117,0,,85308173-a513-2e14-ae21-b3ef948acf19
501528e7-9fad-3491-17c0-7159c7aed055,Matthew Dunlap,1973-04-17,SYN-424-95-9544,67852,628,2026-05-17,44,0,,501528e7-9fad-3491-17c0-7159c7aed055
05188ee1-51b6-7b5f-dd95-5e9ba63dc8b1,Kim Randall,1981-10-17,SYN-315-35-4023,86920,681,2026-04-11,80,1,ring_0056,ring_0056
a6a26d42-0e82-f3af-c05c-a2c23ef88bb5,Dillon Brown,1990-05-01,SYN-589-40-4457,35602,639,2025-11-03,239,0,,a6a26d42-0e82-f3af-c05c-a2c23ef88bb5
db3e7766-5516-6cc0-c0fb-1b73e0a48791,Eric Flores,2008-03-27,SYN-372-33-7350,58021,683,2025-04-03,453,0,,db3e7766-5516-6cc0-c0fb-1b73e0a48791
db281c4a-b3ce-ddee-3c5b-bcaa3a22bcee,Kathryn Perry,1983-10-15,SYN-974-74-2048,16433,731,2025-06-19,376,0,,db281c4a-b3ce-ddee-3c5b-bcaa3a22bcee
e7ba5a9e-8d01-1022-d04b-687960af4293,Isaiah Jones,1978-06-24,SYN-700-52-1845,44792,661,2026-04-13,78,0,,e7ba5a9e-8d01-1022-d04b-687960af4293
5bedb6c8-ae90-44bf-576c-38c1c45f06b3,Gregory Alexander,1994-09-20,SYN-465-75-5641,79075,795,2025-08-15,319,0,,5bedb6c8-ae90-44bf-576c-38c1c45f06b3
e09d7b22-a790-4c0e-a602-6b8ab69fea78,Sherri Thomas,1955-02-26,SYN-844-45-1151,126757,624,2026-05-26,35,0,,e09d7b22-a790-4c0e-a602-6b8ab69fea78
e75bfd83-2860-b0b1-4262-d851f01d2a22,Howard Castillo,1997-09-04,SYN-712-52-6820,80878,695,2025-08-23,311,0,,e75bfd83-2860-b0b1-4262-d851f01d2a22
735a8670-0705-1edf-4cbe-56f41ca7f928,Michael Mckinney,1966-01-09,SYN-221-52-4363,69677,754,2025-12-17,195,0,,735a8670-0705-1edf-4cbe-56f41ca7f928
01f4d124-50f2-8b5d-ad97-f0478e2e7c40,Kevin Fernandez,1996-08-31,SYN-406-45-8285,118844,661,2026-03-11,111,0,,01f4d124-50f2-8b5d-ad97-f0478e2e7c40
b38241b2-71ad-3269-c717-ce6e186c95df,Hannah Martin,1989-09-27,SYN-982-74-8963,26405,691,2025-07-17,348,0,,b38241b2-71ad-3269-c717-ce6e186c95df
20c3513f-ec8c-39b8-e2f9-1a21cd54d260,Jeremy Ross,2000-04-25,SYN-610-57-5434,115628,709,2026-06-25,5,0,,20c3513f-ec8c-39b8-e2f9-1a21cd54d260
3208b772-b924-2d0b-10bf-86e211bcb257,Randy Hall,1994-11-01,SYN-581-53-4881,117689,737,2025-09-22,281,1,ring_0016,ring_0016
f21240b9-b516-dc19-3321-1b45e9feed32,Miguel Hendrix,1998-05-27,SYN-531-63-9987,61408,680,2025-03-22,465,1,ring_0211,ring_0211
2cde1d24-8a53-805f-52b7-ab72c476ecc3,Erika Hodge,2008-05-31,SYN-949-50-1100,93831,665,2026-02-17,133,0,,2cde1d24-8a53-805f-52b7-ab72c476ecc3
7dc85567-a408-c5d4-8f99-8c62eff63bb2,Robert Byrd,2004-06-16,SYN-134-97-1352,29669,630,2025-12-13,199,0,,7dc85567-a408-c5d4-8f99-8c62eff63bb2
47e08429-dbe4-2313-4018-6855c4835c01,Jill Conway,1990-11-01,SYN-981-84-9142,15000,562,2026-01-30,151,0,,47e08429-dbe4-2313-4018-6855c4835c01
1a4841ac-cf3a-27ba-3fa0-c7163ecd8c0b,Maria Malone,1976-01-07,SYN-625-26-8394,65407,753,2025-09-05,298,0,,1a4841ac-cf3a-27ba-3fa0-c7163ecd8c0b
b62dfbee-812a-2e6b-6a7a-e9eaa95c521d,Christopher Rodriguez,1977-03-25,SYN-587-65-1239,88065,723,2025-01-18,528,0,,b62dfbee-812a-2e6b-6a7a-e9eaa95c521d
e9a293f5-59c1-3d5d-ccd4-c773650ddea8,Philip Munoz,1978-11-13,SYN-229-94-4680,59719,602,2025-02-13,502,0,,e9a293f5-59c1-3d5d-ccd4-c773650ddea8
8daa691a-bf3e-f232-59af-32c8ff30d3b4,Stephen Wilson,1974-06-20,SYN-262-30-5568,60873,674,2025-07-10,355,0,,8daa691a-bf3e-f232-59af-32c8ff30d3b4
438913dd-e4b7-0980-b7f7-b92b3efd3b9e,Jessica Moore,1982-11-19,SYN-896-81-6343,64200,826,2025-02-27,488,1,ring_0098,ring_0098
0947687b-1ddf-7e1a-3257-364ae7e88376,Eric Henry Jr.,1980-10-28,SYN-126-51-7309,37098,723,2026-03-26,96,0,,0947687b-1ddf-7e1a-3257-364ae7e88376
c6afd0f4-cd81-338b-2988-ac14120efed4,Nicholas Holland Jr.,1988-02-08,SYN-192-62-8811,80796,660,2026-06-06,24,0,,c6afd0f4-cd81-338b-2988-ac14120efed4
2771c4c0-80c5-4fe7-bfbe-3c16f5d53653,Daniel Ferrell,1981-02-28,SYN-883-73-1935,52822,615,2026-06-19,11,0,,2771c4c0-80c5-4fe7-bfbe-3c16f5d53653
d8f79dee-15de-16db-a4af-d9d24cc970c0,Daniel Bishop,1988-04-22,SYN-643-37-8533,45883,642,2025-04-17,439,0,,d8f79dee-15de-16db-a4af-d9d24cc970c0
b919d2fb-1b0c-b223-4d67-d3aa5deeb535,Laura King,2007-05-24,SYN-569-68-3141,107820,665,2026-02-12,138,0,,b919d2fb-1b0c-b223-4d67-d3aa5deeb535
5bcf5000-ddc9-7c07-b0a8-45557e94fe68,Jessica Smith,1991-02-02,SYN-520-85-5767,48248,594,2025-03-30,457,0,,5bcf5000-ddc9-7c07-b0a8-45557e94fe68
80d76b2c-dd8d-ebae-4fe7-2c74b7b48c6f,Mrs. Kimberly Mooney,1956-06-26,SYN-450-96-9516,35426,672,2025-11-26,216,0,,80d76b2c-dd8d-ebae-4fe7-2c74b7b48c6f
9e6e940a-9733-4e76-8471-daa154251df0,Michele Williams,1986-01-26,SYN-454-78-7117,92817,715,2025-12-15,197,1,ring_0125,ring_0125
85508078-7c2d-0e9e-46db-0b7666cb8482,Jodi Thomas,1971-09-09,SYN-903-24-2859,36950,657,2025-08-24,310,0,,85508078-7c2d-0e9e-46db-0b7666cb8482
25754da7-b37e-49de-60da-6de1c6730fd8,Aaron Jennings,1987-04-23,SYN-981-33-6619,73330,649,2026-05-07,54,0,,25754da7-b37e-49de-60da-6de1c6730fd8
2e55b9d0-790e-6b47-5a46-4931dd1f6361,Jeremy Silva,1999-09-14,SYN-452-55-3947,65147,547,2025-04-26,430,0,,2e55b9d0-790e-6b47-5a46-4931dd1f6361
40bccb84-969d-d7ac-3178-4995b4cda71d,Annette Walters,1984-08-14,SYN-960-70-9167,34063,715,2025-08-04,330,0,,40bccb84-969d-d7ac-3178-4995b4cda71d
b9f25cb8-3686-4c11-8492-a0ddd9bc90cd,Larry Higgins,1999-03-18,SYN-566-80-7014,85584,693,2026-03-07,115,0,,b9f25cb8-3686-4c11-8492-a0ddd9bc90cd
143d2646-3896-c309-f831-f3c893b0f7c8,April Davis,1984-11-19,SYN-755-69-7008,77301,731,2025-02-11,504,0,,143d2646-3896-c309-f831-f3c893b0f7c8
091fe60c-13b1-9136-92c3-3400672265cc,Brian Soto,2007-11-25,SYN-480-67-9427,67034,597,2025-02-07,508,0,,091fe60c-13b1-9136-92c3-3400672265cc
db0660cd-d415-39ee-f30e-61f88fa7b8d2,Jonathan Sanchez,1982-05-03,SYN-150-99-9472,119712,602,2026-06-15,15,0,,db0660cd-d415-39ee-f30e-61f88fa7b8d2
c6263247-b003-c591-0e43-8a6f55df7d9a,Joshua Henderson,2006-03-22,SYN-355-86-8741,48355,672,2026-04-08,83,0,,c6263247-b003-c591-0e43-8a6f55df7d9a
5943261a-6b01-5223-1dd8-54048d62f821,Ronald Juarez,1990-01-24,SYN-950-42-6279,28707,658,2026-06-16,14,0,,5943261a-6b01-5223-1dd8-54048d62f821
0f2448f5-7d77-033e-048d-30cd4af3f675,Adam Garcia,1975-09-04,SYN-286-22-7348,72739,694,2025-08-19,315,0,,0f2448f5-7d77-033e-048d-30cd4af3f675
e1715383-9253-53b2-1761-2dd13c7f534d,Roger Peters,1985-04-14,SYN-267-34-8686,37123,850,2025-11-11,231,0,,e1715383-9253-53b2-1761-2dd13c7f534d
47f804bd-79e3-5c51-2ea8-85ece36cbbdd,Alexandra Hodge,1989-04-22,SYN-196-33-1710,57466,549,2025-01-05,541,0,,47f804bd-79e3-5c51-2ea8-85ece36cbbdd
6a89f754-030a-67a2-9165-32bd77f74cac,Ana Torres,1978-06-25,SYN-818-41-5583,41479,677,2025-12-07,205,0,,6a89f754-030a-67a2-9165-32bd77f74cac
24ccd654-0267-2fbf-4fcb-b79dcb506df4,Benjamin Humphrey,1979-01-30,SYN-814-27-2074,49357,697,2026-05-09,52,1,ring_0171,ring_0171
db361a37-704d-2633-0877-0ada17c109c9,Timothy Romero,1996-04-10,SYN-529-93-2116,130917,677,2025-02-23,492,0,,db361a37-704d-2633-0877-0ada17c109c9
2cd7b0eb-f666-3b1a-7961-e60a7d8d484a,Sharon Sims,1985-10-30,SYN-641-73-4805,117171,633,2025-08-01,333,0,,2cd7b0eb-f666-3b1a-7961-e60a7d8d484a
5bc75148-a5eb-4750-e44b-d89964ea17de,Adrian Krueger,1994-06-01,SYN-623-98-1869,46551,744,2026-05-11,50,0,,5bc75148-a5eb-4750-e44b-d89964ea17de
1980648e-38b0-cb18-aa2a-1a8d0d867b2d,Kimberly Turner,1973-11-17,SYN-250-53-2302,27511,630,2025-05-18,408,0,,1980648e-38b0-cb18-aa2a-1a8d0d867b2d
1d8b8e9f-359c-3eff-8052-46759ec9018b,Katherine Graham,1990-09-22,SYN-117-25-1759,50777,548,2026-05-16,45,0,,1d8b8e9f-359c-3eff-8052-46759ec9018b
0029c96e-fef0-708c-c668-2d244127b720,Donald Roberts,2003-04-02,SYN-305-45-3622,53482,683,2026-04-12,79,0,,0029c96e-fef0-708c-c668-2d244127b720
524d91bc-4be2-9e5b-61a7-a0980f6d7376,John Rodriguez,1978-05-30,SYN-649-22-9480,79450,766,2025-08-24,310,0,,524d91bc-4be2-9e5b-61a7-a0980f6d7376
9ce96463-b3e0-b410-ecd0-c06d5b452b6a,Kaitlyn Valdez,1998-03-29,SYN-654-67-1341,39101,627,2025-06-29,366,0,,9ce96463-b3e0-b410-ecd0-c06d5b452b6a
433c94ef-7e23-2f28-9589-3b53b8250aee,Christopher Porter,1972-12-05,SYN-888-43-5353,47693,678,2025-05-05,421,0,,433c94ef-7e23-2f28-9589-3b53b8250aee
bdbb6058-5490-d997-8a9d-41eecb0d960c,Christopher Hicks,1979-06-03,SYN-208-36-6785,46685,795,2025-03-11,476,0,,bdbb6058-5490-d997-8a9d-41eecb0d960c
7da4c763-51bd-9655-ceaf-2b989aef1d40,Cynthia Smith,2008-05-01,SYN-939-36-8350,21737,720,2025-01-12,534,0,,7da4c763-51bd-9655-ceaf-2b989aef1d40
c13ba770-ca2c-9479-993c-7d637dbe6727,Ashley Stanley,1982-06-12,SYN-462-50-9768,16454,784,2025-10-05,268,1,ring_0094,ring_0094
362fad19-b53c-d72a-e2f6-0fe40654af6e,Robert Walker,1992-06-04,SYN-335-69-9600,62077,713,2025-03-04,483,0,,362fad19-b53c-d72a-e2f6-0fe40654af6e
9657d00a-20b1-e174-ad4a-9e57bf5ff34b,Darren Smith,2002-07-11,SYN-745-51-1259,122982,828,2026-01-26,155,0,,9657d00a-20b1-e174-ad4a-9e57bf5ff34b
71602c6a-83b4-7d0e-d6be-425f387ff4a1,Willie Garza,1975-03-28,SYN-461-88-3185,22692,674,2026-04-26,65,0,,71602c6a-83b4-7d0e-d6be-425f387ff4a1
6f85da94-38b8-2c82-2eb4-2ae3ee2ae417,Desiree Smith,2003-03-07,SYN-111-61-8483,50373,605,2025-12-27,185,0,,6f85da94-38b8-2c82-2eb4-2ae3ee2ae417
a437f2f5-b5d7-971a-90ed-dd68a367fd33,Mark Knight,1996-02-05,SYN-696-16-5383,73581,657,2025-04-18,438,0,,a437f2f5-b5d7-971a-90ed-dd68a367fd33
e1e055a2-01d9-bc90-8f0c-8876cd5b6b64,Carolyn Kane,1988-04-22,SYN-643-90-4596,40952,528,2025-11-13,229,0,,e1e055a2-01d9-bc90-8f0c-8876cd5b6b64
3acd890b-d9f2-788c-1f18-2068e98cb580,Kara Roberts,1974-05-22,SYN-878-57-1543,27066,577,2025-07-20,345,0,,3acd890b-d9f2-788c-1f18-2068e98cb580
9430dd04-71cf-65e7-e824-ea63630c3cea,Steven Oconnor,1976-02-10,SYN-215-30-6922,28745,679,2025-02-08,507,0,,9430dd04-71cf-65e7-e824-ea63630c3cea
0cc93ab8-705e-efa5-836f-63bfd83a21c8,Spencer Haynes,1969-01-29,SYN-674-27-8706,45294,715,2025-09-17,286,0,,0cc93ab8-705e-efa5-836f-63bfd83a21c8
91179896-aeb9-4ff6-5977-7d42215165b0,Susan James,1977-09-11,SYN-577-83-5001,43906,719,2025-12-22,190,0,,91179896-aeb9-4ff6-5977-7d42215165b0
d8d8e653-847e-7023-41bd-b84c47edae17,Kathryn Fletcher,1968-11-30,SYN-829-72-9346,66404,782,2025-01-01,545,0,,d8d8e653-847e-7023-41bd-b84c47edae17
94bb194d-9702-2d8a-9b71-7039991fc961,Hayden Smith,1995-10-09,SYN-543-43-9690,50583,691,2025-08-02,332,1,ring_0002,ring_0002
3316b3a3-dc33-a269-a667-8fd6375b76e4,Kelly Lopez,1998-04-10,SYN-812-83-6009,149739,799,2026-01-05,176,0,,3316b3a3-dc33-a269-a667-8fd6375b76e4
ba381abc-3678-f6c7-8a54-010099176068,Breanna Mccall,2007-12-17,SYN-730-62-3104,67100,738,2025-09-28,275,0,,ba381abc-3678-f6c7-8a54-010099176068
ad17a2af-dc13-fae0-d1c5-8d50f87a3df1,Jason Clark,1991-07-22,SYN-339-85-3418,20859,647,2025-09-02,301,0,,ad17a2af-dc13-fae0-d1c5-8d50f87a3df1
c7be787a-60cb-943f-c3ec-ee4e552de761,Elizabeth Perkins,1994-05-23,SYN-846-73-2341,64899,692,2026-03-07,115,0,,c7be787a-60cb-943f-c3ec-ee4e552de761
cd2a4fb9-24d2-85bc-c84b-34b004d41081,Gregory Russell,2001-07-25,SYN-920-17-8865,47982,686,2026-05-07,54,0,,cd2a4fb9-24d2-85bc-c84b-34b004d41081
18694e7b-dfe3-c845-b3c3-25446f8e40f4,Michael Travis,1995-12-14,SYN-720-13-1170,45745,711,2026-02-07,143,0,,18694e7b-dfe3-c845-b3c3-25446f8e40f4
660092f7-6ff9-4217-d1b5-e5b6c65803cc,Matthew Farley,1985-05-10,SYN-306-28-9736,44886,609,2025-10-31,242,0,,660092f7-6ff9-4217-d1b5-e5b6c65803cc
3746db65-4fd8-b192-de96-245d88434179,Cynthia Bates,1997-05-13,SYN-992-18-3482,86830,628,2025-02-12,503,0,,3746db65-4fd8-b192-de96-245d88434179
9bdc1cf6-8f4f-0790-fe26-457217998d1e,Christina Smith,1991-09-29,SYN-756-42-7330,81017,766,2025-12-05,207,0,,9bdc1cf6-8f4f-0790-fe26-457217998d1e
aad7f3a7-1954-54c4-3160-7ffcb9400a98,Amber Chapman,1973-12-03,SYN-787-26-8979,41165,657,2026-01-19,162,0,,aad7f3a7-1954-54c4-3160-7ffcb9400a98
29a0560f-9838-efa5-5ea3-d9a5471eea36,Wyatt Henry,1999-03-11,SYN-537-24-3626,136335,711,2026-03-14,108,0,,29a0560f-9838-efa5-5ea3-d9a5471eea36
9f8a641b-12db-663a-ff62-be3a615edd42,Carrie Braun,1993-05-11,SYN-773-32-6463,82407,814,2025-06-21,374,1,ring_0182,ring_0182
5fd124bd-e199-d10a-681d-548e4b8e6368,Lindsay Lawson,1960-09-07,SYN-804-87-8191,36511,663,2025-03-29,458,0,,5fd124bd-e199-d10a-681d-548e4b8e6368
ca5ca9e9-3986-09a2-74e7-dbf8baf432b1,Jeffrey Hart DDS,1983-04-03,SYN-859-93-5066,20051,722,2025-06-27,368,0,,ca5ca9e9-3986-09a2-74e7-dbf8baf432b1
f2353db8-19e4-d0c2-1bc7-24f578abb253,Renee Browning,2008-03-16,SYN-261-44-9532,33469,634,2026-05-23,38,0,,f2353db8-19e4-d0c2-1bc7-24f578abb253
769aa02f-8f50-92e7-b8da-2df1e91caac0,Shaun Thompson,1975-07-09,SYN-735-69-7188,70977,695,2025-10-12,261,0,,769aa02f-8f50-92e7-b8da-2df1e91caac0
1bf757c1-be11-75f2-85b0-3b4978a98c0e,Daniel Miller,1972-02-22,SYN-225-30-9232,61802,732,2026-03-07,115,0,,1bf757c1-be11-75f2-85b0-3b4978a98c0e
78531d36-aea0-0275-a443-4218e5d7b895,Charles Willis,1985-12-31,SYN-863-91-4769,16895,718,2026-03-25,97,0,,78531d36-aea0-0275-a443-4218e5d7b895
1a739ad1-0f54-7eb1-4620-5651fdd484d0,Christopher Jones,1994-10-05,SYN-565-43-6947,239445,647,2025-02-28,487,0,,1a739ad1-0f54-7eb1-4620-5651fdd484d0
239c70fc-7e9b-bc0b-e1db-dbed6e5ea8f0,Christopher Garcia,1976-02-22,SYN-446-57-2809,47431,631,2026-01-19,162,0,,239c70fc-7e9b-bc0b-e1db-dbed6e5ea8f0
f094b19e-ef4b-bdaf-fd4f-e7aabe9178e9,Robert Chang,1992-05-08,SYN-860-43-3800,24740,583,2025-05-11,415,0,,f094b19e-ef4b-bdaf-fd4f-e7aabe9178e9
4def5f5c-5c42-1e46-1238-0e23360170df,Joel Perez,2007-07-19,SYN-294-56-2571,29418,634,2026-06-17,13,0,,4def5f5c-5c42-1e46-1238-0e23360170df
3ccd1df4-292a-d4f1-fc98-820e5f8ac11b,Katherine Flores,1977-04-20,SYN-750-39-3757,23460,549,2025-03-20,467,0,,3ccd1df4-292a-d4f1-fc98-820e5f8ac11b
f7d64fb4-356a-e30e-906c-ecc985ad94b4,Joshua Simpson,1977-08-07,SYN-703-81-6662,164804,600,2025-06-15,380,0,,f7d64fb4-356a-e30e-906c-ecc985ad94b4
540e2eec-981c-8e9b-0acc-5bed8bbbddf4,Heather Ellis,1990-07-22,SYN-473-24-1956,31939,827,2025-01-25,521,0,,540e2eec-981c-8e9b-0acc-5bed8bbbddf4
731f3742-76b6-d0dc-e3ae-cc19baa24a3f,Lindsay Chavez,1980-09-14,SYN-882-37-2863,25387,727,2025-09-10,293,0,,731f3742-76b6-d0dc-e3ae-cc19baa24a3f
bdbacf8f-83cd-fcb1-9ffa-f03f6366fd01,Monica Allen,1990-10-07,SYN-661-60-6585,39883,605,2025-12-03,209,0,,bdbacf8f-83cd-fcb1-9ffa-f03f6366fd01
9b5f5cdb-28eb-ac81-142c-ddc8b105997c,Samuel Turner,1970-07-29,SYN-493-63-9275,34252,620,2026-02-01,149,0,,9b5f5cdb-28eb-ac81-142c-ddc8b105997c
5ca0e266-cda0-22ac-6f42-54e2eacc3e5e,Amy Leach,1969-12-18,SYN-463-89-1381,81125,701,2025-12-15,197,0,,5ca0e266-cda0-22ac-6f42-54e2eacc3e5e
a09c2ca1-ad7a-3a0c-a6fe-3c281e173a38,Laura Harrison,2000-11-20,SYN-864-39-1945,39726,627,2025-10-29,244,0,,a09c2ca1-ad7a-3a0c-a6fe-3c281e173a38
20693628-a443-9bf5-f2f1-7fe0ac6d679d,Spencer Manning,1988-12-18,SYN-964-39-3701,176886,704,2026-02-15,135,0,,20693628-a443-9bf5-f2f1-7fe0ac6d679d
abd7ebf6-a56d-ef1c-c8f4-e7e0487d345f,Christopher Smith,1993-05-23,SYN-861-99-7838,64730,662,2025-07-10,355,0,,abd7ebf6-a56d-ef1c-c8f4-e7e0487d345f
7e4ff8f4-e5a8-3b87-ef58-af52eb6cf727,Kimberly Ramirez,1985-04-08,SYN-629-14-4126,116222,619,2025-12-18,194,0,,7e4ff8f4-e5a8-3b87-ef58-af52eb6cf727
7c1e2f6c-f80d-9049-a0e3-6c1dfa464d2d,Michael Watkins,2000-01-30,SYN-952-55-5565,47097,767,2025-01-13,533,0,,7c1e2f6c-f80d-9049-a0e3-6c1dfa464d2d
4262f4df-2766-4c56-036d-d442ba497c51,John Harris,1950-10-26,SYN-319-82-4786,44650,652,2026-04-03,88,0,,4262f4df-2766-4c56-036d-d442ba497c51
e90d2293-7d99-67ab-cc30-cde579c3ea57,Grace Chavez,1992-12-22,SYN-586-68-9651,53016,689,2025-03-26,461,0,,e90d2293-7d99-67ab-cc30-cde579c3ea57
49553f60-3312-01bd-8e0a-b00b7f781c6c,Lisa Goodwin,1999-05-10,SYN-988-92-8861,68865,605,2026-02-01,149,0,,49553f60-3312-01bd-8e0a-b00b7f781c6c
d4a2b9ec-e52d-15cb-9233-dc5c7fe92c58,April Bailey,1980-09-19,SYN-136-25-4218,45625,749,2025-10-28,245,0,,d4a2b9ec-e52d-15cb-9233-dc5c7fe92c58
650c1f50-ba4e-e2bc-5a6c-44f46c6278e9,Jason Crawford,1971-09-29,SYN-241-10-2836,43628,689,2025-08-19,315,0,,650c1f50-ba4e-e2bc-5a6c-44f46c6278e9
a82bcef7-5487-abcf-2944-3c0f99cec94b,Ms. Kayla Williams,1981-09-06,SYN-104-71-9520,110616,779,2025-12-03,209,0,,a82bcef7-5487-abcf-2944-3c0f99cec94b
4609e431-6a71-3c9b-0f69-806f20937a09,Chad Dominguez,2007-12-12,SYN-370-11-9240,74351,808,2025-01-06,540,0,,4609e431-6a71-3c9b-0f69-806f20937a09
913a21d1-530e-d671-dd8a-79e107fe3c91,Marilyn Page DVM,1996-01-01,SYN-831-23-7799,39854,765,2025-03-19,468,0,,913a21d1-530e-d671-dd8a-79e107fe3c91
de0ae43b-1e9b-edbd-7866-7b86964a255f,Sarah Wheeler,1998-11-04,SYN-993-62-3485,70614,752,2026-04-21,70,0,,de0ae43b-1e9b-edbd-7866-7b86964a255f
a0fdb593-b034-26a0-4e06-c8a7395cfe31,Lisa Evans,1989-03-30,SYN-952-19-4718,129713,605,2026-02-22,128,0,,a0fdb593-b034-26a0-4e06-c8a7395cfe31
2793cbbd-2f40-2c3b-b6ef-cfad69585cbc,Bryan Miranda,1987-09-15,SYN-145-65-3491,29870,653,2025-08-07,327,0,,2793cbbd-2f40-2c3b-b6ef-cfad69585cbc
1916c812-fb1f-33fc-44b1-b2fafa1fdbe0,Thomas Brewer,1979-09-13,SYN-652-19-3257,32222,704,2026-01-24,157,0,,1916c812-fb1f-33fc-44b1-b2fafa1fdbe0
4154c6a9-26bc-2467-af91-6283f9a5fda7,Donald Flores,1984-05-16,SYN-126-56-8887,16787,710,2025-04-15,441,0,,4154c6a9-26bc-2467-af91-6283f9a5fda7
c854348d-f49d-580f-28a5-eb35abfd631d,Mark Stephens,1989-02-20,SYN-669-22-5315,49791,663,2025-05-03,423,0,,c854348d-f49d-580f-28a5-eb35abfd631d
e49448ab-5c55-4aed-07ef-e8bb22bab7d8,Brett Thomas,1978-05-10,SYN-312-10-6064,29659,737,2025-07-28,337,0,,e49448ab-5c55-4aed-07ef-e8bb22bab7d8
2b726dc0-66d0-d792-9fb4-817f8bfd74ae,Kevin Hernandez,1984-12-05,SYN-800-54-2575,48348,665,2025-04-06,450,0,,2b726dc0-66d0-d792-9fb4-817f8bfd74ae
3804db80-d24d-8242-7699-75bf239b4cd1,Mr. John Decker MD,1997-05-20,SYN-905-64-2151,40466,603,2025-11-16,226,0,,3804db80-d24d-8242-7699-75bf239b4cd1
9eeb4a82-4405-fc5b-5e6b-ab714a2eab03,Christopher Robbins,2007-05-18,SYN-494-42-9340,84635,565,2026-03-31,91,0,,9eeb4a82-4405-fc5b-5e6b-ab714a2eab03
9afe82d8-28d1-1419-50d9-6482b923307b,Jared Stark,2000-12-18,SYN-884-79-5016,46398,705,2026-05-18,43,0,,9afe82d8-28d1-1419-50d9-6482b923307b
42eb2a52-7db7-55d1-fbb0-e685f8ddd9b2,Jeffrey White,1976-05-19,SYN-643-20-4670,15749,684,2025-10-18,255,0,,42eb2a52-7db7-55d1-fbb0-e685f8ddd9b2
944cf881-9f6f-f02b-cdb0-0e770e4d791f,Tiffany Townsend,1992-06-26,SYN-555-93-7685,32268,792,2026-01-20,161,0,,944cf881-9f6f-f02b-cdb0-0e770e4d791f
8cd89327-11db-5c2f-ada9-5aaa7369d4ee,Colleen Rivera,1959-06-06,SYN-230-56-6576,40890,703,2025-04-23,433,0,,8cd89327-11db-5c2f-ada9-5aaa7369d4ee
29648e76-88a3-7985-83a3-0d40521056eb,Jacob Obrien,1997-12-27,SYN-180-80-3957,148892,811,2025-03-25,462,0,,29648e76-88a3-7985-83a3-0d40521056eb
de114a6b-c013-e9ff-b625-2a9029fbd85f,Michael Stevens,1971-12-30,SYN-964-97-5710,117130,602,2025-04-13,443,0,,de114a6b-c013-e9ff-b625-2a9029fbd85f
8fa0d6a2-b657-07f9-9c72-ccf82367c472,Sarah Clements,1985-07-05,SYN-681-88-8493,52489,767,2025-01-07,539,0,,8fa0d6a2-b657-07f9-9c72-ccf82367c472
69738e01-f722-a8d3-29d3-1766f2f14269,Tyler Stout,1985-02-15,SYN-153-62-3589,39895,745,2025-11-19,223,0,,69738e01-f722-a8d3-29d3-1766f2f14269
7e284f0a-c6da-d403-6452-e9bf91d77748,Rebecca Sandoval,1988-09-21,SYN-701-27-5102,42769,638,2025-03-16,471,0,,7e284f0a-c6da-d403-6452-e9bf91d77748
3f76787f-5a8b-a49f-924c-b3fff90fb578,Bryan Herrera,1988-11-28,SYN-849-91-5538,45554,544,2025-07-19,346,0,,3f76787f-5a8b-a49f-924c-b3fff90fb578
d131c215-6657-d318-da9f-79d4d2db490a,Lisa Caldwell,2007-01-08,SYN-484-61-1292,53015,668,2026-02-19,131,0,,d131c215-6657-d318-da9f-79d4d2db490a
cd0eb838-1cfd-91d3-6632-4d274e6ab519,Mr. Justin Green III,1987-12-17,SYN-589-68-5424,72207,663,2025-01-08,538,0,,cd0eb838-1cfd-91d3-6632-4d274e6ab519
427f2a32-f6d4-0438-d59d-cba6ef992b8c,Jimmy Newman,2005-02-24,SYN-699-55-4389,22810,554,2025-04-09,447,0,,427f2a32-f6d4-0438-d59d-cba6ef992b8c
b13969c3-92d7-7fea-5ad3-153906377f41,Patrick Mccall,1999-02-19,SYN-509-72-9255,42999,676,2025-02-12,503,0,,b13969c3-92d7-7fea-5ad3-153906377f41
8315dd51-7f8a-bbbe-5e70-d2130381ea81,Vanessa Bruce,1983-08-15,SYN-256-63-3875,59877,725,2026-02-24,126,1,ring_0032,ring_0032
77038168-15f9-25d1-9250-7b25621eaefd,Scott Ayers,1990-10-07,SYN-123-72-4806,57871,850,2025-12-10,202,0,,77038168-15f9-25d1-9250-7b25621eaefd
5dfd6324-b8e8-319f-0f4b-2cdedf2a1785,Lindsey Robinson,2002-08-22,SYN-246-28-3694,95117,719,2025-07-03,362,0,,5dfd6324-b8e8-319f-0f4b-2cdedf2a1785
1c7e1a6e-68aa-3342-1ab5-37121aca4c05,Shelley York,1999-05-02,SYN-769-23-6496,15346,598,2026-05-28,33,0,,1c7e1a6e-68aa-3342-1ab5-37121aca4c05
a4e19615-f93c-f1fd-9253-fa1f0184fcef,Robert Banks,1993-12-30,SYN-300-61-6156,49728,621,2025-09-24,279,0,,a4e19615-f93c-f1fd-9253-fa1f0184fcef
48d591fb-06cd-ba45-9f00-38a5a6ee9b95,Scott Smith,2002-04-23,SYN-260-84-4635,35975,749,2025-07-06,359,1,ring_0109,ring_0109
71e6a6e9-d17c-c600-ddcb-f39559c175a8,Joshua Ramos DDS,1972-03-05,SYN-237-80-3101,186717,637,2026-02-10,140,0,,71e6a6e9-d17c-c600-ddcb-f39559c175a8
335bec2b-3963-6f23-cea8-88d576923d34,Susan Mitchell DVM,1975-06-12,SYN-281-56-3612,37595,648,2025-05-22,404,0,,335bec2b-3963-6f23-cea8-88d576923d34
8bc77cad-0759-4950-81c0-d81275acb663,Joseph Spencer,1983-07-11,SYN-454-28-9229,90170,654,2026-03-07,115,0,,8bc77cad-0759-4950-81c0-d81275acb663
d717d02b-b5e3-a5a8-8ded-02c9b2ffa7c6,Julie Wilson,1967-01-26,SYN-882-27-8387,77615,697,2026-03-07,115,0,,d717d02b-b5e3-a5a8-8ded-02c9b2ffa7c6
754f5086-7547-f5f1-d074-9ed5d864a20d,Beth Sanchez,1976-05-18,SYN-162-10-9096,31823,727,2025-11-11,231,0,,754f5086-7547-f5f1-d074-9ed5d864a20d
1b1c1930-52d9-df25-5cb5-f0771d58d3e9,Laura Mckinney,1990-04-29,SYN-402-71-2413,64017,715,2026-04-23,68,0,,1b1c1930-52d9-df25-5cb5-f0771d58d3e9
190bfe68-9b27-ad91-1791-79cab9e8cda7,Yolanda Martin,1981-10-30,SYN-750-84-6690,70803,605,2026-05-07,54,0,,190bfe68-9b27-ad91-1791-79cab9e8cda7
95168391-8313-0ef5-5029-caf0365c9f7f,Elizabeth Chase,1983-04-26,SYN-538-23-4624,75946,579,2025-04-09,447,0,,95168391-8313-0ef5-5029-caf0365c9f7f
c7cf3ad8-4d39-3897-a3f7-d9e8f401efe4,Samantha Noble,1981-08-14,SYN-361-12-9368,49699,581,2025-12-13,199,0,,c7cf3ad8-4d39-3897-a3f7-d9e8f401efe4
dffa1b0f-9414-23e8-d0a4-b964edec214b,Nancy Smith,1992-12-16,SYN-647-86-5575,82963,719,2026-05-29,32,0,,dffa1b0f-9414-23e8-d0a4-b964edec214b
99a261f8-e1a7-afdc-63f9-ac8d5441ba18,Mr. Paul Chase,1996-02-16,SYN-464-79-7063,27472,616,2025-01-02,544,0,,99a261f8-e1a7-afdc-63f9-ac8d5441ba18
0a4fad2d-dcdf-546c-3c80-546108df7986,James Phillips,1998-08-02,SYN-172-37-1136,39157,672,2026-04-03,88,0,,0a4fad2d-dcdf-546c-3c80-546108df7986
573bd223-7ce5-7239-ee14-635521e5dfd7,Janet Mcdonald,1988-03-20,SYN-556-84-4637,82938,734,2025-08-18,316,1,ring_0002,ring_0002
4dc26079-1288-d259-616d-d6901285f796,Jessica Callahan,1989-10-26,SYN-628-68-6549,99538,612,2025-09-18,285,0,,4dc26079-1288-d259-616d-d6901285f796
9464094e-0979-de4b-fd5b-424dd22b7b98,Austin Solis,1979-10-15,SYN-675-59-6931,47310,723,2026-04-24,67,0,,9464094e-0979-de4b-fd5b-424dd22b7b98
9f6331cf-9254-69f9-c0da-73c2c8407025,Taylor Acevedo,1972-02-22,SYN-525-19-1202,15000,724,2025-06-01,394,0,,9f6331cf-9254-69f9-c0da-73c2c8407025
f1d6276b-03fd-9257-961f-623accc9e83f,Chris Wheeler,1995-05-18,SYN-491-62-7234,44902,704,2025-07-07,358,0,,f1d6276b-03fd-9257-961f-623accc9e83f
0b236d14-4710-0915-006f-3288c2bdd9c4,Kevin Massey,1985-01-18,SYN-571-65-5966,80854,636,2025-05-13,413,1,ring_0184,ring_0184
2f777d06-364e-7505-85ad-0085e9ff2b59,Nichole Ryan,1978-03-23,SYN-551-26-6374,43310,612,2025-08-14,320,1,ring_0162,ring_0162
2fa6bf22-3e49-1ece-a619-fe5b6fb75436,Brenda Oconnor,1985-04-05,SYN-749-50-5184,73247,634,2025-07-10,355,0,,2fa6bf22-3e49-1ece-a619-fe5b6fb75436
98c2ac4b-ba0c-51c7-95bb-d7cbc4d23f1c,Erin Price,1976-03-14,SYN-190-61-9957,15434,736,2025-12-01,211,0,,98c2ac4b-ba0c-51c7-95bb-d7cbc4d23f1c
ca507db4-b72c-be07-294a-4aad0b33d76f,Christina Myers,1993-01-12,SYN-405-74-9120,70088,748,2025-03-06,481,0,,ca507db4-b72c-be07-294a-4aad0b33d76f
ede8a8ea-b0fe-e494-7285-3efdad3c3aa1,Michelle Jackson,1992-11-06,SYN-361-56-9263,37648,656,2026-05-28,33,0,,ede8a8ea-b0fe-e494-7285-3efdad3c3aa1
5522a0c1-ed0e-7800-e050-abb56af30006,Mary Myers,1996-02-04,SYN-930-97-7213,43967,692,2025-03-12,475,0,,5522a0c1-ed0e-7800-e050-abb56af30006
f1a92b1a-f8c6-0c7f-c34c-b1ddf1bd085b,Reginald Cordova,2005-04-26,SYN-590-53-7575,112359,529,2025-08-14,320,0,,f1a92b1a-f8c6-0c7f-c34c-b1ddf1bd085b
3138330f-cec2-b6f4-c69e-2d325700eb60,John Garrison,1995-06-21,SYN-191-99-6215,47126,694,2025-01-08,538,0,,3138330f-cec2-b6f4-c69e-2d325700eb60
4902f129-a0cb-e636-ae87-e9dd0723143d,Kara Gallegos,1998-03-21,SYN-484-50-8990,210857,621,2025-01-18,528,0,,4902f129-a0cb-e636-ae87-e9dd0723143d
aa37c902-78fa-7a0d-8d06-04cbac690c1e,Jordan Lynch,1966-01-19,SYN-349-99-4801,18218,656,2025-02-19,496,0,,aa37c902-78fa-7a0d-8d06-04cbac690c1e
46165e5e-2913-86f4-dee8-8b39af459964,Suzanne Jones,1996-04-08,SYN-378-38-7037,52573,696,2025-08-10,324,0,,46165e5e-2913-86f4-dee8-8b39af459964
acdc25b2-4423-6224-5466-a96d234464ea,Carl Bradley,2004-11-08,SYN-597-78-2495,109150,630,2026-06-10,20,0,,acdc25b2-4423-6224-5466-a96d234464ea
553fc15c-17f5-4500-bad5-6a0269cb5736,Jennifer Adkins,1989-09-30,SYN-681-80-2547,34887,724,2025-11-04,238,0,,553fc15c-17f5-4500-bad5-6a0269cb5736
f5b22f9d-3b2f-e198-81c5-2adb03c17299,Theresa Sandoval,1981-02-21,SYN-887-73-8328,81541,607,2025-01-22,524,0,,f5b22f9d-3b2f-e198-81c5-2adb03c17299
3e3ee3cf-5009-0ec7-9cb1-dba598640322,Joseph Miller,1979-02-04,SYN-253-64-4615,31353,850,2025-04-30,426,0,,3e3ee3cf-5009-0ec7-9cb1-dba598640322
95fb71c8-71d7-a9a7-49c7-5bda5c612b70,Olivia Ayers,2002-11-22,SYN-316-16-8409,31693,652,2025-05-26,400,0,,95fb71c8-71d7-a9a7-49c7-5bda5c612b70
f471df2d-67c5-33d5-bc2a-e6020c935c3c,Jennifer Lee,1994-09-26,SYN-474-58-6757,95099,768,2025-04-14,442,0,,f471df2d-67c5-33d5-bc2a-e6020c935c3c
81aea1a2-2e52-b861-9815-3c65e18ff871,Tammy Taylor,1986-02-02,SYN-456-46-5276,37820,722,2025-09-15,288,0,,81aea1a2-2e52-b861-9815-3c65e18ff871
2220d339-fbb2-678d-8697-3f0e372db7dd,Patrick Reed,1991-11-29,SYN-188-17-6691,67528,697,2026-04-04,87,0,,2220d339-fbb2-678d-8697-3f0e372db7dd
bc5960fe-17b6-6d60-8139-e9dd6c401f49,Eric Knox,1981-09-09,SYN-770-65-2714,32017,634,2025-04-21,435,0,,bc5960fe-17b6-6d60-8139-e9dd6c401f49
5e16ddf3-c241-7558-ccff-dff37023b281,Connie Fisher,1995-12-15,SYN-441-29-4759,39583,706,2026-03-04,118,1,ring_0061,ring_0061
b849b0b1-01db-03bc-6e63-cafdff724bac,Christopher Moore,1973-02-28,SYN-843-52-7439,58879,693,2025-11-25,217,0,,b849b0b1-01db-03bc-6e63-cafdff724bac
43c8779a-22af-08bc-ede1-71664456f194,Kimberly Curtis,1985-02-24,SYN-110-28-9727,85163,796,2026-02-28,122,0,,43c8779a-22af-08bc-ede1-71664456f194
46e65159-3cbe-c9d6-d8d4-3cbea5ce7d95,Jay Gallegos,1984-01-18,SYN-442-69-1044,64256,707,2025-10-03,270,0,,46e65159-3cbe-c9d6-d8d4-3cbea5ce7d95
e1cdd860-ddab-35f2-bf15-196d5894dede,Rebecca Roberts,1991-03-10,SYN-894-81-2325,45108,581,2025-09-12,291,0,,e1cdd860-ddab-35f2-bf15-196d5894dede
c8b0dcfe-a20b-2be7-305c-dffe06d1116b,Traci Martinez,1990-02-25,SYN-226-35-3846,25591,676,2025-07-30,335,0,,c8b0dcfe-a20b-2be7-305c-dffe06d1116b
99c96571-b9aa-cbb3-615f-27af381f3061,Angela Ramos,1970-07-19,SYN-573-61-2720,42327,720,2025-12-05,207,0,,99c96571-b9aa-cbb3-615f-27af381f3061
ff8eae7e-c795-c5de-ef0d-fc61f18d87ef,James Miller,2004-08-24,SYN-646-79-6211,59692,586,2025-05-24,402,0,,ff8eae7e-c795-c5de-ef0d-fc61f18d87ef
a1d3934b-97c2-26a3-c7e8-0ff2c841497e,Deborah Mercado,1982-09-18,SYN-411-71-7544,67407,632,2026-01-31,150,0,,a1d3934b-97c2-26a3-c7e8-0ff2c841497e
37e5e683-bbea-5466-8cc3-3cc5f3139596,Megan Aguilar,1987-04-02,SYN-190-35-7428,160053,692,2025-10-27,246,0,,37e5e683-bbea-5466-8cc3-3cc5f3139596
a56f7d83-68bd-c619-695e-90f80263700c,Derek Frazier,1988-10-02,SYN-581-46-4666,72995,557,2025-10-30,243,0,,a56f7d83-68bd-c619-695e-90f80263700c
d21af186-941d-ea84-7ec6-5d13d487904b,Zachary Swanson MD,1989-12-05,SYN-776-38-1513,70101,790,2026-05-02,59,0,,d21af186-941d-ea84-7ec6-5d13d487904b
ee6f5745-b214-e7bf-cdd5-9122dab7b4e7,Ashley Cordova,1976-06-06,SYN-545-47-4207,71501,645,2026-04-24,67,0,,ee6f5745-b214-e7bf-cdd5-9122dab7b4e7
a5461987-d336-9853-8e91-51fbd931ee15,Gregory Stanley,1969-08-28,SYN-998-88-4372,77566,754,2026-05-22,39,0,,a5461987-d336-9853-8e91-51fbd931ee15
c84e7249-1cff-9427-9316-1cb3652ac4a3,Michael Taylor,1977-08-13,SYN-867-44-5684,15000,557,2025-08-01,333,0,,c84e7249-1cff-9427-9316-1cb3652ac4a3
dfc75ba3-7ede-0df3-319c-38da5d5ce314,Carolyn Haley,2002-02-04,SYN-250-13-9861,74921,646,2025-12-02,210,0,,dfc75ba3-7ede-0df3-319c-38da5d5ce314
5994f8bd-324a-f652-7ec8-f1d79138d7c5,Alice Campbell,1979-11-24,SYN-299-92-1968,53193,752,2025-01-29,517,1,ring_0182,ring_0182
b45d056d-83d9-54b2-3360-80f14ac4de16,Stanley Le,1994-04-15,SYN-526-13-7225,48427,610,2025-10-22,251,0,,b45d056d-83d9-54b2-3360-80f14ac4de16
b9a7682d-68bd-a3cc-20a4-362aea86fa06,Brandi Camacho DVM,1999-11-04,SYN-242-71-8765,65914,695,2025-10-29,244,0,,b9a7682d-68bd-a3cc-20a4-362aea86fa06
5f153b0c-9301-8e7a-f835-33c7229a7fcb,Robert Moore,1993-09-28,SYN-875-25-3121,28209,701,2025-03-23,464,0,,5f153b0c-9301-8e7a-f835-33c7229a7fcb
e947d3b4-6e3f-fd26-a267-db2a57ca8cf0,Erica Wilson,1972-01-11,SYN-749-92-7920,36891,740,2025-05-29,397,0,,e947d3b4-6e3f-fd26-a267-db2a57ca8cf0
d74608bd-4e6b-4a65-b213-a2d0d2d47149,Jonathan Jordan,1992-09-21,SYN-997-77-3870,52780,794,2025-12-20,192,0,,d74608bd-4e6b-4a65-b213-a2d0d2d47149
618a56a3-bf8e-978e-7d68-92bdf415db78,Philip Bowen,1992-07-09,SYN-613-63-5429,97103,676,2026-05-27,34,0,,618a56a3-bf8e-978e-7d68-92bdf415db78
9bc56dd9-b423-f6e9-b264-8909f2314937,David Hanson,1984-06-22,SYN-997-18-2920,25752,573,2026-04-14,77,0,,9bc56dd9-b423-f6e9-b264-8909f2314937
f8152469-d5d4-edd9-499e-2061e9e84a07,Kimberly Ross,1970-06-15,SYN-925-84-8845,114957,729,2025-06-20,375,0,,f8152469-d5d4-edd9-499e-2061e9e84a07
834fad12-6b0b-dfe3-63ee-81d430806f28,Marvin Davis,1985-08-24,SYN-787-47-5375,25328,701,2025-06-06,389,1,ring_0090,ring_0090
43ce9ba6-53da-4613-7b32-63bc39f9db7b,Amy Moore,1997-07-30,SYN-797-35-3421,242804,775,2026-05-14,47,0,,43ce9ba6-53da-4613-7b32-63bc39f9db7b
8138cb15-1f2a-662a-eec7-ba6d155f6477,Christine Tyler,1985-05-15,SYN-320-73-1960,47188,718,2025-02-07,508,0,,8138cb15-1f2a-662a-eec7-ba6d155f6477
2690039c-1f28-52cf-3cb7-efc398292487,Jason Beck,1963-01-07,SYN-857-19-6361,72360,634,2026-05-16,45,0,,2690039c-1f28-52cf-3cb7-efc398292487
5407ba90-1b08-b0c7-c780-e8f1cacec217,Catherine Castaneda,2007-02-10,SYN-329-96-8258,174871,665,2026-04-29,62,0,,5407ba90-1b08-b0c7-c780-e8f1cacec217
83bfd581-5bff-d6a6-5e8a-2ffc34001e80,George Smith,1983-09-26,SYN-187-55-7720,50050,710,2026-01-18,163,0,,83bfd581-5bff-d6a6-5e8a-2ffc34001e80
f65f4a93-77ce-aec7-cf37-eb2d0af4c434,Vanessa Hatfield,1981-10-10,SYN-112-52-6731,65843,663,2026-05-01,60,0,,f65f4a93-77ce-aec7-cf37-eb2d0af4c434
6fafbe7a-a549-93d4-5fa4-72db99578b81,Angela Beck,1985-11-01,SYN-775-17-5162,32258,703,2026-04-22,69,0,,6fafbe7a-a549-93d4-5fa4-72db99578b81
