Customer ID,Full Name,Mobile Number,Email,Street Address,City,State,ZIP,Device ID,Annual Income,Credit Score,Account Opened
CUST-F7122943,David Taylor,555-599-5417,f7122943-c4b@example.test,6940 Allison Cove Suite 121,Lake Matthew,VA,63650,19e9b478213fd35a,112091,608,17 Apr 2026
CUST-9F2C8B00,Catherine Bender,+1 555 113 8103,9F2C8B00-549@EXAMPLE.TEST,682 Christopher Rest Suite 876,South Joshuashire,MP,43220,2efe03b0bf85a990,20693,763,22 Apr 2025
CUST-D6678CF0,Shelley Vargas,(555) 187-2760,d6678cf0-777@example.test,86550 Chad Throughway,Parkerhaven,TN,45799,de201877a5d2c892,62047,603,19 Apr 2025
CUST-60543D0C,Ashley Kane,555.932.7051,60543d0c-ff9@example.test,063 Jensen Mountains Apt. 872,Mirandatown,KS,39209,d575bb10f287e724,18191,727,30 Nov 2025
CUST-429377AE,Jorge Lee,+1 555 528 6205,429377ae-c78@example.test,702 Misty Green Suite 897,Barrland,LA,86075,6aed88f21fd84ab8,121434,791,04 Sep 2025
CUST-CE0DA34B,Danny Chung,+1 555 091 0763,CE0DA34B-4C3@EXAMPLE.TEST,92450 Laura Mountains Suite 265,New Steven,CA,50525,b7c193f5aa1bc26d,67438,567,20 May 2025
CUST-0E6362BC,Christopher Perez,555-295-9903,0e6362bc-3fb@example.test,13911 Schwartz Mountain Apt. 701,Meyersside,PW,18343,e5e10923c3128a23,129407,649,10 Feb 2025
CUST-E19EEE6B,David Baker,N/A,e19eee6b-ba5@example.test,23810 Deleon Turnpike Suite 183,Harrismouth,MP,82345,b3e7cd1259e35ff0,31981,551,30 May 2025
CUST-ED284819,Mark Cook,N/A,ed284819-eca@example.test,0882 Miller Road Apt. 379,Franktown,DC,68579,5b9f234884093fb5,71594,648,23 Mar 2025
CUST-2E2EEECB,Alex Stout,555.682.5803,2e2eeecb-b8c@example.test,1 Corporate Plaza,Springfield,IL,62701,f038d6ed7cab8a99,37354,802,10 Sep 2025
CUST-9C11142B,Debbie Wise,(555) 592-2171,9c11142b-0ad@example.test,037 Rivera Vista Apt. 248,Charlesland,MT,24517,5c78d0be63b8faf3,63972,680,25 Jun 2025
CUST-3B63EA04,Rebecca Reed,+1 555 078 9497,3b63ea04-a2f@example.test,4230 DAVID PORTS SUITE 112,Port Tabithamouth,CA,53815,1a6d229dd52b25b8,55589,549,19 Apr 2025
CUST-165389CA,Laurie Owen,+1 555 413 8469,165389ca-b1d@example.test,115 Michael Valleys Apt. 848,New Richardborough,GU,99896,a8b0d5c047ef3607,61345,608,04 Jul 2025
CUST-0D3DCC6E,William Kramer,555.455.0117,0d3dcc6e-4db@example.test,617 Latoya Crest,Alexanderland,FM,73295,0f6770f313acceb3,57419,724,09 Mar 2025
CUST-D096C18A,Jeffrey Fowler,555-917-4297,d096c18a-341@example.test,12831 David Terrace,South Danstad,AL,91511,6ecc4db5b3e92b9a,"$43,255",532,07 Apr 2025
CUST-1D04D70E,Tara White,(555) 392-8568,1d04d70e-dd8@example.test,254 Kelsey Track,Smithfurt,MH,46468,1115029463d0d6ef,36881,649,09 May 2026
CUST-9631A163,Jasmine Fisher,555.154.4741,9631A163-7CD@EXAMPLE.TEST,850 Cynthia Canyon Suite 990,Melissabury,OR,38837,40175a808caf0cd8,103147,648,15 Jan 2026
CUST-4E5E9FC5,Angela Love,555-931-9651,4e5e9fc5-a6f@example.test,623 Watts Station Apt. 342,New Robertland,NC,31451,24a00441e5142939,"$29,781",698,15 Dec 2025
CUST-0642B7F6,Courtney Johnson MD,555-863-3163,0642b7f6-660@example.test,52272 Aimee Branch Suite 499,Mccartyview,VI,35432,6425576ac6dc5fc3,40244,718,05 Mar 2026
CUST-94D8FBDE,Bryan Lopez,555-683-1577,94d8fbde-924@example.test,866 Boone Crescent Suite 459,Lake Jessicaside,CO,29319,918b9668e2345203,45967,753,14 Sep 2025
CUST-D33945F1,Dustin Tran,+1 555 499 0232,d33945f1-3c4@example.test,99439 Christina Rapids Suite 684,Scotthaven,IA,17906,fb47d7d3412fcc80,67031,648,27 Apr 2025
CUST-AAD461A4,Lisa Sims,(555) 445-3876,AAD461A4-65B@EXAMPLE.TEST,675 David Drive,West Charles,OH,25188,95c43c31ce488810,"$66,234",644,23 Jan 2025
CUST-23D77972,Jose Woodard,555-386-0554,23d77972-68d@example.test,9895 Fuentes Vista,New Elizabeth,WY,86391,22838d0883b88124,67179,586,08 Jan 2026
CUST-20045B5B,Makayla Gibson,(555) 194-5780,20045b5b-876@example.test,012 Clark Wells Suite 197,Port Thomastown,MD,16816,250272527a7ffed0,65776,679,11 Feb 2026
CUST-E036D39E,Mr. Derek Lucas MD,555-299-2884,e036d39e-722@example.test,06941 Klein Rue,Lake Shannonland,KS,89367,685a40b7967429d3,"$68,348",647,01 Nov 2025
CUST-5AF5744E,Curtis Duncan,555.217.3908,5AF5744E-E63@EXAMPLE.TEST,48428 Jennifer Ports Apt. 289,Richardburgh,NM,11823,97cd58f891b536c3,61996,769,21 Jan 2026
CUST-7CC00CA7,Amber Martinez,+1 555 664 9960,7cc00ca7-951@example.test,80225 CHRISTIAN CREST APT. 083,West Paulastad,PR,63271,09dc3286dfd93df6,34613,627,01 Nov 2025
CUST-6316CB69,Melissa Lowe,(555) 075-7029,6316cb69-058@example.test,268 Mack Overpass Apt. 387,Clarkfurt,AK,29339,7c19f27af3ec5ee6,64386,653,10 Jan 2025
CUST-A5D7E54A,Jeremy Lane,(555) 872-5991,a5d7e54a-e2a@example.test,506 Galloway Forge Apt. 286,New Daniel,MO,73580,251824f65ec36b39,21893,569,27 Sep 2025
CUST-1BE70DFC,Kari Sparks,(555) 369-1832,1be70dfc-b71@example.test,1 Corporate Plaza,Springfield,IL,62701,f6c271fc28bcd551,19425,701,04 Feb 2025
CUST-5BD81A91,Renee Valdez,(555) 782-2863,5bd81a91-37d@example.test,9969 Lisa Islands Suite 249,Walkermouth,GU,19391,fb1342f413942322,102529,634,31 Jan 2026
CUST-3C635AC9,Eric Taylor,555.252.0519,3c635ac9-def@example.test,84355 Tracy Islands,Makaylaview,UT,34494,359f22fe885c9b55,46743,543,08 Oct 2025
CUST-6B4EE95C,Amanda Williams,555.547.1803,6B4EE95C-78A@EXAMPLE.TEST,272 Simmons River,Port Markton,KY,78874,7ac17a3b09c54ed1,92572,811,02 May 2025
CUST-66633BC3,Maria Black MD,555.560.2844,3cfc12c7-63d@example.test,19060 Thomas Mountains,Port Ryan,VI,37585,d4d8e879d3048ede,36205,707,24 Mar 2026
CUST-6B83328C,Erica Dean,555.069.5852,854f8aaa-b4a@example.test,083 Conley Plain,Benjaminmouth,WI,28543,8d24713d48ccc6c6,41788,750,04 Jan 2025
CUST-E09DE79E,Joseph Whitaker,+1 555 366 8928,E09DE79E-6DF@EXAMPLE.TEST,014 Coffey Plain,East Timothyton,KY,58739,c225a74cc8c869f3,18690,794,24 May 2025
CUST-60BA5464,Ashley Smith,555-794-1079,60ba5464-2d8@example.test,84561 Noble Ford Suite 358,New Sarahhaven,NV,14355,f4ce882ee9cdee20,38147,780,24 Feb 2026
CUST-ED73AB94,Alexander Ross,555-169-1369,ed73ab94-4af@example.test,71058 Anna Tunnel,Port Ronald,IL,69114,baf4d15dda43f913,87626,723,05 Apr 2026
CUST-EE16A944,Charles Hutchinson,(555) 992-4576,ee16a944-8cf@example.test,5948 NAVARRO MOUNTAINS SUITE 512,Taylorview,WI,25431,153fcda5ad513bd7,67779,773,17 Jun 2026
CUST-A4703F33,Nicole Gutierrez,+1 555 826 1701,a4703f33-6fd@example.test,2833 Timothy Way Apt. 176,Port Alicia,MO,91421,840761d1ce59bee8,"$68,296",733,17 Jan 2026
CUST-89908FAE,Michael Townsend,555-781-6457,89908fae-220@example.test,50512 Karen Terrace Suite 099,Brownside,WY,45448,a9c4579f58a004a4,41391,739,13 May 2025
CUST-F7BB809E,David Greene,555-777-9009,F7BB809E-92A@EXAMPLE.TEST,4278 MCDONALD CROSSROAD APT. 908,South Mariahmouth,PR,60617,829f894133c44b5f,102626,728,23 Mar 2025
CUST-BDAFAF51,Adrian Wheeler,+1 555 304 2886,bdafaf51-aef@example.test,6494 MICHAEL FORK SUITE 209,Oconnorburgh,AL,51796,60166d5a5cee7a08,57360,620,11 Feb 2026
CUST-F2F6E1F4,Mrs. Misty Day,(555) 569-0858,f2f6e1f4-0d9@example.test,672 WHITE STATION,Port Heatherland,ND,32668,0e8eeab8a5b70c59,65642,632,11 Feb 2026
CUST-BF4B9AE8,Colton Daniels,+1 555 443 2983,bf4b9ae8-473@example.test,9435 Patricia Avenue,Maddenport,OR,95793,db29a30bbbd10fb3,43461,728,24 Dec 2025
CUST-F81CA632,Jennifer Becker,555-644-5904,3cfc12c7-63d@example.test,617 STEPHEN UNDERPASS APT. 455,East Gregory,VI,93617,a647423aef088525,67250,608,04 Jun 2025
CUST-D9F1EAFD,John Shaw,555.798.5966,D9F1EAFD-F27@EXAMPLE.TEST,247 Bruce Lakes Suite 262,Jameshaven,AL,13703,8600c3b7c1787b6f,18203,659,19 Mar 2026
CUST-FC400336,Hannah Gonzalez,555-920-9008,fc400336-761@example.test,15988 Gregory Ford Suite 544,Mccoymouth,PW,82118,ca7fc7859eb8b476,48623,776,22 Feb 2025
CUST-26E7E2F4,Bethany Pitts,+1 555 174 8372,26E7E2F4-45F@EXAMPLE.TEST,6362 Cameron Overpass Apt. 135,Allenmouth,SC,96497,b2543989fe512ac1,78438,608,19 Apr 2025
CUST-BFC8A528,Jennifer Gordon,555-068-6685,bfc8a528-19c@example.test,4180 Wendy Station,Port Melissa,MS,43187,8d14b2932d21468f,61925,741,15 Jan 2026
CUST-65955DDE,Paula Giles,555-127-3013,65955dde-e70@example.test,0129 Clifford Fork,Turnerfurt,ID,80476,e02efd195e744c2c,49014,602,15 May 2026
CUST-2FDFA445,Christopher Landry,(555) 323-5365,2fdfa445-0c8@example.test,6490 Michaela Ports,Shaneport,CO,58911,451e72412b9304b5,15000,722,04 Feb 2025
CUST-1B767499,Jeffrey Hill,(555) 072-7977,1b767499-380@example.test,37350 Nelson River Suite 741,West Bridgetburgh,MO,41248,3586038b565c2d83,20318,658,10 Sep 2025
CUST-5C2CFFBA,Robert Reynolds,(555) 796-9620,5c2cffba-be8@example.test,702 Misty Green Suite 897,Barrland,LA,86075,901bcad8ae2adb4c,40343,645,18 May 2025
CUST-C17B4F62,Justin Harding,555-526-8745,c17b4f62-e98@example.test,653 Sarah Square,Port Jeffrey,MO,79603,a1902251a80a2514,73959,727,23 Mar 2026
CUST-75A25DB9,Madison Bryan,+1 555 402 8984,75a25db9-0b9@example.test,48428 Jennifer Ports Apt. 289,Richardburgh,NM,11823,b6d009b88aa7538c,173781,770,14 Jan 2025
CUST-3459D562,William Smith,555.681.2793,3459d562-80a@example.test,783 Bryan Trail,Tiffanyview,OH,47709,27aa87c10206ee35,"$77,575",742,09 Jan 2026
CUST-FC36FD69,Eric Wilkinson,(555) 105-1272,fc36fd69-5c0@example.test,8512 Wood Loop,West Jennifer,UT,89479,e1f86f58dc07e37f,"$29,073",732,26 Apr 2026
CUST-868DB0D2,Brian Davenport,(555) 498-1001,868DB0D2-B7E@EXAMPLE.TEST,7226 Michael Stream Apt. 627,North Nicole,DC,80733,853757d17aab8fbe,"$16,237",850,15 May 2026
CUST-E4E699CB,Tracey King,555-803-6387,e4e699cb-850@example.test,143 Christopher Trace Apt. 207,Tinaview,DE,21932,0adcee0589c6dd8b,41500,758,15 Apr 2026
CUST-D0049114,Amber Myers,555.028.6109,d0049114-bc3@example.test,14833 Daniel Ford Suite 180,New Steven,IN,68786,03d107aed0d182f7,51523,687,05 Jul 2025
CUST-26C797A7,David Stewart,+1 555 177 7949,26C797A7-727@EXAMPLE.TEST,95306 Mcneil Coves,Lake Heather,KS,63496,8b7e3fbcc80b98ee,137637,808,31 May 2026
CUST-6A2A8881,Kaitlyn Huber,+1 555 363 7410,6a2a8881-0a3@example.test,0724 CARMEN KNOLLS SUITE 510,Lake Billy,PA,44176,95b65c00c8ef26fc,49610,758,30 Jul 2025
CUST-7F194BCD,Brandon Jacobs,555-696-7664,0891b83f-d3d@example.test,90496 Steele Cove Apt. 408,Brownborough,DE,91578,c2475feae91add4f,67459,799,05 Jan 2026
CUST-67401665,William Brown,(555) 793-7228,67401665-703@EXAMPLE.TEST,266 Wallace Mount Suite 624,North Kylestad,RI,87262,ff1bd75ac6256654,172150,535,09 May 2026
CUST-D679F05D,Brittany Cooper,+1 555 337 2776,d679f05d-113@example.test,5908 Brooke Mountains Suite 214,Wagnerview,VT,94829,388be6b3bf09227a,17795,706,01 Apr 2026
CUST-621CAF5D,Gina Ferguson,555-626-5959,621caf5d-4ef@example.test,2537 Miller Forest Suite 062,New Alisonshire,DC,41637,1438a3924b416271,"$42,836",640,21 May 2026
CUST-EBAB85C2,Adrian Phelps,555-479-0186,ebab85c2-d3e@example.test,02563 Kelly Cape Suite 778,North Walter,ND,92047,7fc3677910e384af,28025,608,16 Dec 2025
CUST-B4E22A4B,Adam Jones,(555) 563-8115,B4E22A4B-5B3@EXAMPLE.TEST,94191 Mccullough Drive Suite 784,Adrianport,MP,96115,55b9102f274ebda4,85364,737,17 Sep 2025
CUST-EEC9FD0E,Dr. Michelle Ross,555.671.1303,eec9fd0e-37c@example.test,1 Corporate Plaza,Springfield,IL,62701,44e7af7fbb83deeb,55081,605,29 Apr 2025
CUST-3054761E,Jean Nguyen,(555) 701-2580,3054761e-189@example.test,976 Flynn Shoal Apt. 003,Jacobshaven,MP,87491,b5152410a6880ce3,54171,629,20 May 2025
CUST-1CC96D59,Justin Haynes,555-164-7033,1CC96D59-761@EXAMPLE.TEST,4983 Stephen Knolls Suite 902,North Jonathan,VI,93263,9ec9aa7171984447,52290,615,09 Jan 2025
CUST-04332814,Anne Jackson,555.815.0872,04332814-F43@EXAMPLE.TEST,04731 Chan Way Apt. 585,Allisonmouth,UT,79002,d7b87a09447eca3b,"$23,923",657,05 Apr 2025
CUST-06F74546,Sophia Oconnor,555-165-5381,06f74546-a7b@example.test,025 Ramirez Circles,Amandafort,NC,59045,26f6ae4ddf4b2970,95217,629,04 Mar 2025
CUST-EEE5983C,Michelle Lopez,555-386-6220,eee5983c-9e5@example.test,506 Rebecca Flats Suite 780,Ashleymouth,RI,22630,ed9f57f4fc637002,"$51,602",555,18 Jun 2026
CUST-5B137968,Dustin Knox,(555) 141-3453,5B137968-249@EXAMPLE.TEST,4577 Garrett River Suite 631,Orozcomouth,MD,97061,d2e63c6ca4d56f6a,51189,739,31 Mar 2025
CUST-5CFCF5CA,Wendy Evans,555.223.1224,5CFCF5CA-244@EXAMPLE.TEST,195 Cheyenne Crest,Campbellborough,AS,25058,a0efabebdaed3f44,38236,662,08 Jun 2025
CUST-A21E1D74,John Ewing,+1 555 117 1206,a21e1d74-2fe@example.test,61647 Taylor Roads Suite 931,Ambermouth,IL,39747,717c6076b9d3a559,67460,631,19 Sep 2025
CUST-4E6B3541,Jessica Jones,+1 555 607 9763,4e6b3541-910@example.test,02693 Lloyd Estate,Darrellshire,NV,58456,d216fa6bd5f620e3,"$34,135",774,01 Mar 2026
CUST-0C93F44F,Lisa Carter,(555) 983-7496,0c93f44f-4f6@example.test,044 Martinez Island,New Rebeccastad,AR,43709,fad5729ca825d507,94721,708,23 Mar 2026
CUST-4A9D4405,Catherine Franco,555-578-4864,4a9d4405-8e3@example.test,5303 Martinez Burg,Carolynville,MD,69371,4c774fdf9538884f,92425,691,04 Jan 2026
CUST-74E05D89,Justin Henry,555.649.9940,74e05d89-6c5@example.test,5355 Anthony Ways,Torresport,OR,41354,015160ac8cfd6dcb,71612,637,04 Dec 2025
CUST-90C0FD8C,Cristina Holmes,555.877.7795,90C0FD8C-608@EXAMPLE.TEST,915 Bennett Terrace,Barbarastad,OK,69114,dbb3ce1a481c172b,34371,658,07 Feb 2025
CUST-848D116D,Jamie Mullen,(555) 033-4232,848d116d-760@example.test,2701 Melissa Villages Suite 284,West Jeffreyberg,MO,95968,98bf1ceb9848e9b2,41887,760,06 Nov 2025
CUST-4F208945,Christopher Mills,555.988.6566,4F208945-F20@EXAMPLE.TEST,26454 Mary Squares Apt. 492,Yvonnebury,MT,55392,9fc6b69963316e81,42268,719,31 Dec 2025
CUST-181E9DBD,Alexis Peterson,555.389.4672,181e9dbd-7de@example.test,337 Sara Plains Suite 347,Lake Michellechester,IA,15993,ee690973199271e6,54512,718,21 Jun 2026
CUST-4840892A,Zachary Smith,(555) 796-2274,4840892a-a11@example.test,7188 Rosales View,Farrellside,NC,67814,fce7449a744d6e75,25374,485,11 Mar 2025
CUST-61F0591A,Susan Williams,555-298-6981,61f0591a-9f4@example.test,6030 Tammy Ridges,Sarahfort,MD,54202,5978b8fa53db6890,"$64,174",695,06 Oct 2025
CUST-178BC350,Miranda Patterson,(555) 409-7497,178bc350-f2e@example.test,10522 Luis Skyway Apt. 752,Sandersbury,WA,99360,6b7e79282c6121ad,74354,754,28 Oct 2025
CUST-A278D852,Jennifer Williams,555-191-9190,a278d852-611@example.test,7499 Mills Unions Apt. 609,Blackside,NJ,85400,e351524b120ddcc9,"$55,722",631,14 Dec 2025
CUST-5B0CBC0A,Colin Hickman MD,(555) 805-5664,5b0cbc0a-43d@example.test,411 Curtis Locks Apt. 792,Watkinsshire,VI,57745,3de2dc9e6c460f5f,20962,790,25 May 2026
CUST-606E468B,Jacob Thomas,555-163-0547,606e468b-956@example.test,63632 John Glens Suite 668,Hesston,GU,37258,7ed5b5641d91c46e,93496,640,03 Feb 2026
CUST-9E50D09A,Morgan Wright,(555) 397-7696,9e50d09a-9c9@example.test,826 Christopher Summit,North Alyssa,AZ,71629,2179aaa96a35aabd,28253,622,16 Sep 2025
CUST-34E04FE0,Jessica Edwards,555.614.3812,34e04fe0-a8b@example.test,1 Corporate Plaza,Springfield,IL,62701,91722a16edceb4f3,"$78,245",656,14 Jun 2026
CUST-3ADD74A2,Haley Anthony,N/A,3add74a2-7c3@example.test,8081 Payne Drive Suite 716,Lake Ericburgh,NM,30962,b77e73525c499194,45944,653,22 Mar 2025
CUST-A6368570,Johnny Montes,+1 555 571 1060,a6368570-69a@example.test,28220 Barbara Port Apt. 889,New Anthonyberg,DE,70376,c5f2e91a28c04b4e,"$33,057",741,26 Jan 2026
CUST-AD423936,Jennifer Baker,555-760-7294,ad423936-2a7@example.test,23290 CHAD SHORE SUITE 612,West Oscar,SC,40482,3c5089f32f33e413,121926,715,15 May 2025
CUST-9C9960EF,Maria Garza,+1 555 516 5636,9c9960ef-90b@example.test,3508 DICKERSON AVENUE,Chrisburgh,MT,18688,855ba4809d78c780,111764,582,10 Jul 2025
CUST-D86997AD,David Schwartz,555.096.3350,d86997ad-570@example.test,06775 Brenda Prairie,Alexanderfurt,SC,29661,0c658de4877feb28,47810,627,20 Jul 2025
CUST-2D311148,Cameron Hernandez,(555) 541-3374,2d311148-38c@example.test,681 Jessica Extensions Apt. 162,Michaelberg,OH,47840,5b18234a77301a14,36315,613,24 Feb 2026
CUST-36E24769,Robert King,(555) 080-4231,36e24769-0d7@example.test,203 Charles Villages Apt. 342,Nolanborough,PA,81736,feeb7e3ca49322dd,57993,627,20 Jan 2026
CUST-6FE2A397,Cathy Nelson,555.729.0324,6fe2a397-6e7@example.test,47022 Barnes Village,Williamsbury,RI,98832,39a713ca1a858300,79578,730,27 Jun 2026
CUST-5570DAA9,Jay Pruitt,555-996-6345,5570daa9-9f9@example.test,572 Baker Pass,Brownport,IL,87441,8c42a983864910a2,36370,677,09 Aug 2025
CUST-03A7731B,Aaron Hernandez,555.628.2536,03a7731b-c5c@example.test,2129 Evan Radial Apt. 787,North Tinaborough,NV,97521,e5f9512ae2c1f227,74412,786,18 May 2026
CUST-8C1D3A3D,Patricia Foster,555-573-8927,8C1D3A3D-714@EXAMPLE.TEST,587 Adam Ridges,New Brittany,DE,47745,3bca867a25bfb3ee,117351,679,13 Oct 2025
CUST-D52CDF63,Henry Martin,555.642.6251,d52cdf63-22d@example.test,53973 Kenneth Creek,Patrickfurt,AR,31700,c4ed6f04fec5bf80,86335,596,05 Sep 2025
CUST-AECE136A,Timothy Hughes,555.976.3329,aece136a-e84@example.test,8641 Palmer Club,South Sheriburgh,OK,55242,4d16d42c14b0b092,58117,667,19 Jun 2026
CUST-BD0B5973,Jessica Miller,+1 555 815 9415,bd0b5973-0fb@example.test,889 Bethany Lock Suite 952,Branchfurt,NC,31038,880f2c70ce7b6aec,22032,783,04 Jan 2025
CUST-49F7C61B,Jody Evans,555-849-5298,49f7c61b-d80@example.test,1702 Juarez Ports Suite 498,Bushtown,CO,59621,12e662e60cb5a33a,21407,537,17 Jan 2025
CUST-13BCABDF,George Jones,555.661.5432,13bcabdf-522@example.test,375 Stokes Light Suite 229,East Sarahberg,PW,22134,b9a57ee2a11cebbd,123183,619,17 May 2026
CUST-7F7436A6,Jonathan Smith,(555) 176-9871,7f7436a6-0f8@example.test,5111 Schroeder Way Suite 458,Andrewberg,CA,39764,ea9ca98f56873772,"$57,839",850,28 Jan 2026
CUST-E6DD5EB8,Tiffany Bowen,(555) 803-4619,e6dd5eb8-1b6@example.test,3501 Zachary Island Suite 733,Ashleymouth,WY,59454,f510d15423646254,17879,599,12 Jan 2025
CUST-20332831,Lauren Bailey,555-092-5108,20332831-4a1@example.test,596 Spencer Drives,Taraside,CO,21178,6f53c94094c75c6f,24252,551,21 Jun 2025
CUST-C8D16452,Antonio Ramirez,555-889-4105,c8d16452-72a@example.test,6551 Samantha Underpass,Gregstad,RI,19436,8efa94e70bdba735,"$44,285",673,20 Dec 2025
CUST-4A373683,Susan Oneal,(555) 406-4312,4a373683-670@example.test,51533 MICHAEL DALE SUITE 754,Cummingstown,WI,41970,0a7dbb819080c93b,24347,751,12 Jan 2026
CUST-7769CAC2,Laura Hobbs,+1 555 169 2845,7769cac2-be4@example.test,68982 Angela Forks Suite 936,New Brandon,MT,36964,171ea5830bece050,102584,701,13 Apr 2025
CUST-94229011,Mark Diaz,555-163-0547,94229011-6a3@example.test,63632 John Glens Suite 668,Hesston,GU,37258,7ed5b5641d91c46e,44324,509,09 Mar 2026
CUST-4E5C3782,Joanna Adams,555.946.0603,4e5c3782-ebf@example.test,309 Suzanne Inlet,Sarahville,AK,57483,c51c9f9249ccb9be,80572,742,31 Jul 2025
CUST-1AC71C3F,Jamie Allen,555.501.5026,1ac71c3f-3e9@example.test,41590 Jeffrey Court Suite 808,New Michellestad,OR,33985,80b22858d3602a47,"$71,917",740,26 Aug 2025
CUST-A8552C8E,Jose Chapman,(555) 054-7279,a8552c8e-fa1@example.test,94610 Bell Fall,Port Sarahfurt,TX,17651,457965a20549c022,31449,743,01 Jan 2026
CUST-47BB9C89,Barry Christensen,555-067-4133,47bb9c89-2b3@example.test,99933 Pace Spring Suite 475,Robinsonview,NV,86683,3f243adec63aa9f0,48269,643,16 Sep 2025
CUST-37B0F3F5,Rebecca Miller,555-199-9115,37b0f3f5-06c@example.test,685 Potts Locks,Castroburgh,WI,26736,4b5bd97d1076e171,41124,674,31 Jul 2025
CUST-34DEC12D,Dr. Morgan Graham,(555) 030-3663,34dec12d-260@example.test,5736 Kevin Ports,Lake Zachary,NJ,75265,894202f742599928,"$24,423",763,23 Apr 2025
CUST-8AB4A603,Catherine Perkins,(555) 224-4182,8ab4a603-995@example.test,284 Thompson Mission Apt. 762,West Paul,OH,48571,f9375079fb340a8c,"$26,161",624,13 Jun 2026
CUST-F460227F,Eric Taylor,(555) 007-1292,f460227f-230@example.test,04399 MCCANN UNIONS SUITE 514,Bryceton,TN,62612,5c8298be4d6c3241,22237,741,02 May 2026
CUST-28597F02,Martin Peck,(555) 814-3354,28597f02-a50@example.test,3541 Fields Harbors,Thomasburgh,NV,84952,2890eeae610c5cb7,"$174,229",694,15 Mar 2026
CUST-D1A1BDF0,Kelli Gonzales,555.169.2330,d1a1bdf0-db7@example.test,4120 Lam Mission,Lake Christopherberg,FM,85942,ba651a370e4c3232,"$91,898",669,27 Sep 2025
CUST-59ED78BD,Allison Hall,+1 555 920 0628,59ed78bd-100@example.test,55590 Christopher Parks,Alvaradomouth,WY,40610,66911b2bc05b15fe,"$64,104",778,14 Mar 2026
CUST-A8DD57CA,Kelsey Thomas,(555) 186-4901,a8dd57ca-651@example.test,1939 Byrd Highway,New Samuel,LA,36418,363b3b364182719a,52530,667,11 Sep 2025
CUST-217657AC,Heidi Walker,+1 555 593 8505,217657AC-90A@EXAMPLE.TEST,39291 Moreno Rapids Suite 041,Port Timothyside,DE,19845,7cab13b6e0b62e6d,"$59,683",751,03 Apr 2025
CUST-FDEB8A0A,Travis Saunders,555-590-5782,fdeb8a0a-671@example.test,9705 Ponce Courts,Hayesport,MP,30306,e75587e2273283ad,67362,689,03 Jun 2025
CUST-08AC62B9,Kaylee Williamson,555-482-9285,08ac62b9-983@example.test,827 Dennis Inlet Suite 389,Lake Scott,MP,31006,4f382f197d7dabb0,66720,497,27 Mar 2026
CUST-6975D3D9,Robert Lopez,555-511-7843,6975D3D9-882@EXAMPLE.TEST,6307 Smith Inlet,Lake Brianport,NY,43597,d71088c7e7f93326,77786,796,24 Jun 2026
CUST-AB0A2BB3,Jennifer Cruz,555.876.0090,ab0a2bb3-7b7@example.test,716 Julie Lake,South Gracechester,NY,28564,ecf7d106bf28c585,117001,683,29 Nov 2025
CUST-A7F14F53,Megan Fox,+1 555 343 9151,a7f14f53-d25@example.test,7509 Peck Square Apt. 973,South Jennifer,OH,69997,69fb0a065d673719,29019,710,11 Apr 2025
CUST-FA30D8C9,Charles Clark,(555) 771-7185,6e90bcee-b74@example.test,193 Kathryn Fords,Smithville,ME,22724,5d056fe4c105ea72,40055,703,24 Jan 2026
CUST-BF7FBE31,Jenna Johnson,555.328.7128,BF7FBE31-17A@EXAMPLE.TEST,12344 Downs Prairie,Whitakermouth,PW,46864,a988842b96ba9166,67260,603,05 May 2026
CUST-BE7A9B08,David Johnson,555-199-2923,be7a9b08-3d7@example.test,025 Kendra Street,New Louis,FM,26469,bdb29ce6fe726119,64238,669,25 Jul 2025
CUST-07992CFF,Daniel Lewis,(555) 587-5936,07992cff-bd4@example.test,7514 Billy Cove,North Laurenbury,ME,10789,454e18497ce77436,"$54,060",700,14 Oct 2025
CUST-33A73AFA,Benjamin Mays,555.616.8222,33A73AFA-2ED@EXAMPLE.TEST,28378 Jamie Ferry Apt. 617,Heathermouth,SD,57090,03a5133b79e43e4b,"$61,150",761,08 Feb 2025
CUST-0EDEC80B,Robert Valdez,+1 555 059 9453,0EDEC80B-0A2@EXAMPLE.TEST,4039 Lang Tunnel Apt. 211,Lake Valerieport,MP,89123,9d02f825fb5dfd1e,120353,633,07 May 2026
CUST-542FE11D,Michelle Smith,+1 555 641 1184,542fe11d-cc0@example.test,696 Julia Lodge,North Amanda,KY,33941,05d69b0fe9566156,73790,650,21 Sep 2025
CUST-F318337F,Ronald Martinez,+1 555 382 3923,f318337f-7c9@example.test,793 Huff Manors,South Sherrymouth,VI,42475,9daae6d8918224f8,41657,611,26 May 2025
CUST-76CE3F3A,Kyle Smith,555-687-2471,76ce3f3a-5d4@example.test,805 Cristina Manor Suite 869,Leemouth,MN,45411,4a2677ad39581888,43785,649,18 May 2026
CUST-EF09792E,Erica Hill,(555) 194-1976,ef09792e-b62@example.test,54904 Johnson Mountain Apt. 059,Prattmouth,CO,32175,81ae2001a4482626,73559,673,14 Jun 2025
CUST-6DE8D6F0,William Ramos,(555) 321-0878,6de8d6f0-081@example.test,56660 Morgan Turnpike,Port Rachelview,SC,20274,4598e70a76ba2557,53665,656,12 Mar 2025
CUST-DA71386F,Barbara Wheeler,555.733.8058,DA71386F-21F@EXAMPLE.TEST,15134 Ellis Key,Simpsonfurt,UT,56553,bbc65a1e9beee425,39241,760,22 May 2025
CUST-1189B87F,Brittany Moran,555.277.7460,1189B87F-584@EXAMPLE.TEST,1 Corporate Plaza,Springfield,IL,62701,867dfa40ca0831ce,51010,658,28 Dec 2025
CUST-9B509CA3,Regina Gibson,555.916.2643,9b509ca3-410@example.test,0002 Pena Centers Apt. 136,Whitehaven,NH,44900,c82e0a0253c84beb,64038,711,25 Nov 2025
CUST-37608B4E,Kathleen Rodriguez,+1 555 039 1722,37608B4E-67A@EXAMPLE.TEST,6569 Washington Run,Port Billy,MT,58670,57589b5b47deaec3,53671,697,26 Apr 2026
CUST-9A6B9EDD,Colleen Cisneros,555-485-1986,9a6b9edd-be4@example.test,1 Corporate Plaza,Springfield,IL,62701,e43e7983292b7f8a,46157,686,20 May 2025
CUST-07043A5C,Patrick Hart,N/A,07043a5c-989@example.test,728 Garcia Divide,West Travis,IN,19490,5137828b9e4f0de4,39282,647,12 Mar 2026
CUST-DA8FE476,Molly Nelson,555-141-9271,da8fe476-c4d@example.test,5056 Stephanie Motorway Suite 700,Spencerview,MH,80565,d1e32411d43b66d2,47316,761,04 Aug 2025
CUST-79CAEED4,Amanda Chen,(555) 723-2554,79caeed4-f69@example.test,55953 ANDREW FLAT SUITE 382,South Robertburgh,NV,37525,446dc6b559829ba1,25595,685,16 May 2026
CUST-538727CB,Cynthia Lawson,(555) 683-8540,538727cb-7d2@example.test,550 Timothy Estates,Port Claudiaborough,PA,77387,e9048121a4195e69,61025,789,29 Jan 2025
CUST-A1317E22,Crystal Moss,(555) 538-6404,a1317e22-c4c@example.test,659 Daniel Mountains,Port Ryanstad,NE,55593,fc8529d17e269e69,44613,637,23 Mar 2026
CUST-CFFAE536,Abigail Hinton,555-737-4365,cffae536-6ed@example.test,30843 Bryce Ridges Apt. 392,Oconnormouth,RI,67516,409903182d13ca18,70470,801,26 Mar 2026
CUST-21B1E35B,Hannah Martin,+1 555 372 9203,21b1e35b-e51@example.test,9868 Valerie Corner,Karichester,PW,90330,2e6480cf0e403555,29693,573,02 Apr 2026
CUST-564F707E,Tracy Davis,+1 555 171 7994,564f707e-6a1@example.test,4934 Erin Island,Andrewmouth,HI,23425,a596ed1fee5c0aa2,23833,642,06 Jun 2026
CUST-DEFC627F,James Morales,(555) 051-3545,defc627f-554@example.test,8334 Gutierrez Points Apt. 108,Lake Kimberly,SD,14574,55eaffbab5b73536,42095,675,31 Dec 2025
CUST-EA62B65E,Sara Young,(555) 652-3987,ea62b65e-e4d@example.test,0548 Anthony Place,West Lynnstad,FM,32868,208e6c9d588e138e,79599,605,30 May 2025
CUST-1ED946C0,Craig Miles,(555) 852-3188,1ed946c0-5fc@example.test,224 Bianca Lodge,Timothyfurt,NC,82340,177af114f4b5bab1,"$71,917",562,12 Nov 2025
CUST-D586FD07,Mrs. Tina Moon,+1 555 274 9288,d586fd07-f12@example.test,955 Dunn Pines Apt. 251,Port Kara,AS,78676,4e8102a718843d4f,"$59,786",701,09 Jan 2025
CUST-64A5873F,Travis Clark,555.816.2930,64a5873f-568@example.test,029 Shelton River Suite 585,West Johnville,UT,71490,7ba6fb1aee3982c7,63126,711,26 Jan 2026
CUST-4704E97E,Rebecca Rivera,555.386.5757,4704e97e-8d0@example.test,69142 Bethany Street Suite 224,Lake Jeremyview,DE,29339,e5be40d9352f3f56,52346,606,25 Apr 2026
CUST-8EBAAAF2,Sharon White,555.540.9034,8ebaaaf2-db2@example.test,4852 Crawford Brook,Russellmouth,NH,27447,04a99aa914995a9a,53097,677,20 Sep 2025
CUST-60532134,David Young,555.457.6441,60532134-d1a@example.test,45013 Erin Summit,Greenmouth,CA,29188,9d9d6848e002388f,41859,629,08 Oct 2025
CUST-BA49E4BF,Corey Campbell,(555) 057-4785,ba49e4bf-6a8@example.test,5727 Fox Drives Apt. 079,East Jeremy,MP,30686,545252e993f0467d,34452,680,20 Feb 2025
CUST-602C5F47,Megan Phillips,555-264-0266,602C5F47-4B8@EXAMPLE.TEST,8766 Watson Walks,East Aaron,MT,16110,811996605048876e,125437,750,07 May 2025
CUST-063E62CA,Laura Graves,(555) 520-8497,063e62ca-3a7@example.test,317 SANDOVAL VILLAGE,Snowville,NY,65566,5f159b4086fbc4f1,24464,651,27 Nov 2025
CUST-F52E49AE,Ashley Gomez,555-067-0878,f52e49ae-7ab@example.test,27285 Santiago Mission,New Lukestad,HI,32629,f7addc3c47dfec7e,116256,595,28 Jan 2026
CUST-81D19B1C,Craig Harris,555-024-3638,81d19b1c-78c@example.test,921 Scott Lights Suite 272,Selenatown,NC,53972,a47caf273d7cd803,66748,623,06 Jan 2026
CUST-A0DFF852,Laura Ward PhD,555.147.3849,a0dff852-54f@example.test,564 Rachael Well,Lake Carolineview,KY,84884,6129b45d558b6064,97260,711,10 Mar 2026
CUST-74FB8AD7,Joy Briggs,555.498.9839,49f2b10b-699@example.test,74047 Davis Valley,Lake Lisa,TX,23981,e65f0c947b4458a5,"$36,956",662,19 Sep 2025
CUST-9EF7CE29,Sean Forbes,555.887.9069,9EF7CE29-423@EXAMPLE.TEST,5842 Mejia Spring Apt. 430,West Nancy,NH,90527,3c9daf5882d564ed,"$77,554",641,09 Feb 2025
CUST-6FFCAD6C,Maria Mccann,555-852-1238,6ffcad6c-090@example.test,297 Stacy Port,Laurieport,MD,25725,6f664e0f12cd661b,"$66,975",651,22 Sep 2025
CUST-65EC574C,Rick Clark,555.997.5112,65EC574C-12B@EXAMPLE.TEST,270 Rosales Track,East Kevin,HI,69299,6806336d9b0848a6,112916,653,19 Feb 2025
CUST-64F6D91B,Elizabeth Russell,555-773-2998,64f6d91b-122@example.test,097 Jacqueline Glens Apt. 612,Lake Sarah,FM,73321,e7ccbf8d37586ad8,60486,654,23 Jan 2025
CUST-8FA08134,Andrea Roy,+1 555 736 7317,8fa08134-4b9@example.test,4464 Horton Cape Suite 758,Lake Theodoreside,MP,16806,ea8d2f4967ec7f40,54636,687,14 Jan 2025
CUST-F7CBE6CE,Michael Bowers,(555) 736-1618,f7cbe6ce-1c9@example.test,286 Susan Forges Apt. 350,Hillton,AL,43048,ddb606ca92afe4bf,27894,644,29 Aug 2025
CUST-D7D71605,Jennifer Adkins,555.033.7727,d7d71605-b79@example.test,0623 Guzman Turnpike,Lake Brandon,ND,21710,b567d2047e69f955,51100,567,06 Feb 2025
CUST-A82A4C98,Terrance Davies,555-490-4129,a82a4c98-781@example.test,5615 Acevedo Lane,Lake Shanetown,PR,24354,ea6eb527caa604f5,32895,699,15 Jul 2025
CUST-CBFFA272,Ryan Calderon,(555) 841-1675,CBFFA272-46F@EXAMPLE.TEST,99256 David Parkways Suite 260,Justinfurt,WI,12967,61e75d11c36313e8,48059,623,08 Apr 2026
CUST-F3C12029,Christopher Bruce,555.344.8124,f3c12029-b21@example.test,21202 Heather Ports Suite 415,Amyville,ND,42978,55b7443c96b79836,24625,737,04 Jul 2025
CUST-D7A5F2D6,Richard Johnson,+1 555 776 8109,d7a5f2d6-5e9@example.test,38316 Thornton Mall,West Rachael,IL,68082,e71a4dac82414cc5,82004,731,14 Jun 2025
CUST-1626B7D5,Sergio Williams,555.017.8690,1626b7d5-887@example.test,58623 Neal Mountains,North Hannahside,FL,17773,54a3bf46542efca0,120706,775,25 Mar 2026
CUST-64227DB5,Megan Reese,(555) 314-4461,64227db5-eb7@example.test,932 DENNIS DAM,Willieville,MO,11494,1fa8b98d04e57dfe,29455,593,15 Jan 2026
CUST-1BCD6214,Victor Cox,555-097-1478,1bcd6214-2db@example.test,976 Patterson Dale,South Luis,DC,27237,07015fb5fe0722bd,38880,687,03 Mar 2026
CUST-4FEA5EC1,Kyle Valenzuela,555-162-1815,4fea5ec1-1e3@example.test,247 BRUCE LAKES SUITE 262,Jameshaven,AL,13703,c5b053e25d47c2fb,48144,544,06 Feb 2026
CUST-F214D977,Anthony Tate,+1 555 632 4116,f214d977-263@example.test,302 Morgan Corner,Wendymouth,PR,27253,2a38d6ededc471e0,71087,741,10 Nov 2025
CUST-39C9CDEA,Walter Williams,+1 555 865 5895,39c9cdea-8b1@example.test,2537 Miller Forest Suite 062,New Alisonshire,DC,41637,436378b39e8c2486,"$145,895",683,29 Sep 2025
CUST-8B8A7293,Richard Bautista,555.344.2584,8b8a7293-7c6@example.test,943 Anderson Passage Suite 752,Lake Anthonyside,NY,50037,acf71e7cab74f7d9,56537,682,19 Jun 2025
CUST-3C621BFE,Danielle Henderson,N/A,3C621BFE-8C6@EXAMPLE.TEST,01209 Hartman Vista Apt. 694,South Ryanfort,PR,82685,809389cb815575fc,"$120,540",702,22 Apr 2026
CUST-E3C6420C,Ronald Sullivan,555.106.4387,e3c6420c-97b@example.test,7935 JOHN TUNNEL APT. 154,Larryside,OK,27208,54e7337587d8a3b4,"$85,821",660,06 Oct 2025
CUST-D4CDDD59,Timothy Rice,(555) 074-0416,d4cddd59-126@example.test,7509 Peck Square Apt. 973,South Jennifer,OH,69997,104642100a2d4216,"$70,695",704,02 Jun 2026
CUST-00AF617D,Gabriel Curry,555-483-1937,00af617d-207@example.test,56643 Sanchez Views,North Davidmouth,CT,79003,2ac9ee5a9bd6bf04,60080,696,14 Jun 2025
CUST-9EF5F7A8,Tara Farmer,555-189-9398,9EF5F7A8-46F@EXAMPLE.TEST,98568 Amber Stream,Cruzfurt,MI,24872,d329b70a14d7b6fd,"$70,215",729,20 May 2026
CUST-2D182BEF,Samantha Sullivan,(555) 146-8279,2d182bef-acf@example.test,51909 Allison Ferry Suite 399,Moodybury,PW,26809,2de7bc389b901382,"$58,165",683,21 Apr 2025
CUST-68909FBC,Sheri Peterson,+1 555 471 3879,68909fbc-9c4@example.test,1486 DEBORAH FOREST,Port Duaneland,ID,80552,ac8fc1d5a425e4ed,47489,592,29 Jun 2026
CUST-1BF1FAC7,Mindy Mccoy,555-367-0659,1bf1fac7-40b@example.test,36755 Gallagher Fall,Lake Brian,KS,95364,4a9afb16be65ea6a,"$114,206",671,29 Jan 2026
CUST-0C895EA5,Jose Davis,555-841-9857,0c895ea5-88b@example.test,7843 Valdez Glens Apt. 020,Samuelfort,AR,89989,8f4bd688d0ed22b5,45897,522,13 Jun 2026
CUST-5BB52CB4,Raymond Sloan,555.489.8060,5BB52CB4-E0F@EXAMPLE.TEST,1 Corporate Plaza,Springfield,IL,62701,e365fa19789801da,"$45,458",536,28 Sep 2025
CUST-D6E40655,Savannah Blair,(555) 208-6583,d6e40655-91e@example.test,1 Corporate Plaza,Springfield,IL,62701,df69cd5520c2acd2,87829,632,25 Jan 2026
CUST-DC2C89E2,Leah Harris,(555) 519-9489,DC2C89E2-4E6@EXAMPLE.TEST,17968 Danielle Views Suite 882,Lake Dawn,NJ,13306,e1d721c439dfbde7,29427,695,22 Oct 2025
CUST-1C1E8B6F,Brittany Williams,555-836-2078,1c1e8b6f-de0@example.test,1 Corporate Plaza,Springfield,IL,62701,da09bf70fb09ba36,33036,733,07 May 2025
CUST-B229E682,Brenda Lee,N/A,1a8c2bd2-c97@example.test,2195 Lori Harbors Suite 830,Toddfurt,WV,28731,c736b585cda1ad37,84013,809,22 Apr 2026
CUST-54472DF1,Stephen Howell,+1 555 985 9326,54472df1-c10@example.test,0283 Caleb Fork Apt. 180,Lorettaport,ND,48786,57020508ef8e91f6,44797,666,29 Jul 2025
CUST-A52C972B,Tyler Pugh MD,+1 555 560 9117,a52c972b-faf@example.test,87266 TORRES CAPE,Georgehaven,AS,12408,4f97719bc806f283,"$30,258",652,04 Feb 2026
CUST-572EB635,Jodi Miller,555.363.2090,572EB635-185@EXAMPLE.TEST,09976 Adam Trace Suite 661,West Theresa,TN,42923,beeafc38d409a364,38707,696,02 Jun 2025
CUST-EF163A07,Darren Delgado,555-722-5046,ef163a07-1dd@example.test,1839 Jesse Meadows,South Jacquelinehaven,MS,43088,b1a3d100badd6164,"$22,839",602,05 Feb 2026
CUST-DCB0B4B3,Mary Gonzalez,+1 555 439 4729,dcb0b4b3-c03@example.test,6181 Smith Vista Apt. 966,Myerston,WI,28375,3c1b2fe78fac19b6,52618,809,07 Jan 2026
CUST-4186CB48,Kenneth Buckley,(555) 174-8372,4186cb48-14f@example.test,6362 Cameron Overpass Apt. 135,Allenmouth,SC,96497,0b8af6c972cfe677,"$34,782",728,21 Jan 2026
CUST-4DAB8C33,Ashley Schmidt,555.941.0383,4dab8c33-d50@example.test,7782 Sandra Isle Apt. 497,East Angela,WA,27569,f62a244a8abc82cc,43507,814,20 Apr 2025
CUST-74EB7EBE,Justin Perez,+1 555 804 4361,74eb7ebe-5bd@example.test,532 Brittany Lodge Suite 905,Bryanside,AK,44611,fad61dcd686fc225,"$32,653",569,16 Jan 2025
CUST-7265D7DD,Jason Sherman,N/A,7265d7dd-d7e@example.test,562 Rachel Mountains,Fitzpatrickshire,MN,48865,d4ca358b72a5986a,20736,732,08 Apr 2025
CUST-40B93A6D,Danielle Bradford,555.720.0322,40b93a6d-af6@example.test,1947 Amanda Walk,Port Matthew,FL,16562,00a015c8095f1fed,59245,705,24 Jan 2026
CUST-3D17B9B9,Tyler Henson,(555) 643-3227,3d17b9b9-c71@example.test,5699 Katelyn Haven,Port Ashleystad,VA,85631,77327c55e2b5b860,21245,686,03 Jun 2026
CUST-85B2D947,Erica Bates,555-817-9185,85b2d947-51c@example.test,04178 Melissa Mountains Apt. 852,Deniseberg,ID,70108,b0f941ace15fe88d,40665,609,19 Aug 2025
CUST-A2015BE1,Jason Ortega,+1 555 009 7855,A2015BE1-594@EXAMPLE.TEST,142 Veronica Mount,Samanthachester,MA,89649,c52be2825ae965cd,189807,685,08 Sep 2025
CUST-4DB316F4,Leah Williams,+1 555 981 5608,4db316f4-f03@example.test,60410 HARRIS DAM APT. 435,Lake Christopher,NC,55352,5eda5864db310e3a,35252,644,25 Apr 2025
CUST-5B6B2A55,Jonathan Christian,555.664.2879,5b6b2a55-07c@example.test,1 Corporate Plaza,Springfield,IL,62701,64ab9b789615a74a,76576,675,18 Mar 2026
CUST-CC885834,Ronald Martinez,+1 555 215 5533,cc885834-dbf@example.test,12223 Estrada Walks Suite 376,Mariestad,PW,50929,77c2ceea4c71997f,89768,697,13 Jul 2025
CUST-63732716,Gerald Tran,555.277.5784,63732716-054@example.test,9270 Tara Haven Apt. 555,Snydertown,FL,42949,30d80abd27c3a38f,82875,697,10 Apr 2025
CUST-532389CC,Rachel Burton,(555) 551-5103,532389cc-d8c@example.test,451 Johnson Plains,East William,TX,23234,096754551857c509,"$56,493",713,13 Apr 2026
CUST-4F701955,Breanna Martinez,555.228.9674,4f701955-32e@example.test,54870 Graham Crossroad,Andersonhaven,MA,94301,e84073e7b41e13f7,"$44,904",561,19 Oct 2025
CUST-02541B38,Glenn Lee,(555) 405-0392,02541B38-C1A@EXAMPLE.TEST,4568 Dawn View,North Nicole,TN,63721,091934acf5ff12b8,18206,696,24 May 2025
CUST-DD17662A,Michelle Brown,555.548.9497,dd17662a-824@example.test,05085 Hamilton Skyway,Hallshire,WI,70055,b8bedd5fc4ce920d,77057,748,23 Apr 2026
CUST-00A5A17E,Joseph Townsend,555.315.9353,00a5a17e-1da@example.test,53823 Allen Point Apt. 187,North Charlesburgh,GU,24241,66c93d151513fb3a,82232,646,02 Jan 2025
CUST-EB777ADB,Heather Salas,555.309.6798,eb777adb-b80@example.test,0370 James Field Suite 722,Christinaland,MN,80744,8a0b997beb2c923c,68510,797,04 Feb 2026
CUST-E32FCAC4,Eric Warner,+1 555 735 3583,e32fcac4-734@example.test,178 HART VALLEYS,Donnahaven,MP,27647,2866de02bd0329b5,"$24,925",609,27 Jan 2025
CUST-4ECB4CE3,Laura Santos,(555) 831-3679,4ecb4ce3-930@example.test,9793 Delgado Island Suite 042,Lake Allisonstad,FL,59957,0ee47a4fc19057f0,"$53,465",670,09 Jun 2026
CUST-E30D16C2,Theresa Burton,555-012-5870,e30d16c2-53d@example.test,44446 JENNIFER WALK,Jamesside,MA,92283,85bdcf22e134a782,45270,782,31 Jul 2025
CUST-9B4530CA,Dr. Jeremy Young MD,+1 555 920 0818,9B4530CA-23A@EXAMPLE.TEST,31723 Santiago Prairie Suite 208,New Troyview,WV,86085,a87bb4b6feb5fcde,49467,617,17 Dec 2025
CUST-D8A23B64,Drew Parker,+1 555 945 3169,D8A23B64-34E@EXAMPLE.TEST,167 Small Hollow Apt. 668,West Joshua,TN,34846,15326a5dd6ff2858,24885,661,22 Jan 2026
CUST-9C5C892E,Michael Williams,555.945.1938,9c5c892e-932@example.test,4464 Horton Cape Suite 758,Lake Theodoreside,MP,16806,e3e6258f1f9fa9bd,"$113,037",632,02 Feb 2025
CUST-CF49033E,Christopher Andrews,555.017.6858,cf49033e-14d@example.test,949 Thompson Unions Suite 119,Lake Mathew,IN,78984,d836d63b868f3753,54184,648,05 Mar 2026
CUST-EDC34B14,Troy Allison,555-216-1303,edc34b14-aee@example.test,90209 Lewis Terrace Suite 762,Lawrenceburgh,LA,51475,817a1a8dbc161ba2,28804,603,03 May 2025
CUST-93814E0F,Mark Fletcher,555-873-8826,93814e0f-aa6@example.test,1478 Mejia Shore,North Susan,AS,30571,c984dd7f9ef30219,60475,760,06 Feb 2026
CUST-E93901FF,Jessica Conrad,555.282.9712,e93901ff-b34@example.test,773 Gutierrez Hollow,East David,KS,10098,eabcc2a17a5439a8,72276,649,23 May 2026
CUST-3C3306C8,Emily Smith,555-386-4555,3c3306c8-f7c@example.test,6981 Sarah Branch,Simonstad,OK,30147,e0740a1b441d714e,28038,771,18 Dec 2025
CUST-F7DCAB74,John James,555-499-0232,f7dcab74-837@example.test,9904 Maria Lodge Suite 146,South Rachel,RI,86738,fb47d7d3412fcc80,"$16,090",605,17 Jun 2025
CUST-3216CEA8,Heidi Guerrero,555-501-4651,3216CEA8-E41@EXAMPLE.TEST,377 Pennington Falls,South Bradley,WV,37730,4979556930eb3a04,"$24,856",673,12 Oct 2025
CUST-8E59DDB5,Margaret Campbell,+1 555 200 5722,8e59ddb5-f68@example.test,78222 Ronald Roads,South Jennifer,NM,24703,e3c2d1fdf59afed0,221042,634,07 Jun 2025
CUST-52DF527C,Roger Wallace,555.900.1634,52df527c-640@example.test,713 BENNETT PIKE SUITE 489,West Samantha,OK,24479,b0055d5c9822f1e8,32229,679,29 Jan 2025
CUST-CACB25B3,Amy Miles,(555) 092-3141,cacb25b3-076@example.test,51641 Sanchez Drives Apt. 465,Lake Williamburgh,OR,70846,1cef5b966b9586d8,40270,669,03 Feb 2025
CUST-C3E8528C,Jodi Brown,555-619-6067,c3e8528c-b91@example.test,9909 Nancy Greens Apt. 523,Christopherchester,AZ,59212,105172b6d18e2275,"$170,894",754,01 Aug 2025
CUST-ADEC4543,Ashley Roberts,555.120.6407,adec4543-36a@example.test,9986 Kelsey Valleys,Jeffreytown,AK,82316,002f5ad555ce15b1,131364,713,10 Oct 2025
CUST-74ADCC0B,Stephen Bennett,(555) 777-7437,74adcc0b-1ac@example.test,28763 Karen Light Suite 122,New Karen,TX,25733,014eedfb38dbfd5b,60753,700,29 Sep 2025
CUST-630FE44F,Donna Garcia,+1 555 080 3427,630fe44f-073@example.test,86825 Barrera Brooks,Port Jamesfort,MO,92564,d51462154f150310,91050,621,29 Aug 2025
CUST-C5BC2DCE,Jordan Flores,(555) 705-2140,c5bc2dce-64c@example.test,962 John Union,South Michaelbury,VA,20417,6cb007e020beb7b1,70003,613,05 Jun 2025
CUST-028319EF,Samantha Mejia,+1 555 218 5922,028319EF-0F5@EXAMPLE.TEST,80011 Joseph Estates Apt. 999,Moniqueland,MS,69191,f2169fdac124f627,"$79,473",686,11 May 2025
CUST-E06D17D1,Elijah Perkins,555-495-8585,e06d17d1-722@example.test,89171 Rachel Lakes,Sheatown,ID,52733,2662bdab20d2f69d,30962,709,06 Apr 2025
CUST-AC6FA42C,Jason Fisher,N/A,ac6fa42c-630@example.test,890 Schroeder Ports,New Nathanfort,PA,74119,fa6dc12ea0f03fee,32620,722,15 Mar 2025
CUST-3832A1D0,Lauren Khan,555-072-9360,3832a1d0-fd5@example.test,39756 Brittany Camp Suite 569,Petersonbury,NH,78178,04ff5021964ad2a5,48858,757,06 Jun 2025
CUST-13556AC6,Terri Ray,555-119-3925,13556ac6-af4@example.test,3722 Melissa Spurs Apt. 840,Port Julialand,NJ,35734,8547f557f6a66146,27403,674,10 Mar 2026
CUST-60D31A4F,Andrea Washington,555.683.9002,60d31a4f-91f@example.test,38855 Hunt Shores,Riverafort,WA,47252,0289940f76eff035,32625,656,08 Jan 2026
CUST-4A3745E0,Lisa Watson,555.797.3716,4a3745e0-478@example.test,118 Ward Neck Apt. 900,West Shawnview,WV,32149,c5fada990419bf05,70788,592,22 Jan 2026
CUST-756D9634,Elizabeth Johnson,+1 555 733 3961,756d9634-797@example.test,561 Victoria Key,Leebury,HI,46445,704af733f397c0d3,43171,599,19 Oct 2025
CUST-4F2AAE60,Jesse Anderson,(555) 415-9301,4f2aae60-971@example.test,1 Corporate Plaza,Springfield,IL,62701,f5f9fc65a935a9e7,64814,644,24 Jul 2025
CUST-56E62B6B,David Mercado,555.633.1970,56e62b6b-67e@example.test,8822 Amy Vista,Lisaview,VI,11560,a0aa33a8b4bed932,33703,737,24 Apr 2026
CUST-2A2610FB,Misty Richards,555-100-5210,2A2610FB-AB1@EXAMPLE.TEST,23220 Aguilar Grove Suite 588,Port Christopher,MS,46734,f69a61567728fd6e,98916,633,10 Apr 2026
CUST-34C36F07,Greg Dyer,(555) 221-4456,34C36F07-721@EXAMPLE.TEST,97448 Willie Overpass,West Craig,NC,40898,4b880f3651dda11c,51291,689,11 Oct 2025
CUST-CF6B3CBE,Kelly Golden,555.098.2563,cf6b3cbe-b4a@example.test,077 Christopher Vista Apt. 379,Liuland,VA,33322,5ff41fadf91a1c29,51867,682,25 May 2026
CUST-319B7550,Amanda Wilcox,(555) 336-2505,319b7550-b2f@example.test,37743 Jimenez Estate Suite 644,Robertsonborough,TN,44845,39de8bfcfa264c52,29742,494,07 Apr 2026
CUST-840792CD,Elizabeth Tucker,555-250-9040,840792CD-3DE@EXAMPLE.TEST,071 Jim Glen,Walkershire,GA,11572,a0aaa8d9914c346e,52345,606,22 Sep 2025
CUST-A40DB3C0,John Lawrence,555.786.2147,a40db3c0-a8b@example.test,7301 Rebecca Ferry,Adamchester,NY,77212,e0ff92c695dfe487,28427,614,08 Jul 2025
CUST-E95D89F1,Timothy Elliott,(555) 359-7913,e95d89f1-613@example.test,629 JOSEPH MOUNTAIN,Lukebury,PR,22151,793c7d78eef3096d,60942,579,14 Jul 2025
CUST-8128DB7C,Wendy Mullins,555-809-2415,8128db7c-700@example.test,1 Corporate Plaza,Springfield,IL,62701,727c742de011233f,47262,813,21 Mar 2026
CUST-C6D9A45F,Sally Vance,N/A,c6d9a45f-aa7@example.test,742 Houston Light,Beardchester,ME,28384,7a55a2cc228a40b2,250000,664,25 May 2026
CUST-01EC9537,Jeremy Dixon,555.258.0851,01ec9537-410@example.test,21384 Rhonda Stream Suite 885,Joneschester,NV,96189,9227bd71301ef06b,81393,663,02 May 2025
CUST-6FF1CB83,Mrs. Lisa Ramsey,555.591.5486,6ff1cb83-267@example.test,7615 Weaver Locks Apt. 328,Jonathanport,CT,40323,53c11f115328d261,"$43,206",709,07 Jun 2025
CUST-9633D043,David Brown,+1 555 220 9503,9633D043-4F3@EXAMPLE.TEST,30506 Smith Stream,Melissabury,GU,21950,a623b61ca0040214,61865,828,24 Dec 2025
CUST-26F3B17B,John Martin,(555) 892-5737,26f3b17b-646@example.test,5708 Felicia Passage,New Reneebury,OR,47999,202cf45ebb61197c,62268,715,28 Feb 2025
CUST-E4643772,Michelle Adams,+1 555 308 1028,e4643772-eef@example.test,03538 Baker Branch Suite 934,Sarahton,MD,12959,139d91c49df50f3e,"$55,403",811,01 Jan 2025
CUST-0BCC07E5,Eric Acevedo,(555) 952-8060,0BCC07E5-B70@EXAMPLE.TEST,98566 Herrera Creek,Annettechester,HI,98922,2fc87d3c2c829d3c,109378,671,23 Jun 2025
CUST-F5C335CC,Lauren Ayers,555-655-4580,f5c335cc-292@example.test,56565 CAITLIN FREEWAY APT. 772,Johnsonborough,OH,24608,24c1582c621b4ce4,"$53,681",631,27 Apr 2025
CUST-FC0BDDB3,Julia Miranda,+1 555 390 8401,fc0bddb3-628@example.test,12536 Andrew Keys,North Brentberg,IL,11235,0a7b50462d0f5cd9,53281,694,17 Dec 2025
CUST-EC5D0C9C,John Watson,555.852.3431,EC5D0C9C-46C@EXAMPLE.TEST,485 Julie Spur,Simpsonhaven,DC,77724,c368c7f754aeba76,127799,659,01 Jul 2025
CUST-A361B0E0,Wendy Short,555-050-1838,A361B0E0-966@EXAMPLE.TEST,33647 John Mountain Apt. 361,South Christopher,TX,13081,2d0f95d691517b2f,"$42,504",644,09 Feb 2026
CUST-9915C32F,Richard Nelson,(555) 637-3405,9915c32f-9d2@example.test,1 Corporate Plaza,Springfield,IL,62701,16c29eb26723c51b,21165,660,04 Mar 2026
CUST-A0730ED9,Danny Soto,555.789.3415,A0730ED9-BED@EXAMPLE.TEST,6808 Simpson Curve Apt. 249,West Stacy,IA,76958,6ad9c3e51a27c46c,52388,669,24 Nov 2025
CUST-3D3BC3B8,Brandy Vincent,N/A,3d3bc3b8-618@example.test,1 Corporate Plaza,Springfield,IL,62701,4ad175fcdd68f74f,54547,640,27 Jan 2026
CUST-9DC8781B,Edward Eaton,555.645.5061,9dc8781b-446@example.test,64555 Patrick Expressway,Ericbury,PA,19905,43c382c4cb9a1ff5,32930,576,17 Feb 2026
CUST-D1458615,Angelica Beasley,+1 555 680 4328,d1458615-74b@example.test,7782 Sandra Isle Apt. 497,East Angela,WA,27569,baaf2af32b9f1f64,46915,709,14 Feb 2025
CUST-070E8656,Keith Fuller,(555) 417-1049,070e8656-4ef@example.test,549 John Way,East David,AK,87721,048f9e648abac4f2,59505,759,22 Jun 2026
CUST-DF697B29,Brenda Allen,555.696.4317,df697b29-44d@example.test,748 Gregory Hill,Allenland,ID,68888,18feb41489a8477f,48133,722,22 Jan 2025
CUST-F29FBB7A,Sarah Cruz,555-499-0232,f29fbb7a-14d@example.test,019 Alison Mountains,West Shelleyport,AR,78310,fb47d7d3412fcc80,33413,688,30 May 2026
CUST-0C16CB37,David Baldwin,+1 555 587 2630,0c16cb37-b0c@example.test,7356 Walker Track Suite 063,East Darlenefort,MS,40577,14fd346031c0f9a9,28591,642,27 Jan 2026
CUST-1F4F6AE7,Kimberly Davis,555-729-7121,1f4f6ae7-c37@example.test,1 Corporate Plaza,Springfield,IL,62701,c69036135a46ef8f,30185,706,29 Jan 2026
CUST-C03A4440,Javier Flores,+1 555 154 4741,c03a4440-4eb@example.test,850 Cynthia Canyon Suite 990,Melissabury,OR,38837,40175a808caf0cd8,60990,737,18 Sep 2025
CUST-DE747C46,Samantha Mckee,+1 555 751 4895,de747c46-379@example.test,1 Corporate Plaza,Springfield,IL,62701,8e57f8e018ec572e,52378,705,17 Feb 2025
CUST-1753EBC8,David Savage,(555) 481-2031,1753ebc8-0d4@example.test,21544 WILLIAMS FALL,Debraborough,IL,70444,322e5e20eafa8bc3,27859,694,07 May 2026
CUST-ED921F3F,Gregory Diaz,555-698-7426,ed921f3f-65c@example.test,08379 Wanda Pass Apt. 156,North Jonathanfort,SC,82210,3e1cc9c67ff9ede3,48620,638,27 Dec 2025
CUST-109AC19A,Melinda Mcintyre,+1 555 441 9626,109ac19a-803@example.test,472 Donald Lake,Leeton,MH,85548,7138f10fce29cfb2,"$28,388",717,18 May 2025
CUST-61987494,Carrie Parker,(555) 762-1869,61987494-feb@example.test,8334 Gutierrez Points Apt. 108,Lake Kimberly,SD,14574,b27e54b8bf6499e9,"$161,846",603,07 Jan 2026
CUST-27B0E3AC,Maria Mitchell,+1 555 536 9209,27b0e3ac-222@example.test,9273 Lee Coves,Port Danielview,MD,67576,5dbf52e1b9ab1e85,84184,700,21 Mar 2025
CUST-D9256DEC,Tonya Rivera,555.326.5245,d9256dec-eb2@example.test,5842 Jones Skyway,Woodberg,NH,29941,a23ca57fb2aab683,35457,737,02 Jan 2026
CUST-9E075245,Katie Clark,555.708.3164,9e075245-28a@example.test,3248 Tina Forest Apt. 170,Lake Jessica,VT,70623,91bd8c20733761ca,77435,688,05 Jun 2025
CUST-883070F8,Dillon Adkins,+1 555 989 8282,883070f8-d71@example.test,4615 LOPEZ BRIDGE,Erinfort,MP,85693,74455a3cd7e0e411,86140,760,27 Apr 2026
CUST-4787814F,Joel Jackson,+1 555 620 2901,4787814f-ae7@example.test,3039 BAILEY SQUARE,Richardview,GA,37880,2cd5d5a36396b2a6,83265,738,06 Sep 2025
CUST-3912E91D,Justin Ward,555-760-9410,3912E91D-8B9@EXAMPLE.TEST,53696 Nicholas Mount,Ashleyfurt,AZ,35127,562ca6cb0ac8f7bf,"$74,392",645,27 Dec 2025
CUST-E25CFCB0,Bonnie Lane,555-462-1637,E25CFCB0-9C3@EXAMPLE.TEST,783 Bryan Trail,Tiffanyview,OH,47709,3b1546c3de340cd8,67771,655,04 Dec 2025
CUST-1214F689,Linda Turner,(555) 638-1313,1214f689-989@example.test,9524 Howard Curve,New Jessica,VA,75159,196b241fd7bc4e20,54286,691,20 May 2025
CUST-D1E912F4,Michael Kim,(555) 058-7853,d1e912f4-484@example.test,147 Walker Park,Adamtown,GA,23962,f2808cd9202e840e,49168,577,26 Dec 2025
CUST-3C89F7E9,Tony Warren,555.255.9650,3c89f7e9-236@example.test,618 Dennis Village Apt. 092,Garrettshire,TN,81062,fc5379528df1e5b7,"$27,107",698,12 Jun 2026
CUST-8991A5FF,Brittany Rogers,555.218.7083,8991a5ff-c4c@example.test,84402 Brooks Club Suite 641,Williamborough,MI,32386,b9d89174b988e4e6,46073,550,09 May 2026
CUST-A0FD6B99,Tracy Walters,(555) 289-8579,a0fd6b99-de5@example.test,54862 Gonzales Light,Petersonfurt,MO,25694,484e607fb0e512ac,75596,686,26 Jun 2026
CUST-C8AC6D03,Paul Conner,555-645-0577,c8ac6d03-3e2@example.test,2990 Vaughn Trafficway,Brendafort,ME,71161,c38b2808a1dee499,115517,710,06 Jan 2026
CUST-927571C2,Heather Fowler,555.352.9302,927571c2-289@example.test,5805 Autumn Shores,East Kellyland,VT,97071,18dd1c68f67e0b06,48572,758,28 Apr 2025
CUST-C6EFFA92,Doris Stephens,555.712.0467,c6effa92-965@example.test,10596 James Ridge,Garciaview,HI,26518,be93b31bb93e0103,55316,585,28 Nov 2025
CUST-0B6333FD,Jessica Miller,555.719.2096,0b6333fd-b2d@example.test,6467 Paul Turnpike,Kimbury,ND,39827,271be1b9fac76568,"$52,007",739,29 Apr 2025
CUST-3E256D84,Kyle Harvey,(555) 268-6701,3e256d84-7d1@example.test,0374 Randy Row,Russellberg,AL,62814,25d9590fbf8cd498,103170,746,07 Feb 2026
CUST-B2D215DD,Richard Shepard,(555) 465-3022,b2d215dd-455@example.test,9698 Rebecca Orchard Apt. 780,Danieltown,OK,80426,c1df84efa803b1a3,34321,606,16 Dec 2025
CUST-68B6235B,Carmen Leach,555-543-2027,c799fc31-007@example.test,87248 Rita Forges Apt. 322,East Amy,IN,74489,27bd05e0addaac49,151633,762,03 Jun 2026
CUST-169CF0D6,Megan James,+1 555 767 0931,169cf0d6-d83@example.test,1432 Todd Pass Apt. 839,Walterborough,VT,54860,bde761abd9b8f143,33248,814,18 Oct 2025
CUST-DA9C6531,William Wade,555.517.6877,da9c6531-9f7@example.test,823 Gina Club Suite 061,New Amy,MD,24659,271be1b9fac76568,97963,675,09 Dec 2025
CUST-7EE887E0,Taylor Wright,555.172.4115,7ee887e0-31e@example.test,30091 Sullivan Ranch Suite 482,West Seanmouth,TN,11998,d7cb1909106b638a,65692,704,10 Mar 2025
CUST-BCA489EA,Pamela Williams,555-799-4248,BCA489EA-654@EXAMPLE.TEST,8866 Sherry Summit,Patrickview,MH,22193,aa433fc57e5c21fa,165666,658,06 Jul 2025
CUST-F9C02C90,Diana Sanchez,555-208-4959,f9c02c90-ece@example.test,92594 Kevin Forks Suite 767,South Stevenburgh,LA,51771,e88c2c03769a5049,95849,642,30 Apr 2025
CUST-C16DB420,Claire Beard,(555) 845-2237,c16db420-f2d@example.test,4032 Maddox Trail,Lake Patrickmouth,IL,20174,b3a1c0e532efe440,"$70,623",803,19 Jun 2026
CUST-BFFFFA6E,Edward Ramos,555.395.9192,bffffa6e-70b@example.test,9137 Stephen Motorway Apt. 190,Gordonstad,MD,82007,da0f5c812ed65628,65570,510,09 Jul 2025
CUST-D6E6DD0C,Charles King,555.525.2003,D6E6DD0C-FDD@EXAMPLE.TEST,2772 Perez Island Apt. 540,Port Jennifer,WV,71944,c4a8a137de8a1442,53220,575,26 Jul 2025
CUST-A38BD147,David Brown,+1 555 489 8060,a38bd147-e54@example.test,8752 Jason Falls,North Monica,FM,43555,c6e5250e78c53d44,"$48,300",609,24 Aug 2025
CUST-9DDBD389,Kerry Medina,+1 555 019 5311,9ddbd389-2a6@example.test,6785 Richard Park,Christinafort,AZ,44002,639f181f7b36170a,38602,637,20 Nov 2025
CUST-0B767708,Beth Gordon,+1 555 965 6976,0B767708-D35@EXAMPLE.TEST,929 John Spurs,Port Nicole,WA,52884,6c096d9ba6fbcdd9,"$19,123",751,16 Apr 2026
CUST-DF58BA13,Matthew Hart,555-727-2505,df58ba13-e0a@example.test,39481 Raymond Courts,New Barbara,PA,96598,a67f8edf35e74e19,"$71,556",706,27 Dec 2025
CUST-92A0D8FA,Timothy White PhD,555-848-6086,92a0d8fa-6c8@example.test,97417 ALLEN SHOAL APT. 113,South Sarahton,AZ,52297,30e203038e71ae23,18734,671,23 Jul 2025
CUST-10971824,Aaron Sutton,(555) 354-0865,10971824-7db@example.test,1047 Meredith Prairie,Murrayfort,FM,46311,2ac81e9fe63e9803,56638,766,25 Feb 2025
CUST-6B585C9F,Natasha Marshall,(555) 646-6586,6b585c9f-0d0@example.test,514 Kevin Extensions Apt. 930,Kimberlymouth,AS,34140,47ced4c7189d00a1,"$40,545",789,22 May 2025
CUST-240AFDD8,Michael Hines,555.554.5017,240afdd8-47d@example.test,58134 Jennifer Wells Apt. 882,Haroldburgh,SC,80570,600b3957887f2ee1,"$98,180",637,09 Mar 2025
CUST-E09458CE,Emily Dominguez,+1 555 982 0932,e09458ce-01b@example.test,31498 Leonard Lights,Haneytown,CA,48361,3e6844f2b78375dd,45266,640,06 Mar 2026
CUST-2D84B5D4,Bethany Rodriguez,(555) 202-7231,2d84b5d4-b42@example.test,1 Corporate Plaza,Springfield,IL,62701,4dc69d8c76ecfbd8,26136,732,26 Nov 2025
CUST-B9724BB2,Benjamin Allen,(555) 765-9070,B9724BB2-C38@EXAMPLE.TEST,1196 Hall Shoal,Hollandmouth,PW,42529,0c92931bc32ee163,15210,765,14 Oct 2025
CUST-E0682BC5,Melissa Johnson,555.234.5402,e0682bc5-e52@example.test,047 Chelsea Square,Davishaven,PA,29446,9d4892c2329189cd,"$79,112",665,11 Jan 2026
CUST-5EF54111,Linda Becker,(555) 023-3213,5ef54111-305@example.test,26443 Wells Island,Parrishview,ID,39012,5217cd701956ab83,92127,658,22 May 2025
CUST-B930AEB5,Deborah May,(555) 231-1662,B930AEB5-50A@EXAMPLE.TEST,71278 Sullivan Mountains Suite 836,Port Molly,AZ,55878,e8867e8d3d4ff104,36405,606,20 Mar 2025
CUST-3C47A6BC,Howard Smith,(555) 408-3285,3c47a6bc-d37@example.test,505 White Hills,Lewisside,ND,47149,00e4347d1ce2c6f3,60300,688,17 Apr 2026
CUST-BA17A4FD,Tony Douglas,555-292-4358,ba17a4fd-174@example.test,8519 Mcintyre Hills,New Amy,GA,86329,78128e3553be64e9,"$60,644",644,16 Dec 2025
CUST-59EB35DE,Ryan Lin,(555) 709-1449,59eb35de-f20@example.test,746 Smith Springs Apt. 887,Jacksonmouth,NE,22723,aa783dc0c627c5a2,"$80,411",509,05 Jun 2025
CUST-A5E43789,Ashley Andrews,(555) 123-7868,a5e43789-23f@example.test,233 Mckinney Bridge,Richardsonfurt,UT,77727,6fa78c80677260f4,"$20,569",798,01 Jun 2026
CUST-C1104B08,Christopher Hancock,555-414-1811,c1104b08-9e6@example.test,661 Karen Land Suite 242,Paulfort,AL,88152,ba4a9589987c9094,"$48,501",620,06 Dec 2025
CUST-4AB212D8,David Hernandez,555.402.2842,4ab212d8-cb7@example.test,5279 Taylor Village Apt. 413,Joyton,MD,66267,92d4e0795e50be49,41682,827,23 Dec 2025
CUST-9D935FCF,Christian Sherman,555.072.7977,9D935FCF-6F5@EXAMPLE.TEST,37350 Nelson River Suite 741,West Bridgetburgh,MO,41248,d4a99046f11c6a4a,47078,850,29 May 2026
CUST-1E9EC208,Tonya Harvey,(555) 281-2127,1e9ec208-1b4@example.test,879 Brian Meadows Suite 077,Bowmanfurt,KY,67922,65665a4473de8dc6,36247,643,08 Dec 2025
CUST-5C9C0F35,Susan Jimenez,555.713.0574,5c9c0f35-d16@example.test,552 Paul Bypass Suite 866,West Edwardshire,AS,44928,7ce6e4dbd0b59dcf,83201,728,17 Jan 2025
CUST-50EDA244,James Foster,(555) 683-9002,50eda244-da7@example.test,38855 Hunt Shores,Riverafort,WA,47252,3973c865c43e730f,113954,737,03 Apr 2025
CUST-B5A3CEF1,Kayla Bennett,555.098.7976,B5A3CEF1-9FE@EXAMPLE.TEST,397 Maria Lodge,New Meghanport,NM,44135,57c8afdbcefaae49,60053,715,14 Mar 2026
CUST-D7C74FF9,Charles Henry,555-198-5776,d7c74ff9-beb@example.test,0846 Kimberly Lodge,East Lawrenceburgh,NM,60753,55feef0b64b58892,53100,578,26 Jul 2025
CUST-6FE2F06F,Jodi Morgan,555-295-1991,6fe2f06f-110@example.test,15953 Matthews Freeway Apt. 588,New Ana,IL,40002,4c9904dbb5fb7aab,27012,678,11 Dec 2025
CUST-D7581AE8,Ruben Long MD,555.673.5542,d7581ae8-1f3@example.test,534 Brenda Road Apt. 045,Bakerport,GA,51390,a138b3fe326e2383,"$88,150",764,08 Oct 2025
CUST-D9708CB6,Carlos Carter,+1 555 545 7092,d9708cb6-9e6@example.test,68274 Amanda Plaza,Sarahborough,TX,29334,35d08d7b02df1d38,38676,701,07 Dec 2025
CUST-03A1612F,Michael Erickson,(555) 288-3974,03a1612f-c5e@example.test,06265 Khan Place,Smithchester,AZ,70711,99c90fdedbe7e767,66379,742,05 May 2025
CUST-27828216,Charles Fischer,N/A,27828216-b73@example.test,29625 David Greens Apt. 245,Lake Lawrence,VI,93293,746bf38c0cec5ea3,"$71,729",680,13 Feb 2025
CUST-118D7FFE,Janet Martinez,555.144.0830,118d7ffe-c68@example.test,1839 Jesse Meadows,South Jacquelinehaven,MS,43088,5ae251c19f1cbeca,"$49,073",670,02 Sep 2025
CUST-26E98ED7,Allison Watkins,555.268.4963,26e98ed7-bc2@example.test,194 Alicia Row,Bryanport,RI,48346,49036c427e6cb97d,36872,663,18 Jun 2025
CUST-4E6B50CB,Trevor Wagner,(555) 900-2654,4e6b50cb-452@example.test,8673 Colleen Well Apt. 166,Jocelynborough,NJ,93513,431f30572027667c,52525,742,14 Feb 2026
CUST-01EA7FE2,Dwayne Sanchez,555-531-6583,01ea7fe2-5c8@example.test,38056 Claudia Springs Suite 058,West Harold,AS,87397,61b82beafed033ff,"$96,573",712,08 Jun 2026
CUST-21EBC663,Audrey Sanchez,(555) 841-8928,21ebc663-3fb@example.test,26330 Sutton Haven Apt. 304,Padillaborough,TN,89727,bdb924b9cc3aaa87,73794,688,03 Apr 2025
CUST-9E54F503,Erin Townsend,555.911.7767,9e54f503-f78@example.test,314 Alicia Crest Apt. 728,Leeside,ME,56809,bc936cdade91cf47,"$84,281",674,04 Nov 2025
CUST-2E274ED3,Regina Mckenzie,555.196.4718,2e274ed3-b7c@example.test,72055 Linda Curve,North Austin,WV,92724,39861d42d46faccf,113255,682,17 Feb 2025
CUST-49965957,Robert Lopez MD,555.075.4256,49965957-eaf@example.test,67419 Reese Junctions,Carrieshire,SC,47519,bf881426ca65e181,54883,678,08 May 2025
CUST-238C4C64,Patrick White,555-282-7972,238c4c64-c98@example.test,019 Anderson Pass,Smithhaven,NE,53833,ba41c04d77009def,39280,563,05 Dec 2025
CUST-A524BD28,Ashley Ferguson,+1 555 614 3812,A524BD28-D86@EXAMPLE.TEST,59978 Amanda Key Apt. 549,East Timothyport,TX,45719,34897017015fc4d9,49388,583,12 Feb 2026
CUST-8F186E70,Ryan Wolfe,(555) 203-9786,8F186E70-638@EXAMPLE.TEST,059 Garcia Field Apt. 566,North Tina,NH,93149,805050373352edb3,52234,664,07 Sep 2025
CUST-728BE71E,Mr. Brandon Koch,+1 555 138 5435,728be71e-68b@example.test,5667 Sierra Skyway,Jamieton,WV,51797,c832b5eccde508fb,"$91,695",704,19 Dec 2025
CUST-186EA382,Steven White,(555) 031-8781,186ea382-1ac@example.test,56929 Amber Fields Suite 675,Diazmouth,NH,12790,cc8dcbe7dcb0c828,43394,759,23 Dec 2025
CUST-3DD2EE24,James Smith,555-294-4954,3dd2ee24-86b@example.test,3239 Eric Crossing Apt. 460,Melissabury,NV,34334,8019e3596e716943,19457,634,21 May 2025
CUST-AB6156A4,Alexandra Alvarez,+1 555 873 5912,ab6156a4-618@example.test,9676 Jill Expressway Suite 895,Shelleyshire,RI,92227,01a5ccf3b1627745,81794,813,20 Mar 2025
CUST-A34C6EA9,Amy Holmes,555.356.0379,a34c6ea9-e8a@example.test,11998 Robin Ridge Apt. 777,Leefort,VA,70988,42cf3b48572c963b,170874,777,29 Apr 2026
CUST-D6067142,Elizabeth Jones,555.941.7863,d6067142-408@example.test,8094 Melanie Parkway Suite 156,Jonesstad,MH,93863,60d4bc9955431213,"$50,478",727,12 Jan 2026
CUST-475CBDD3,Susan Jordan,555.745.5242,475CBDD3-68D@EXAMPLE.TEST,7782 Sandra Isle Apt. 497,East Angela,WA,27569,42170c5172bcf55f,20438,687,28 Sep 2025
CUST-46C34C12,Daniel Farrell,555.534.5722,46c34c12-a81@example.test,171 SUAREZ CREEK APT. 376,Chenhaven,TN,44736,9d2dce18b654b8d3,24868,718,06 Feb 2025
CUST-045F16F2,Lance Choi,555.202.6276,045f16f2-a12@example.test,089 Farmer Square,South Christine,KS,93233,90e46aaa2a37b7d2,"$20,083",809,21 Mar 2026
CUST-C27E6370,Angela Bartlett,555-193-8180,c27e6370-8a1@example.test,2823 Wu Flat,South Breannaside,NV,78726,1fec5fc31b89e1a7,139217,697,19 Jun 2025
CUST-874457B6,Jessica Shelton,(555) 683-9002,874457b6-e25@example.test,38855 Hunt Shores,Riverafort,WA,47252,9dea6234536b5bfe,85948,736,02 Apr 2025
CUST-0DCF97E9,Amy Jacobson,(555) 908-5848,0dcf97e9-13b@example.test,346 RUIZ WALK APT. 730,Williamland,AK,70168,fdd6c7cc1b8b24ec,34071,638,23 May 2026
CUST-F064BB58,Samantha Carter,555-706-6054,f064bb58-c75@example.test,71825 MARGARET WELL SUITE 842,Harrisfort,OR,55761,5c2795158ac7d288,57087,744,22 Feb 2025
CUST-1BF0240C,Stacy Norton,555.800.0152,1bf0240c-34d@example.test,495 Christina Drive Apt. 283,West Taylor,NY,65132,e26530aad423e65b,"$31,898",782,30 Jun 2025
CUST-B4652D43,Daniel Brown,555-585-3978,b4652d43-a93@example.test,7205 Robert Dale,South Nathanhaven,RI,91784,44f1c0a187a537ff,38238,688,06 Feb 2025
CUST-C5957E5D,Elizabeth Duncan,+1 555 715 4058,c5957e5d-0bb@example.test,531 HORNE STRAVENUE,Lake Williamton,WY,69371,0afddad34b2fbd4c,22310,616,24 Apr 2026
CUST-9EBAF61B,Brittany Baker,555.858.0759,9ebaf61b-da8@example.test,9431 Edwards Rapids,Cortezfort,PA,74819,dda0d7fbeeb7774a,25223,654,30 Sep 2025
CUST-1E2D9DFA,Natasha Wall,555.173.6480,1e2d9dfa-7ee@example.test,188 Flores Flat,Thomasberg,IA,23601,e67c166788004f61,"$30,737",637,13 Jun 2026
CUST-FC33B9E7,John Bowman,(555) 409-7497,fc33b9e7-f30@example.test,6135 Corey Landing,Stephenfurt,IA,45856,490cb4969be29ff4,"$94,961",713,07 Feb 2026
CUST-824CA886,Nicholas Russell,555.778.8643,824ca886-611@example.test,177 Ashley Skyway,Karenport,VI,85391,add47e39c07f7fba,29307,644,23 Jan 2026
CUST-94B43174,Kim Maxwell,+1 555 837 5182,94b43174-0da@example.test,835 Turner Grove,South Samantha,NE,45827,0fd0ac5a6720ddcc,19063,774,13 Jan 2026
CUST-9FF071D5,Kendra Roberts,555.415.9121,9ff071d5-4b8@example.test,4924 Campos Radial,Victoriaberg,KY,21083,d1859c5839a9ecf0,24224,671,20 Feb 2026
CUST-6FAA9491,Amanda Williams,+1 555 333 0849,6faa9491-ed6@example.test,132 Brown Circle Suite 618,Williamston,KY,46337,d437c33c37d22320,21392,689,21 May 2025
CUST-8E7AA427,Cynthia Murray,555-657-1599,8e7aa427-c60@example.test,818 Carroll Islands Suite 813,Brendachester,NM,17238,6097287533011c09,44844,727,30 Apr 2026
CUST-095CC01F,Michelle Hunt,555.208.7466,095CC01F-8AB@EXAMPLE.TEST,29587 Cooper Centers,North Amberfort,SC,10339,9575bc3e7ab65ee6,30003,673,28 Apr 2026
CUST-C4FBD882,Shawn Martinez,(555) 205-9484,c4fbd882-aeb@example.test,94041 John Spur,South Carrie,AS,16105,fa466ef7a489d4a8,148160,617,06 Jun 2025
CUST-C8C28141,Kevin Chavez,(555) 076-4475,C8C28141-30E@EXAMPLE.TEST,69267 Rachel Ramp Suite 564,West Rachel,VA,57164,a30ee06c3a19ebaf,"$70,941",665,14 Feb 2025
CUST-2E88FCE6,William Mayer,(555) 601-6001,2e88fce6-729@example.test,14985 ANTHONY CREEK,Lake James,AZ,67897,8f6e6b38970ea478,68468,630,04 Apr 2025
CUST-5B3D5886,Frank Gonzales,555.385.8240,5b3d5886-bb0@example.test,685 Jonathan Haven Apt. 234,New Deborahborough,MI,54931,3cd1b4c4f86051d2,100143,711,29 Oct 2025
CUST-FF7338BD,Samantha Holmes,(555) 479-2616,ff7338bd-e3f@example.test,97158 Watts Keys Apt. 888,Javierland,FL,15827,5629893e3eba34dd,31989,799,27 Jun 2025
CUST-37455904,Raymond Franco,(555) 290-3512,37455904-dfb@example.test,69818 Smith Village Apt. 769,West Ashley,AL,24949,8abb51cb0110130f,29100,692,04 Jun 2025
CUST-C5B65BA3,Morgan Anderson,+1 555 807 6467,c5b65ba3-1ff@example.test,9075 Morgan Station,Lake Julieside,FL,82462,9c3bd6aff553489b,64133,741,21 Dec 2025
CUST-03FE9AA1,Amy Ruiz,+1 555 688 9905,03fe9aa1-529@example.test,39034 Hart Spur,Shanetown,GA,88529,bcaca91d96118720,"$25,657",708,09 Nov 2025
CUST-C0075294,Mark Miller,+1 555 186 4807,c0075294-828@example.test,554 Paula Common Suite 810,West Alexanderbury,FM,96097,a4e4973420154fbe,74608,683,27 Apr 2026
CUST-3CC0A7BE,Paula Dixon,555-705-2140,3CC0A7BE-8CD@EXAMPLE.TEST,7067 Holder Circles Apt. 083,East John,AR,23295,34d574d0b94d4678,74764,626,24 Mar 2025
CUST-C0F1F4CA,Maria Evans,555.716.7174,c0f1f4ca-866@example.test,60016 Joe Springs,Port Catherine,AL,87258,601ea38c79c85efb,"$76,188",803,17 Jun 2026
CUST-E7B316C6,Erin Flores,555-429-6502,e7b316c6-79f@example.test,334 Jones Dam Suite 022,Robinport,LA,63833,3bbe838900e90f44,49774,748,21 Jun 2025
CUST-6448C84C,Stephanie Paul,+1 555 163 6871,6448c84c-eb8@example.test,1 Corporate Plaza,Springfield,IL,62701,bd43c7ef6b497e1f,31694,710,04 Jul 2025
CUST-0F3E7762,Helen Gonzalez PhD,+1 555 180 4155,0f3e7762-752@example.test,9795 Matthew Causeway,South Anthonyside,CT,74624,207fc7078ce70158,25255,581,22 Jan 2026
CUST-0ABF8648,Brian Tran,555-522-1654,0abf8648-b26@example.test,0305 Chase Estate,West Alexander,IA,35754,d1c95570adeb1144,37012,610,03 Nov 2025
CUST-50112C48,Jacob Jackson,555-309-6798,50112c48-6de@example.test,0370 James Field Suite 722,Christinaland,MN,80744,06d56ffcab789a5a,44029,752,25 Feb 2025
CUST-24932332,Angela Walsh,555-649-4367,24932332-b71@example.test,785 Katherine Mountains,North Melissa,OR,59081,77bedf0d26131e27,71845,630,20 Mar 2026
CUST-CB12FD4A,Monica Garcia,(555) 868-3449,cb12fd4a-d27@example.test,43777 Nicolas Harbors Apt. 771,Catherineview,UT,65905,5d0425a7e44efd6b,"$91,446",677,01 Mar 2026
CUST-A68730BE,Dr. Randy Christian Jr.,555-594-1452,a68730be-f8d@example.test,2537 Miller Forest Suite 062,New Alisonshire,DC,41637,075672704205dbd9,"$15,305",706,29 May 2025
CUST-92351282,Brandon Thompson,555-831-2583,92351282-e4a@example.test,1914 Moore Burg,South Jeremy,SC,80702,d95600ba9dd4fc43,85145,728,17 Feb 2026
CUST-A8D39F19,Joseph Ortiz,555-143-3311,a8d39f19-77d@example.test,537 Jeffrey Bypass,Cathymouth,LA,91130,4adb719b3aae67c3,94103,740,18 Jan 2026
CUST-3D7F271C,Michael Benson,+1 555 560 9117,3d7f271c-b0e@example.test,27526 Valenzuela Throughway,East Courtneyton,AK,82834,4f97719bc806f283,32210,564,16 Jan 2026
CUST-65E45AEB,Kerry Cook,555.389.4662,65e45aeb-762@example.test,9729 Amber Path Suite 042,Michelletown,HI,93100,aa9b1fd67d8b3fc1,67133,640,27 Feb 2026
CUST-9D033662,Stephen Ward,(555) 552-8548,9d033662-19d@example.test,896 Baldwin Passage,Port Josehaven,MT,35214,0e8883b8afea60f2,59559,617,30 Apr 2026
CUST-E5403C9A,Gerald Harrell,+1 555 031 1536,E5403C9A-F52@EXAMPLE.TEST,774 Blake Heights Apt. 830,Ruiztown,UT,67588,196b241fd7bc4e20,32099,714,03 Dec 2025
CUST-5268B1F2,Stephen Stanley,(555) 629-7794,5268b1f2-9c0@example.test,707 Sherman Road Suite 812,Emmaside,VA,37232,ab72da9fa7d0cbc8,30917,781,17 Sep 2025
CUST-67394ABD,April Myers,(555) 661-5247,67394ABD-7E1@EXAMPLE.TEST,7030 Stevens Valley Apt. 469,Brownberg,FL,13314,4ad175fcdd68f74f,54913,559,01 Jul 2025
CUST-D2B97E8F,Ashley Lang,555.679.0564,8ff80edb-2b3@example.test,58887 Clifford Villages,Cherylton,NM,78536,36dd9337ebb8e509,53699,787,08 Feb 2026
CUST-3FB65AFA,Matthew Holt,555-760-0824,3fb65afa-0c4@example.test,9716 WALKER RIVER APT. 906,Jacksonberg,NH,14328,f0b84001add429f3,242373,679,30 Sep 2025
CUST-4B99A7E6,Amanda Padilla,555.336.9402,6e90bcee-b74@example.test,28968 Rebecca Alley,South Kimberlyshire,NH,44263,e6e0e1a79041289b,66437,580,10 Feb 2026
CUST-D15DD030,Erica Butler,555.848.6215,d15dd030-329@example.test,13835 Amanda Gateway,Leslieland,AS,53467,c0cdb43881cc4be7,98998,641,06 Feb 2026
CUST-D5F6B8EE,Sarah Brown,+1 555 190 0184,d5f6b8ee-6e0@example.test,084 Christensen Springs Apt. 772,Port Larry,MO,50850,c39b1a2aacab234e,138992,654,06 Oct 2025
CUST-03837DD9,Sarah Golden,+1 555 349 2030,03837dd9-216@example.test,7513 GRIFFITH BURGS,New Stevenland,UT,48384,23e6f3a98b41d7e4,76942,692,19 Mar 2025
CUST-9BC25996,Dale Gill,(555) 137-1036,9bc25996-e15@example.test,85928 Dustin Plains Apt. 886,Joseborough,GU,36265,d73fec4ff6423b9a,90499,685,19 May 2025
CUST-19332812,Taylor Crawford,555.981.5608,19332812-E49@EXAMPLE.TEST,60410 Harris Dam Apt. 435,Lake Christopher,NC,55352,ef240c3154e59946,52366,606,03 Jun 2025
CUST-79172A1E,Wendy Johnson,+1 555 781 3105,79172a1e-a40@example.test,591 Oliver Squares Suite 955,Caseyville,TN,51572,c7b7a28d2a7637fd,25457,723,02 Feb 2026
CUST-0BF2F684,Mary Cox,555-863-3163,0bf2f684-d89@example.test,52272 Aimee Branch Suite 499,Mccartyview,VI,35432,dd3a2e86f82f26d4,43707,722,27 Dec 2025
CUST-0978E3CF,Ronnie Rose,555-623-4622,0978e3cf-09e@example.test,1595 Erik Keys,Wheelerbury,NM,41325,b0282bc3cb5e3c9e,42699,839,13 Apr 2026
CUST-834A8F2E,Jeremy Massey,555-514-8844,834a8f2e-984@example.test,68201 Gonzalez Route Apt. 880,Chadshire,FL,43755,1d33d74d39a76aed,"$29,961",610,28 May 2026
CUST-E8FCAFFC,Amy Cochran,+1 555 408 1650,e8fcaffc-cbb@example.test,000 Timothy Ridge,North Alan,FM,74313,ab2461574b8fe638,55095,696,12 Mar 2025
CUST-97DF61EC,Peter Davis,555.862.8380,97df61ec-736@example.test,7965 Ruben Track Apt. 711,Singletonburgh,MT,17833,76394f9806705804,43617,659,25 May 2026
CUST-456A8AC6,Joseph Fleming,+1 555 526 8745,456a8ac6-913@example.test,653 Sarah Square,Port Jeffrey,MO,79603,0a6f4ad5fc67fc95,52974,687,20 Apr 2026
CUST-566462DB,Gary Robinson,555-578-4864,566462db-89c@example.test,5303 Martinez Burg,Carolynville,MD,69371,21c57beaa5416659,58318,668,15 Jun 2026
CUST-76FE1F53,Arthur Mora,555.870.4156,76fe1f53-b7b@example.test,29887 Clark Creek,West Davidchester,FL,76912,f58c127fe1551493,90589,609,31 Jul 2025
CUST-F8EF4D96,Stephanie Vega,555-551-8725,f8ef4d96-f24@example.test,178 George Circles Apt. 982,East Manuel,IN,32460,3cbb9b6fac903466,35245,520,02 Aug 2025
CUST-EEB1F2A6,Timothy Anderson,555.582.4069,eeb1f2a6-61c@example.test,120 Barnett Circles Suite 212,Ortizton,CO,12715,7b21cb9850525c68,24778,669,06 Feb 2026
CUST-0FF946A3,Eric Smith,+1 555 885 0577,0ff946a3-972@example.test,1065 Garrett Mission Suite 278,North Joanne,MP,85984,f3d3392dca3f30fd,20892,719,01 May 2025
CUST-161DCBE3,Benjamin Dunn,555-639-3574,161dcbe3-299@example.test,8255 Stone Avenue Apt. 031,West Lauraville,NC,26036,62ef0f8721f692d0,93347,735,31 Jul 2025
CUST-ECC8875E,Maureen Valenzuela,(555) 295-9903,ecc8875e-4de@example.test,13911 Schwartz Mountain Apt. 701,Meyersside,PW,18343,0f002adcb9d25d8a,47765,661,14 Nov 2025
CUST-C9FAFC0F,Richard Cook,(555) 680-5884,c9fafc0f-efa@example.test,07656 Angela Stream Apt. 624,Robertsonport,MD,10700,0c7f116f4b82f189,33570,547,14 May 2025
CUST-34F3D32D,Edwin Willis,555-094-2714,34f3d32d-070@example.test,652 Maddox Shoals Suite 715,Port Cynthiaside,MS,10390,f4b1eb1b90302250,86156,568,22 Mar 2025
CUST-83930A61,Michelle Fields,555-902-3446,83930a61-49d@example.test,2183 Eric Courts,Brownfurt,NM,73258,a658c4a67dda20e2,69585,725,27 Sep 2025
CUST-AAEA9079,Brianna Cook,N/A,aaea9079-812@example.test,0374 Randy Row,Russellberg,AL,62814,f5ab29a1a1e794df,36777,693,04 Mar 2025
CUST-CFD79DC1,Anna Randolph,555-605-2563,cfd79dc1-bad@example.test,786 Villarreal Lodge,Cooperchester,MN,51245,05a60aa482c9c2e6,186082,512,02 Mar 2025
CUST-36E72956,Julia Martin,555-096-3342,36e72956-8ce@example.test,758 Holly Walks,Jameshaven,PW,82560,efaf3180ea2a7d9c,189674,748,20 Sep 2025
CUST-F2A9F9CF,Ashley Parker,555.768.4865,f2a9f9cf-e03@example.test,69259 Saunders Via,Quinnside,MI,91239,d62603c04d76f32d,40718,700,16 Sep 2025
CUST-413F1245,Zachary Bryant,(555) 394-9900,413f1245-021@example.test,3648 Kaitlyn Way Suite 790,Robertfurt,CT,49251,6004631d3c4bb291,26754,610,23 Feb 2026
CUST-84E172A7,Brianna Matthews,555.454.0463,84E172A7-62D@EXAMPLE.TEST,89652 Heather Lodge Suite 699,Murrayport,NY,41878,a017ae9ebd356bfe,27574,652,17 Sep 2025
CUST-A42A5078,Stacey Gardner,+1 555 392 0687,a42a5078-f08@example.test,7188 ROSALES VIEW,Farrellside,NC,67814,fe6c9b85b07d93c8,54380,632,05 Sep 2025
CUST-41F91460,John Hunt,555.601.5864,41f91460-499@example.test,4718 Reed Vista,Lonnieberg,ME,37884,364b5e823e6a7973,20977,810,21 Feb 2025
CUST-65A97F59,Antonio Long,555.183.6123,65a97f59-256@example.test,8355 Tara Underpass Apt. 839,Markfurt,FL,27751,ddc9f54a510558b2,69614,752,19 Jun 2025
CUST-CBCD6D86,Harold Atkins,555-035-8298,CBCD6D86-DBE@EXAMPLE.TEST,721 Lori Lights Suite 543,Robertberg,ID,52965,c70f3291ad4c293d,86201,654,23 Sep 2025
CUST-B4CABE34,Scott Peters,555.922.0645,B4CABE34-8A1@EXAMPLE.TEST,56287 ANDRE FIELDS APT. 317,Hughesbury,TN,19010,bf4320880d3fda1f,23308,740,20 May 2026
CUST-3ED560F1,Meghan Long,555.277.2998,3ed560f1-869@example.test,0242 Patrick Common Apt. 038,Westland,NJ,50357,de565b3d9d0114fe,73772,667,29 May 2026
CUST-5E90854F,Donald Porter,555.659.3428,5E90854F-E09@EXAMPLE.TEST,5371 Jeff Falls Suite 285,Emilyfurt,NH,26799,b8729e070d827ac2,38647,620,05 May 2026
CUST-F741B5D5,Timothy Wright,555-145-5041,f741b5d5-66b@example.test,1 Corporate Plaza,Springfield,IL,62701,761f4222cdc4a51e,28601,723,10 Oct 2025
CUST-4BD58C2D,Patricia Brennan,+1 555 259 6652,4BD58C2D-F2D@EXAMPLE.TEST,155 Johnson Forges Apt. 431,Morrisland,DC,48110,96d089a920a6642e,25829,774,16 Jun 2026
CUST-88F307A9,John Thompson,+1 555 544 4721,88f307a9-f5f@example.test,319 Matthew Coves Apt. 861,New Clarence,WY,91655,c8ae98cf6a2297ed,31236,573,23 May 2025
CUST-44AFCD56,Ernest Wood,(555) 349-2497,44afcd56-e51@example.test,81410 Pruitt Heights Apt. 029,Port Thomas,MO,84759,4f97a4640f69815d,"$28,117",671,02 May 2026
CUST-49DF643F,Christopher Mccarthy,+1 555 155 1261,49df643f-0f2@example.test,0952 Williams Shoals,Lisaborough,MS,12320,01788144c3d5432b,20276,642,16 Sep 2025
CUST-AB697CFC,Eugene Larsen,+1 555 947 7108,ab697cfc-d7a@example.test,7455 Scott Station,Hallmouth,WI,47722,e0d26f0ae391677e,"$27,473",665,04 Jul 2025
CUST-F1DA6002,Ann Dean,(555) 966-8276,f1da6002-b30@example.test,0696 Bruce Landing Apt. 927,Hartside,NH,92633,db0b53253c6fccc8,"$36,767",629,13 May 2025
CUST-4ADB48E9,Ashley Cruz,+1 555 427 4141,4adb48e9-62f@example.test,76655 Tina Branch Suite 661,New Amber,WV,94791,678e1cd981d8c78e,77598,744,16 Dec 2025
CUST-13FE7A40,Sean Cole,555-702-0442,13fe7a40-a27@example.test,430 Nguyen River Apt. 651,North Susanshire,DC,14628,fa1fa12fe3d23b8a,44965,679,24 Jul 2025
CUST-DE60504F,Ronnie Green,555.192.7353,de60504f-291@example.test,5539 Conway Skyway,Wongstad,NH,36860,1d62980afa5b811c,59133,726,21 Feb 2026
CUST-ACC47415,Hunter Jenkins,(555) 198-5196,acc47415-078@example.test,404 Amber Lane,Lyonsview,VT,59500,87916f0a548256e1,65501,664,28 Jan 2025
CUST-CB76B0E6,Michael Schmidt,+1 555 793 1147,CB76B0E6-6A4@EXAMPLE.TEST,284 Myers Prairie,Jefferyview,OR,36425,025d27f24a328c8d,"$35,473",661,28 Sep 2025
CUST-F0E73A72,Michael King,(555) 753-4934,F0E73A72-6C8@EXAMPLE.TEST,596 Spencer Drives,Taraside,CO,21178,6f53c94094c75c6f,63439,734,03 Mar 2025
CUST-F4D9D0B5,Michael Jones,555-575-7744,f4d9d0b5-dcb@example.test,909 Meyer Burgs,Stevenville,NM,74235,971360db0a8db95b,48679,645,22 Feb 2026
CUST-95E71D44,Phillip Becker,(555) 707-7659,95e71d44-69e@example.test,97904 Cortez Forges,Jacksontown,DC,26408,624131df47d6a863,"$37,960",704,21 Dec 2025
CUST-5172DF1B,Rhonda Walters,+1 555 683 1577,5172df1b-373@example.test,866 Boone Crescent Suite 459,Lake Jessicaside,CO,29319,8fa6f914054d0758,158879,514,10 Jan 2025
CUST-E05723D4,Timothy Bond,(555) 916-8793,e05723d4-2d1@example.test,20966 Jones Harbors Suite 651,Lake Mary,ND,73209,d80f571146026e17,79117,719,27 Jun 2025
CUST-0E5FEB6E,Ashley Baker,+1 555 869 9280,0e5feb6e-390@example.test,33255 Hinton Circle,Ryanberg,NY,20257,1560782bd8dc5dea,24315,668,06 May 2025
CUST-77B063EF,Christian Schwartz,555-587-8901,77b063ef-4f4@example.test,153 Shawn Cliff,Katherineside,DE,58568,4332730aa7bae039,28496,802,06 Jun 2026
CUST-46BC5571,Eric Malone,(555) 298-9727,46bc5571-dfc@example.test,38544 Sandra Mountain,East Paulmouth,FL,98143,625c68e926dd711f,26224,753,28 Jan 2026
CUST-207154BC,Lisa Robinson DVM,(555) 604-3525,207154bc-c15@example.test,63180 Baird Burg,Murphyview,OK,72981,82cb8ae112907d8a,"$68,832",665,10 Jun 2025
CUST-75C94EC8,Erin Murillo,555-876-1540,75c94ec8-d1f@example.test,79116 Kelsey Plains Apt. 938,Carlatown,WV,39345,b0055d5c9822f1e8,61043,569,27 Aug 2025
CUST-9CC6C8D5,Suzanne Williams,555-138-1502,9cc6c8d5-798@example.test,3262 Taylor Plains Apt. 995,Boydfurt,WI,24037,6479ab313b3d2341,127610,722,16 Jun 2025
CUST-BBD06CA9,Andrea Hamilton,+1 555 136 4631,bbd06ca9-5d9@example.test,488 Williams Ford,Rodriguezfurt,ND,84748,0ab8ec1ba57b0b62,121492,631,02 Feb 2025
CUST-F7F00211,Thomas Nguyen,+1 555 683 1577,f7f00211-fe0@example.test,866 Boone Crescent Suite 459,Lake Jessicaside,CO,29319,83fa4310af3183b4,159741,677,01 Sep 2025
CUST-6901E7AE,Benjamin Gonzales,+1 555 858 0753,6901e7ae-894@example.test,07792 Jennifer Light,South Matthew,NY,66393,34ca43d909c3646e,56032,556,04 Mar 2026
CUST-765A1217,Michael Gonzalez,555.482.8261,765a1217-569@example.test,56145 Dustin Rest,Lake Kevin,WI,26773,61f107b42196d162,"$71,640",572,15 Mar 2026
CUST-4D57826E,Donna Mcdaniel,+1 555 984 2912,4d57826e-221@example.test,514 Kevin Extensions Apt. 930,Kimberlymouth,AS,34140,aa23819a7b796326,"$54,931",723,05 Nov 2025
CUST-BEFF06B1,Megan Evans,+1 555 185 1421,beff06b1-c93@example.test,095 Rice Roads,East Darius,WY,18069,6081e03c4b861ccb,64374,560,10 Jan 2025
CUST-3FB9ED1F,Mr. Scott Smith PhD,555-874-2772,3FB9ED1F-F98@EXAMPLE.TEST,811 JUSTIN PLACE SUITE 544,Wendyburgh,ND,85845,eccaf83e819705dd,89249,503,27 Jun 2026
CUST-55E14EFB,Jamie Harris,555.151.9029,55e14efb-1e0@example.test,25619 Blanchard Terrace Suite 647,Davisberg,ID,72507,c1da0dceff0c2a36,47036,673,12 Jun 2026
CUST-E3ABEF4F,Michael Davis,555-177-7392,e3abef4f-b6e@example.test,460 Tran Vista,Michaelside,VT,89987,fe43e3ab1f8a427b,18579,514,13 Mar 2025
CUST-C91AEF68,Kurt Bell,(555) 062-8661,c91aef68-0b8@example.test,0172 Wright Locks Suite 897,Lake Nathanshire,IA,60021,4d6537ffe6b70abb,94284,769,20 Dec 2025
CUST-03F4E6FC,William Reyes,+1 555 629 7062,03f4e6fc-1a9@example.test,915 Bennett Terrace,Barbarastad,OK,69114,9ec59cdf0f743eaf,"$36,726",668,24 Apr 2025
CUST-A59C6A03,Ronald Knight,+1 555 767 7294,a59c6a03-23f@example.test,3238 Laura Garden,Jamesshire,NC,63807,6bf2deb45445a366,15000,642,11 Apr 2025
CUST-E7B540DE,Christopher Short,555-863-3163,e7b540de-ddf@example.test,52272 AIMEE BRANCH SUITE 499,Mccartyview,VI,35432,2e080ba491318338,69486,650,09 Nov 2025
CUST-B8F75249,Jason Miller,(555) 907-5707,b8f75249-42d@example.test,50789 Krista Plaza,South Scotttown,PA,12563,1de10b0b7b20de5c,"$112,059",609,22 Apr 2025
CUST-6BDDC212,Cindy Miller,555-696-2916,49f2b10b-699@example.test,5311 Hodges Lock Suite 139,Lake Nathanielstad,PW,92624,e65f0c947b4458a5,53990,762,07 Dec 2025
CUST-9D055DCD,Nicole Woods,555-965-7852,9d055dcd-7f6@example.test,46441 Samuel Mills Suite 374,Deanland,DE,23727,87019d82cf0f82cd,96009,604,20 Apr 2025
CUST-E45A9EF9,Lisa Byrd,(555) 614-3812,e45a9ef9-05b@example.test,59978 Amanda Key Apt. 549,East Timothyport,TX,45719,0062bf0f84111e3e,"$55,540",648,10 Nov 2025
CUST-C2E396D6,Christy Brennan,555.852.3997,c2e396d6-4d7@example.test,38220 Ian Springs,Martinborough,KS,90587,de737095d4eace6a,122851,689,25 Sep 2025
CUST-D4172772,Harry Gray,555-339-2480,d4172772-4a1@example.test,97904 Cortez Forges,Jacksontown,DC,26408,874b9fec7bcae2b3,67748,766,18 Jun 2025
CUST-25C466B8,Joseph Hamilton,555.925.7166,25c466b8-6ec@example.test,42619 White Island Apt. 359,Lawsonland,NC,76987,59fe722a81e13ada,"$121,206",668,23 Nov 2025
CUST-E46B2E95,Erin Allison,555.203.6474,e46b2e95-bd5@example.test,68411 Henry Trail Suite 547,North Amber,GU,76783,e48d9588390c6646,44321,810,23 Oct 2025
CUST-BB498E0F,Kevin Lopez,(555) 193-5942,bb498e0f-f95@example.test,4152 Amanda Burgs,New Brandonland,GA,82111,bd119c92a1049a63,39915,758,09 Mar 2025
CUST-ABD20E2F,Kevin Fields,(555) 482-8261,abd20e2f-21c@example.test,56145 Dustin Rest,Lake Kevin,WI,26773,84827e03c49b004b,53175,655,05 Jul 2025
CUST-8139B551,Tina Harris,555.253.0810,8139b551-fea@example.test,487 Davis Garden,Jessicaburgh,WI,23720,b8bd93cdaf16076f,75205,728,29 Oct 2025
CUST-62DD5B1E,Justin Cox,555.983.9401,62DD5B1E-1FA@EXAMPLE.TEST,97904 Cortez Forges,Jacksontown,DC,26408,99dbb95bc9370b0f,"$49,395",744,27 May 2025
CUST-1BB5A6CB,Andrew Schwartz,555-390-3562,1BB5A6CB-C73@EXAMPLE.TEST,163 Turner Isle Apt. 788,Lake Monicafurt,MP,30278,44f7885d896adf28,"$80,221",690,22 Dec 2025
CUST-A86EE935,Chloe Smith,(555) 313-2084,A86EE935-4BD@EXAMPLE.TEST,9431 Edwards Rapids,Cortezfort,PA,74819,c6e5ae06d96af89c,76881,600,01 Jul 2025
CUST-FA40C15D,Howard Walker,555-321-5548,fa40c15d-a7a@example.test,29471 STEVEN TURNPIKE,Allenview,WI,53641,2bf9dc4455b49d49,66405,637,24 Nov 2025
CUST-5E2EC044,David Williams,+1 555 427 9319,5e2ec044-ec3@example.test,53696 Nicholas Mount,Ashleyfurt,AZ,35127,6ebc3f29dd5097d0,"$61,158",609,18 Jul 2025
CUST-69AA8785,Christina Henderson,(555) 965-0310,69aa8785-da3@example.test,826 Christopher Summit,North Alyssa,AZ,71629,3dea9491a296e487,"$75,387",625,03 Jun 2025
CUST-C71087AF,Steven Wilson,(555) 098-7976,C71087AF-2CC@EXAMPLE.TEST,397 Maria Lodge,New Meghanport,NM,44135,5fbc41ae85b58cae,179643,618,01 Mar 2026
CUST-EF5B6136,Jason Underwood,+1 555 922 0645,ef5b6136-378@example.test,56287 ANDRE FIELDS APT. 317,Hughesbury,TN,19010,fb448d9698e617d9,125840,721,13 May 2025
CUST-3FC5C6EF,Jason Aguilar,555-826-9419,3fc5c6ef-1ca@example.test,379 Vance Ridges Suite 715,New Karen,VT,85874,b54a6891f795f02d,250000,741,21 Jun 2026
CUST-7B632CB2,Mr. Jason Scott DDS,555.693.6646,7b632cb2-2a7@example.test,3201 Richardson Hill Suite 568,East Chad,AS,60957,14cff1920df237c2,31351,624,15 Jun 2026
CUST-0C3E9B5A,Ralph Willis,555.865.7770,0C3E9B5A-1DA@EXAMPLE.TEST,394 King Viaduct,Thompsonview,CT,79527,1150fcecfefdbf3e,84101,705,22 Jan 2026
CUST-BF4E5EE7,Whitney Cooper,(555) 177-6742,BF4E5EE7-2A1@EXAMPLE.TEST,50312 Patel Field Apt. 123,North Michele,SC,68359,d8f48b2290443a7f,"$116,289",703,18 Dec 2025
CUST-2754BCE0,Benjamin Yang,555.785.4437,2754bce0-294@example.test,4832 Kenneth Lakes Suite 147,West Nancyport,CT,91020,0155c6ebcc28ba95,71200,751,30 May 2025
CUST-9FC44A2F,Lisa English,555-753-4210,9fc44a2f-328@example.test,54157 Veronica Views Apt. 336,Lopezburgh,VT,95854,8a5d98aed5d2cdbe,35531,654,17 Feb 2026
CUST-81EB152A,Jay Patel,(555) 294-0326,81eb152a-ff9@example.test,423 MILLER STREETS SUITE 238,Murphystad,AS,34006,df478fc377c4b0e6,228060,671,20 Sep 2025
CUST-3E77EB61,April Randall,+1 555 964 2808,3e77eb61-13d@example.test,6701 Daniel Pass Suite 959,North Anthonyshire,CT,11552,f3db1422d1309604,83396,693,13 Jan 2025
CUST-8713CAEB,Ronald Giles,(555) 700-7014,8713caeb-496@example.test,020 Tony Common Apt. 731,South Chadburgh,VT,24481,fcd1c23ac75be821,"$50,929",605,10 Jul 2025
CUST-8CE32F1E,Nicholas Arnold,+1 555 739 7133,8ce32f1e-984@example.test,92900 Teresa Greens,Jasonville,CT,35932,00e2a5b1e1594ff2,104350,635,07 Dec 2025
CUST-EDFB08B1,John Harvey,555-922-6778,edfb08b1-bdd@example.test,9523 Warren Walk,Lake Jeremiah,IA,78552,a1cc9faeb174e1ce,107528,764,20 Apr 2026
CUST-388DDDF3,Kristi Williams,N/A,388dddf3-ff4@example.test,248 Laura Way Apt. 529,Grantberg,PA,14676,3abb3c5a10e19138,61438,678,01 Jan 2025
CUST-8C1519A0,Kristine Lowery,(555) 831-8638,8c1519a0-66e@example.test,2830 John Spurs Apt. 196,South Juliamouth,AZ,24302,20d58f89ee267dfa,23271,631,08 Sep 2025
CUST-5EC03896,Michael Lopez,555-833-8233,5ec03896-43f@example.test,0372 TIMOTHY MEADOWS,Robinsonstad,AR,65446,49cd8a13a65e9557,32456,699,29 May 2026
CUST-136198FF,Jennifer Moreno,+1 555 143 6040,136198ff-a0f@example.test,534 Kayla Club,Deborahhaven,AZ,34274,cdffb06a6de44adc,47751,736,26 Jul 2025
CUST-AEFA414B,Sharon Horton,+1 555 801 4254,aefa414b-df1@example.test,7214 Jack Row,Williamsborough,MO,90873,32c8376733498e3a,83857,666,29 Jun 2025
CUST-915D5A22,David Harris,(555) 649-0995,915d5a22-8cf@example.test,9314 Regina Stravenue Apt. 124,East Christopherhaven,IL,98022,35af8fd6a69748d6,"$44,857",659,11 Jun 2026
CUST-B13A6EC2,James Garcia,+1 555 992 6876,b13a6ec2-332@example.test,1 Corporate Plaza,Springfield,IL,62701,732cced682d51581,55818,785,23 Apr 2026
CUST-364F8AC5,Colin Gregory,555.383.3211,364f8ac5-4ee@example.test,961 Amy Viaduct,North Cynthialand,GU,49386,f8b9b6d95f49eaf9,"$59,375",613,26 Mar 2026
CUST-B53D862E,David Jordan,555-485-5396,b53d862e-209@example.test,036 Lopez Mills,West Sandrabury,WI,95648,e058b19ca0f11bc7,58426,672,17 Jun 2026
CUST-95B60881,Kelly Smith,(555) 328-9772,95b60881-102@example.test,8351 Scott Crest,Deborahhaven,OR,92462,4054eefbf871937c,78839,799,20 Jan 2025
CUST-C799FC31,Lauren Williams,555-222-5924,c799fc31-007@example.test,99778 Smith Valley Apt. 228,East Susanberg,NV,39175,b5096a2d56657db9,107376,691,27 Sep 2025
CUST-B0E7C430,Deborah Hernandez,555-214-9148,b0e7c430-c64@example.test,46788 Wilcox Mission,Tristanchester,TN,92193,1c7ecae357a065f3,136420,682,07 Jan 2025
CUST-E4B96146,Chad Vargas,(555) 147-8643,E4B96146-981@EXAMPLE.TEST,841 Anna Brook Apt. 524,Higginsside,WV,29097,0b8ffd6bc81d9ca8,86800,595,27 Mar 2026
CUST-44694177,Brandon Moore,555.501.0168,44694177-27c@example.test,8263 Stephen Rapid,South Kristina,ND,87447,bf5d7797ca2048d0,77938,617,28 Dec 2025
CUST-A71BA965,Ashley White,555-337-6282,a71ba965-e0d@example.test,363 Sarah Extension,Denisemouth,UT,37709,c9323e9f95b4d23c,105028,753,18 Jan 2025
CUST-72B3C63A,Brandon Stuart,555-939-8270,72b3c63a-59e@example.test,50441 Humphrey Mills,Michaelview,NJ,64160,f3cf8d4900fe9257,29616,677,21 Dec 2025
CUST-1C1B8881,James Martin,555.870.0776,1c1b8881-a6c@example.test,514 Kevin Extensions Apt. 930,Kimberlymouth,AS,34140,f8204a85e8a3a671,62593,756,17 Jan 2025
CUST-A3F6CFBB,Natalie Malone,555-163-8103,a3f6cfbb-95a@example.test,20608 Chapman Shore,Oliverville,UT,65502,4506a64f47389b6d,40716,841,01 Feb 2025
CUST-19B3F178,Brian Cameron,+1 555 217 0547,19b3f178-03e@example.test,99933 Pace Spring Suite 475,Robinsonview,NV,86683,aaa4ed7aea682447,76351,642,11 Jul 2025
CUST-240D1E0C,Steve Miller,555-412-9552,240d1e0c-e14@example.test,68039 William Gateway,West James,ME,69564,1e45be8c3261157a,83330,733,16 Jul 2025
CUST-135B4348,Julia Taylor,(555) 524-9512,135b4348-58b@example.test,095 Michael Lock Suite 071,Port Dominique,WA,56086,271be1b9fac76568,147230,742,21 May 2025
CUST-5717714A,Caroline Robertson,(555) 409-7497,5717714a-929@example.test,163 Cynthia Estate,Hardinshire,CO,92255,672eb921befff964,20976,756,19 Jun 2026
CUST-BB232384,John Miller,555.686.1187,BB232384-090@EXAMPLE.TEST,7616 Norman Flats Suite 766,Maryshire,AZ,59806,f681784fc15aadf0,52992,694,26 Mar 2026
CUST-A194B194,Ellen Barton,555-196-2556,a194b194-18e@example.test,586 Miller Ramp,Cherryfurt,NV,20898,7346d7245e3b87d6,32476,623,08 Nov 2025
CUST-CE01D780,Joshua Martinez,+1 555 608 6036,ce01d780-beb@example.test,9071 Alexander Trace Apt. 826,South Kathy,VI,80928,44c9f2269186a0f3,41616,658,06 Oct 2025
CUST-E7AA1608,Crystal Johnson,555-951-5485,e7aa1608-c76@example.test,699 Taylor Hills,East Crystalside,KY,62922,d64c17662a995638,25960,626,15 Sep 2025
CUST-0860D516,Ashley Harris,555-674-4459,0860d516-b2d@example.test,862 Armstrong Valleys,Hubbardtown,MO,33126,fcb69b013af99d95,"$52,794",625,06 Jan 2026
CUST-1088221E,Jonathan Thompson,555-215-7586,1088221e-d53@example.test,24609 Davis Terrace,South Wendyburgh,IN,75360,a9114596970cd35d,81209,682,03 Jun 2025
CUST-75A4074C,Karen Taylor,555.558.1601,75a4074c-558@example.test,23848 Terry Rue Apt. 457,South Laurafurt,ME,47145,5701c85d6c6ae96d,68684,699,25 Apr 2026
CUST-B7771B6C,Sheila Lambert,+1 555 294 4834,b7771b6c-458@example.test,5581 Burns Plains,Jonesstad,CA,58893,dad8e6070702f135,69866,622,17 May 2025
CUST-04B2BD9A,William Stephenson,555.672.8182,04b2bd9a-663@example.test,8415 Ray Forge Apt. 086,Lawrenceberg,PA,90914,dea0b9e3c3adc5e4,115240,642,08 May 2026
CUST-AF7A0590,Elizabeth Lewis,(555) 505-0010,af7a0590-1e2@example.test,7701 THOMAS SQUARES SUITE 937,Kimberlychester,MD,71053,9200b25d2866fdbe,37622,748,02 Jan 2026
CUST-D4BDE309,Maria Torres,555-672-8786,d4bde309-f39@example.test,02290 Sharp Creek Apt. 528,Jacksonville,UT,18350,a74164abdf069901,32752,614,10 Nov 2025
CUST-28C944F8,Amy Jones,555-325-7628,28c944f8-049@example.test,2783 Desiree Gateway,Ashleyville,KS,67045,f48a6f0a90d203de,71587,684,06 Apr 2026
CUST-1A77BF5F,Richard Hall,+1 555 330 4472,1A77BF5F-D53@EXAMPLE.TEST,907 Rodriguez Corner,West Markfort,PA,16308,ed08fa25902d798d,58050,708,26 Aug 2025
CUST-569BB42D,Ashley Davis,555.332.7454,569bb42d-bc8@example.test,1708 Lee Fall Suite 754,Port April,NM,45770,eb2820c230566015,51449,827,13 Mar 2026
CUST-9060D327,Matthew Wang,(555) 702-3959,9060d327-4bc@example.test,034 Shirley Wall,Nicholastown,FM,18211,03ae26ed8c61a3a2,21586,711,01 Feb 2026
CUST-A56A9373,Joseph Smith,+1 555 003 8323,A56A9373-91F@EXAMPLE.TEST,6492 Joseph Crossroad,Deniseport,MD,95514,82546a1f525f0b7c,68328,604,05 Jun 2026
CUST-8242AE57,Theresa Mueller,+1 555 838 8338,8242ae57-4e9@example.test,0561 David Ridges Apt. 742,Raytown,AZ,73071,14df239636c56548,50446,732,25 Nov 2025
CUST-05B2ABBC,Mark Daniels,+1 555 538 5076,05b2abbc-cf3@example.test,702 Misty Green Suite 897,Barrland,LA,86075,0d8c65b6afe9da9d,54635,673,28 Feb 2025
CUST-A42B4DA3,Kimberly Vaughn,(555) 869-5327,a42b4da3-629@example.test,9321 Melissa Avenue Suite 519,Micheleside,IN,97834,903af40602133140,42689,594,04 Jan 2025
CUST-64F42FEB,Ms. Kelly Jennings MD,555.879.9313,64f42feb-de7@example.test,053 LANE BRANCH SUITE 404,New Laurenshire,OH,40000,72971a509fe85357,"$22,955",642,28 Jul 2025
CUST-FC10DA48,Holly Hernandez,555-786-2147,fc10da48-2ef@example.test,7301 Rebecca Ferry,Adamchester,NY,77212,5f96cbf89f8de295,"$56,784",618,06 Jun 2026
CUST-038D53B3,Daniel Gomez,+1 555 467 6926,038d53b3-faa@example.test,189 Taylor Springs,West Valerieport,IA,59128,4deca927b503a87d,34080,658,21 Apr 2026
CUST-CB2525FB,Glenda Taylor,+1 555 831 8379,cb2525fb-e43@example.test,9186 Bailey Burg,Maryhaven,FM,58753,ba7b16ba6e00b6ef,174500,668,09 Sep 2025
CUST-F5B4CFA0,Melissa Moore,+1 555 822 8083,F5B4CFA0-0A7@EXAMPLE.TEST,78213 Tammy Bypass Apt. 545,Baldwinborough,AR,81159,0bbbe45bda2d83a7,16182,749,17 Jan 2026
CUST-3279F4B4,Nancy Greer,(555) 499-1907,3279f4b4-38c@example.test,542 Swanson Burg,Port Jean,MP,73792,3f5c57a979e1adc4,58679,663,12 Nov 2025
CUST-7252F6C8,Mariah Hendricks,(555) 952-1919,7252f6c8-0d7@example.test,7056 Chang Wall,South Abigailberg,MP,14046,d34b29cc711d1bde,34059,759,17 May 2026
CUST-5B85C646,Fred Allen,555.374.5735,5b85c646-3b6@example.test,48637 Miller Roads,New Tylerland,NC,32776,8f605c474dff725c,33394,710,24 Apr 2025
CUST-A9878101,Rodney Saunders,555.545.7791,a9878101-050@example.test,6715 Sean Underpass,Muellerfurt,SC,35700,e84c37ecd7058627,124376,678,02 Dec 2025
CUST-1A1C351F,Ronnie Meyers,+1 555 495 8585,1a1c351f-a5a@example.test,1 Corporate Plaza,Springfield,IL,62701,f2131a4c627347c1,59938,748,09 Sep 2025
CUST-98DC9508,Wanda Chandler,(555) 259-1339,98dc9508-6cf@example.test,48428 Jennifer Ports Apt. 289,Richardburgh,NM,11823,f3d77bae3465e1af,44884,629,11 Mar 2025
CUST-4AB36992,Alisha Taylor,555-808-5548,4ab36992-cb1@example.test,8321 Crystal Drive,Donnaberg,KS,40721,de98b7caf48f361d,67752,653,01 Jun 2026
CUST-29AA9651,Brenda West,555-062-4076,29aa9651-396@example.test,65176 Nunez Manor Apt. 720,Schneiderview,VA,82296,22effbac7602a4db,81059,691,08 May 2025
CUST-43DBEAAA,Emma Johnson,+1 555 013 8818,43dbeaaa-b38@example.test,65852 Johnson Throughway Apt. 293,North John,VI,65121,5f83062e8615f983,100440,712,17 Jan 2026
CUST-9599B93B,Robert Stevenson,555-262-4438,9599b93b-0bb@example.test,881 Robert Union,Geraldfort,VI,65054,6fdec565ef27cb38,"$77,442",704,04 Jun 2026
CUST-84080392,Brian Moore,(555) 878-6687,84080392-99c@example.test,7919 Matthew Shore,East Elizabethmouth,VT,53180,9343d9939235673c,86380,773,18 Apr 2026
CUST-6F36CAD8,Megan Ramirez,555.494.4012,6F36CAD8-90D@EXAMPLE.TEST,783 BRYAN TRAIL,Tiffanyview,OH,47709,4ceee8d6da8edd8a,78585,671,27 Nov 2025
CUST-A00964F0,Heather Jefferson,555-337-5936,a00964f0-e7f@example.test,109 Jackson Drives Apt. 556,East Joshua,DC,37585,4eb01625f1198468,66527,672,06 May 2026
CUST-C825B6F3,Norma Garcia,555.892.8745,c825b6f3-2e0@example.test,29675 SHIRLEY SHORES SUITE 012,Lake Teresa,DE,96356,92734efa8002c1e2,37985,695,17 Feb 2025
CUST-F09808B5,Natalie Craig,(555) 946-8867,854f8aaa-b4a@example.test,5639 Danielle Turnpike,Sabrinabury,WI,10114,fe3dd94082f785f1,"$88,106",705,07 Nov 2025
CUST-584B0486,Jennifer Shields,555-015-7214,584b0486-fad@example.test,8683 Alisha Passage Apt. 480,Ellisonport,SC,34294,8ccc1d5eaf9a2894,63166,688,04 Mar 2025
CUST-3EC6A0E2,Joseph Bennett,+1 555 061 6535,3ec6a0e2-a6e@example.test,45588 Melanie Stravenue,New Dennisfort,DC,83613,32219b514f6909e1,38278,669,18 Mar 2026
CUST-851D3D24,Benjamin Davis,(555) 003-8083,851d3d24-f4c@example.test,83227 Rodney Rapids Suite 943,Robinsonmouth,AR,63650,9a9ac7e2da14baa1,"$62,893",690,01 Dec 2025
CUST-FFD1FAD2,Jamie Franco,+1 555 481 2031,ffd1fad2-83a@example.test,21544 Williams Fall,Debraborough,IL,70444,f9fcbfbf7c28c9ce,31396,638,14 Oct 2025
CUST-CD170311,Jimmy Sharp,(555) 981-5040,cd170311-728@example.test,3472 JAMIE COVE,Rachelport,NE,60964,667cf38efebc3fdb,34061,612,29 Apr 2026
CUST-AD39F51D,Kyle Coffey,555.083.2739,ad39f51d-f27@example.test,408 Louis Spring Suite 490,Robertschester,AL,91225,f22242daad797782,17734,782,22 Jun 2026
CUST-6630405E,Christopher Johnson,N/A,6630405e-322@example.test,33959 Alicia Hollow Apt. 182,Annchester,AS,84827,e84c37ecd7058627,65638,665,08 Jun 2025
CUST-F0D40EC1,John Silva,+1 555 651 3206,f0d40ec1-bbf@example.test,7893 TIMOTHY FLATS,Evanside,KS,94881,260038939aef0e1f,43555,630,15 Mar 2026
CUST-F9DBA1C3,Frank Mcneil,555.152.0642,F9DBA1C3-BDB@EXAMPLE.TEST,880 Brown Club Apt. 553,East Catherine,UT,48209,19d4796af73680f4,19029,544,19 Mar 2026
CUST-F38167F0,Adam Delgado,555-051-8200,f38167f0-740@example.test,4998 Jeffrey Way,New Veronicahaven,IL,35213,cd5c6c04123127de,31465,692,13 Feb 2026
CUST-4144B370,Tiffany Simpson,+1 555 210 2540,4144B370-2A2@EXAMPLE.TEST,490 MILLER ISLANDS,Harmonmouth,RI,94112,de6f35d5998c2edf,94706,560,04 Feb 2026
CUST-7BA6EE37,Allison Gallegos,555-631-2002,7ba6ee37-e2b@example.test,391 Everett Ranch Apt. 065,Port Davidchester,WV,49003,ad3ab99872cffc43,57614,723,08 Apr 2025
CUST-28D7AB61,Nancy Oliver,555.499.0232,28d7ab61-0bf@example.test,22885 Allison Forest Suite 158,Calhounfort,UT,29160,fb47d7d3412fcc80,"$74,299",745,12 Feb 2026
CUST-D3FA95DC,Caitlin Jones,+1 555 309 6798,D3FA95DC-BF5@EXAMPLE.TEST,0370 James Field Suite 722,Christinaland,MN,80744,d311ccae3f37d2c6,43136,642,09 Aug 2025
CUST-A95B5B3D,Barbara Watson,555-783-8006,a95b5b3d-497@example.test,197 Cabrera Forks Suite 543,North Samuel,DC,66958,b0f65e3f3867730e,25320,693,30 Apr 2025
CUST-A0EDD57A,Sonya Simon,+1 555 419 8106,a0edd57a-4c1@example.test,4651 Alan Rapids,New Justin,NH,68066,9d01c83674ab5947,38934,626,23 Dec 2025
CUST-1B2B0C38,Jason Walker,+1 555 696 4846,854F8AAA-B4A@EXAMPLE.TEST,90975 Duke Port Apt. 469,Annaside,LA,51591,6d4137f956f35b41,"$40,297",664,18 Jan 2026
CUST-B8B5452B,Robert Goodman,555.396.8801,b8b5452b-f2f@example.test,20114 Dennis Lane,Kellyton,OR,43715,63f43db5f3d4beaf,55553,608,17 Feb 2025
CUST-D4B68094,Jack Jackson,(555) 972-9498,D4B68094-6BB@EXAMPLE.TEST,246 Robert Landing Suite 536,Port Elizabeth,AS,65089,f9e168ea39fd8537,63213,574,02 Jul 2025
CUST-C4CC9945,Daniel Anderson,+1 555 208 0574,c4cc9945-c0e@example.test,4551 John Villages Suite 036,Port Manuel,DE,13198,ec6744c79cc8430f,38556,627,01 Apr 2026
CUST-F9ACC4EA,Derek Daniel,+1 555 447 1338,f9acc4ea-0b7@example.test,479 Mackenzie Pass,Sandraberg,DE,34741,e41da78d771587e8,"$77,064",742,21 Jan 2026
CUST-0D29F556,John Ballard,555.948.0923,0d29f556-3a8@example.test,35979 Deborah River Suite 565,Gabrielaburgh,WY,57779,793b6da1a6e5bd3f,35515,687,09 Jun 2025
CUST-D9A09DED,Lindsay Kemp,+1 555 176 4442,d9a09ded-5c3@example.test,2122 Raymond Hill,Lake Jonathan,PA,47187,8470c99122dbac46,48001,650,21 Oct 2025
CUST-6B22C4EF,Andrew Abbott,+1 555 502 2757,6b22c4ef-068@example.test,1 Corporate Plaza,Springfield,IL,62701,a1507d39e3979da0,92961,676,15 May 2026
CUST-136EE1C1,Jeff Smith,555.243.0258,136ee1c1-123@example.test,634 Gabriel Stream Suite 404,Bellbury,SC,85021,ed02c8f5edf00bac,80809,675,22 Nov 2025
CUST-E309B019,Charles Stout,555-894-6227,e309b019-455@example.test,7188 ROSALES VIEW,Farrellside,NC,67814,7748a356906e8c23,60684,788,24 Apr 2025
CUST-BC2D4F8F,Amanda Jenkins,(555) 647-4813,bc2d4f8f-964@example.test,060 Erika Trail Suite 256,Robertview,TN,38325,ce0a85f48c41fa2b,60140,844,18 Mar 2025
CUST-8FB41B3D,Michelle Myers,555.904.2901,8fb41b3d-bab@example.test,8034 Rodgers Trail Suite 870,Knightbury,MP,44775,7a3b077bd314d224,57008,625,08 May 2025
CUST-B4C79892,April Lawson,555-667-6418,b4c79892-bf3@example.test,237 Melissa Cape Apt. 390,Lake Edwardview,KY,80162,4485ae6d983fe1b4,"$26,399",679,04 Jun 2026
CUST-62870C7A,Michael Hill,555.367.6032,62870C7A-087@EXAMPLE.TEST,9043 RODRIGUEZ SHOAL SUITE 110,Wheelershire,GU,31837,31c96aae8e1dd706,"$47,501",697,17 Sep 2025
CUST-6F382A35,Thomas Aguilar,555-091-2463,6F382A35-F3F@EXAMPLE.TEST,25827 Vaughan Parkway,South Kelly,IL,59511,6ff1c687e75ffc9b,56375,677,16 Aug 2025
CUST-35858172,Tina Diaz MD,555.499.0548,35858172-56b@example.test,690 STEVENS PLAZA,New Jessica,ME,78667,d6b55e842731979f,20060,675,10 Jun 2026
CUST-E20F74DC,Elizabeth Jones,(555) 470-4334,e20f74dc-a52@example.test,492 Bean Locks,East Linda,UT,53601,596ece0799e0df5d,67948,623,02 Dec 2025
CUST-876680D1,Manuel Wright,555.522.2396,876680d1-6c1@example.test,1396 John Rue,Cookburgh,NJ,20373,cebef2a7565fc0a9,158711,676,27 May 2025
CUST-84A13446,Donald Ross,+1 555 392 2707,84a13446-b94@example.test,19876 Dominguez Divide,Chapmanborough,WV,69669,ba988385f967276d,31250,727,03 Aug 2025
CUST-2BA37100,Peter Gray,555-235-4111,2ba37100-150@example.test,87799 Kane Ways Apt. 987,North Lisa,AS,79952,066301e6a3a097aa,"$70,400",606,08 Jun 2025
CUST-CECA90FD,Danielle Garcia,555.163.0547,ceca90fd-a02@example.test,63632 John Glens Suite 668,Hesston,GU,37258,7ed5b5641d91c46e,97649,722,01 Sep 2025
CUST-1C19F0AD,Roger Bell,555.345.3489,1C19F0AD-A34@EXAMPLE.TEST,421 Evelyn Rapids,East Rachelhaven,WV,71680,8750e966fa851eee,57025,615,05 Mar 2025
CUST-FED8BFAA,Mr. Daniel Sanchez,555-656-8976,fed8bfaa-dfd@example.test,098 Taylor Valley Suite 174,Lake Samuel,RI,43216,0060ad8a8cc7bbb8,"$40,025",655,24 Jan 2026
CUST-7684A07D,Logan Zimmerman,+1 555 631 2002,7684a07d-247@example.test,391 Everett Ranch Apt. 065,Port Davidchester,WV,49003,a5e0cfc0acbd7565,"$21,231",765,26 Dec 2025
CUST-4F4B595F,Russell Carter,(555) 563-6986,0891b83f-d3d@example.test,607 Johnson Park Suite 888,Lake Jonathan,KY,60596,0f9199508bdaab7d,47642,816,30 Jan 2025
CUST-702E2B47,Travis Sanchez MD,+1 555 194 6755,702e2b47-aff@example.test,0605 Trujillo Isle Suite 062,Ericstad,ME,61450,c89d1fcbe4059407,"$43,528",723,17 Sep 2025
CUST-7B5E11EE,Michelle Vazquez,555-751-0137,7b5e11ee-ca4@example.test,66943 Donald Roads Apt. 536,Port Craig,VT,54493,aa034b38d497cb42,"$81,273",618,17 Feb 2025
CUST-95B99CBF,Brenda French,+1 555 178 0605,95b99cbf-96a@example.test,4847 Kimberly Divide Suite 777,Graytown,AL,39973,fe41e809a3c3e990,34677,693,16 Mar 2026
CUST-08F989B0,Victoria Willis,+1 555 404 3166,08F989B0-857@EXAMPLE.TEST,2797 Brenda Ridges,Port Jeffreyview,NJ,20531,cf49c2bec69c5b11,46986,792,08 May 2025
CUST-0CED26CC,Michael George,+1 555 278 6802,0ced26cc-820@example.test,09631 Jason Shore Suite 308,Lake Kelly,VA,72059,c8a032cf740f4d6c,123015,696,13 Apr 2026
CUST-5C954A84,Marc Ortiz,+1 555 047 9864,5c954a84-15f@example.test,7073 Chang Hollow Apt. 152,Robinsonberg,VT,32583,9267a245c9528cf5,57130,623,09 Jan 2025
CUST-3CFC12C7,Robert Larsen,(555) 256-2649,3CFC12C7-63D@EXAMPLE.TEST,08735 Donald View,Port Tamara,MP,19181,e2a890b5312e43a8,"$37,051",639,13 Oct 2025
CUST-AEE7A9EB,Theresa Reese,555.088.6336,aee7a9eb-e68@example.test,3706 Armstrong Key Suite 661,Port Davidland,MI,25092,0341645c2a01775e,95498,634,27 Jul 2025
CUST-DED1019A,Justin Powell,555.324.1121,ded1019a-d94@example.test,9698 Rebecca Orchard Apt. 780,Danieltown,OK,80426,82ad447aa1475a99,49169,782,26 May 2025
CUST-B7998815,Brian Michael,555.551.6522,b7998815-a99@example.test,28384 Dwayne Way Apt. 223,Lake Wendy,MA,58073,b7a5f2c788c594d3,143526,654,30 Mar 2026
CUST-CB092C1E,Wesley Roberts,555-599-7935,cb092c1e-261@example.test,222 Ashley Ferry Apt. 533,North Brandonton,PW,30073,a96172b61010c231,28520,653,11 Apr 2026
CUST-2795680E,Ronald Allen,+1 555 374 8262,2795680E-336@EXAMPLE.TEST,36755 Gallagher Fall,Lake Brian,KS,95364,8fefda55f25b66f3,50574,567,19 Jun 2026
CUST-3EA8BC8E,Jason Fleming,555-166-2025,3EA8BC8E-633@EXAMPLE.TEST,28720 Sara Squares,Hendersonchester,MA,75640,5601881584097fe0,51291,780,19 Feb 2025
CUST-1D5B01DD,Mary Werner,555.599.4633,1d5b01dd-f03@example.test,56703 Allen Valleys,Lauratown,LA,96641,7dd39458592da222,36251,628,30 Jan 2026
CUST-55B8146C,Elizabeth Jackson,555-872-4092,55b8146c-113@example.test,7789 Brady Mews,Travisport,AR,89979,cfb3156bd43e3110,"$100,900",735,31 Jul 2025
CUST-784DCB41,Renee Thomas,555.506.4573,784dcb41-d14@example.test,72275 Caitlin Shoal Suite 813,Terriview,ND,16969,fe0817d70e95bd85,25885,636,29 Apr 2025
CUST-CC1F4611,Travis Hardy,555-314-8197,cc1f4611-814@example.test,596 John Road Suite 546,Yvonnemouth,AZ,55126,80b463d73cb484a2,36013,675,05 Aug 2025
CUST-244EA8FE,Nicholas Cruz,+1 555 369 7047,244ea8fe-dd7@example.test,953 Jennifer Spur Apt. 479,Smithland,MT,91367,1b3dfe9a096f8afe,142949,544,31 May 2026
CUST-A5DDB952,Eric Thomas,555-442-6479,a5ddb952-fca@example.test,094 Garcia Gardens,Jasonside,MP,74122,accbfb602ac80737,56843,707,11 Jun 2025
CUST-485DEE1B,Jimmy Wilkins,(555) 119-8806,485dee1b-ce5@example.test,88540 Scott Mews,Alishafurt,AR,88862,b9e64fb8eaf3b9fe,38230,703,12 Jun 2026
CUST-94854FC9,Rose Jackson,+1 555 921 7735,94854fc9-90d@example.test,71825 MARGARET WELL SUITE 842,Harrisfort,OR,55761,51dffd8e310ee833,57347,798,12 Dec 2025
CUST-7C807364,Jose Marshall,555-183-1672,7c807364-432@example.test,151 Ashley Lodge Suite 289,Port Wendy,OR,95829,e830292d1da0a334,90191,754,30 Dec 2025
CUST-168738ED,Alyssa Lynch,555.503.8491,168738ed-7ca@example.test,25183 Michael Motorway,New Zacharyfort,CO,77923,32e7ca4cb62ff109,15000,738,23 Jan 2025
CUST-D5EE2294,Erica Bridges,(555) 461-1379,d5ee2294-fe9@example.test,2436 Andrews Points,Port Jennifer,ME,73190,f32de89a2128da12,"$64,000",614,29 Jan 2026
CUST-43878D53,David Walker,(555) 830-8901,43878d53-f5e@example.test,5187 Hayden Crossroad,Macdonaldtown,SC,23383,fca293eb707817e5,33860,792,09 May 2025
CUST-8E092DBC,Mary Martinez,555-539-6626,8e092dbc-ba0@example.test,616 JOHNSON FORGES,Robertbury,PR,37769,ac541e91584bc5c6,"$99,267",696,26 Mar 2026
CUST-3D77E4CE,Samantha Shaw,555.533.6822,3d77e4ce-9d8@example.test,306 Richard Harbors Apt. 035,Blanchardmouth,DC,95992,85634666b52eaff1,26867,601,30 Dec 2025
CUST-6CFCC539,Nicole Mullins,555.666.5872,6cfcc539-d20@example.test,27203 Morrow Parkway,South Michael,MH,14256,af971452eccd04eb,99263,678,10 Nov 2025
CUST-43292C67,Sherri Dunlap,(555) 155-5277,43292c67-784@example.test,4581 Andrade Knoll,Suttonstad,WV,33421,7bda34fb2c13095c,44288,764,22 Jun 2025
CUST-BDDAA63E,Tyler Schmidt,+1 555 419 8106,bddaa63e-0f7@example.test,913 Matthew Squares,South Williamfort,VI,49906,644d1fdc7c84a141,68241,678,29 Jul 2025
CUST-089F40C1,Tracie Martin,555-184-7802,089F40C1-B10@EXAMPLE.TEST,66943 Donald Roads Apt. 536,Port Craig,VT,54493,e5384e625ba8b32d,80017,599,19 Nov 2025
CUST-56C32E63,Christopher Peterson,(555) 935-6044,56c32e63-965@example.test,899 Jackie Extension,Emilyville,WY,21270,dae333a3faf57bec,"$47,974",687,18 Jul 2025
CUST-8BDB53BA,Daniel Cain,555-136-4309,8bdb53ba-241@example.test,6981 Shane Forest,West Audreyton,FM,42656,eb95589900a0ae6f,49192,791,06 Feb 2026
CUST-3DCC3B98,Casey Kim DDS,(555) 800-0152,3dcc3b98-a16@example.test,495 Christina Drive Apt. 283,West Taylor,NY,65132,ab71c4d264709e53,"$58,458",659,14 Apr 2026
CUST-E8D47316,Sandra Newton,555.670.9383,e8d47316-141@example.test,2992 Flores Skyway,Lake Dakota,ME,93619,dbfcfabb3386e265,183654,636,16 May 2026
CUST-8F4D160D,Catherine Thomas,+1 555 376 4625,8f4d160d-69e@example.test,554 Paula Common Suite 810,West Alexanderbury,FM,96097,61421a17ebfce565,15000,656,03 Mar 2026
CUST-96E31A79,Latoya Collins,555-626-5959,96e31a79-59d@example.test,0623 Guzman Turnpike,Lake Brandon,ND,21710,63996f56ee9f2fb8,"$45,524",680,19 Jan 2025
CUST-C0293F89,Amy Lam,555.201.1990,c0293f89-2cd@example.test,1280 Christine Forks,Millermouth,ND,69885,2778e92111e2ca04,"$104,135",703,14 Feb 2026
CUST-10B6927F,Christina Martinez,(555) 575-1016,10B6927F-3D7@EXAMPLE.TEST,249 Montgomery Greens,South Mark,AZ,64642,1b98502bcd1e908e,"$77,463",763,23 Feb 2025
CUST-225718FB,Kimberly Wright,555-375-0275,225718FB-8CC@EXAMPLE.TEST,2595 Richard Lake Apt. 086,Lake Lauren,NV,68245,d040b1583757fe22,"$63,700",828,04 Jan 2026
CUST-121A4472,Helen Rivera,555.529.5076,121a4472-280@example.test,0374 Randy Row,Russellberg,AL,62814,b0055d5c9822f1e8,24734,673,30 Jul 2025
CUST-522D0D70,April Henry,+1 555 092 7037,522d0d70-471@example.test,27985 Justin Lakes,Cherylview,MT,44040,c283cc01ca9494b6,51330,645,23 Feb 2025
CUST-D08EF9B7,Antonio Adams,555.694.1084,d08ef9b7-7ed@example.test,001 William Track Apt. 643,East Davidton,OR,81465,1bfa8904eda38ff8,103799,764,26 Jan 2026
CUST-F9D18FC5,Matthew Roth,555.908.1682,f9d18fc5-c91@example.test,389 MASON ISLE SUITE 666,Lake Marie,MP,61944,da1b441ecde95441,44703,702,08 Jul 2025
CUST-CA49C458,Amber Hartman,(555) 159-5213,ca49c458-f65@example.test,94157 Waters Plaza,North Kristen,AR,49030,4994a5e627498ba3,42865,587,03 Nov 2025
CUST-97E82E24,Kristy Brown,+1 555 908 4476,97e82e24-4f2@example.test,97779 Riley Stream Suite 052,West Jamesmouth,OH,95220,b2ed343176dc921f,34231,659,25 Jan 2025
CUST-22EBCA8E,Jason Perez,555.399.0856,20045b5b-876@example.test,2105 Franklin Rapids Apt. 365,Port Shawnburgh,MP,56178,6a8ec721375dd719,23653,755,27 May 2026
CUST-680B4E96,Allen Brooks,555-507-8122,680B4E96-DA8@EXAMPLE.TEST,837 Angelica Road Apt. 153,North Derrickhaven,TN,79548,4cc7d2c5ce6de7ec,71340,686,13 Feb 2026
CUST-3E2945A6,Frank Ward,555.902.8053,3e2945a6-9ce@example.test,14132 Mclean Ferry,Lake Joshua,PA,82438,eb20f90bcf13f64f,85970,832,14 Jun 2026
CUST-0306520E,Ashley Greer,555.378.2629,0306520e-ae5@example.test,825 Chris Ranch Suite 619,Diazburgh,NJ,66254,4679469b91814ff0,"$61,943",751,04 Nov 2025
CUST-9C9ED0DB,Kristi White,555.077.3933,9c9ed0db-3d1@example.test,8770 Acevedo Circles,South Charleschester,OH,88529,d5b12d7a7d953b61,43102,850,20 Mar 2026
CUST-795DF6EE,Ryan Wilson,555-428-1001,795df6ee-ddc@example.test,326 Kathryn Pine,New Jonathan,VA,68017,fde54663bb3298f7,197651,707,04 Aug 2025
CUST-1AC36BF4,Tyler Rodriguez,555.546.2282,1AC36BF4-508@EXAMPLE.TEST,8718 Williams Plaza Apt. 381,West Eileenton,VA,90377,bccda907c4fdcbf3,105891,681,21 Dec 2025
CUST-1D03048D,Anthony Casey,(555) 070-9722,1D03048D-3BD@EXAMPLE.TEST,71058 Anna Tunnel,Port Ronald,IL,69114,54fe50bb188a9d91,38403,728,11 Feb 2025
CUST-DAE9EACE,Kristina Scott,(555) 469-9338,dae9eace-3c5@example.test,648 JULIE ROW,East Derekbury,SD,56641,6aadc74be6c042d8,19515,691,03 Mar 2025
CUST-FA372285,Steven Hudson,555.938.8049,fa372285-abd@example.test,7768 Khan Row,Port Michaelmouth,NY,13523,749cc7265b53c9f2,95078,677,20 Feb 2026
CUST-0748EACF,Greg Barnett,(555) 226-2351,0748eacf-2be@example.test,761 Cisneros Haven Suite 849,Smithbury,IN,77172,9da909b3ec5a4c30,"$17,660",672,26 Sep 2025
CUST-90A0B13E,Michelle Smith,+1 555 551 8268,90a0b13e-196@example.test,05815 William Village Apt. 251,Ryanton,WY,55222,c53bd1bd2bef5a07,43908,681,18 Jun 2026
CUST-16AAD117,Carla Hunt,555.418.7357,16aad117-ca2@example.test,43036 Donald Forks Apt. 888,Port Royburgh,NM,16006,3481a664bda8126e,53162,561,02 Apr 2025
CUST-308C7E16,Laura Jenkins MD,555.765.3270,308C7E16-5E8@EXAMPLE.TEST,29726 Chase Oval,North Brentland,ID,96193,50878b9935da333d,29294,686,02 Jun 2026
CUST-F16C6E38,Samantha Campbell,(555) 201-7587,f16c6e38-2a3@example.test,747 Franklin Station,South Maryshire,AZ,95508,c3f40d78181669c5,85540,700,15 Feb 2026
CUST-06A1AA44,Diane Smith,555-956-6275,06a1aa44-528@example.test,804 Holloway Motorway Apt. 761,Allenfort,HI,63039,72521cf62b7f9f42,"$145,620",745,12 Jun 2025
CUST-4A5B7C47,Lisa Harrison,+1 555 379 5628,4a5b7c47-fe4@example.test,9366 Eddie Path Apt. 414,West Anthonyside,MS,22824,6588dbec3be566ea,30484,685,27 Jul 2025
CUST-6F60987E,Sandra Boyd,555-952-4658,6f60987e-d70@example.test,8156 Kimberly Rapid,Knightmouth,MH,97714,86aa69a337678aca,33155,676,13 Feb 2026
CUST-F3A816EA,William Bolton,555.133.3681,f3a816ea-511@example.test,2063 Wright Path,Jenkinsburgh,GA,99218,7469f6431267d63e,60566,746,10 Jun 2025
CUST-E2CBB2F8,Michael Scott,+1 555 262 1947,e2cbb2f8-96b@example.test,02334 Bradley Walks,West Daniel,WI,79397,6d95f445cd706cb6,34972,683,11 Jan 2026
CUST-D3C126CC,Jeffrey Wilson,555-356-8607,d3c126cc-82c@example.test,7678 Frye Forest,Nicholasfurt,OR,78673,6d5b7d760a9f3acd,"$37,904",736,26 Jun 2025
CUST-7B103556,Kristen Thomas,555.812.9216,7B103556-B56@EXAMPLE.TEST,114 Rhodes Port Apt. 367,Lake Joy,TX,81365,407fd2329ff8f4a6,53039,784,12 Nov 2025
CUST-AB93D7AB,Ashley Kline,(555) 501-0168,ab93d7ab-ec0@example.test,1645 Billy Underpass,Hernandezmouth,WI,65373,ab4e0c1167f090ff,15000,701,27 Aug 2025
CUST-E33BC8C1,John Zamora,+1 555 073 6824,e33bc8c1-eb4@example.test,787 JOSEPH COMMON APT. 291,West Sarah,HI,66928,ad47bfe6c40fc635,55088,631,14 Oct 2025
CUST-2F6B707C,Mr. Dennis Maxwell,555-168-0123,2f6b707c-52c@example.test,41096 Gonzalez Roads Suite 190,North Valerieview,FL,51911,6ea9371e3ae724e4,"$33,447",752,03 Feb 2026
CUST-CD937CC3,Craig Turner,555.917.3520,cd937cc3-206@example.test,5346 ADAMS TRACE APT. 745,North Michael,NE,33313,87df57ae0696737d,58966,685,19 Jun 2026
CUST-66F0D40F,Jillian Giles,(555) 617-1617,66f0d40f-744@example.test,901 Pitts Vista Suite 096,Elizabethtown,GU,23922,c3573ae0bacf9a24,51218,683,12 Sep 2025
CUST-353C77F9,Larry Ellis,+1 555 305 7846,353C77F9-E0A@EXAMPLE.TEST,22885 Allison Forest Suite 158,Calhounfort,UT,29160,28e05d7cb7b3cdcb,76652,695,07 Jun 2025
CUST-F9450F26,Scott Tucker,+1 555 937 2712,f9450f26-153@example.test,65187 Tucker Turnpike Suite 889,Tuckerland,OR,20655,30b13616a03a529e,61158,765,05 Mar 2026
CUST-BA1DED46,Jonathan Mckenzie,+1 555 717 8425,BA1DED46-3E1@EXAMPLE.TEST,80977 Lucas Drive,Janetton,MN,91529,54ecd0b93256be25,"$44,820",719,12 Sep 2025
CUST-9E53B235,Rachel Pitts,(555) 533-9872,9e53b235-2b9@example.test,3262 TAYLOR PLAINS APT. 995,Boydfurt,WI,24037,cb7a5166efbaec10,45242,629,08 Nov 2025
CUST-B8ADA8D5,James Rivera,(555) 224-4182,b8ada8d5-6e1@example.test,284 Thompson Mission Apt. 762,West Paul,OH,48571,dffcb936e44b3ff8,100425,626,15 Jun 2026
CUST-A6C9753E,James Barnett,+1 555 066 6121,a6c9753e-e0f@example.test,1 Corporate Plaza,Springfield,IL,62701,37b7e6bb9c09c196,78769,706,16 May 2025
CUST-639762A9,Ashley Jones,555.756.0248,639762a9-8e1@example.test,272 Pope Turnpike Suite 463,West Robert,SC,93251,72af4e58b0615df0,39745,668,21 May 2026
CUST-0AB1DD70,Todd Baker,555.027.1560,0ab1dd70-65f@example.test,315 Douglas Ramp Suite 494,New Janet,LA,51709,338e519fa4be29fd,236768,726,26 Jan 2026
CUST-CC73BAD8,Nathan Smith,555.296.7274,cc73bad8-2cf@example.test,825 Walker Roads,East Sean,GU,88916,aa435d58baf7d641,37567,717,08 Sep 2025
CUST-CD67B818,William Phillips,(555) 339-6686,cd67b818-59b@example.test,24655 Amy Ridge Suite 784,New Calvin,UT,15742,2042eb26d36866df,46555,742,05 Jun 2025
CUST-4E26AB99,Carly Mckenzie,555-311-9917,4e26ab99-d42@example.test,1 Corporate Plaza,Springfield,IL,62701,dc6f6a50722f84ea,90461,565,24 Sep 2025
CUST-A829D8E8,Madison Bell,555-620-9302,a829d8e8-15e@example.test,5775 House Valleys,Jasonmouth,VT,63132,cf48b31ee84207d6,44928,472,22 Apr 2025
CUST-27F921D4,Joshua Franco,(555) 913-8553,27f921d4-77f@example.test,420 Page Court Apt. 436,New Kaitlinshire,NY,15490,57015809b1d1fe83,62268,656,11 Aug 2025
CUST-DEED9E9C,Rachel Browning,+1 555 918 3118,deed9e9c-e68@example.test,4128 Robinson Port,Michaelberg,SD,76095,db7cdb379514b428,86383,597,20 Jul 2025
CUST-B98505A5,Gregory Brown,(555) 950-1189,b98505a5-870@example.test,99525 Rachel Station Apt. 321,Port Mistyside,MS,94417,b1e76ab68a5ee160,91791,663,10 Jun 2026
CUST-32778CCD,Susan Walton,(555) 052-6852,32778ccd-cf6@example.test,41123 Chandler Mission,Williamsfurt,IA,39550,6bd33a2622b8a7ea,70285,659,26 Jun 2026
CUST-6F7A8CCB,Richard Marquez,555.856.8968,6f7a8ccb-c01@example.test,0260 Heather Junction Apt. 464,South Joshua,MO,85858,efb90c4acfd6743c,30833,764,22 Feb 2025
CUST-930393F3,Peggy Mitchell,555.047.4434,6e90bcee-b74@example.test,687 Oliver Terrace,Lake Adam,RI,62377,638ef9d2a8d60384,112277,679,26 Mar 2026
CUST-C3DC2D3E,Thomas Franklin,(555) 541-3651,c3dc2d3e-eae@example.test,6484 Nicholas Valley Apt. 223,North Matthewport,AK,38478,3eb0288faa856093,60629,614,11 Jun 2026
CUST-0D24415B,Maria Mcgee,(555) 687-5710,0D24415B-8F8@EXAMPLE.TEST,592 Yang Fords,Port Robertside,VI,27742,f601b3756876a8ae,133703,678,13 Jul 2025
CUST-7D8740E3,Brian Navarro,(555) 638-1313,7d8740e3-985@example.test,6027 Johnson Mission Suite 546,Jorgeshire,AZ,15331,196b241fd7bc4e20,"$115,774",518,07 Jan 2026
CUST-94F5169C,Wesley Santos,+1 555 592 1448,94f5169c-b0d@example.test,7485 Barrett Stream Apt. 353,Kimberlychester,KS,91763,fea34678d73b7281,63313,706,17 Aug 2025
CUST-8AEE4F6F,Keith Benton,+1 555 053 6023,8aee4f6f-b54@example.test,6432 Martin Landing Apt. 063,Faithton,NM,70807,b2c3d927a44a2346,"$50,227",679,11 Jan 2025
CUST-4DEC31DB,Jonathon Boyd,555-186-2411,4dec31db-110@example.test,07544 Jocelyn Spring,East Jeffrey,MN,82037,06a2f18dbd8cb32b,55093,647,13 Feb 2025
CUST-175CFC66,Dr. Renee Cardenas,(555) 628-7456,175cfc66-173@example.test,534 Carol Causeway Suite 819,Jacobchester,MS,56148,df911a0db3ccc67e,27215,755,04 Feb 2026
CUST-37D1361A,Vanessa Green,555-454-6737,37D1361A-00D@EXAMPLE.TEST,1 Corporate Plaza,Springfield,IL,62701,e3c9fa1ecc95a0d1,"$37,762",485,24 Apr 2025
CUST-3827FFAA,Courtney Flores,+1 555 174 9990,3827ffaa-206@example.test,6160 Wilson Ford,South Sean,MT,38952,2a9eb1ca712adaab,46665,672,30 May 2026
CUST-E7BFE85C,Richard Keith,555-875-1384,e7bfe85c-7bd@example.test,4526 Smith Trail,Port Carrie,PR,25497,541977cf413d2acb,53733,541,06 Apr 2025
CUST-1DAE5D1C,Brittany Huynh,555.999.6107,1DAE5D1C-813@EXAMPLE.TEST,03433 Castillo Walks Suite 549,Lake Rita,NE,35865,b50a6fc6bf2c96e1,144134,657,01 Jun 2025
CUST-32E17487,Colton Stein,+1 555 456 8878,32e17487-e94@example.test,5175 Fritz Mews Suite 930,Lake Deborahshire,RI,98881,935b2c810c2e8074,81331,655,20 Mar 2025
CUST-854535FD,Samantha Moran,555.776.2902,854535fd-0fe@example.test,480 Gonzalez Glen,New Geraldtown,OR,24961,a715fd3d8dcffaa0,72777,709,22 May 2026
CUST-086A82B8,Adam Lynn,555-066-4189,086a82b8-d82@example.test,6120 Jones Radial Suite 555,New Linda,ND,46473,cee1204143845189,67748,608,25 Apr 2026
CUST-792E16BB,Kristie Nguyen,555.063.1797,792e16bb-9c8@example.test,90663 Briana Mill,Jeffmouth,CO,45299,82fc829ce9f8c213,"$65,203",633,10 May 2026
CUST-0891B83F,Elaine Coleman,555-280-3275,0891b83f-d3d@example.test,96439 Miller Isle Suite 354,Lindseyburgh,VT,24874,9486b8dbfa548b4b,60344,708,04 Oct 2025
CUST-4754DB3E,Stacey Boyd,(555) 717-5615,4754db3e-fa6@example.test,0205 Hannah Tunnel,New Ryanberg,AZ,83912,908cccc43f61c82f,43537,726,13 May 2025
CUST-FD54A1A1,Briana Shaw,555-084-2418,fd54a1a1-c78@example.test,457 Aguilar Glens Apt. 837,Port Danielmouth,IA,66355,c92dcc7b1886684f,52102,706,24 May 2025
CUST-81F947E4,Melissa Baker,N/A,81f947e4-b67@example.test,8246 Douglas Estate Suite 919,West Clifford,CT,41937,dbc0a3d6dc098801,64900,684,18 Mar 2026
CUST-ADF5F324,Brian Burnett,555.582.1940,adf5f324-052@example.test,7987 Crawford Square,East Chadhaven,MT,72625,863101359eadedfb,32815,740,04 Jan 2026
CUST-8B667C2A,Robert Gonzalez,(555) 116-0853,8b667c2a-aa5@example.test,6926 Eric Cliff Apt. 289,North Diane,ND,61079,362578be1b9bd1e6,"$34,723",723,09 Apr 2025
CUST-E7A8316B,Ann Morgan,(555) 728-9190,e7a8316b-fc2@example.test,810 Dunn Dam,West Haley,WA,10223,fbec72f628af9ce4,78566,762,20 Oct 2025
CUST-E6A4805E,Samantha Branch,555.779.4225,e6a4805e-e91@example.test,004 Andrew Extensions,Lake Elaine,FM,49645,2922ed130d54b11d,"$60,165",674,27 Oct 2025
CUST-4244FF72,Catherine Nielsen,555.452.6203,4244ff72-086@example.test,1 Corporate Plaza,Springfield,IL,62701,3e45438dff6420b9,198196,786,02 Jul 2025
CUST-656BE7AF,Richard Preston,555.612.1599,656be7af-246@example.test,71825 MARGARET WELL SUITE 842,Harrisfort,OR,55761,edf3cbde25322467,97556,615,05 Apr 2025
CUST-2AAC9947,James Smith,555-823-8385,2aac9947-f1a@example.test,4406 Lopez Mountains,Jasonberg,VA,13214,fd836aa23b2e1a5f,"$120,720",571,13 Feb 2026
CUST-F9E94552,Michael Thomas,+1 555 148 8898,F9E94552-A16@EXAMPLE.TEST,114 Rhodes Port Apt. 367,Lake Joy,TX,81365,3c0f58ecb5ceb511,66091,700,04 Feb 2025
CUST-6E096104,Michael Smith,555-423-7771,6E096104-4F7@EXAMPLE.TEST,52096 Louis Haven,Port Marcuston,OH,94058,e802e588a1d4e01d,55923,658,26 Jan 2025
CUST-9FDEBF33,Lisa Garcia,+1 555 344 6234,9fdebf33-833@example.test,0110 Russo Mountains Apt. 597,Michelleville,NE,75530,7a42afc29acb42b9,"$138,341",742,24 Apr 2025
CUST-D99890DF,Peter Garcia,(555) 613-0965,d99890df-574@example.test,27027 Michael Points Suite 886,Port Christopherview,IN,96639,cf1e246f91c0b5f0,39738,603,06 Jan 2025
CUST-402632BA,Diane Powell,+1 555 224 4182,402632ba-458@example.test,284 Thompson Mission Apt. 762,West Paul,OH,48571,d51a5c5f5f460f1d,95873,711,12 Nov 2025
CUST-6808D462,Kathryn Gray,555-267-7432,6808d462-c35@example.test,06202 Rachel Rue,West William,PW,67174,1741ef55e9939e1a,"$155,959",583,15 Jun 2026
CUST-C8AC452C,Gary Cole,555-772-9667,c8ac452c-ff3@example.test,8888 Johnson Locks Apt. 246,Johnport,IN,56890,0584286ff166f86f,59543,765,22 Jan 2026
CUST-459ADC9B,Edward Davis,(555) 517-6877,459adc9b-74c@example.test,678 Anthony Expressway Suite 542,Fishertown,FM,32385,271be1b9fac76568,41324,625,21 Oct 2025
CUST-9C55124B,Dennis Stark,+1 555 388 5653,9c55124b-d70@example.test,6342 Anderson Stravenue Suite 245,South Brittany,AR,36073,06e9389b83dcd18e,"$40,488",687,02 Jan 2025
CUST-F6E0C4C7,Curtis White,(555) 338-8437,f6e0c4c7-eaf@example.test,62485 Vargas Plains,Davidmouth,RI,93867,f9afcace70f9e181,19869,735,08 Mar 2025
CUST-4856F823,Martin Walker,(555) 880-9315,4856f823-f00@example.test,54626 Stephen Forges Suite 205,Lake Ericton,MD,89181,408d2b47e35f25a9,17350,757,27 Jun 2025
CUST-50486AEB,Allison Miller MD,555-067-9488,50486aeb-dc8@example.test,097 Monica Cape Suite 022,Shahfurt,UT,89979,be5cc0c13a66db62,145014,571,17 Jul 2025
CUST-7B4F0FDC,Gregory Avila,555-603-1150,7b4f0fdc-0d2@example.test,928 Amanda Mountains,Ryanborough,CO,66593,6d3f4c1f6b62e56e,27908,752,23 Mar 2025
CUST-73BD6E4D,Christopher Howard,(555) 471-3879,73bd6e4d-fed@example.test,1486 Deborah Forest,Port Duaneland,ID,80552,6bb702c55e524c1c,"$41,967",624,25 Sep 2025
CUST-435F3F61,Patrick Snow,555.800.7291,435f3f61-0a7@example.test,12345 David Court Suite 231,Kirstenborough,LA,75667,9e559f425a47668e,55957,627,21 Apr 2025
CUST-1D739D51,Anthony Grant,555-471-3879,1d739d51-772@example.test,1486 DEBORAH FOREST,Port Duaneland,ID,80552,f246edb6ad97c7e5,"$22,144",595,14 Nov 2025
CUST-6961F3C2,John Smith,555.885.2493,6961f3c2-133@example.test,29325 Michael Forges Apt. 052,Greenhaven,CT,99737,360288e9f9d043a1,"$15,291",640,20 Apr 2025
CUST-50BC377A,Mariah Johns,(555) 389-9508,50bc377a-07b@example.test,1 Corporate Plaza,Springfield,IL,62701,1e142abd5f8c867c,"$102,886",702,13 May 2025
CUST-5832A08D,Laura Powell,555-940-7363,5832a08d-5e0@example.test,57374 Randall Mill Suite 868,Dominiqueburgh,NV,15824,ab950b9fb5fb172d,"$66,703",781,18 May 2026
CUST-222382D2,Joy Morgan,(555) 313-7166,222382d2-a87@example.test,959 John Mill,West Michaelville,RI,16235,f5207d4101d0e888,"$65,336",539,08 Feb 2025
CUST-B2C79BCD,Matthew Matthews,+1 555 320 0476,b2c79bcd-6d4@example.test,53696 NICHOLAS MOUNT,Ashleyfurt,AZ,35127,6c58aa193677b6ea,"$20,923",742,12 Jul 2025
CUST-3030DA36,Donna Bailey,(555) 583-1942,3030da36-a8a@example.test,9411 Welch Canyon Suite 547,Sheltontown,CA,59927,84e85d59365580e4,"$41,497",745,15 Jun 2026
CUST-56E9CB6F,Jacob May,+1 555 396 1069,56e9cb6f-fc5@example.test,629 Joseph Mountain,Lukebury,PR,22151,70237242751d305d,145656,695,13 Feb 2026
CUST-71BE53A3,Bruce Parker,(555) 577-7458,71be53a3-d74@example.test,8857 Marvin Loaf,Alvinfurt,CA,48813,c9fba4e05abf5300,41989,688,01 Sep 2025
CUST-B5F11166,Denise Little,555.496.0141,0891b83f-d3d@example.test,9881 Contreras Burgs,North Joelfort,NM,13626,515e1550be01ae04,45368,618,03 Oct 2025
CUST-0562447F,Madison Bush,+1 555 039 1722,0562447f-4b2@example.test,6569 Washington Run,Port Billy,MT,58670,b5fbb98a300e3dcc,94266,695,03 Sep 2025
CUST-585E4A03,Michael Harper,+1 555 708 4188,585e4a03-3ef@example.test,44789 Rogers Turnpike,Jamesburgh,MA,86661,28113c1c895a7707,"$87,531",710,25 Dec 2025
CUST-8110F7DA,Joseph Schaefer,555-358-8270,8110f7da-bc5@example.test,019 Shannon Rapid,New Kristenport,KY,45444,2371cd2ac80b4bfc,"$56,309",725,23 Mar 2025
CUST-4E64386C,Rebecca Alvarez,555-039-1722,4e64386c-065@example.test,6569 Washington Run,Port Billy,MT,58670,4f97a4640f69815d,65183,757,03 Apr 2025
CUST-4F23B8ED,Ann Williams,555.077.3933,4f23b8ed-545@example.test,8770 Acevedo Circles,South Charleschester,OH,88529,d5b12d7a7d953b61,"$88,734",563,07 Feb 2026
CUST-42CFDB03,Joshua Anderson,555-707-3570,42cfdb03-5c1@example.test,1 Corporate Plaza,Springfield,IL,62701,05a60aa482c9c2e6,58616,670,09 Apr 2026
CUST-F2BC5869,Wesley Joseph,(555) 482-4922,f2bc5869-99c@example.test,681 Murray Green Suite 166,New Meghan,ND,67307,deb6ea63b59421f0,39755,622,05 May 2026
CUST-CA1723E5,Kevin Pace,(555) 591-0678,ca1723e5-ecd@example.test,8492 Nguyen Row,North Geraldton,OH,70267,bd7c236e772efc99,54275,710,03 Jun 2025
CUST-2A3CFB64,Christine Baker,(555) 208-4959,2a3cfb64-81a@example.test,1 Corporate Plaza,Springfield,IL,62701,f9fc1780c6124cc0,90514,675,14 May 2026
CUST-7C7E49CB,William Cline,(555) 273-9774,7c7e49cb-66f@example.test,3164 Greer Green,Lake Cynthiafurt,AK,41393,d7a4a27022505707,"$44,611",570,11 Apr 2025
CUST-67133953,Alexandria Love,555-456-0731,67133953-EBE@EXAMPLE.TEST,5972 Cruz Club Apt. 400,West Tiffany,NY,93151,f134bc4c5aad7af4,65796,690,01 Mar 2026
CUST-8AC72AEC,Justin Wright,+1 555 723 5264,8ac72aec-65c@example.test,6250 Mckenzie Rue Suite 285,South Tina,GU,98781,5d146edc81a8b4fb,"$62,507",615,02 May 2026
CUST-F185C097,Amanda White,555-533-7279,f185c097-f0d@example.test,16838 Tammy Common,Bakerville,AS,83994,278af7c1d97a406c,96464,730,18 Feb 2026
CUST-76F2B5FB,Mindy Holland,N/A,76f2b5fb-ae3@example.test,66984 Miguel Ford Suite 976,North Thomas,KS,20253,5f91a7720f50047a,36626,643,10 Sep 2025
CUST-CB4C38B4,Heather Chaney,555.572.1059,cb4c38b4-127@example.test,1853 Lee Stravenue,Lake Samuelview,MI,43099,2c59a7ca3f5b11e7,60118,691,08 Feb 2025
CUST-84E963EE,Jeffrey Rubio,555-014-8135,84e963ee-a4c@example.test,61512 Massey Forks,Lake Heather,GU,75564,d7ecbf0e8809e64a,"$36,295",668,19 Feb 2025
CUST-6BC0A546,Tony Clark,555.003.5520,6bc0a546-243@example.test,86986 Tonya Keys,West Jacob,MA,14948,a7e622092dce1df7,74570,777,25 Jun 2025
CUST-A1D558B4,Emily Daniels,+1 555 088 6295,a1d558b4-b14@example.test,7125 Rice Lights Suite 671,North Rebeccaton,MN,36677,b0c50ab1386895a6,71082,659,29 Mar 2025
CUST-CDFB2243,David Fields,(555) 782-2863,CDFB2243-A93@EXAMPLE.TEST,37131 Jeffrey Crossing Apt. 248,Randolphfurt,SD,94183,b963e6523e716b9c,40959,693,15 Jul 2025
CUST-172ABE3B,Matthew Griffin,(555) 644-3315,172abe3b-9fd@example.test,860 Fuller Creek Apt. 350,New Nicole,NM,50101,9eb44abf1ecb1d66,92253,722,24 May 2025
CUST-D730695B,Rebecca Davis,+1 555 545 7092,D730695B-F3E@EXAMPLE.TEST,68274 Amanda Plaza,Sarahborough,TX,29334,d2c358a5dd4a541a,32369,678,17 Feb 2025
CUST-C920B05C,Donna Marshall,(555) 803-5790,C920B05C-339@EXAMPLE.TEST,5016 Franklin Route Apt. 055,Tinaville,PR,46266,479c233001559811,"$31,135",733,21 Sep 2025
CUST-431F4E3B,Kerry Andrade,(555) 934-4516,431f4e3b-e49@example.test,1 Corporate Plaza,Springfield,IL,62701,b9d53d4d72ace27a,82835,606,26 Feb 2025
CUST-7328BD17,Paul Wright,555.511.4288,7328bd17-2da@example.test,7887 Strong Dale,Lake Steven,PR,97062,95553fdb2475f6b1,89667,632,03 Apr 2025
CUST-87416C17,Jennifer Cherry,(555) 797-7478,87416c17-121@example.test,9828 Jesse Knoll,Rasmussenfurt,CT,59493,a4ae345438065914,"$86,912",688,16 Sep 2025
CUST-4A5B9FF2,John Spencer,555.492.2280,4a5b9ff2-089@example.test,2371 Anthony Fork Apt. 429,Christinaland,UT,87798,424dcf6685cad90c,85216,655,21 Mar 2026
CUST-B851E850,William Payne,(555) 862-8380,b851e850-4c4@example.test,7965 Ruben Track Apt. 711,Singletonburgh,MT,17833,b3187e89a292c472,64152,672,10 Nov 2025
CUST-581B4059,Jamie Jones,555.905.6486,581b4059-691@example.test,03373 Wilson Grove Apt. 185,Porterview,ND,91980,b93a4b4e31028f0e,"$119,783",518,07 Sep 2025
CUST-47D19ACF,Dana Sheppard,+1 555 444 5676,47d19acf-f78@example.test,043 THOMAS DRIVES,North Bretthaven,NY,86484,93846effaf113bc5,77518,583,19 Mar 2026
CUST-3D845B5D,Lisa Day,555-654-5374,3d845b5d-f94@example.test,45885 Kayla Highway Suite 815,South Lindsay,MT,90422,dc822119b7de7ba4,48819,621,05 Jan 2025
CUST-4E5A668F,Matthew Ward,+1 555 039 1722,4e5a668f-57d@example.test,6569 Washington Run,Port Billy,MT,58670,438fc84730f7fe27,18320,739,30 Dec 2025
CUST-5465B2F2,Timothy Kirby,555-192-4398,5465B2F2-615@EXAMPLE.TEST,905 Gray Gateway,Jasminemouth,IL,13394,ca7724b113b51844,"$27,508",684,21 May 2025
CUST-951663C1,Cynthia Harmon,+1 555 233 5416,840792cd-3de@example.test,9158 Meyers Hollow,East Jamesberg,AR,65645,c0aaeae4aff8db87,"$43,693",749,23 Jun 2026
CUST-270B19AD,Deanna Sparks,555-717-8425,270b19ad-1a8@example.test,226 Lee Ranch Apt. 053,East Justinmouth,PR,52121,54ecd0b93256be25,"$55,276",662,05 Apr 2026
CUST-18AD5365,Mrs. Karen Anderson,+1 555 479 6078,18AD5365-582@EXAMPLE.TEST,794 Vanessa Row Apt. 614,Richardsonmouth,NV,62974,3fe8895e41770bb3,58408,663,28 Jul 2025
CUST-34C87B41,Yolanda Montoya,+1 555 150 4382,34c87b41-9eb@example.test,4955 Mary Village Apt. 113,Paulville,TN,33105,1d8b8672ff102bdc,40491,676,05 Mar 2025
CUST-D2FEECCE,Ronald Coleman,555-993-0652,20045b5b-876@example.test,0000 Morgan Islands,Herrerafurt,WY,88332,20f4a64d1565f6b0,97272,767,16 Jul 2025
CUST-05FBD809,Deborah Little,555.217.4895,0891b83f-d3d@example.test,074 Garcia Trafficway,South Cheyenneshire,AK,79220,82f3b8531e40e3a6,67458,616,14 Mar 2026
CUST-D13059FE,Mrs. Jennifer Garcia,555.235.3042,d13059fe-ac1@example.test,197 Hughes Drive Apt. 640,New Matthew,AS,12455,3f1c352ef2b6f5b6,"$50,512",747,16 Feb 2025
CUST-5FDF4685,Jeremy Richardson,+1 555 128 7450,5fdf4685-b3d@example.test,35159 Gregory Motorway,Lake Marieport,MT,23391,da65e9db178f6ba7,41087,567,13 Feb 2025
CUST-04C92980,Phillip Stevenson,555-280-8907,04c92980-207@example.test,47208 Ramirez Junction Apt. 599,Port Ashleyfurt,NM,48093,33eacee67e1c09a4,70601,588,18 Jun 2026
CUST-3346A265,Tyler Hernandez,555.726.4696,3346a265-274@example.test,492 Taylor Station,North Samantha,AS,88505,717e22fc2c1b6220,43891,597,14 Mar 2025
CUST-8366B5D1,Justin Davidson,555-172-6718,8366b5d1-33a@example.test,395 Justin Knoll Suite 734,Ruizville,MI,37200,8398d79a92ded12a,24806,677,30 Mar 2026
CUST-0A318545,Cole Herrera,555.309.6754,0a318545-e17@example.test,901 Pitts Vista Suite 096,Elizabethtown,GU,23922,734e7413bed4cc05,"$110,617",580,04 Nov 2025
CUST-DB83B518,Pamela Berry,(555) 934-4391,db83b518-4e5@example.test,114 Rhodes Port Apt. 367,Lake Joy,TX,81365,7fc83a343e7d0292,"$35,020",636,25 Apr 2026
CUST-A4AC8DA5,Rachel Coleman,+1 555 908 2397,a4ac8da5-968@example.test,43614 LE HIGHWAY,Erinhaven,WI,32719,2d22b354b5bf5297,46910,629,25 Sep 2025
CUST-F0B2EB29,Brian King,(555) 434-2776,f0b2eb29-e0f@example.test,93509 DEANNA CANYON APT. 770,East Andrea,RI,33725,08145b9332a4ea7a,43925,773,29 Aug 2025
CUST-E37CCEAF,Mr. Matthew Thomas PhD,555.696.4635,e37cceaf-27f@example.test,132 William Villages,Jenkinsmouth,TX,72369,59d8bf40a0243d95,107831,719,02 Mar 2025
CUST-F9BA340E,Lauren Harris,(555) 030-1132,f9ba340e-61d@example.test,6958 Price Plains Suite 230,Alisonview,CA,46258,d81e52e171cbdef3,18998,635,10 Mar 2025
CUST-20FED03C,Kristen Sandoval,(555) 068-3057,20fed03c-f4d@example.test,33288 BILLY EXPRESSWAY,Jamesborough,OR,26974,08fd1f3f8199df4e,45721,657,03 Feb 2025
CUST-E46ACFC1,Amanda May,+1 555 948 0466,e46acfc1-0a5@example.test,852 Barnett Brooks Suite 544,Hoffmanborough,MP,18229,48a550ae94a9da72,144638,730,17 May 2026
CUST-77178F23,Thomas Bailey II,(555) 308-0435,77178f23-85c@example.test,0164 Lopez Manor,Port Diana,OH,12531,19a9dfcff5670cad,53086,644,08 Sep 2025
CUST-0BC220EC,Eric Farmer,+1 555 201 0169,0bc220ec-0b1@example.test,9609 Mckay Wall,Reedtown,SD,90152,2459c2de28cac5e9,55476,651,14 Feb 2026
CUST-E86308EA,Vernon Kaufman,555.252.5387,e86308ea-9db@example.test,1573 Olson Plain,North Bryanmouth,VA,81005,184f50772de5fd76,62942,579,09 Jan 2025
CUST-18A8FB64,Julie Clark,(555) 498-0823,18A8FB64-B11@EXAMPLE.TEST,1 Corporate Plaza,Springfield,IL,62701,013712dee8968ad4,33626,744,14 Jan 2026
CUST-87241CEB,Patricia Ryan,555.667.6260,87241ceb-e83@example.test,2943 Williams Skyway Apt. 167,Williammouth,CA,87367,146fc05cd95db738,43717,672,05 Apr 2026
CUST-E11B8122,Tonya Hodge,555.645.2050,e11b8122-5b0@example.test,947 Powers Mountains,Rodriguezbury,WA,99619,eca04e582f4c7b33,"$82,629",689,30 Aug 2025
CUST-70B1C0A2,Elijah Zimmerman,555-598-5253,70b1c0a2-93b@example.test,25762 Katie Center Apt. 247,East Dylan,TN,16050,ba915d5be5b0f3cc,"$92,119",748,02 Mar 2026
CUST-BE534833,Ronnie Johnson,(555) 012-2216,be534833-7fc@example.test,20966 Jones Harbors Suite 651,Lake Mary,ND,73209,87a3ee7d478f4e28,77296,599,10 Apr 2025
CUST-3C6EB1BB,Paula Price,555.633.5444,3c6eb1bb-298@example.test,56943 David Greens Apt. 078,Danielbury,MP,51043,124fcb60f8940e67,"$77,423",674,23 Jan 2025
CUST-C8DE1DF0,Anthony Preston,+1 555 192 2300,c8de1df0-def@example.test,453 Natalie Route,South Angela,VI,46817,ad391bce70f0b9d2,103910,624,01 Jun 2025
CUST-177A9ADA,Amy Steele,555-463-8384,177A9ADA-173@EXAMPLE.TEST,184 HO RAPID,East Charles,NV,14579,9b22cb56cc637299,77822,643,13 Apr 2025
CUST-1A8C2BD2,Richard Jones,+1 555 187 2760,1a8c2bd2-c97@example.test,176 Alex Pines Apt. 512,Michaelfurt,PR,99386,de201877a5d2c892,47746,750,22 Nov 2025
CUST-58171272,Jonathan Gray,(555) 154-4741,58171272-f06@example.test,850 Cynthia Canyon Suite 990,Melissabury,OR,38837,40175a808caf0cd8,15000,688,03 Mar 2026
CUST-C4B188FC,Krista Sims,555.689.0770,c4b188fc-7ce@example.test,3790 Hill Hills,Carlaview,PW,31346,d7267b04a8210aee,"$67,205",663,02 Jun 2025
CUST-82552DBB,Laura Smith,(555) 944-6688,82552DBB-25F@EXAMPLE.TEST,618 Rebecca Haven,South Robert,ME,43282,70efa7d3d2831046,121682,713,11 Apr 2025
CUST-26CDBDFC,Jeremy Peters,(555) 481-1454,26CDBDFC-383@EXAMPLE.TEST,69753 Smith Port,New Brandiburgh,CT,39008,984fa09767aefb7a,77009,664,08 Aug 2025
CUST-389F4EF4,Dana Gross,555-335-9019,389f4ef4-e75@example.test,114 BOYLE STATION SUITE 280,Benjaminfort,MS,58709,d21cc262fe1ecc83,41631,589,09 Feb 2026
CUST-7BB304F2,Vincent Davis,+1 555 439 3762,7bb304f2-93f@example.test,8351 Scott Crest,Deborahhaven,OR,92462,8aba140dc2bd8e05,148745,599,30 May 2026
CUST-F57C612F,Kristi Mueller,555.901.4692,f57c612f-2ab@example.test,71583 Michelle Plain Apt. 844,Seanberg,LA,64411,9c175d30cd8e28a0,95407,663,12 Feb 2025
CUST-E7A474A1,David Parsons,555.139.0412,e7a474a1-806@example.test,7418 Lee Park,North Christopher,WA,22980,b7e538a505663be6,33865,689,28 May 2025
CUST-EB665FE2,Stephanie Jackson,555-661-4885,eb665fe2-679@example.test,9698 REBECCA ORCHARD APT. 780,Danieltown,OK,80426,e0a5758dd4212ddf,28450,666,28 Nov 2025
CUST-4A475558,Kristen Pineda,555.800.2716,4a475558-950@example.test,1839 Jesse Meadows,South Jacquelinehaven,MS,43088,7b1ac5dc5311f4e5,30552,682,22 Dec 2025
CUST-8ADEFC1A,Tammy Howell,555.411.5020,8adefc1a-d3f@example.test,489 Donna Parkway,South Joseph,OH,31235,e6cc69617ae08b5f,39284,758,27 Jun 2026
CUST-57369EDF,Russell Mcclain,555.892.5737,57369edf-15d@example.test,2359 Shane Hollow,Myerschester,MO,99707,bbe627b7b9ff8316,28215,695,09 Jun 2025
CUST-6DB73414,Joseph Perkins,+1 555 390 3562,6db73414-b3d@example.test,163 Turner Isle Apt. 788,Lake Monicafurt,MP,30278,f0b78960ef39aeac,30429,763,17 Feb 2025
CUST-4128E1FB,Alexandra Dyer,555.598.4167,0891b83f-d3d@example.test,15748 Baker Prairie,Westhaven,TN,73439,c45ef5b1b1b11e6d,47046,671,09 Jan 2025
CUST-5105DB1C,David Myers,555-752-5588,5105db1c-fc5@example.test,482 Robert Shores,North Amanda,KY,12974,ddc5ab315b64b825,53807,738,25 Mar 2025
CUST-056673F7,Tyler Martinez,(555) 330-0270,056673F7-15D@EXAMPLE.TEST,91902 Linda Port Suite 974,Davidfurt,MA,98653,388f8055f0429c2d,39532,636,20 May 2025
CUST-4AC99F2A,Brenda Gonzalez,555-036-9355,4AC99F2A-94A@EXAMPLE.TEST,97811 Kristina Shores Suite 635,Trevorfort,NC,21405,84dd61675551bf41,66771,549,18 Apr 2026
CUST-0EEC22AB,Christopher Carpenter,+1 555 528 5828,0eec22ab-f0a@example.test,37800 Allen Locks Suite 838,Lake Bonnie,KY,26118,b25e2d2c6943a537,47516,850,29 Oct 2025
CUST-5AE7AB8F,Andrew Hicks,555.459.0843,5ae7ab8f-e96@example.test,136 Jennifer Fort,West Danielle,MH,36163,a9f95c1c9038b95a,44497,658,19 Apr 2026
CUST-E90A7763,Christopher Kelly,(555) 482-8261,e90a7763-6e8@example.test,56145 Dustin Rest,Lake Kevin,WI,26773,6151016f64fd89a1,"$34,306",665,22 Mar 2025
CUST-1173A17A,Christopher Martin,555.263.0122,1173a17a-e0b@example.test,5780 DIAZ VIEW APT. 026,South Lindsay,DE,73204,1a1fadcc4e08a3f2,36546,698,10 Jul 2025
CUST-886E3E6C,Teresa Anderson,555.957.1178,886e3e6c-5b7@example.test,8351 Scott Crest,Deborahhaven,OR,92462,85fa907fa3e4b987,"$54,598",652,02 Jun 2025
CUST-B58A271C,Victor Adams,555.728.2245,b58a271c-e58@example.test,9429 Robert Lock,New Jonathan,IA,84019,1905d7479c219d4f,46221,781,24 Mar 2026
CUST-8BEB7041,Jeremy Huff,+1 555 532 3837,8beb7041-763@example.test,372 Richardson Trail Apt. 663,Lake Chadstad,FM,44227,acbcc655d8652ae2,67005,658,03 Nov 2025
CUST-8141348F,William Roman,+1 555 645 5061,8141348f-420@example.test,82176 Garcia Passage Apt. 340,West Jessica,OH,37804,45a6d311db3059de,43625,734,31 May 2025
CUST-C9778A1A,Nicholas Hayes,555-167-0281,c9778a1a-aac@example.test,08054 Bender Field Suite 309,New Heidichester,TX,79069,25b89d1d4290c561,198657,713,27 Feb 2026
CUST-3A84DDAC,Hannah Bush,555-585-2017,3a84ddac-54b@example.test,331 Chad Court,West Jill,OR,48888,bdfecdcb01a136b8,34359,593,10 Feb 2025
CUST-45B63849,Jon Herrera,555-257-5274,45b63849-ece@example.test,99142 Shannon Shoals Apt. 721,Arellanoborough,NE,17029,94d4733b344a5953,75915,835,11 Dec 2025
CUST-FA51993F,Rachel Roberson,555.732.7623,fa51993f-991@example.test,5777 Ricardo Trafficway,New Christophermouth,NY,16284,a4e94c073d2c4357,"$79,841",679,14 Jun 2025
CUST-435FB515,Kimberly Hopkins,+1 555 371 0801,435FB515-FB1@EXAMPLE.TEST,242 Curry Underpass Suite 890,Huntview,LA,40051,9ee071d8f1e560fd,"$28,759",793,03 Jan 2025
CUST-03C3DAD7,Justin Todd,+1 555 261 5775,03C3DAD7-4DE@EXAMPLE.TEST,120 Barnett Circles Suite 212,Ortizton,CO,12715,db1b1fa396aac9e7,35278,796,09 Jan 2026
CUST-D65466A7,Deborah Moran,+1 555 971 0764,D65466A7-366@EXAMPLE.TEST,88877 Norman Forest,North Jennifer,UT,96942,a318a8a86ed15df3,52344,674,21 Mar 2025
CUST-5B6AAF61,Scott Roberts,+1 555 980 0758,5b6aaf61-b28@example.test,9428 Stacy Drive Suite 659,West Laurie,GA,80228,d86dd94074305911,74397,666,31 Jul 2025
CUST-D165EBDA,Ashley Petersen,+1 555 014 3032,d165ebda-87b@example.test,49826 Kimberly Mountain,Angelview,AZ,77196,072e4439e6ba2d9f,32896,553,01 Mar 2026
CUST-51ABACDB,Meagan Young,555-345-1100,51ABACDB-2D0@EXAMPLE.TEST,159 Austin Lock Apt. 252,Lake Joseshire,VI,16944,4c054bf5ed14c811,"$43,154",553,28 Nov 2025
CUST-891AF44F,Joe Downs,555-698-8186,891af44f-e0f@example.test,1 Corporate Plaza,Springfield,IL,62701,96a689a5c96b1a15,102584,661,29 Dec 2025
CUST-DEB8D8FE,Jessica Hardy,+1 555 427 1696,deb8d8fe-7e3@example.test,91631 Deborah Land,East Jasonside,ND,91634,45abf80c67696bc9,26647,731,09 Apr 2026
CUST-164B04A9,James Ortiz,+1 555 362 2818,164b04a9-6b3@example.test,9895 Fuentes Vista,New Elizabeth,WY,86391,dcc6418a702f25fa,"$36,015",610,30 Apr 2026
CUST-54AADD60,Steven Tucker,+1 555 906 3475,54AADD60-139@EXAMPLE.TEST,45595 Tracey Corners,Erikamouth,CT,43106,3b36077d15c0674f,"$99,592",637,08 Jul 2025
CUST-B5837869,Dorothy Page,(555) 212-9307,b5837869-9ef@example.test,328 Hoover Viaduct,Port Christinefurt,CT,96389,f42d9060c535f106,15000,649,07 Oct 2025
CUST-088FA4E5,Kevin Butler,555-674-2717,088fa4e5-27f@example.test,94898 Maldonado Radial,Morrisbury,OK,71911,b261a1f6908ad609,31633,625,22 Mar 2026
CUST-AEAA4BB8,Nathaniel Merritt,555-688-3378,aeaa4bb8-3e7@example.test,45028 Christopher Bypass,East Sarah,PW,42512,1fe07b4fdd9d534e,"$47,215",685,01 May 2026
CUST-DFFEDCE2,Mark Savage,555-377-5970,dffedce2-0d0@example.test,629 Joseph Mountain,Lukebury,PR,22151,8546fb78d4f2d461,"$80,275",719,25 Dec 2025
CUST-32C96678,Michael Wallace,N/A,32c96678-ab3@example.test,8342 Mason Garden Apt. 863,Rodriguezhaven,NE,66688,7c327d5ca0b923d2,63927,614,12 Jan 2025
CUST-BD745BE9,Gerald James,(555) 351-5658,BD745BE9-3BF@EXAMPLE.TEST,9410 Bradley Ranch,Avilamouth,DE,64871,f8445746fcbe2cf6,78119,673,23 Jan 2026
CUST-EB9991F1,Aaron Valenzuela,555-471-3879,eb9991f1-d47@example.test,1486 Deborah Forest,Port Duaneland,ID,80552,d765a9ac2bd11bfd,"$46,528",663,29 Jun 2025
CUST-E1852735,Jenna Farmer,+1 555 882 8516,e1852735-148@example.test,492 Richardson Parkways Suite 147,New Ryanborough,AS,71287,52995a2b97033188,"$50,318",695,07 Dec 2025
CUST-BE3B67B3,Michele Wilcox,+1 555 691 0834,be3b67b3-3b4@example.test,7951 Owens Walk Apt. 611,Christopherbury,VT,48535,20a6525d89915fed,24529,682,01 Oct 2025
CUST-045E837A,Joseph Hernandez,555.006.8360,045E837A-873@EXAMPLE.TEST,5599 NICOLE DALE APT. 409,Brownport,MH,54944,d904f6dc72f2bf64,47730,692,14 Jan 2025
CUST-A3BBF524,Karen Fuller,(555) 202-1345,a3bbf524-170@example.test,1 Corporate Plaza,Springfield,IL,62701,fdf1402a1c335af9,99322,586,11 Apr 2026
CUST-48F3DFF3,Brittany Frazier,(555) 916-9257,48f3dff3-d60@example.test,95454 Sarah Plain,Port Jasonmouth,MH,38681,894b97449e5c2ae0,45012,618,24 Jan 2026
CUST-E98ECFC2,Robert King,555-574-5056,E98ECFC2-53A@EXAMPLE.TEST,3733 Mark Pike,Cortezberg,NH,73297,2236fdd7359e2063,42284,649,02 Jan 2026
CUST-EDAA6504,Dr. Kenneth Butler DDS,+1 555 216 2751,edaa6504-638@example.test,6160 Jensen Stream,Christophertown,MN,71379,0d52db255104d003,56936,690,11 Jan 2025
CUST-80E4C450,Betty Smith,555-290-7069,80e4c450-19b@example.test,040 Dillon Throughway,West Nicoleberg,FM,76555,698efa9b4b354a75,63266,564,13 Apr 2025
CUST-6CB4093D,Jesse Hoffman,+1 555 524 5362,6cb4093d-6cb@example.test,56854 Dawn Manor Apt. 662,New Dustin,SC,54562,cc7edbfa0ccfd482,"$53,121",808,05 Apr 2025
CUST-1FFBDF43,Norman King,555.149.5511,1FFBDF43-D01@EXAMPLE.TEST,9965 Anderson Valleys Suite 444,Lake Daniel,PR,48016,52ced297a8ab43da,52386,679,27 May 2026
CUST-45B4608D,Daniel Brown,555-900-3983,45b4608d-a8d@example.test,15571 Jeffrey Cove Apt. 425,Christinefurt,VT,26362,b746490b0acce227,48280,688,06 May 2026
CUST-A100B28D,Jordan Johnson,+1 555 390 3562,a100b28d-b72@example.test,163 Turner Isle Apt. 788,Lake Monicafurt,MP,30278,26564ffe12700c56,25865,647,15 Nov 2025
CUST-881B07FB,Matthew Wallace,(555) 061-3587,881b07fb-d23@example.test,01209 Hartman Vista Apt. 694,South Ryanfort,PR,82685,949cdad89df78af2,"$40,733",670,06 Apr 2026
CUST-E5D13230,Julia Gonzalez,555.637.0994,e5d13230-678@example.test,1 Corporate Plaza,Springfield,IL,62701,f4dd83fe108f8fd5,56949,658,02 Jul 2025
CUST-00D244A9,Glenn Davis,555.494.6798,00d244a9-b84@example.test,78213 Tammy Bypass Apt. 545,Baldwinborough,AR,81159,d9474d26387d3ccb,"$81,556",652,24 Oct 2025
CUST-913C57B0,Jason George,(555) 855-6864,a9878101-050@example.test,764 Doris Walks Suite 620,West Brian,CO,76575,e84c37ecd7058627,47429,714,28 Feb 2025
CUST-8777A6C2,Michael Harris,+1 555 330 0459,8777a6c2-0c8@example.test,231 Medina Plains,North Manuel,IA,40223,b0055d5c9822f1e8,65572,765,16 Oct 2025
CUST-EADAB7F7,Richard Patton,(555) 488-3372,eadab7f7-64b@example.test,45394 Gregory Gardens,Amberburgh,CT,63650,f601b3756876a8ae,43671,678,19 Jan 2025
CUST-72CC7C14,Deanna Hernandez,555-138-5435,72cc7c14-395@example.test,5667 Sierra Skyway,Jamieton,WV,51797,c832b5eccde508fb,28811,646,11 Apr 2025
CUST-C1444F48,Scott Morris,555.204.8301,c1444f48-896@example.test,730 Kelly Circles,East Danny,NV,83196,e3ad3596801a41eb,17125,660,16 Mar 2026
CUST-01F48C0B,Dawn Harris,555.874.8927,01F48C0B-FAB@EXAMPLE.TEST,387 Grace Corner,Gibsonside,TX,36410,4c3032027a98a199,23218,729,22 Feb 2026
CUST-7263F9CF,Vanessa Webb,(555) 138-5435,7263f9cf-e46@example.test,5667 Sierra Skyway,Jamieton,WV,51797,c832b5eccde508fb,57150,657,25 Mar 2026
CUST-5FAB14AC,Susan Lamb,555.152.8779,49f2b10b-699@example.test,74047 Davis Valley,Lake Lisa,TX,23981,e65f0c947b4458a5,69029,703,01 Aug 2025
CUST-3BA08F2F,Ryan Bates,+1 555 301 7594,3ba08f2f-2a7@example.test,1342 Cody Drives Suite 762,Laurenville,IL,49554,ac7fb19f1bc5c08e,26472,629,08 Jan 2026
CUST-A44DE0C3,Denise Jones,(555) 800-0152,A44DE0C3-4C5@EXAMPLE.TEST,495 Christina Drive Apt. 283,West Taylor,NY,65132,f6347111a370742a,56685,707,01 Jun 2026
CUST-667E96C0,Michelle Johnson,+1 555 455 4009,667e96c0-aa1@example.test,9954 Donna Mill,New Christinaberg,MP,43562,4412aa87a43edb27,65179,587,31 Dec 2025
CUST-51A284E4,David Gutierrez,555.318.3294,51a284e4-f97@example.test,5625 George Locks,South Williamborough,GA,63190,b73db491f09cb1fa,52409,700,11 Apr 2025
CUST-F219C77D,William Banks,555.414.0042,F219C77D-481@EXAMPLE.TEST,37210 Taylor Mill Apt. 349,Crossport,AL,59182,bb96659b3283653e,"$89,064",575,17 Apr 2025
CUST-C597DDF7,William Osborn,(555) 381-9134,c597ddf7-f82@example.test,40608 Candice Falls,Amyburgh,KS,96125,3a31fc444447ec93,42167,632,01 Sep 2025
CUST-76689442,Heather Baker,+1 555 929 8705,76689442-dd9@example.test,4827 Jeffrey Field,Lake Tammy,NH,51652,f8c5e79c6441402d,64711,575,27 Jun 2026
CUST-987ACCDA,Mr. David Thomas,(555) 519-8278,987accda-9ac@example.test,48743 Butler Villages,Davidview,DC,43854,245476c6a8524689,52971,746,14 Feb 2025
CUST-B760C269,Michael Benitez,(555) 775-4664,b760c269-11d@example.test,97457 Duane Trail,North Abigail,VA,75250,be8a490c49def577,94474,674,03 Apr 2026
CUST-53FDB7DF,Brandi Hill,(555) 914-3678,53fdb7df-573@example.test,73355 Rosario Avenue,Deanburgh,GA,45654,924035010054b5e5,63728,567,26 Jan 2026
CUST-1DDFE47C,Jacob Arnold,555.747.8810,1ddfe47c-80e@example.test,06480 JOHNSON PINES APT. 670,East Davidton,ME,88110,bc9ae624798ffb05,71108,665,04 Jan 2026
CUST-17C634FC,Michael Delgado,+1 555 517 3245,17c634fc-c07@example.test,4478 Becky Ramp Suite 819,Ruizchester,MD,66882,7e8475f44846347e,74384,614,04 Sep 2025
CUST-E9C4D069,Matthew Scott,555.232.9554,e9c4d069-c0e@example.test,58948 Robert Loop Apt. 208,New Tarachester,MA,72326,d147c942a8548bc7,"$80,303",623,10 Jan 2025
CUST-8F0FEDF0,William Johnson MD,(555) 881-8560,8f0fedf0-1c3@example.test,304 Morgan Way Suite 117,South Kevin,UT,29155,9e262765471c9f74,54172,687,30 Apr 2026
CUST-9C260863,Sarah Garcia,N/A,9c260863-5fd@example.test,3957 Carrie Pine Suite 940,Amandaport,NE,84069,5299bed12d47b310,48008,805,30 Jan 2025
CUST-06A3FE24,Michael Jensen,N/A,06a3fe24-933@example.test,00455 Williams Estates Suite 476,West Joshua,NE,87257,ccb87a4873497195,43992,686,05 Mar 2026
CUST-90E81498,Lauren Miller,555-413-6573,90e81498-ec4@example.test,05375 HARDING PARKWAYS,Lopezhaven,NM,45366,deeb2069ba569157,115805,603,05 Mar 2026
CUST-2613FC30,Jonathan Palmer,+1 555 782 6031,6E90BCEE-B74@EXAMPLE.TEST,1577 James Bridge Suite 597,Andersonshire,PW,66128,4608c8db8405fe58,59087,649,25 Jan 2026
CUST-F7639072,Thomas Gomez,(555) 372-1359,f7639072-b45@example.test,11809 Alfred Oval Suite 944,South Sandraview,NC,91862,94cdbb58b7eab795,"$67,397",658,16 Jun 2026
CUST-367A0625,Mark Allen,+1 555 865 7257,367a0625-069@example.test,0684 Williams Orchard,Batesmouth,PA,41518,d8e8a6f588e66745,32467,768,12 May 2026
CUST-844AAABF,Gloria Cochran,555-612-9383,844aaabf-b10@example.test,277 Kelley Isle Apt. 403,Whitneyport,WA,93719,3eb65a7293d1143f,15000,709,25 Apr 2026
CUST-E608E9CF,Melissa Berger,(555) 466-7351,6801bd86-3c2@example.test,0422 Amanda Rest Apt. 791,Danielton,NY,45561,17c82ed19e975353,"$25,489",647,10 Jul 2025
CUST-1DB7072B,Janet Garcia,555-558-6715,1db7072b-f5d@example.test,235 Frank Causeway Apt. 012,Robertfurt,MD,19919,8de14dd729270f30,62412,713,20 Oct 2025
CUST-854F8AAA,David Brown,+1 555 882 8974,854f8aaa-b4a@example.test,90975 Duke Port Apt. 469,Annaside,LA,51591,afd721aaf1f30499,25264,758,01 Apr 2025
CUST-C8ED9096,Danielle Rodriguez,555.346.6102,C8ED9096-81F@EXAMPLE.TEST,65408 REED PLAZA,Myersstad,IA,20132,145fd2b46fb35b6f,56458,668,17 Jan 2026
CUST-50E87C83,Jose Wiley,+1 555 230 2224,50e87c83-70f@example.test,371 Collins Spring Suite 429,Jeremyburgh,ND,16703,6c58397a3f42efa6,29035,643,06 Jun 2025
CUST-EBC8C7A1,Sophia Fuentes,(555) 843-5571,ebc8c7a1-3c5@example.test,1 Corporate Plaza,Springfield,IL,62701,50b151d039b92a26,"$67,750",610,28 Jan 2025
CUST-7D038585,Dr. Erin Lopez DVM,555.512.3211,7d038585-da4@example.test,08619 John Parkway Suite 490,Herringport,TX,90602,33163dfd9cd38a25,15309,732,10 Apr 2026
CUST-A9E632E5,Autumn Garcia,555.638.1313,A9E632E5-D5C@EXAMPLE.TEST,743 James Port,Lake Andrew,ME,60407,196b241fd7bc4e20,54870,630,09 Apr 2026
CUST-311D68D6,Cynthia Larson,555.391.4548,311D68D6-B4C@EXAMPLE.TEST,6559 Sutton Radial Apt. 687,Reevesfurt,HI,18507,d168cecda49d979f,58086,709,26 Feb 2026
CUST-C35A5C6F,Bridget Berry,555-326-5245,c35a5c6f-a2e@example.test,4682 Gary Glens,Williamsborough,KY,24089,d18bd6b6be79641b,58912,755,02 Sep 2025
CUST-84F6C8E8,Karl Crawford,555-847-4989,84f6c8e8-d01@example.test,1 Corporate Plaza,Springfield,IL,62701,feeb26d8e09f0798,37129,737,12 Dec 2025
CUST-12F378E1,David Ross,555-657-1936,12f378e1-c35@example.test,194 Alicia Row,Bryanport,RI,48346,49b90ff00998dfe4,26697,728,13 Jun 2026
CUST-F225AF17,Kara Griffith,(555) 582-3146,F225AF17-A78@EXAMPLE.TEST,018 Ward Branch Apt. 646,Lake Michael,IN,40416,93064a969fc4586c,64134,599,22 Apr 2026
CUST-9488BD74,Andrew Collins,+1 555 088 7675,9488bd74-a1d@example.test,970 Thomas Expressway,Sharonmouth,IA,82051,9b8252a01c0a39a5,75953,654,04 Apr 2025
CUST-471B3273,Jose Daniels,+1 555 259 6652,471b3273-f72@example.test,45834 David Green,Thompsonburgh,CT,65287,b8cd2aab079a7fa9,64368,762,13 Jun 2025
CUST-846FC6A9,Mitchell Perez,+1 555 087 0405,846fc6a9-118@example.test,24386 Robbins Junctions Apt. 738,South Steven,CA,41128,c5de703931f72a5e,18466,725,22 Nov 2025
CUST-6D212B69,Richard Steele,(555) 680-3821,6d212b69-ca0@example.test,62027 Kenneth Villages,Kempview,MD,32942,283b749a46ae769f,33864,656,24 Dec 2025
CUST-8A4E9EDC,Earl Bowman,(555) 069-4075,8A4E9EDC-9D6@EXAMPLE.TEST,51232 Dominic Extensions,East Andrewshire,AZ,25890,5c9220510c8d5d3c,65823,581,16 Jun 2025
CUST-00F9CC54,Mitchell Moreno,+1 555 292 6767,00F9CC54-F58@EXAMPLE.TEST,5854 Steele Spurs,Hayleyfort,WY,31109,9fda82af2f1c576b,81493,688,16 Sep 2025
CUST-0AF63816,Deanna Woods,+1 555 149 8455,0af63816-b1c@example.test,7935 John Tunnel Apt. 154,Larryside,OK,27208,54e7337587d8a3b4,75718,760,08 Mar 2025
CUST-7D6A42E2,Sara Hernandez,+1 555 594 9317,7d6a42e2-d75@example.test,9993 SHERRY TURNPIKE SUITE 863,Denisebury,CT,54229,9203935f369877ed,26455,641,13 Jan 2026
CUST-AFB0F74B,Elizabeth Ross,555-409-7497,afb0f74b-ba1@example.test,200 Brittany Ridge Apt. 637,East Christineside,VA,56412,4a257f40056b7905,100586,567,08 Sep 2025
CUST-94E6C60B,James Peters,(555) 874-4271,94e6c60b-1ae@example.test,5448 Baker Prairie Suite 367,Sanchezstad,PA,30580,9ac5124361a1af69,"$123,921",517,12 Nov 2025
CUST-ED478997,Robin Camacho,+1 555 724 6664,ED478997-03A@EXAMPLE.TEST,243 Smith Mount,Muellerfurt,HI,98481,1909b5322d809b7c,"$91,891",775,15 Jun 2025
CUST-A3A32475,Larry Madden,+1 555 748 0145,a3a32475-552@example.test,89747 Park Motorway,North Melissa,OK,36592,c35d1324e359fe0c,45885,713,20 Apr 2026
CUST-8A193EED,Mark Richardson,(555) 429-7179,8a193eed-bb0@example.test,75290 Lucas Manor,Cowantown,IN,93931,15f55b7806bf9a69,"$67,681",773,16 May 2026
CUST-A2391C95,Susan Grimes,(555) 085-5046,a2391c95-381@example.test,92719 ALISHA UNION SUITE 374,South Jeffrey,MH,54941,e9e6d3f91a6b94ea,34102,751,03 Feb 2026
CUST-FA68CD5A,Jamie Boyd,555-077-3933,fa68cd5a-132@example.test,1 Corporate Plaza,Springfield,IL,62701,d5b12d7a7d953b61,66931,756,24 Jan 2025
CUST-A6CECC65,Juan Harris,555-545-7791,a9878101-050@example.test,783 Jennifer Divide,South Davidfort,VT,93216,e84c37ecd7058627,29778,513,31 Oct 2025
CUST-C6D55490,Christopher Davis,555-328-4895,c6d55490-30b@example.test,68203 Nancy Burg Suite 451,East Nicholasborough,NM,27765,e58936bcaf9ceedf,"$93,191",629,07 Jul 2025
CUST-FB9DCD02,Elizabeth Vazquez,555-046-6437,fb9dcd02-a8f@example.test,853 Gail Circle Suite 546,Elizabethview,NE,16763,2192ef6767a21f17,82002,769,24 Jan 2026
CUST-0D35F661,Jason Graham,555.887.0598,0d35f661-df9@example.test,5514 Bradley Rapid,Lake Eric,IA,70861,7f18626d91bdfc3e,22438,699,02 Apr 2026
CUST-B1C54B5A,Teresa Gonzalez,555.294.4954,b1c54b5a-31d@example.test,0411 Grace Rapid,Adamfort,MO,65042,8019e3596e716943,"$60,200",672,27 Sep 2025
CUST-F4EA71E9,Amanda Schmidt,+1 555 344 9030,f4ea71e9-9c3@example.test,608 Schroeder Dam,Samuelside,FL,93314,73b43be9958c26a6,80625,617,25 Jun 2025
CUST-F1AD6198,Megan Adkins,555-049-0100,f1ad6198-045@example.test,37800 Allen Locks Suite 838,Lake Bonnie,KY,26118,028f073198f2699e,77534,566,10 Apr 2025
CUST-7350E9FC,Rose Mcdonald,(555) 661-5247,7350e9fc-291@example.test,7030 Stevens Valley Apt. 469,Brownberg,FL,13314,4ad175fcdd68f74f,32372,804,15 Oct 2025
CUST-33E6E94E,Christopher Hubbard,555-227-3681,33e6e94e-a92@example.test,1785 NEWMAN MEADOW,North Brittany,UT,71717,5fd07b68dc2005bc,80993,699,13 Apr 2025
CUST-DB475043,Danny Davis,+1 555 495 8585,db475043-6f5@example.test,89171 Rachel Lakes,Sheatown,ID,52733,7a433479178dfe59,54277,692,25 Dec 2025
CUST-59EC2E7A,Whitney Ayers,(555) 248-6005,59ec2e7a-631@example.test,19119 Williams Rapid,West Kimberly,RI,60107,7a3a910c3929f391,"$85,623",684,07 Jan 2026
CUST-CE8442DB,Willie Romero,555-138-5435,ce8442db-be7@example.test,5667 Sierra Skyway,Jamieton,WV,51797,c832b5eccde508fb,120707,678,07 Jun 2025
CUST-342090FA,Holly Murphy,(555) 376-8400,8ff80edb-2b3@example.test,427 Chris Springs Suite 964,Holmesside,NM,77694,0187b0476818d86a,81498,604,30 Aug 2025
CUST-6AD3F44E,Kristin Cooper,(555) 170-8365,6ad3f44e-366@example.test,4283 Shannon Mills Suite 659,Kevinchester,MN,97815,7482ac8eca47306c,32207,726,19 Jul 2025
CUST-0CE7D6E8,Daniel Smith,555-793-0069,0ce7d6e8-b97@example.test,297 Crystal Knolls Apt. 396,Larsenton,AS,38097,2d83a0354ee60e00,46193,546,16 May 2026
CUST-EF3E064E,Melissa Phelps,+1 555 127 4983,EF3E064E-A25@EXAMPLE.TEST,50481 Serrano Streets Suite 358,South Amber,ND,11433,f70a6e269438001b,51926,651,15 Mar 2025
CUST-8DD7012A,Adam Townsend,555-089-0612,8dd7012a-501@example.test,3262 Taylor Plains Apt. 995,Boydfurt,WI,24037,20c7e48db184d424,72635,676,20 Apr 2025
CUST-AC06C25E,Aaron Wu,555-841-3487,AC06C25E-123@EXAMPLE.TEST,097 Monica Cape Suite 022,Shahfurt,UT,89979,7742793fff5d4e16,27000,702,01 Mar 2025
CUST-257B2C56,Michael Shaffer,(555) 287-7814,257b2c56-c8c@example.test,97121 Jillian Plaza,North Kimberlystad,AZ,92634,b14c2d4e5571dd3b,57768,707,25 Jun 2025
CUST-D37A22DF,Mrs. Jenna French,+1 555 898 2643,d37a22df-267@example.test,5934 Nguyen Hollow Suite 253,East Andrewside,OH,38874,8cd78a2297529299,62440,623,30 Apr 2026
CUST-C90C0AD2,Margaret Gibson,(555) 997-6820,c90c0ad2-196@example.test,032 WILLIAMS CREST,South Beverly,NJ,29309,a4d86cfbb9ba350e,20805,638,31 Jan 2026
CUST-922C6870,Robert Sullivan,555.178.2257,922c6870-9c9@example.test,1 Corporate Plaza,Springfield,IL,62701,f300263f18aeb896,"$39,387",690,02 Mar 2025
CUST-C669E234,John Shields,+1 555 749 1820,c669e234-b01@example.test,841 KAREN CLIFFS SUITE 007,Holmesside,FL,96813,baa40d5fabc85d6a,62181,718,31 May 2026
CUST-790D4FB5,Jessica Kramer,(555) 913-1248,790d4fb5-851@example.test,6260 MEGAN SQUARES APT. 256,Kristinberg,MT,62699,89bc3b10b296f9d4,"$164,136",688,15 Jun 2026
CUST-3072676D,Audrey Schmitt,555-803-4619,3072676d-1f1@example.test,3501 ZACHARY ISLAND SUITE 733,Ashleymouth,WY,59454,f563b72bd5aee539,51991,723,20 Jul 2025
CUST-189E18C0,Isaac Harrison,555-727-8618,189e18c0-641@example.test,811 Howard Ways,Stewartstad,NY,75660,940ec83a64c782b3,36504,836,17 May 2026
CUST-D8E1E2A0,Donna Baird,555-845-2237,D8E1E2A0-E56@EXAMPLE.TEST,4032 Maddox Trail,Lake Patrickmouth,IL,20174,a5e00a8623fed342,39141,671,18 Apr 2026
CUST-7E2CAFF4,Desiree Scott,+1 555 254 5643,7e2caff4-e55@example.test,57164 Anderson Loop Suite 519,East Kayla,PA,38805,6b3ae0507041bf2e,30293,701,08 Jan 2025
CUST-E13EB631,Craig Robinson,555-664-3704,e13eb631-635@example.test,5058 Ronald Passage,Salinasbury,MS,34334,787678b1ee166595,39133,705,31 Jan 2026
CUST-DE0C9151,Ashley Jones,555.315.9482,de0c9151-d00@example.test,901 Alison Fall,West Robertchester,CT,86207,15c03c93ccf6a3ac,38365,716,27 Jun 2025
CUST-47D6FB13,John Patterson,555-371-0447,47d6fb13-526@example.test,7829 Christopher Bypass,Martintown,RI,42766,5c42e9ee0f76ab76,20102,710,03 Jun 2025
CUST-FDA858E7,Leslie Graham,(555) 207-6712,fda858e7-0df@example.test,422 Heather Ville,South Cameron,OK,81880,2e13e4b9df9dc903,76915,690,06 Feb 2026
CUST-3B2C4BD3,Christopher Haynes,(555) 012-3350,3B2C4BD3-E80@EXAMPLE.TEST,649 Lori Club Apt. 506,Rachelmouth,SC,61000,b14e241ea8188012,51876,675,25 Jul 2025
CUST-85B14C74,Melissa Morton,N/A,85B14C74-E60@EXAMPLE.TEST,0206 Joshua Drive,Lake Jacob,NY,55440,ce58f5904fd358d6,41115,561,25 May 2025
CUST-249AB691,Robin King,555-516-3527,249ab691-e55@example.test,6964 Maria Locks Suite 055,Kristinaview,FM,47117,0bdd06557796b3aa,"$54,180",626,05 Oct 2025
CUST-C685297D,Isabel Sanchez,+1 555 435 3407,c685297d-2b2@example.test,36559 Sampson Drives,North Margaretside,DE,14067,af5d4a14c1ad9eff,"$23,980",719,22 Aug 2025
CUST-C1827F5E,Haley Thomas,(555) 744-1367,c1827f5e-b95@example.test,413 Maria Underpass Apt. 162,Kingbury,CA,57944,7458571361800677,48665,698,27 May 2026
CUST-303FC6A8,Theresa Wells,+1 555 876 7800,303fc6a8-355@example.test,2303 Allen Course,Chapmanchester,MA,10942,039bd63611043674,38268,556,07 Sep 2025
CUST-DBE5CD4B,Jody Griffin,555-038-2440,DBE5CD4B-8C8@EXAMPLE.TEST,000 TIMOTHY RIDGE,North Alan,FM,74313,b1f732bf464f64ba,"$39,845",685,10 May 2025
CUST-7C7F03E9,Erika Lucas,(555) 965-2553,7c7f03e9-d49@example.test,773 Mcmahon Court,Jacksonmouth,AK,59606,89b03fb4305325ed,40894,714,29 Dec 2025
CUST-BADA7194,Sarah Jordan,+1 555 071 0751,bada7194-399@example.test,7924 Thompson Ports Apt. 684,Lake Erinview,MI,79329,c44d60eb0542f6d8,35858,640,16 Apr 2025
CUST-16A3E182,Albert King,555.685.1082,16a3e182-198@example.test,9751 VAZQUEZ CREST,Rodriguezton,IA,17976,95f07481b778c2cb,56253,752,25 Dec 2025
CUST-258A275B,Carolyn Gonzales,555.670.5237,258a275b-15a@example.test,2905 William Mission,Port Sandra,IA,50676,79e05ba7e0fc19b8,29457,771,09 Aug 2025
CUST-30D3B471,Max Rivera,555-646-7465,30d3b471-e1e@example.test,4702 Sullivan Forest Suite 695,North Kellytown,DE,83866,8f2fad9f17c48c55,56486,668,24 Dec 2025
CUST-B907DCAA,Michael Bailey,555.858.4901,b907dcaa-869@example.test,6839 Meza Springs Suite 504,Mcfarlandfurt,AR,95825,a05e692f92ce83be,83064,791,01 Jan 2026
CUST-1B155302,Isaac Mcdonald,+1 555 120 9723,1b155302-96b@example.test,248 William Hills Apt. 169,North Kaitlyntown,DC,95636,a9aadbf25eb89086,79138,530,17 Dec 2025
CUST-2D3834D5,Gina Wright,(555) 750-0581,2D3834D5-114@EXAMPLE.TEST,346 Shaw Springs Apt. 794,North Elizabeth,SC,80110,2073c9fcd559c2da,28564,713,22 Apr 2026
CUST-A750BE6B,Cody Smith,+1 555 459 5189,a750be6b-d14@example.test,2078 Frost Mount,East Gabriel,DC,79106,7be49b9e36d94078,51430,576,19 Jan 2026
CUST-FF164363,Lisa Drake,(555) 107-7839,FF164363-148@EXAMPLE.TEST,613 Turner Greens Suite 304,New Nicole,IA,78069,6870f32e7716a830,21172,714,18 Mar 2025
CUST-C0ABE1FC,Rebecca Vega,(555) 590-8109,c0abe1fc-f01@example.test,5309 Nicole Branch,Lanceview,OR,76585,36e6ae46fe74bdcb,"$100,960",693,01 Mar 2026
CUST-80AF6757,Kimberly Jones,(555) 775-6754,80af6757-f08@example.test,735 Jason Club,South Daisy,CO,99556,196b241fd7bc4e20,37555,544,16 Feb 2026
CUST-514CFDB1,Brandon Ross,555.309.6798,514CFDB1-78A@EXAMPLE.TEST,0370 James Field Suite 722,Christinaland,MN,80744,2c062ed4cdd5071a,37062,741,10 Mar 2026
CUST-52A0547F,Candice Johnson,555.065.2710,52a0547f-51e@example.test,83118 Cassandra Cliffs,West Lori,MT,79439,3226734d27eb6cbf,44168,632,30 Aug 2025
CUST-437CDC2F,Larry Garcia,+1 555 775 3884,437cdc2f-5fc@example.test,31938 Hutchinson Greens,Lake Haley,AK,44818,b7aaebf37aa0da52,"$68,226",628,13 Jul 2025
CUST-B907C676,Daniel Johnson,555-517-6877,b907c676-20d@example.test,8353 AMY CAPE,West Victoria,DC,46051,fe9d1aecf9f68de3,56893,602,07 May 2026
CUST-78A91A2A,Carla Rose,(555) 030-1112,78a91a2a-d4b@example.test,95528 Brown Gardens Apt. 121,West Christopher,GU,57551,999884b7fd80770d,43761,697,07 Mar 2026
CUST-42F5491B,Deborah Lopez,+1 555 432 7005,42f5491b-843@example.test,69322 Andres Spurs,Annatown,MP,74155,4f1233cee8643c5d,"$104,076",662,30 Apr 2025
CUST-66A58EAC,Robert Bailey,(555) 289-3912,66A58EAC-B5C@EXAMPLE.TEST,676 Washington Squares,Benjaminmouth,KS,21728,f39732dc8f841772,77137,594,21 May 2025
CUST-EC2BCB13,Kevin Strong,555.209.4276,EC2BCB13-309@EXAMPLE.TEST,66081 Mckay Ville Apt. 627,Thompsonhaven,MO,12576,61a0e197751f6c07,64191,561,02 Jan 2025
CUST-59B6A072,Katelyn Alexander,555.201.0169,59b6a072-22d@example.test,44608 Tammy Pine,Port Timothy,NC,29737,6a294af81e04329e,47887,674,14 Jan 2026
CUST-F62FBDD3,Rachael Barnett,(555) 728-4343,f62fbdd3-6c1@example.test,15571 Jeffrey Cove Apt. 425,Christinefurt,VT,26362,ef72c6447abcf98c,50395,658,22 Aug 2025
CUST-11A68902,David Gallagher DDS,555-670-9383,11a68902-eb7@example.test,2992 Flores Skyway,Lake Dakota,ME,93619,a0d1c4340583fe07,56639,666,26 May 2025
CUST-73B72321,Tyrone Morris,+1 555 358 3264,73b72321-d31@example.test,18178 Bailey Courts,Allenton,CA,17987,34e4a71bf2b5223c,28501,712,27 Feb 2026
CUST-12342617,Rachel Williams,+1 555 362 8140,12342617-33e@example.test,396 Smith Crossroad,Lake Amychester,WA,31079,dc14d161459bad15,41641,518,20 May 2025
CUST-21116FA1,Angela Collier,+1 555 706 0548,20045b5b-876@example.test,3643 Megan Cliffs Apt. 896,Port Tiffanyborough,AZ,59409,d58fbf3962555c2d,45485,712,17 May 2025
CUST-DA4F9D98,Krystal Sanders,555.328.8166,DA4F9D98-6EA@EXAMPLE.TEST,1 Corporate Plaza,Springfield,IL,62701,4595aa74917ebc10,56630,566,15 Jan 2026
CUST-8B03FBD3,Matthew Browning,555-478-2711,8b03fbd3-e50@example.test,2231 Christopher Shores Suite 123,Alvaradochester,SC,72633,0919d2ae7b8cfbc4,31929,582,01 Jun 2025
CUST-B1C94295,Andrew Taylor,555-778-0742,b1c94295-09a@example.test,597 Middleton Skyway Apt. 965,Robertfort,CT,27737,1052abf0c21800c3,67476,738,13 May 2026
CUST-F8A93E83,Connie Parker,555.037.9048,f8a93e83-ff3@example.test,26018 Andrew Corner,North Daniel,MS,36384,8024123052cfb382,"$50,051",718,07 Mar 2025
CUST-D8BA63C2,Jeremy Pennington,555-459-0843,d8ba63c2-19a@example.test,136 Jennifer Fort,West Danielle,MH,36163,2d387f38cc555220,37591,716,05 Apr 2026
CUST-4CFAC535,Brian Nguyen,555-241-0983,4cfac535-5b2@example.test,57683 Taylor Wall,Lake Christopher,KY,75601,75c5e9149a84b8d4,56702,617,09 Apr 2026
CUST-D78AB970,Madison Harmon,(555) 842-8045,d78ab970-1f3@example.test,07550 Tracy Shores,East Sarah,AZ,70773,9479f51e2c29d3a7,17571,814,25 Feb 2026
CUST-CF4CA12D,William Olson,+1 555 122 6430,cf4ca12d-4c7@example.test,786 Villarreal Lodge,Cooperchester,MN,51245,05a60aa482c9c2e6,45316,640,28 Apr 2026
CUST-38A7529A,Christopher Adams,+1 555 456 7627,38a7529a-22d@example.test,84788 Williams Mission Suite 958,Port Logan,TN,31171,fa6fb41b9bcccafc,76516,632,01 Apr 2025
CUST-F43A61A9,Diana Perry,N/A,F43A61A9-320@EXAMPLE.TEST,3258 Daniel Groves Suite 869,Valeriefurt,MS,57257,57033402e02bdacc,65896,703,30 Mar 2025
CUST-6D1305BE,Robert Kelley,(555) 156-9815,6d1305be-5f7@example.test,1676 Gabrielle Ridges,New Ambermouth,DE,76572,ffae0b76187bfe5a,39722,557,17 Nov 2025
CUST-615D145B,Daniel Baker,555-620-9360,615d145b-30d@example.test,16904 Dunn Rue Apt. 285,Lake Davidbury,MS,12057,2bdd79639c905797,93986,714,29 Nov 2025
CUST-AEBBF66A,Jasmine Gomez,555.378.8193,aebbf66a-ab3@example.test,69144 Anderson Pass Apt. 389,East Peggymouth,AZ,21580,33c218ae8ec25ad5,89222,702,15 Apr 2026
CUST-9B9CEB26,Walter Walker,+1 555 409 4184,9b9ceb26-aab@example.test,939 Johnson Vista Apt. 729,Port Geraldfurt,AR,69208,c58e23afcfc1b688,38773,702,03 Apr 2026
CUST-7576E313,Linda Lloyd,555.096.7264,7576e313-586@example.test,928 ALLEN ISLANDS,Port Elizabeth,CO,67288,9b1c18f7d05ce2f2,145748,649,30 Apr 2025
CUST-8D5077C6,Mandy Osborne,555-767-0931,8d5077c6-1dd@example.test,856 Jennifer Mall,Thomasburgh,MI,33423,14ef9fae5ece40e2,"$72,349",674,16 Apr 2025
CUST-14D8405A,Stephanie Pittman,+1 555 815 5126,14d8405a-f57@example.test,8091 Romero Divide,Hooverville,IL,49589,a030c81ddc552751,27814,551,06 Oct 2025
CUST-7F469DDA,Linda Neal,+1 555 018 5514,7f469dda-8e7@example.test,563 MARY PLAINS,Joanneport,IL,77454,7501d4a65dc3a951,28196,726,23 Dec 2025
CUST-8DD70FF0,Samantha Clark,555-868-3449,8dd70ff0-9b2@example.test,87575 James Road,South Zachary,NJ,22470,8403290e37a87fdd,15000,706,18 Jan 2025
CUST-07006BEA,Jaime Barnes,(555) 149-5511,07006bea-50a@example.test,9965 Anderson Valleys Suite 444,Lake Daniel,PR,48016,e6c025a1bf441680,48683,661,03 Jul 2025
CUST-BE874EB9,Nicole Johnson,+1 555 451 8075,be874eb9-75f@example.test,4568 Moore Lodge,Hughesbury,MP,97443,ac158160643ca07a,61595,650,23 Jan 2025
CUST-88308F20,Jake Johnson,555.003.1557,88308F20-AAF@EXAMPLE.TEST,388 Jennifer Stream Apt. 391,Jonathanland,ME,15664,251824f65ec36b39,50939,663,09 May 2026
CUST-16966538,Timothy King,+1 555 898 2493,16966538-7DD@EXAMPLE.TEST,69983 Melissa Dam Apt. 546,Lake Amybury,KY,87255,f4735e68335acb98,55954,697,29 Oct 2025
CUST-CC8F4FEF,Matthew Marsh,555.278.5225,CC8F4FEF-E69@EXAMPLE.TEST,297 Shaffer Rapids Apt. 295,East Heather,AK,90831,98f9aa04bd0ff43b,55677,813,26 May 2025
CUST-CDC67ACE,Dylan Rasmussen,(555) 333-8480,cdc67ace-485@example.test,40343 Martinez Well Suite 323,West Megantown,NE,35092,fa2c57dcd489c4a5,48970,669,07 Jan 2026
CUST-7FAE1202,Jason Lin,(555) 026-9446,7FAE1202-71E@EXAMPLE.TEST,698 Kimberly Valley Suite 313,New Matthewport,LA,75852,71cc6a5e73f7f13e,117116,632,25 Jun 2025
CUST-004D580C,Andrew Pennington,555-865-3869,004d580c-2cf@example.test,07786 Donald Harbors,Theresachester,MO,97080,6859df293e84f70c,18178,621,28 Jan 2025
CUST-2D618156,Thomas Gross,555.628.0994,2d618156-8fa@example.test,375 CHAD CIRCLES,South Amberberg,CT,17439,bbf79afa2759e3cf,43363,684,28 Dec 2025
CUST-41D91198,Derek Garcia,(555) 558-9595,41D91198-8B6@EXAMPLE.TEST,302 Weber Estates Apt. 188,Port Laura,CO,54672,817d107ff2829b81,"$105,479",737,15 Jul 2025
CUST-14DAFFFB,Jill Robertson,+1 555 134 7233,14dafffb-9ef@example.test,444 Ford Views Suite 628,East Loganburgh,WV,94095,46a70ab2fd7fb593,48520,642,29 Jul 2025
CUST-FB209223,Melinda Grant,(555) 911-5111,fb209223-7dd@example.test,51533 Michael Dale Suite 754,Cummingstown,WI,41970,f26ee88404a5e48e,"$35,206",670,02 Apr 2025
CUST-A5F00210,Carla Roach,+1 555 084 6426,a5f00210-78f@example.test,39279 Catherine Underpass,Greenbury,NH,20822,747fa839198f6930,24470,787,27 Mar 2025
CUST-A0C857E7,Denise Hammond,555.194.7753,a0c857e7-e3f@example.test,42684 Waters Shoal,Smithside,MT,37984,aacf4fb058545e7e,"$108,690",780,02 Aug 2025
CUST-05D62E2E,Amanda Jenkins,555-827-5303,05d62e2e-569@example.test,1 Corporate Plaza,Springfield,IL,62701,b8c692db3ab9e69d,"$40,880",801,11 Jan 2026
CUST-685EB85E,Mark Clay,555-030-1132,685eb85e-d48@example.test,6958 PRICE PLAINS SUITE 230,Alisonview,CA,46258,7535a5bd940a064e,27962,799,11 Nov 2025
CUST-173F11FD,Carl Jackson,555-014-9690,840792CD-3DE@EXAMPLE.TEST,46872 Jasmine Islands,North Donnashire,NE,50620,ebd1afdb7362e084,93765,616,08 Apr 2026
CUST-D4E2947D,Tammy Scott,(555) 379-5628,d4e2947d-ddf@example.test,4750 Sanchez Burgs Apt. 602,North Thomas,MH,34398,4ca1eb38328c3ff9,72973,761,21 Jun 2026
CUST-7B945091,Nathan Brown,+1 555 767 7699,7b945091-e35@example.test,429 Perkins Rest Suite 592,New John,CT,73528,ccf40237524e13d6,40942,623,12 Jul 2025
CUST-A7539C81,William Mckenzie,+1 555 382 1847,A7539C81-687@EXAMPLE.TEST,5867 GONZALEZ TRAFFICWAY,Davidshire,AL,62243,60c6bb86ca786256,34351,661,19 Mar 2026
CUST-4ECECFAE,Johnny Brown,+1 555 141 5649,4ececfae-06e@example.test,86241 Lisa Brooks Suite 774,South Andreastad,GA,87986,c75c7003fe91d44b,58549,579,06 Jul 2025
CUST-7313132E,Elizabeth Bradley,555.373.4768,7313132e-1b8@example.test,26824 Elizabeth Islands Apt. 083,Tiffanystad,AZ,94640,1f7c2af06396a9f8,"$107,583",637,19 Dec 2025
CUST-D9D7483C,Jason Nixon,555-969-2452,D9D7483C-0A4@EXAMPLE.TEST,3681 Kennedy Field Apt. 707,Angelahaven,HI,83924,027ca7feab7f7de9,72484,739,29 Sep 2025
CUST-6547FF40,Cheryl Zimmerman,+1 555 121 0637,6547ff40-a7f@example.test,060 JOHNNY VISTA APT. 931,Andrewhaven,KY,68966,591098935f9eba25,180711,595,06 Dec 2025
CUST-BA94408A,Amanda Young,(555) 331-4560,BA94408A-81A@EXAMPLE.TEST,6584 Julia Glens,Aprilbury,VA,29690,6ea93dc2271bb06e,46770,670,06 Jan 2026
CUST-35AFE069,Shane Bishop,555-702-0675,35afe069-457@example.test,233 Mitchell Port Apt. 649,Ginaview,PW,50146,160a9644781eb636,43823,798,23 Apr 2026
CUST-13484D7D,Tara Fowler,(555) 396-8801,13484d7d-b25@example.test,20114 Dennis Lane,Kellyton,OR,43715,9eecdec0bd1ed45e,58459,724,30 Jul 2025
CUST-84FF64D7,Lisa Lam,555.594.2846,84ff64d7-8b4@example.test,19662 Jennifer Lane,Port Nicholasberg,NE,24922,0b4ba34b4ee3cb0a,44620,645,12 Jan 2025
CUST-E2249C4D,Diane Lewis,555-493-2901,e2249c4d-4a3@example.test,47358 Payne Throughway,Flynnshire,MD,82113,93c894c846851803,50105,597,02 May 2026
CUST-DA6B680B,Michael Murray,555.194.1976,da6b680b-761@example.test,54904 JOHNSON MOUNTAIN APT. 059,Prattmouth,CO,32175,ee170cfef1ed9b67,37024,752,11 Feb 2025
CUST-90097DA6,Morgan Burnett,555-354-8423,90097da6-a16@example.test,35218 Bobby Groves,Grantport,ID,55944,a41f070e9c6451cf,43521,649,18 Apr 2025
CUST-FFF48F48,Kelly Foster,555.993.1009,fff48f48-51b@example.test,36755 Gallagher Fall,Lake Brian,KS,95364,337c7506c27e8341,35862,678,04 Nov 2025
CUST-C99C50FB,Christine Green,555-337-2033,c99c50fb-db5@example.test,3655 Pineda Mountain Apt. 553,South Laura,WA,50658,667bc1778ff52982,43330,733,22 Jun 2026
CUST-827602B5,Judith Arnold,(555) 601-2077,827602b5-c16@example.test,740 Jennifer Neck Apt. 757,New Zacharyport,SC,39064,8ce6ba2ed91dbd27,33923,607,29 Oct 2025
CUST-41D81398,William Thomas,(555) 396-5358,41d81398-993@example.test,98028 Johnson Mountains,Christineside,NJ,44449,ce05927c34e4e7e4,35752,700,09 Jun 2025
CUST-D82EA89B,Jose Wallace,+1 555 445 6146,d82ea89b-711@example.test,405 Mann Circle,Adamsside,DE,84401,772f8316eea03c3d,70096,596,23 May 2026
CUST-299DC7D4,Kirsten Ball,(555) 081-3676,299dc7d4-559@example.test,3564 Dorsey Drives Suite 302,Port Laurahaven,SD,58416,599d2f994feba982,57792,794,29 May 2026
CUST-33E3C317,Steven Hill,(555) 428-4473,33e3c317-7ce@example.test,9974 Michael Oval,Johnsonshire,MS,10077,64b7ec08108e9e7c,"$34,383",627,02 Jan 2026
CUST-17BBB7B0,James Alvarado,(555) 111-3912,17bbb7b0-90d@example.test,67784 Andrea Summit Suite 584,Davidhaven,TN,66149,bb1741d3c8afcfb2,75432,632,20 May 2026
CUST-D3C590FA,Michelle Macias,(555) 399-3441,d3c590fa-f2b@example.test,30131 Tate Plain,Andersonhaven,FM,89471,2640b320f8b19e60,101323,742,30 Jan 2026
CUST-8991FA9E,Linda Murray,555.277.0145,8991fa9e-035@example.test,86845 Anthony Forge Apt. 115,East Elizabethmouth,HI,79417,66c97c91b8798ea1,91308,795,13 Aug 2025
CUST-A302E096,Nicholas Butler,+1 555 260 1146,a302e096-cbd@example.test,29821 Stephanie Common Suite 499,Davidville,PA,63693,414d17b20b0160af,56310,682,06 May 2026
CUST-2FABF7A6,Jesse Stewart,(555) 403-0637,2fabf7a6-2dd@example.test,0358 Christine Pines,Justinshire,MD,57716,be8874dca56efbdd,40709,827,01 Sep 2025
CUST-63121C16,Courtney Wyatt,555.120.7193,63121c16-415@example.test,1479 Zachary Springs,Cantubury,GA,81161,9ffdd2477c887466,"$34,207",841,08 Jan 2026
CUST-1585E4CE,Steven Conway,555-260-6472,1585E4CE-A92@EXAMPLE.TEST,180 Jeffrey Springs Suite 324,Lake Michele,ND,14943,d06154cf132ce60f,51026,656,14 Jun 2025
CUST-09D14097,Crystal Morris,555.792.1346,09d14097-04c@example.test,43036 Donald Forks Apt. 888,Port Royburgh,NM,16006,9463d608bb5e38e0,100774,741,11 Nov 2025
CUST-69A7C46F,David Long,555-739-5764,69a7c46f-dd9@example.test,0944 Anne Creek Apt. 460,Patriciachester,GU,58441,a32abb14397ab7f1,48468,736,11 Oct 2025
CUST-67718AAB,Bradley Guerrero,555-947-9661,67718aab-e95@example.test,269 Robert Path Apt. 723,East Kaitlin,SD,96902,c8e3b1216440395a,40181,728,25 Feb 2025
CUST-DC4765FC,Miguel Velasquez,555.887.1501,dc4765fc-bfd@example.test,11709 Adams Lights Suite 093,Port Ryanshire,AZ,41093,76b66d6437f40063,79583,644,15 Mar 2025
CUST-7B2A5B1C,Carl Jordan,(555) 098-7976,7b2a5b1c-703@example.test,397 Maria Lodge,New Meghanport,NM,44135,ad0f9f2e4c5fd0e9,"$30,273",727,31 Mar 2026
CUST-81811DC0,Kristen Jones,+1 555 637 0994,81811dc0-8c5@example.test,44400 Hoffman Mission Apt. 108,Tinabury,RI,83971,83496346a87b79b4,41032,650,06 Apr 2025
CUST-7E711AA8,Nicole Miller,555.912.6737,7e711aa8-1b9@example.test,789 Chelsea Mountains,Daviston,WY,80262,2a1337df2cd62967,27470,716,02 Jan 2026
CUST-9673BA0F,Kathleen Spears,555-677-9842,9673ba0f-8ec@example.test,2086 Anderson Island,South Calvinchester,KS,30566,7866fdfa996a2e31,55050,757,19 Jan 2025
CUST-3162F1D8,William Porter,+1 555 295 5111,3162f1d8-ea9@example.test,1 Corporate Plaza,Springfield,IL,62701,d57baf483d72af80,22548,656,23 Aug 2025
CUST-C7160A45,Larry Sullivan,N/A,c7160a45-5ea@example.test,36763 Tiffany Ville,Scottburgh,TX,99231,6b8489cab437f9c5,53820,748,28 Nov 2025
CUST-E3BECAEA,Debra Anderson,+1 555 297 9980,e3becaea-83a@example.test,0289 Rachel Inlet,Robertfort,LA,36042,606b2bb5e3a5ea50,81568,649,15 Nov 2025
CUST-9BB47295,Christina Garrett,555.740.6922,9bb47295-2da@example.test,790 Chris Meadow,Lake Mark,MN,35865,10c0abe58f53af2d,50357,724,27 Jun 2026
CUST-DCED8840,Anthony Gardner,555-459-0843,dced8840-800@example.test,136 Jennifer Fort,West Danielle,MH,36163,d24655ab7ae50155,37872,630,06 Feb 2026
CUST-F798DB07,Joel Franco,(555) 840-7227,f798db07-bc0@example.test,495 Eric Summit Apt. 650,North Vincentmouth,WV,79533,9ebd8ee06d65a039,41836,722,11 Sep 2025
CUST-2F14305C,Matthew Huff,+1 555 454 6731,2f14305c-237@example.test,435 TRAN DRIVE,South Latoya,NH,17086,a493e96b8a21f659,49800,670,03 May 2026
CUST-BD62B099,Taylor Hamilton,555-235-1551,bd62b099-8b5@example.test,4197 Torres Pine,West Robertview,OH,15223,de72b51ae2f31395,72826,761,21 Jun 2026
CUST-495035B8,Jill Humphrey,555-551-5689,495035b8-2cb@example.test,08978 Gregory Center,Lake Saraberg,NM,86716,f4695b46ebca1be5,"$52,736",750,06 Mar 2026
CUST-FFF11C8F,Eric Parker,+1 555 892 6442,fff11c8f-f55@example.test,52739 TROY WELL,South Meganchester,OH,68123,b54350ac85d2f2a4,89947,615,11 Mar 2026
CUST-A8B3252A,Jodi Perez,555.803.4619,A8B3252A-E69@EXAMPLE.TEST,3501 ZACHARY ISLAND SUITE 733,Ashleymouth,WY,59454,3940bee4e9ba49f5,38782,571,02 Jan 2025
CUST-3CEEF280,Lisa Winters,(555) 203-0404,3ceef280-438@example.test,5296 Hester Roads,North Christinaville,TN,84898,82c1f2e1aafd366a,82261,704,23 Jun 2025
CUST-31E60BD4,Matthew Gonzalez,+1 555 433 4990,31e60bd4-f1f@example.test,7767 ALICIA STREETS,North James,WA,68650,a817003980bc990d,43556,703,06 Aug 2025
CUST-CB41D9E6,Fred Berger,+1 555 630 5079,cb41d9e6-e41@example.test,7428 Michael Lock Apt. 880,Riveramouth,CT,43824,f25abc263dd2ae16,48417,789,05 Dec 2025
CUST-477A203A,Bryan Chung,555-906-5789,477a203a-63c@example.test,640 Copeland Courts,Millerville,MO,79842,944e8338f9375707,"$33,794",602,24 Jun 2025
CUST-028CAB07,Kathleen Porter,555-317-7276,028cab07-34c@example.test,120 Barnett Circles Suite 212,Ortizton,CO,12715,33a0e0e438dba196,64532,692,29 Jul 2025
CUST-9EDD6367,Emily Williams,+1 555 865 5895,9edd6367-575@example.test,2537 Miller Forest Suite 062,New Alisonshire,DC,41637,a5f7e436c849e379,45136,743,24 May 2026
CUST-7BF7F5E0,David Flynn,555-805-0416,7bf7f5e0-cea@example.test,60251 Andrew Common,Jasonport,NM,42627,f39da965cad86fb4,"$40,012",753,16 Feb 2026
CUST-BA923051,David Underwood,+1 555 939 3665,ba923051-dae@example.test,9117 Alison Ridges Apt. 028,Port Jennifer,OK,46784,80a41d0ce402f4e4,221438,754,24 Mar 2026
CUST-A6218609,Rebecca Durham,555-682-7585,a6218609-26f@example.test,0152 Oconnell Place,Davisview,MI,57887,97294f7b262c3b9b,55118,817,05 Jul 2025
CUST-E5067996,Keith Rice,N/A,e5067996-427@example.test,5303 Martinez Burg,Carolynville,MD,69371,65b9e01e40305985,35942,741,30 Apr 2026
CUST-C0BA132F,Mr. Jeffrey White,(555) 374-0723,c0ba132f-c06@example.test,017 Anderson Springs,Amandaside,UT,53884,fefb6046dfc905d0,61063,680,17 Sep 2025
CUST-F198F9CA,Bethany Gill,+1 555 654 6791,f198f9ca-69c@example.test,6964 Benson Canyon,North Michele,MN,74655,cd46f983fc6b0588,"$44,049",765,12 Apr 2025
CUST-EF4E1394,Michael Reeves,555.533.6756,EF4E1394-499@EXAMPLE.TEST,69462 Samantha Stravenue,North Sandrahaven,FL,47539,eb9bab4955febf00,27893,779,21 Feb 2026
CUST-5C7ABFDB,Austin Jones,555.206.8151,5c7abfdb-bb6@example.test,8925 Kara Bridge Apt. 421,New Christinashire,SC,12443,557fe1a1e563cf88,26417,708,27 May 2026
CUST-949A50B1,Juan Davidson,555-355-6736,949a50b1-848@example.test,466 Wright Loaf,Joannaport,AS,23417,d3b1fd2085e06248,116609,638,11 Feb 2026
CUST-AF812BB8,Frank Cobb,555-802-1323,af812bb8-ff1@example.test,848 Bailey Islands,North Amyview,NJ,78061,01cfd0aacb622d11,"$34,137",695,23 Jul 2025
CUST-ECA4F1EC,Tammy Jackson,+1 555 780 3680,ECA4F1EC-4F5@EXAMPLE.TEST,20966 Hall Locks Suite 831,Robertsfurt,ID,73673,781a6179615e180f,62239,768,28 Apr 2026
CUST-B8A78CD1,Richard Tapia,555.600.5821,B8A78CD1-713@EXAMPLE.TEST,7240 Linda Freeway Suite 788,Matthewbury,TX,38237,34b1fc6c461afdeb,47352,707,18 Jun 2026
CUST-F2ED4FEB,Kathleen Lopez,555-308-8703,f2ed4feb-08e@example.test,118 Hahn Orchard,Matthewtown,AL,75609,5e0004048eaa6b1e,102342,619,05 Mar 2025
CUST-8FF8D1F6,Karen Crawford,+1 555 738 8688,8ff8d1f6-25f@example.test,93232 DONALD LODGE,Lake Jacquelinefurt,MO,68290,a0be1f4915319a11,120018,621,15 Feb 2026
CUST-95A924F4,Jeffrey Henderson,+1 555 908 5848,95a924f4-64c@example.test,67524 Campbell Well Suite 443,Port Brandon,RI,46135,ff4352aff8edf6d2,75082,597,29 Nov 2025
CUST-DB170373,Kimberly Young,555-733-8573,db170373-9cb@example.test,73149 Howard Centers Suite 620,Chamberschester,AZ,73796,f3209a9984402dd2,38338,639,17 Mar 2025
CUST-D57E9F7E,Devin Orozco,+1 555 021 0276,D57E9F7E-88B@EXAMPLE.TEST,9021 White Shoal,Velezbury,PW,42813,ee5e661a7021339a,154385,679,29 Jan 2025
CUST-B6CB557B,Brenda Elliott,+1 555 925 4726,b6cb557b-7ca@example.test,43811 Joshua Stravenue Suite 051,Lake Heathermouth,IN,36563,bad29c8cf8efb352,15000,705,03 Jan 2026
CUST-19D7AC01,Monica Peterson,555-750-7756,19d7ac01-ba3@example.test,03896 Shelia Hill,Roweport,MD,55933,4c2409b65044887c,"$54,192",768,03 Mar 2025
CUST-8D89347F,Mark Paul,555-123-9314,8d89347f-cb6@example.test,389 Mason Isle Suite 666,Lake Marie,MP,61944,85b08706a0a9a814,53559,787,17 Nov 2025
CUST-8A5E21C4,Darlene Roberson,555.748.5953,8A5E21C4-AFF@EXAMPLE.TEST,4380 Keller Mall Apt. 019,Davidborough,PW,74480,e16b0f8438e7cefc,61228,647,18 Jun 2025
CUST-BAA3600C,Chad Brown,N/A,baa3600c-451@example.test,94260 Dixon Ports Apt. 833,North Curtis,MI,17065,bc0b46ed6aecb80b,44676,656,23 Apr 2026
CUST-F36BBD35,Alexander Rodriguez,555-472-6669,F36BBD35-A59@EXAMPLE.TEST,195 Justin Forest,West Monica,NM,35034,3036c773873c4b97,30076,635,04 Jan 2026
CUST-5019CC66,Melissa Doyle,(555) 455-4987,5019CC66-B9B@EXAMPLE.TEST,7987 Crawford Square,East Chadhaven,MT,72625,d262bb12c6836ea6,36046,732,13 Mar 2025
CUST-0C8B0317,Derrick Conley,555-427-0101,0c8b0317-561@example.test,634 Gabriel Stream Suite 404,Bellbury,SC,85021,9afb66b2be325f2f,86926,588,02 Oct 2025
CUST-F82BFB15,Aaron Kelly,555.940.5369,f82bfb15-85f@example.test,891 Thomas Run,North Manuel,AR,22655,71dcea1c7971f991,45394,689,04 Sep 2025
CUST-A94E8B33,Philip Phillips,555.295.2588,a94e8b33-bbc@example.test,0623 Guzman Turnpike,Lake Brandon,ND,21710,282a5dc3350868da,30871,763,30 May 2026
CUST-7C32BEE5,Kaitlyn Powers,+1 555 661 5247,7c32bee5-c63@example.test,7030 Stevens Valley Apt. 469,Brownberg,FL,13314,4ad175fcdd68f74f,94948,582,05 Nov 2025
CUST-93484D62,Christian Strong,555-456-2774,93484D62-41E@EXAMPLE.TEST,8338 Manuel Hill,Reneehaven,GA,96588,47cb38ff6127bd53,46955,650,31 May 2026
CUST-804AD41E,Brooke Harper,+1 555 079 5812,804ad41e-648@example.test,1 Corporate Plaza,Springfield,IL,62701,21030508039418a6,55675,686,11 Aug 2025
CUST-6E465D77,Amy Young,555.043.5383,6e465d77-a4b@example.test,4773 Craig Point,Hayshaven,ME,99621,a65771fac19323e1,79134,728,11 Jan 2025
CUST-CABD6E12,Dean Rollins,555.348.0880,cabd6e12-397@example.test,2537 Miller Forest Suite 062,New Alisonshire,DC,41637,23d3db8026a7f26e,67836,643,19 May 2025
CUST-19BF3B3B,Judith Martinez,+1 555 385 6064,19BF3B3B-39C@EXAMPLE.TEST,7987 Crawford Square,East Chadhaven,MT,72625,ee3f9716948bba57,49489,689,18 Dec 2025
CUST-AC740B21,Cynthia Rodriguez,555-374-2781,ac740b21-207@example.test,1684 David Courts,Travisbury,NJ,50611,3b63320022c9151b,87766,612,18 Mar 2025
CUST-2E646492,Candace Wood,555-331-8357,2e646492-78e@example.test,9586 Barr Land,South Brian,CT,83608,90a7054ef294e19f,85520,653,27 Apr 2026
CUST-EF2F490A,Kathleen Valenzuela,555-509-3462,EF2F490A-700@EXAMPLE.TEST,83980 Daugherty Trafficway,Port Paul,MA,48168,6a633e893922865b,"$34,940",715,02 Jun 2026
CUST-3F3AAAC6,Anna Arnold,555-443-5746,3f3aaac6-ca3@example.test,12637 Reed Roads,New Michellefurt,OH,77993,186d6fd23d191bbd,23003,712,23 Nov 2025
CUST-F98BAFAB,Erin Figueroa,555.484.4047,f98bafab-9ec@example.test,275 Evans Mews,Melissaland,HI,17663,649beaa8df9dd701,"$84,213",638,09 Jun 2026
CUST-846622AD,Jackie Carson,555.476.7459,846622ad-ea3@example.test,40604 RUIZ TUNNEL SUITE 415,Jenkinsstad,ME,86767,e0c7fd78dc0a540f,72636,568,03 Jan 2026
CUST-BC4F068F,Lauren Hughes,(555) 642-9275,bc4f068f-a85@example.test,883 Ryan Garden Apt. 665,Saraside,NH,47480,738a64e220d41eb8,"$63,082",722,19 Jan 2026
CUST-A3DDD11E,Vanessa Pham,555.965.0875,a3ddd11e-bdb@example.test,680 Andrew Springs,West David,AZ,86526,4d1dd421e3a9e1f5,39298,777,06 Nov 2025
CUST-646D459F,Kenneth Taylor,(555) 590-7223,646d459f-935@example.test,173 Timothy Lake Suite 528,Petersonborough,NH,88983,faea50fc4f8b15de,"$55,608",796,14 Jul 2025
CUST-99D15DA8,Ashley Atkins,(555) 377-2903,99d15da8-daa@example.test,35730 Bruce Valleys,East Jennifer,VA,92825,ccd182f0668c6860,128279,571,31 Jan 2026
CUST-97B955BC,Alyssa Rice,555-118-7535,97b955bc-e81@example.test,8844 Wright Passage,Brookebury,NE,19813,1648e56862c4098f,41742,716,16 Jun 2026
CUST-31A32E6D,Sarah Rivera,555-877-3760,a9878101-050@example.test,979 Kristen Vista Suite 796,Dustinchester,MO,86532,e84c37ecd7058627,250000,639,26 Aug 2025
CUST-5379B5F9,Jessica Andrade,555-195-8764,5379B5F9-AF6@EXAMPLE.TEST,4074 Bryan Junction,Goodmanmouth,CT,57787,a767c87d82d32432,44898,600,04 Dec 2025
CUST-6801BD86,James Gilbert,(555) 466-7351,6801BD86-3C2@EXAMPLE.TEST,0422 Amanda Rest Apt. 791,Danielton,NY,45561,ced66d2dfc1966e0,15000,734,31 May 2026
CUST-58D566DA,Michele Stein,+1 555 257 5274,58d566da-890@example.test,99142 SHANNON SHOALS APT. 721,Arellanoborough,NE,17029,4c63ae477f42902a,44391,618,06 Jun 2026
CUST-F3DCF2AC,Kristin Burton,(555) 127-2441,f3dcf2ac-987@example.test,14308 Steven Unions Suite 928,Williamsonhaven,NY,15732,2dfd71e74f9fb82c,"$52,375",686,15 Jun 2025
CUST-0B886450,Devin Franco,(555) 308-8703,0b886450-9fa@example.test,1 Corporate Plaza,Springfield,IL,62701,bc8c2473fbdef0f8,162273,637,19 Jul 2025
CUST-B10891B5,Nichole Mullins,555-748-3496,b10891b5-dbb@example.test,659 Baker Parks,New Toddville,AZ,59473,e56809dd1afb8cf3,"$26,779",748,16 May 2025
CUST-01FD00C9,Samantha Reynolds,(555) 351-2544,01fd00c9-5a6@example.test,201 Jennifer Trail Apt. 468,West Paul,NE,39712,ef764de0f9f8a149,25546,597,02 Sep 2025
CUST-A88B1473,Patricia Andrade,(555) 264-4276,a88b1473-1f7@example.test,530 Calderon Ridges Apt. 162,Bishopborough,VT,57417,e1f14797962b1af6,"$203,346",680,28 Apr 2026
CUST-96E12A45,Sherry Taylor,+1 555 135 5978,96e12a45-363@example.test,187 Bender Mountains,Donaldshire,NJ,94982,6d5be444b3c2809c,137841,721,09 Apr 2025
CUST-D2278E89,Johnathan Odonnell,(555) 526-6355,d2278e89-705@example.test,096 Watson Islands Suite 723,New Kelly,MT,19151,7e3502358dc1be2e,155486,650,04 Jun 2025
CUST-AB9F5504,Ebony Brown,+1 555 043 7695,ab9f5504-efd@example.test,00223 Nancy Crossing,North Leonardside,MH,89491,544e56aec9f99d3f,24236,680,05 Feb 2025
CUST-5F258C01,Heather Evans,+1 555 934 1096,5f258c01-faa@example.test,20381 Hale Forest Suite 971,Lake Sarah,OH,88705,55b5fd107099f9f7,136661,685,24 Apr 2025
CUST-5E48CF99,Devin Haynes,(555) 565-9226,5e48cf99-1c9@example.test,02512 Reilly Way,Payneville,MI,55657,ac9e26d7e0239ec5,21900,724,23 Jan 2026
CUST-7E894DCA,Natalie Peterson,555-781-0845,7e894dca-107@example.test,042 Lucas Lake Apt. 057,Paulshire,WA,28478,000e845666322c0c,56455,574,27 May 2026
CUST-FF33CF90,Erica Dawson,555-965-1375,ff33cf90-c96@example.test,399 Lynn Square,Whitetown,AS,31244,b2cee2e0d6ad756f,"$88,734",595,10 Jan 2026
CUST-6932AC5C,Joseph Gordon,555-091-8748,6932AC5C-0F1@EXAMPLE.TEST,826 Christopher Summit,North Alyssa,AZ,71629,1a93f234b50ace5d,"$71,510",704,02 Sep 2025
CUST-DEA684AC,Amy Garcia,+1 555 402 5544,dea684ac-cf0@example.test,29473 Megan Gateway,East George,WY,24895,75ffa4540c92ec50,"$70,848",739,11 Apr 2025
CUST-FEF83F1A,Terry Mccoy,(555) 154-4741,FEF83F1A-81C@EXAMPLE.TEST,850 Cynthia Canyon Suite 990,Melissabury,OR,38837,40175a808caf0cd8,52796,635,18 Jun 2025
CUST-708FF8BF,Lisa Gray,N/A,708FF8BF-800@EXAMPLE.TEST,461 LUNA STREAM SUITE 599,East John,AK,22407,5f85e9e6894ba58f,32107,659,26 Feb 2025
CUST-5D8F9B4B,Chad Smith,555.454.0771,5d8f9b4b-003@example.test,6304 Jose Oval,Rebeccafurt,LA,61992,2d0f469d839c11a2,66778,771,13 Feb 2026
CUST-9C0B009D,Amy Young,+1 555 658 5489,9c0b009d-3ed@example.test,6166 Smith Road,North Gavinborough,AR,59951,dbd62ca483e75f76,31147,728,20 Apr 2026
CUST-A3D2827E,Anna Marshall,(555) 786-2147,a3d2827e-60e@example.test,7301 Rebecca Ferry,Adamchester,NY,77212,af1bf768458ee822,"$71,494",762,05 Sep 2025
CUST-316A8564,Crystal Fuller,+1 555 618 2831,316a8564-3b4@example.test,4526 Smith Trail,Port Carrie,PR,25497,0bb51ac9dcd84735,"$38,984",710,23 Apr 2025
CUST-4DC0BBF7,Adam Greer,+1 555 735 9051,4DC0BBF7-A6C@EXAMPLE.TEST,312 Jamie Locks,North Shane,IA,93069,e071b53bd911225b,75533,700,25 Aug 2025
CUST-403D2511,Ashley Smith,555.668.1483,403d2511-606@example.test,50301 Amanda River Apt. 592,Kennedyhaven,AK,64405,465a4de1bb669c8c,69181,583,07 Jul 2025
CUST-1290230A,Teresa Maldonado,555-504-9153,1290230a-6f2@example.test,315 MILLER MISSION,East Erin,NE,51169,ed1a68819bcbf278,"$90,685",743,21 May 2025
CUST-20E834E6,Brian Macias,+1 555 373 4768,20e834e6-700@example.test,914 Richard Village Suite 044,East Teresa,IL,49133,2f3c842313e1737b,29591,570,25 Mar 2025
CUST-E45AFD10,Bobby Miller,555.420.1377,e45afd10-708@example.test,534 Carol Causeway Suite 819,Jacobchester,MS,56148,e907a8c4acff32e3,34331,740,28 Jan 2025
CUST-6DF4019C,Isaac Garcia,555.182.4947,6df4019c-caa@example.test,37950 Adams Terrace,Lake Crystalville,VT,40953,48da969b40b85017,58493,704,25 Feb 2025
CUST-712FF798,Tyler Floyd,555-446-8797,712ff798-d7f@example.test,02367 Nicole Circles Suite 192,Port Melissa,NE,89212,ce39127bf0805ee9,58467,810,02 Jun 2026
CUST-55898F2F,Thomas White,555-437-6704,55898F2F-476@EXAMPLE.TEST,4526 Smith Trail,Port Carrie,PR,25497,f06f8d032711c9e0,15000,840,03 Mar 2025
CUST-D0855523,Christopher Kennedy,(555) 537-0234,d0855523-13e@example.test,23925 Warner Pines,North Theodoreville,VI,84491,8439203fe953eb8b,42517,736,21 Jan 2026
CUST-7B409ADE,Brandon Cherry,+1 555 268 6701,7b409ade-c7b@example.test,0374 Randy Row,Russellberg,AL,62814,0cda4dc5d965557f,"$48,757",561,24 Apr 2026
CUST-FBB570F0,Thomas Shaw,(555) 175-9188,fbb570f0-05e@example.test,320 Mark Island,North Brandon,HI,41840,dff92c830bfeebb0,"$66,806",637,19 Feb 2026
CUST-89E446D3,Michael Ellis,+1 555 579 7244,89e446d3-c07@example.test,5149 Ashley Ports Suite 402,Christinaburgh,AS,29731,b37acefa187dad69,73579,642,31 Oct 2025
CUST-2E053468,Daniel Richards,555.184.2067,2e053468-1ad@example.test,0649 Scott Greens Suite 367,Michaelton,HI,12573,ca5a6e2b6350b07d,"$45,417",740,02 May 2025
CUST-5C81D557,Jody Ramirez,555.295.9903,5c81d557-ef9@example.test,13911 Schwartz Mountain Apt. 701,Meyersside,PW,18343,e178689c24c54084,118919,664,01 Aug 2025
CUST-F6C87F4E,Cory Robinson,555.487.9785,f6c87f4e-561@example.test,8351 Scott Crest,Deborahhaven,OR,92462,9f1c4e151241ea1d,37253,638,09 Dec 2025
CUST-931FE8F1,Jacqueline Kelley,555.268.6701,931fe8f1-7f0@example.test,0374 Randy Row,Russellberg,AL,62814,8ee70109fbdd8de5,45253,654,21 Sep 2025
CUST-E72B9FDE,Franklin Stevens,555-741-6561,e72b9fde-ef9@example.test,5502 Harper Loop,Kellybury,MA,79757,f865ddfd47149acd,30629,689,27 Feb 2026
CUST-B6D7DD74,Stephen Rosario,(555) 209-3309,b6d7dd74-abc@example.test,1333 Willis Ports,Davidshire,MD,56679,3f73a58b646e6518,"$42,061",732,27 Apr 2026
CUST-7BF30AF2,Harold Adams,555-572-6740,7bf30af2-5f6@example.test,241 Rebecca Stravenue Suite 452,Kaylaport,MA,81327,248a8d783b0d1c97,64822,799,07 Apr 2026
CUST-D8774B87,Angela French,555-662-4264,d8774b87-53d@example.test,847 Sims Fall Suite 271,West Jenniferchester,KY,73229,7821f503d0d0dbba,56177,710,25 Feb 2025
CUST-60451BD3,Christopher Sheppard,+1 555 190 9037,60451bd3-bbf@example.test,59364 Bryan Lock Apt. 778,Andersonstad,WV,24124,ab17e15032e96018,78199,645,14 Apr 2025
CUST-A3B1EFAC,Charles Lee,555-002-3892,A3B1EFAC-265@EXAMPLE.TEST,1 Corporate Plaza,Springfield,IL,62701,7ffb28f9325f4b53,"$35,243",576,29 Jun 2025
CUST-BC40D601,Michelle Lewis,+1 555 247 1350,20045b5b-876@example.test,9677 Jeffrey Dale,Hernandezmouth,TN,39926,05e526912e33798f,52498,631,26 Dec 2025
CUST-444CEBAF,Randy Dawson,555.729.7522,444cebaf-884@example.test,098 Kathryn Divide,West Raymondberg,VA,24537,25566e5a64dacc7d,60770,618,24 Jun 2026
CUST-D8408C2E,Joshua Brooks,(555) 020-2779,D8408C2E-907@EXAMPLE.TEST,8643 Kimberly Extensions,Romeroberg,OH,57491,21eb4f182ce4e1c7,42950,715,13 Sep 2025
CUST-A61A3498,Anna Fields,+1 555 719 6700,a61a3498-e79@example.test,4527 Cynthia Burg,East Harryfurt,ME,63057,83976361766dc8bd,91442,692,23 Jun 2026
CUST-CBE26BF3,Raymond Romero,555.322.5840,cbe26bf3-300@example.test,302 Weber Estates Apt. 188,Port Laura,CO,54672,1352a989bae6b5e9,105469,836,06 Feb 2025
CUST-E230E9C7,Tonya Lee,555.151.6022,e230e9c7-0a8@example.test,68436 Hernandez Mill Suite 811,Lake Alicestad,OR,65407,2dda0c85c02f4894,40362,724,10 May 2026
CUST-D99292BF,Christopher Henry,555.037.6107,d99292bf-131@example.test,4233 IBARRA TERRACE,Marquezfort,ME,55789,62b5618ba5f37258,69629,698,01 Jun 2026
CUST-D937F1EC,Christopher Miller,N/A,d937f1ec-571@example.test,44198 Vasquez Lights Apt. 560,Wendyland,SD,79057,a8dfd67a5ada1c40,96966,656,14 Mar 2026
CUST-5A3FAC63,Christina Christensen,555.289.7596,5a3fac63-b85@example.test,8518 Richard Spurs Apt. 403,Port Jasmine,VA,55160,bc71f75d98afafe6,"$125,022",733,05 Apr 2026
CUST-1116D21A,Patricia Carrillo,555-663-2922,1116d21a-e54@example.test,443 Rodriguez Crest,West Wendyside,MH,12232,82744fa77019a68b,47196,773,11 Dec 2025
CUST-93C3ABB3,David Dixon,555.014.3224,49F2B10B-699@EXAMPLE.TEST,78510 Burnett Glens,South James,KS,20445,e65f0c947b4458a5,"$69,121",634,15 Mar 2026
CUST-6A425FEB,Alexander Montgomery,+1 555 169 5333,6a425feb-d3e@example.test,247 Bruce Lakes Suite 262,Jameshaven,AL,13703,24090a171199221f,"$25,243",793,27 May 2025
CUST-49C223C5,Rebecca Collins,+1 555 970 5051,49c223c5-505@example.test,6035 Clarence Ferry Apt. 244,Port Staciemouth,MO,54171,86d02d3517bfadcf,"$43,840",781,16 Jun 2025
CUST-BC9E0C39,April Hall,555-113-1495,bc9e0c39-6fa@example.test,2504 TERESA VILLE,Port Joanne,OK,44341,cdb1c7773076829f,42258,795,19 Nov 2025
CUST-A70EBC38,Amanda Davis,(555) 006-1316,a70ebc38-f78@example.test,630 Andrea Brooks Suite 032,Lake Melaniechester,MS,67982,9404b9b19443f6e2,75310,655,10 Apr 2025
CUST-30A44542,Denise Rosales,555-149-5511,30a44542-4c5@example.test,9965 Anderson Valleys Suite 444,Lake Daniel,PR,48016,375b9be969c85ee6,95657,573,22 Jul 2025
CUST-560A9A19,Scott Jones,555.201.1050,560A9A19-2B9@EXAMPLE.TEST,4738 Jessica Lodge,Lake Brandonview,DE,85010,59ed7aa704d07b2e,46724,850,21 Dec 2025
CUST-50E23BA5,April York,555.385.5815,50e23ba5-0dd@example.test,9421 English Manor Suite 380,Adammouth,VA,68415,7fc1a7974daab748,69697,793,12 Oct 2025
CUST-FB1CC13E,Caroline Estrada,555-907-8570,fb1cc13e-8d9@example.test,86142 BAUTISTA MOUNTAIN SUITE 935,Johntown,SC,61894,3307f2adb3728162,29047,677,16 Jan 2025
CUST-CE05DED4,Daniel Johnson,(555) 582-4775,ce05ded4-0d1@example.test,7051 SAMANTHA LOCKS,East Scott,GU,54016,9e1f7d438ef32e7a,41399,589,24 Apr 2025
CUST-CE7B3E29,Michelle Holland,555-577-7458,ce7b3e29-704@example.test,62594 Yesenia Cliff Apt. 121,Hardychester,VT,18498,f75a74625673ff17,"$98,150",774,16 May 2026
CUST-6A16D3B9,Brenda Warren,(555) 942-7587,6a16d3b9-2be@example.test,3094 Maria Canyon Suite 546,Port Victoria,MI,65866,bc00204d57d386e7,24568,791,21 Mar 2026
CUST-EDE17F2F,Mark White,+1 555 252 1812,ede17f2f-707@example.test,646 Watson Ville,New Teresa,SD,44196,1b81c7d8382825a6,95315,681,29 Aug 2025
CUST-6F22E10E,Aaron Ramirez,555.197.5779,6F22E10E-37F@EXAMPLE.TEST,50789 Krista Plaza,South Scotttown,PA,12563,6ee5cf0e08bfaa07,"$47,002",836,14 Feb 2026
CUST-B193F340,Crystal Middleton,+1 555 821 9469,b193f340-7f0@example.test,2906 Knight Shore,North Jason,MD,62664,c7c444441dbbf071,35595,773,13 May 2026
CUST-4B13BD86,Christine Peterson,+1 555 499 0232,4b13bd86-4bd@example.test,0946 COLLINS HAVEN,East Tyronestad,CT,92546,fb47d7d3412fcc80,50007,649,15 Jul 2025
CUST-11051B4C,Mary Baldwin,555-703-7131,11051b4c-929@example.test,99730 THOMPSON SPURS SUITE 916,Taylorton,MO,52236,675ca5836e924eae,29473,661,06 Mar 2025
CUST-EC7ABE12,Olivia Gaines,555-819-6337,ec7abe12-40a@example.test,0441 Delgado Knolls Suite 139,Julianview,RI,34886,008d64124e72f884,"$57,773",711,18 Feb 2026
CUST-ED27000B,Richard Erickson,555-273-7992,ed27000b-de4@example.test,302 Weber Estates Apt. 188,Port Laura,CO,54672,55641f21707bb180,106923,784,29 Apr 2025
CUST-55537A03,Richard Walker,(555) 163-0547,55537a03-9b0@example.test,63632 John Glens Suite 668,Hesston,GU,37258,7ed5b5641d91c46e,28523,773,06 Feb 2026
CUST-EE64C588,Karen David,555-597-1889,ee64c588-39a@example.test,491 Nancy Islands,Smithville,CT,10065,4df41164c22649c7,"$30,623",653,15 Nov 2025
CUST-291AB177,Brandon Cross,N/A,291ab177-548@example.test,7509 Peck Square Apt. 973,South Jennifer,OH,69997,c2b0f39695d1a171,58170,769,02 May 2025
CUST-6F353A56,Jenny Ryan,555-054-5449,6f353a56-951@example.test,319 Sarah Corners Apt. 807,East Tammyhaven,IN,20165,28f1a9d5211b563f,27556,753,17 Jan 2026
CUST-2E74C388,Jennifer Williams,(555) 286-7742,2e74c388-94e@example.test,1 Corporate Plaza,Springfield,IL,62701,76b7b5c3378bd460,52761,590,07 Jan 2025
CUST-F92E90F4,Michelle Webb,555-686-0744,f92e90f4-760@example.test,90001 WILLIS LIGHT APT. 255,Nathanstad,OK,66127,abad5c74c9bb598f,108782,794,15 Dec 2025
CUST-04B6C135,Amanda Beck,+1 555 418 7357,04B6C135-B0F@EXAMPLE.TEST,43036 Donald Forks Apt. 888,Port Royburgh,NM,16006,0b295100a5d12107,149421,619,30 May 2026
CUST-8A4B3045,Jennifer Russell,+1 555 990 7606,8A4B3045-58A@EXAMPLE.TEST,9651 TRACY BRIDGE,New Laurahaven,MO,62588,8f7bf4124049a4e4,97256,573,20 May 2025
CUST-04A19DB6,Samantha Foley,(555) 727-1061,04A19DB6-6C8@EXAMPLE.TEST,40575 Curtis Course,Amberland,NV,59550,e2cb2c6635baf4a0,"$54,811",833,01 May 2025
CUST-B4A0E984,Seth Schmidt,555.673.3083,B4A0E984-5CB@EXAMPLE.TEST,593 Lewis Plaza Suite 062,Wolfefurt,IN,55779,a74b15718077d133,60720,610,17 Feb 2026
CUST-F1D755C8,Kelsey Li,555-203-0404,f1d755c8-699@example.test,613 John Ports,Thomasburgh,LA,96335,c60cc380db3e0805,"$63,367",671,20 May 2026
CUST-ECEA4C81,Patricia Taylor,+1 555 248 7897,ecea4c81-7eb@example.test,23189 Alexandra Brook,East Donald,WV,18287,7507a4317ff6a219,63080,713,02 Jan 2025
CUST-372B8A2A,Stephen Young,555-367-7975,372b8a2a-14d@example.test,25066 Chandler Underpass,South Philipmouth,NC,67530,7a32396e01faf775,64700,681,16 Mar 2026
CUST-DD6D67A0,Amanda Ramsey,+1 555 883 3862,dd6d67a0-b96@example.test,069 Reynolds Dale,East Faith,NY,50283,efdc6719687c9b72,"$54,982",721,19 May 2025
CUST-73BBC0E5,Matthew Roman,555-200-5432,73bbc0e5-314@example.test,32682 Sarah Mountains Suite 201,Lake Kristie,RI,86012,b8dcb969bd45bebd,"$27,005",609,02 Nov 2025
CUST-E9B5349C,Michael Williams,+1 555 894 6828,e9b5349c-249@example.test,3163 Jennifer Summit,Mahoneyberg,IL,31651,241efb33c1507060,24731,632,14 Mar 2025
CUST-875A0D96,Stacey Alvarez,+1 555 879 3679,875a0d96-a66@example.test,933 Douglas Well,Joshuahaven,WI,42447,70b091a6b0403f28,125219,739,04 Jul 2025
CUST-0B866442,Patrick Peterson,555.384.1749,0b866442-d40@example.test,016 Cameron Station Suite 926,East Wayne,UT,22238,e654c191a627f5a6,65861,600,17 Jul 2025
CUST-A94106A0,Chris Curtis,555-150-0351,a94106a0-422@example.test,0376 Lang Lane,Danielleshire,NJ,76291,128bc452e45a863a,"$63,851",660,31 May 2026
CUST-9A60E9DC,Frank Maynard,555.373.2413,9a60e9dc-f19@example.test,98265 Christopher Meadows Apt. 594,Cabreraton,MT,98100,f1d9aeaeb728b74b,99289,588,31 Aug 2025
CUST-B1C40A51,James Holmes,555-783-7786,b1c40a51-739@example.test,57855 Samantha Turnpike Apt. 781,Lake Ericmouth,PA,79053,f50edbd57fa72aaf,55826,647,31 Jan 2026
CUST-3AD8FFA0,Clayton Smith,(555) 690-2566,3ad8ffa0-076@example.test,3885 Hernandez Green,Kennethland,NV,21852,056836e3d68ab5da,89181,817,15 Nov 2025
CUST-83B4DAFF,James Mendoza DDS,555.978.8443,83b4daff-721@example.test,0682 Allison Squares,South Rebeccamouth,FM,42465,9d3a38d947a4ccae,"$39,422",558,25 Jul 2025
CUST-94D1F153,Anthony Watts,(555) 839-9681,94d1f153-86b@example.test,94112 Reed Flats,Ramirezborough,KS,89093,98955135851d2b01,51880,617,18 Nov 2025
CUST-400051A9,Janet Willis,555.908.5177,400051a9-a18@example.test,705 Michelle Manors Apt. 958,Meganport,ME,22213,2e001e439a9f80d2,"$35,905",603,28 Feb 2025
CUST-7109A913,Oscar Jackson,(555) 993-3906,7109A913-56B@EXAMPLE.TEST,274 Victoria Route Suite 883,New Carrie,UT,18878,6f95d0b26f54a816,38318,745,26 Sep 2025
CUST-5CDE78EC,Julie Williams,+1 555 715 1896,5CDE78EC-04A@EXAMPLE.TEST,6620 Sherry Views,New Jamesfort,OH,97501,0961c8bd3cf14739,114719,738,27 Nov 2025
CUST-9AB5008D,Madeline Walters,N/A,9ab5008d-68b@example.test,38764 Maria Turnpike,Jonathanborough,MA,13792,2c2d6bdd7d2968cb,48059,720,13 Jan 2026
CUST-9788CC8F,Kurt Smith,+1 555 017 1015,9788cc8f-707@example.test,1 Corporate Plaza,Springfield,IL,62701,914bbdc266d9ca46,41814,564,22 Jun 2026
CUST-8584A6FF,Robin Mueller,(555) 237-6231,8584a6ff-b31@example.test,34093 Jane Walks Apt. 173,Moraborough,UT,66783,a53d8e8cdc481b07,15000,697,23 Jun 2025
CUST-E080F33E,John Macdonald,555.023.9226,e080f33e-844@example.test,1388 Haney Turnpike Suite 661,New Calvinmouth,AS,23476,be705834c07ca7a4,71577,609,27 Oct 2025
CUST-9D1F4E0E,Thomas Newman,(555) 800-0152,9d1f4e0e-97b@example.test,495 Christina Drive Apt. 283,West Taylor,NY,65132,e0baddba82c6110a,47051,698,14 Jun 2025
CUST-4E89DA95,Sydney Walters,N/A,4e89da95-87d@example.test,8535 Bell Field,Morganfurt,SC,59695,608355f978bf4a1c,112530,711,12 Feb 2026
CUST-4E606811,Holly Martin,555.093.8514,4e606811-a57@example.test,6134 Sanchez Roads Suite 717,West Jesse,NV,35452,bd7ab2cd078c8171,78156,741,02 Mar 2026
CUST-876FC834,Matthew Robertson,(555) 759-1147,876fc834-809@example.test,4551 Ryan Gateway Suite 607,Christopherville,FL,84801,4b1be99207946ed3,87012,624,21 Jan 2025
CUST-AFDCFECB,Robert Hall,555.961.1999,afdcfecb-6f1@example.test,8462 Rodriguez Underpass Suite 985,Hannahshire,NE,28990,215add452739b611,84472,615,06 Aug 2025
CUST-6B231A69,David Carter,555.509.5498,6B231A69-E6C@EXAMPLE.TEST,15418 Susan Track,West Stephanie,PR,40628,c28784b7e3dde553,143962,747,09 May 2026
CUST-4279B167,Kathleen Hill,(555) 813-4188,4279b167-897@example.test,86261 Estrada Drive Apt. 866,Port Alicia,CA,67103,e27a1b93f40d548d,"$53,863",690,22 Sep 2025
CUST-BF2BD906,Christopher Wright,555.638.1313,BF2BD906-233@EXAMPLE.TEST,255 BROOKS PARK SUITE 074,Thompsonton,CO,79861,196b241fd7bc4e20,"$53,696",555,13 Mar 2025
CUST-8A4851D1,Karen Holland,(555) 015-0465,8a4851d1-85e@example.test,634 Lindsey Shoals Apt. 347,Deanborough,PR,63074,800fe20e813e727f,23189,714,20 May 2025
CUST-A781E0E9,Christopher Wu,555.023.0113,a781e0e9-ec1@example.test,31056 Renee Ramp,Markland,SC,39393,c0bf38ea5c9dfb80,34665,561,07 Apr 2026
CUST-EF171AB2,Thomas Hernandez,555.552.8548,ef171ab2-063@example.test,60767 Robinson Park Suite 988,Timothyfurt,RI,62075,8187ffd1fc005e01,76865,702,09 Apr 2026
CUST-0863D69B,Timothy Delacruz,+1 555 209 7395,0863d69b-934@example.test,1444 Laura Plains Suite 566,East Brendamouth,DE,70640,c5fa834958759f33,"$100,810",717,15 Mar 2026
CUST-CF73D699,Robert Baker,555-077-6483,cf73d699-542@example.test,861 Wesley Camp,Evanport,WY,63577,8b64560f7e5ea1aa,56361,758,26 Dec 2025
CUST-8128D005,Julia Simon,555-372-0753,8128d005-df6@example.test,04355 Jose Flat Apt. 625,Scottport,DE,94887,23fd49e4202c90f2,38705,689,16 Mar 2026
CUST-4AFD266B,Christopher Dominguez,+1 555 973 8339,4afd266b-a5e@example.test,4767 Wagner Road Suite 458,South Steven,KS,80107,8ac2e9a24561a9e3,"$62,916",662,10 Apr 2026
CUST-79D7E412,Alexandria Pierce,(555) 255-8610,79d7e412-e47@example.test,32585 Emily Stravenue,North Charlesview,GU,12818,d3698e207207d8c9,44920,726,17 Jun 2026
CUST-0EA4E212,Aaron Vasquez,555-217-3699,0ea4e212-962@example.test,42170 Tiffany Ford,Tiffanyport,SC,33199,30494d308a53b6a2,63449,698,26 May 2025
CUST-2651673C,Donna Torres,555.030.1132,2651673c-3ba@example.test,6958 Price Plains Suite 230,Alisonview,CA,46258,e349a83a57fadddc,105857,720,23 Jan 2026
CUST-A4C4B544,Karen Walker,555-540-2358,a4c4b544-052@example.test,20798 Laura Terrace Suite 814,Morganshire,WA,31003,17e370c74dd824d5,37643,683,01 Feb 2025
CUST-504F1D97,Melissa Sanchez,555.741.7510,504F1D97-489@EXAMPLE.TEST,431 Ramirez Land Apt. 888,Mackview,NH,10951,9b31a4da0e81decb,60655,714,01 Feb 2025
CUST-0A95953A,Thomas Smith,+1 555 480 0942,0a95953a-3b2@example.test,45013 Erin Summit,Greenmouth,CA,29188,afb79a6b2d526843,174492,730,08 Feb 2025
CUST-FB5E019F,Elizabeth Bradley,555.830.1462,FB5E019F-03F@EXAMPLE.TEST,22331 Melinda Stream,East Jacobburgh,AZ,15120,7ba5f8f06f16d52c,23479,725,06 May 2026
CUST-49F2B10B,Regina Walker,555-115-7439,49F2B10B-699@EXAMPLE.TEST,74047 Davis Valley,Lake Lisa,TX,23981,e65f0c947b4458a5,32114,640,19 Aug 2025
CUST-D853D01B,Allen Johnson,+1 555 027 1170,d853d01b-4a7@example.test,6816 Melissa Tunnel,New Robertmouth,ME,44896,83220e5280459a14,54280,634,06 Sep 2025
CUST-C3CD3460,Jennifer Moore,555-044-4937,C3CD3460-FDE@EXAMPLE.TEST,33473 Lewis Fork,Sarahborough,VI,68859,410e4e5418c49f2c,"$250,000",652,17 Aug 2025
CUST-6D29BCC9,Jeremiah Moss,555-686-1512,6d29bcc9-c15@example.test,9104 Benjamin Radial Apt. 192,Port Madelinestad,AK,79812,797468ad6462e050,41046,662,31 Aug 2025
CUST-80D7F331,Diana Davis,(555) 790-1736,80d7f331-c40@example.test,4594 Curtis Street,Lake Williamchester,NH,23181,a868080e33a9fc1f,42117,794,26 Aug 2025
CUST-1394CE44,Lauren Martinez,+1 555 549 3905,1394ce44-03a@example.test,451 Jackson Roads Suite 591,South Nicole,AS,87706,cd1e08ab135b5cb1,25254,613,30 Sep 2025
CUST-2D7D8705,Joshua Fowler,555-643-0603,2d7d8705-2f8@example.test,194 Alicia Row,Bryanport,RI,48346,fd35b806091ea49f,"$31,786",549,11 Jul 2025
CUST-6331E9B6,Elaine Hall,(555) 600-1619,6331e9b6-e92@example.test,25368 Julie Mountains,Port Jessica,WA,53092,959d8d5540717678,57132,749,20 Jan 2025
CUST-21610B4D,Dwayne Tate,555.840.2150,21610b4d-dae@example.test,2314 Wendy Haven Suite 764,Hutchinsonchester,MI,42817,c2582e435e1f3ea2,42272,662,09 Apr 2025
CUST-6C3CD3CA,Monique Briggs MD,+1 555 740 6735,6c3cd3ca-1f4@example.test,552 Jennifer Expressway Apt. 318,North Craigbury,MA,21228,e4135eca9d9ec3f5,"$79,904",699,21 Jan 2026
CUST-C742E7A9,Garrett Lopez,555.920.0628,c742e7a9-549@example.test,3640 Isaiah Spring Suite 222,Port Heidi,ND,21854,3ebb39320cd80605,"$54,776",796,25 Dec 2025
CUST-4B39C597,Christopher Robbins,+1 555 646 3614,4b39c597-29b@example.test,7570 Lopez Hills,South Matthew,ND,66603,76f7469803022264,18209,696,20 Jun 2025
CUST-719A6917,Deanna Barnes,+1 555 817 3915,719a6917-3bf@example.test,915 BENNETT TERRACE,Barbarastad,OK,69114,b44bce72f29a18f7,67349,687,18 Aug 2025
CUST-8596ECA5,Leslie Gibson,555.696.0242,8596eca5-d05@example.test,6051 Bonnie Brook Apt. 889,Petersonborough,NC,71924,b38af088b3262069,48836,504,02 Nov 2025
CUST-4324A447,Oscar Dorsey,555-255-4726,4324a447-e4a@example.test,22044 Smith Fort,New Heather,MO,20009,5c20e7a38ba3613b,105761,633,03 Oct 2025
CUST-22BB4700,Amy Rhodes,+1 555 633 5444,22bb4700-f7b@example.test,56943 David Greens Apt. 078,Danielbury,MP,51043,b2c94c4ebb254690,61286,689,17 May 2026
CUST-B3861264,Debbie Lam,(555) 818-5734,B3861264-903@EXAMPLE.TEST,2985 SANDRA GREENS,New Melissa,IN,96565,651141628b82cf18,35156,781,10 Apr 2026
CUST-FCB29E1A,Douglas Pope,555-254-7668,fcb29e1a-b34@example.test,20925 Christensen Turnpike,South Anthonyhaven,MN,72099,71890ce1b8b16af9,240001,590,03 Jan 2025
CUST-D5A805C5,Paul Roach,(555) 966-9373,d5a805c5-160@example.test,243 Catherine Spur Suite 466,Hopkinschester,VA,12428,b972c4e1a751125c,30885,678,24 Mar 2025
CUST-C49E3F51,Christina Smith,555-581-0758,c49e3f51-845@example.test,622 Brown Union Suite 430,Hicksland,AL,55206,d261ac537281d771,"$41,991",706,18 Sep 2025
CUST-BC3212E8,Mr. Kyle Gomez Jr.,+1 555 563 8115,bc3212e8-3d5@example.test,0169 April Tunnel,Sandersville,IA,23261,0f9973cbe56c93ff,70031,735,07 Aug 2025
CUST-A71FA66B,Luke Holt,555.603.9559,a71fa66b-6c7@example.test,66623 MORRIS LIGHTS,North Nicolebury,KS,15100,ab02bae83d76b2d9,70399,777,18 Jun 2025
CUST-E90E3AAC,Christopher Griffin,555-495-8585,e90e3aac-e0c@example.test,89171 Rachel Lakes,Sheatown,ID,52733,e72d8a60e25703b7,"$20,037",664,29 Nov 2025
CUST-5AEC2A70,Kurt Huff,+1 555 163 5367,5aec2a70-922@example.test,661 Michael Locks Apt. 843,Larsonburgh,NJ,18409,6216534c1793302f,58538,511,12 Apr 2025
CUST-674FEE1F,Gary Carroll,+1 555 901 5634,674fee1f-72b@example.test,8655 Horne Harbors,Marshbury,AL,84535,2b5a62cd62001a55,66496,645,01 Feb 2026
CUST-6ECE32D4,Christopher Choi,+1 555 521 2747,6ece32d4-424@example.test,188 Brittany Well,Lake William,WA,52932,94c2f1a20032ed7c,"$20,247",806,15 Jan 2025
CUST-76CB461E,Denise Kirk,555-660-7350,76cb461e-c89@example.test,54633 MICHELLE FIELD,Samanthaport,NC,41808,24718a854e18d3c3,"$47,027",716,30 May 2026
CUST-488CCD1C,Mike Gomez,555-484-3233,488CCD1C-178@EXAMPLE.TEST,17252 Flores Underpass Suite 216,Wrightfurt,DC,54053,233fd2ef0e6a1fbc,90340,714,09 Aug 2025
CUST-B16C6C8B,Carol Mcgee,555-292-7714,b16c6c8b-e88@example.test,484 Thompson Stravenue Suite 164,Natalieview,NY,54890,a9d809db0c614c80,15361,627,21 Apr 2025
CUST-50D1B59E,Brittany Rojas,555-847-6781,50d1b59e-904@example.test,55039 Briana Mills,Keithport,DE,75379,97600ad5e9974cb7,55717,591,13 Feb 2026
CUST-A0D47A6A,Nathan Garrett,555-862-1243,A0D47A6A-78B@EXAMPLE.TEST,18859 Lucas Street,East Sandra,WA,58540,1e16d48ba0f8ec1f,"$22,755",715,23 Dec 2025
CUST-24AE5A11,Sheila Adams,+1 555 996 0159,24ae5a11-3c2@example.test,71295 Cynthia Junctions,West Jacob,AZ,36425,d67bdbcf0fbdaa6f,52463,626,22 Apr 2025
CUST-9FA30477,Ms. Ashley Burns,+1 555 101 0577,9fa30477-18e@example.test,61439 Gray Lock,Roseton,WV,37548,f491289178567d4e,16463,652,10 Jul 2025
CUST-DF690E90,Vickie Cooper,(555) 138-4049,DF690E90-661@EXAMPLE.TEST,8670 Campbell Mountain Apt. 760,Michaelborough,CO,57562,386d136e27f2bb6b,150343,799,06 Jun 2025
CUST-1B2AA1CB,Christopher Mayer,+1 555 009 0900,1b2aa1cb-258@example.test,1 Corporate Plaza,Springfield,IL,62701,d8f9789b683300e9,66617,741,26 Apr 2025
CUST-29B1F5E1,Scott Robertson,(555) 756-1629,29B1F5E1-C70@EXAMPLE.TEST,4526 Smith Trail,Port Carrie,PR,25497,76e117159e9bbc07,"$30,869",662,27 Jan 2026
CUST-8E85577B,Amy Barber,(555) 534-9085,8e85577b-2bf@example.test,14624 Kimberly Road,Roberttown,KY,73693,e1362d59822590eb,50400,812,29 May 2025
CUST-68A3F8E6,Virginia Lopez,555-556-0498,68a3f8e6-e7c@example.test,014 Coffey Plain,East Timothyton,KY,58739,df4237440ef7ef71,38619,587,14 Apr 2025
CUST-ACFADD1A,Greg Evans,+1 555 764 6985,acfadd1a-b89@example.test,6631 Sexton Stream Apt. 734,New Caitlynbury,DE,55495,4324b9b7661ae2c5,"$32,246",732,20 Oct 2025
CUST-0CA41C30,Sarah Anderson,+1 555 826 1701,0ca41c30-b05@example.test,2833 Timothy Way Apt. 176,Port Alicia,MO,91421,4a257f40056b7905,130952,716,25 Apr 2025
CUST-F2F76143,Joy Russell,+1 555 327 0819,f2f76143-cb9@example.test,577 Hopkins Lights Apt. 749,South Paul,SC,21866,1462e558261708f9,36961,777,10 Mar 2026
CUST-8FF80EDB,Stephanie Koch,555.320.4875,8ff80edb-2b3@example.test,58887 Clifford Villages,Cherylton,NM,78536,36dd9337ebb8e509,77775,702,12 Apr 2026
CUST-B807B970,Larry Shields,+1 555 639 6121,b807b970-42c@example.test,0526 REYNOLDS PLACE,Woodport,PR,13627,cf2d97379d26ab59,25384,602,13 Dec 2025
CUST-AA4752ED,Maria Duke,555-197-4156,AA4752ED-BB2@EXAMPLE.TEST,647 MARVIN PASSAGE SUITE 280,Lake Maria,MD,71775,13c5854b32cef1aa,40633,665,19 Jan 2025
CUST-4E5D4C32,Candice Reynolds,N/A,4e5d4c32-efe@example.test,0064 John Coves Suite 313,East Jeffreymouth,OR,91721,d3051213ccf09e2e,"$57,934",788,17 Sep 2025
CUST-AD2BA91B,Gwendolyn Glover,555.388.5653,ad2ba91b-fc1@example.test,36555 Johnston Lights,Jeffreyshire,MT,33033,a3cbb4abc3618fbb,81614,688,13 Aug 2025
CUST-3B145B9C,Kevin Garrett,+1 555 865 5895,3b145b9c-b2b@example.test,2537 Miller Forest Suite 062,New Alisonshire,DC,41637,61ae91a4746d0f2d,"$40,495",660,16 May 2025
CUST-E73E5856,Peter Rodriguez,(555) 079-1852,e73e5856-146@example.test,74648 WILLIAMS LOAF,Duartetown,VA,43534,ef5649e22c0c02a6,32598,791,23 Feb 2025
CUST-881FA807,Charles Lambert,+1 555 590 2862,881fa807-736@example.test,8334 Gutierrez Points Apt. 108,Lake Kimberly,SD,14574,ceda2e56e30e2f68,"$43,691",698,12 Jun 2026
CUST-07EAE4C9,Amber Sanchez,+1 555 077 0645,07eae4c9-c87@example.test,44787 Bill Neck Suite 785,North Daniel,MT,82014,de2e8e3723f5f2ba,38791,704,04 Dec 2025
CUST-E761325C,Krista Klein,N/A,e761325c-c71@example.test,8726 Donald Neck Suite 710,Port Timothy,CA,58469,cdf374c4c7bf8087,50677,763,19 Jun 2025
CUST-72655CA3,Jennifer Brown,555.657.7787,72655ca3-03a@example.test,0338 CLARK MOUNTAINS SUITE 715,Richardsonshire,FM,57530,cf4a83aa2bee904e,18355,601,22 Jan 2025
CUST-6F5BB720,David Yu,555.482.8261,6f5bb720-817@example.test,56145 Dustin Rest,Lake Kevin,WI,26773,3d8839da1e44396d,43245,657,06 Sep 2025
CUST-237158AB,Michael Martin,(555) 494-8090,49f2b10b-699@example.test,74047 Davis Valley,Lake Lisa,TX,23981,e65f0c947b4458a5,15000,712,09 Feb 2026
CUST-AD432093,Brett Turner,555-207-3102,AD432093-860@EXAMPLE.TEST,7933 Dale Trafficway Apt. 871,Lake Isabelstad,MO,58598,5751ce1c4b027555,28454,749,07 Oct 2025
CUST-AE2A5E5C,Gregory Nguyen,555-642-9275,AE2A5E5C-A6E@EXAMPLE.TEST,33552 POWERS PASS,Michaelside,IA,32257,3e43fff20c9068f9,"$44,105",578,09 Nov 2025
CUST-83739978,John Michael,(555) 396-8801,83739978-275@example.test,20114 Dennis Lane,Kellyton,OR,43715,eca554cea2d37d8a,104364,650,19 Jun 2025
CUST-A31D107F,Claire Atkins,+1 555 344 3579,a31d107f-1ed@example.test,5095 Matthew Stream Apt. 885,Michelleton,VA,28314,46f28c05663c0405,164178,606,02 Jun 2026
CUST-B91B941C,Andrew Dickerson,555.697.4402,b91b941c-ce7@example.test,1831 Werner Forges Apt. 319,East Larry,PR,29374,941d8effc2cf1881,114437,718,31 Jul 2025
CUST-CD3C5A41,Michael Martin,(555) 014-1143,cd3c5a41-231@example.test,9545 Sawyer Islands Apt. 560,Elizabethview,MD,59394,a43a1f00ec8926e6,80856,625,16 Jan 2026
CUST-39BA95FE,Clarence Mccoy,555.941.7250,39ba95fe-7c1@example.test,516 Richard Port,Lindseybury,MP,73008,75e35b9246ff9709,"$44,985",681,24 Oct 2025
CUST-8CBE6976,Christine Hooper,555-816-4035,3cfc12c7-63d@example.test,97995 Joseph Stream Suite 997,East Thomas,IN,96878,303bae549491ec45,61498,638,07 May 2025
CUST-30923FD2,Christine Garcia,(555) 680-5884,30923fd2-f92@example.test,13013 Brandon Square,Parksside,MD,77402,0a6b0f005984bb7b,87771,714,26 Dec 2025
CUST-88D7A1FB,Chad Benton,(555) 547-8702,88d7a1fb-687@example.test,991 Marsh Islands,Mooretown,MO,13121,0e0557c0105b1935,153115,773,21 Feb 2025
CUST-7A773389,Jonathan Thomas,555.400.5151,7a773389-770@example.test,233 Mckinney Bridge,Richardsonfurt,UT,77727,042e37385f56540e,172102,703,27 Sep 2025
CUST-9AE0396D,Andrew Tran,(555) 370-1673,9ae0396d-6bb@example.test,194 Alicia Row,Bryanport,RI,48346,da2b9585c62220cd,34407,802,28 Jul 2025
CUST-49CB54CA,Lindsay Parker,555-758-9997,49cb54ca-243@example.test,07693 Curtis Ports Apt. 822,West Carlaville,MT,34439,1dd175a190f18c24,"$30,720",613,15 Feb 2026
CUST-FB3C4137,Stephanie Kennedy,+1 555 675 9934,fb3c4137-b86@example.test,99933 Pace Spring Suite 475,Robinsonview,NV,86683,76a43b3263612aa0,54397,598,28 Nov 2025
CUST-0E2908D1,Mr. David Young,555.254.4096,0e2908d1-9da@example.test,8051 Eric Glens Apt. 819,New Harry,ND,48297,e78f5fee265b6802,"$76,796",672,29 Apr 2026
CUST-81C53C04,Jessica Brown,+1 555 648 5792,81c53c04-97e@example.test,2934 Megan Dam Suite 272,Lake Brian,OK,85401,f9a38e1f6c8b4f93,72323,692,29 Jun 2025
CUST-842B012B,Jennifer Shelton,+1 555 732 7357,842b012b-2da@example.test,994 Watson Overpass,West Kimberlystad,TX,26094,fbb45d4b5bede8b4,38217,573,28 Mar 2025
CUST-571A5A74,Jessica Brown,+1 555 690 6356,571a5a74-852@example.test,28107 Cynthia Harbor,Port Jamesland,NV,76383,32b34464db594631,22386,689,08 Oct 2025
CUST-5D0B697D,Larry Irwin,(555) 639-5506,5d0b697d-e62@example.test,639 Roger Drive,North Jared,OR,33339,81dd9422d3e15d3b,33379,669,17 Oct 2025
CUST-A15CDD5D,Cody Bryan,+1 555 418 7357,a15cdd5d-e92@example.test,43036 Donald Forks Apt. 888,Port Royburgh,NM,16006,0eda0614ad05d38e,26560,734,10 Dec 2025
CUST-8F00B1AE,Amy Allen,555-690-9946,8f00b1ae-61c@example.test,2874 Paul Courts Suite 513,West Jamesmouth,NV,96693,501d648b04874bd4,84591,632,19 Feb 2025
CUST-CA2B4BDC,Willie Soto,+1 555 558 6752,ca2b4bdc-9d9@example.test,3077 Green Springs,Harrisland,DC,74875,8e56b54eb3760114,44700,637,17 Feb 2025
CUST-8ADAD1B9,Jay Willis,555-265-9620,8adad1b9-a23@example.test,642 PHYLLIS HEIGHTS SUITE 649,Port Taylor,NY,12511,f62db75fd11e76d4,42935,687,22 May 2025
CUST-92DBE661,Brenda Hill,+1 555 558 9028,92dbe661-5e2@example.test,0929 Christy Ports,Wilsonview,GA,87280,d46cc5ea9d5b39e0,46315,664,07 Aug 2025
CUST-4240FB36,Alejandro Ewing,555-421-7215,4240fb36-4b8@example.test,6792 Miranda Ports Apt. 561,New Keithtown,MP,65489,4b82efdb7d44f8f8,48507,660,17 Nov 2025
CUST-8E258D36,Douglas Lee,(555) 750-8513,8e258d36-b65@example.test,82339 Whitehead Dam Apt. 636,Christopherberg,MA,85046,e7014cf48fc7fefe,47151,621,12 Jan 2026
CUST-9AA5B9D8,Emily Knight,+1 555 230 6799,9aa5b9d8-ddc@example.test,2409 Elizabeth Spring,Morrisport,CT,99443,ad84a20847103842,22165,580,16 Jan 2026
CUST-266C2948,Thomas Smith,555-824-0217,266c2948-fbd@example.test,468 Roy Lakes Suite 599,North Heather,NH,92689,0f6564537a664de5,32233,579,25 Sep 2025
CUST-6DEBF8DD,Veronica Sandoval,555.500.7654,6debf8dd-3b9@example.test,93435 Berry Via Suite 109,New Amyfurt,SC,80955,407bd27aa15e2718,42899,653,17 Mar 2025
CUST-E0531614,David Harris,555.736.7314,e0531614-859@example.test,652 Jose Springs Suite 202,Alexanderville,AZ,53329,2dd0d99923bf762c,"$49,957",635,26 Jul 2025
CUST-AA86E054,Gina Gonzalez,555.017.8690,AA86E054-9FA@EXAMPLE.TEST,58623 Neal Mountains,North Hannahside,FL,17773,7775866826fc3827,40496,726,24 Mar 2026
CUST-6E25B8F7,Paula Morgan,555.786.2147,6E25B8F7-A24@EXAMPLE.TEST,7301 Rebecca Ferry,Adamchester,NY,77212,e0eac9944638039c,35964,666,12 Jan 2025
CUST-6E90BCEE,Patrick Phelps,555.248.3867,6e90bcee-b74@example.test,603 SCHMITT WAY,Katiehaven,NM,57514,36736446c48ad6dc,43157,713,06 Jun 2025
CUST-EF6CFBC7,Dennis Edwards,555.902.3446,ef6cfbc7-8b3@example.test,2183 Eric Courts,Brownfurt,NM,73258,98f0aa590623b3cf,38765,660,16 Oct 2025
CUST-4A92B3E6,Nicole Fisher,(555) 434-2776,4A92B3E6-010@EXAMPLE.TEST,144 Johnson Corner Suite 112,Hectorchester,IL,40117,2196d8536c0cb017,38184,761,20 Feb 2025
CUST-3C2BA56B,Rita Gomez,N/A,3c2ba56b-6d3@example.test,959 Robinson Mission Suite 524,Perkinsland,LA,83710,1d8e20b22f7f5608,32486,691,21 Feb 2026
CUST-2D4C832D,Lonnie Wagner,+1 555 926 5432,2d4c832d-5cd@example.test,91820 Micheal Passage Suite 286,Martinstad,MP,76118,97afea866f58dec9,50124,694,23 Jan 2025
CUST-BBE73A8A,David Gross,N/A,bbe73a8a-211@example.test,98216 Anthony Track,East Rebeccaland,UT,16857,a14ff2964cf80131,86606,779,14 Mar 2026
CUST-738EB046,Matthew Cunningham,(555) 479-9192,738eb046-d58@example.test,48595 Cox Cove Suite 090,North Tarabury,VI,95590,47c72aaaafa4c163,19313,795,15 Feb 2025
CUST-03D38580,Colleen Ross,555.460.8164,03d38580-a87@example.test,75597 Michael Gardens Suite 104,West Mariashire,NC,69859,9b8ca57d729c1fa9,47040,744,28 Aug 2025
CUST-4B46CC40,John Fritz,555.328.4857,4b46cc40-241@example.test,9698 Rebecca Orchard Apt. 780,Danieltown,OK,80426,2642358e4a43e744,47511,717,28 Sep 2025
CUST-92089F24,Brianna Long,555-308-8703,92089f24-6d1@example.test,118 HAHN ORCHARD,Matthewtown,AL,75609,63879ef1da846783,115448,645,07 Apr 2025
CUST-942E66C6,Angel Figueroa,(555) 802-7314,942E66C6-B2B@EXAMPLE.TEST,257 Samantha Lock Apt. 307,Combsfort,TX,40814,147066750617ebc8,106877,767,20 Jun 2025
CUST-3A81015A,Nicholas Jones,(555) 098-7976,3A81015A-DBA@EXAMPLE.TEST,397 Maria Lodge,New Meghanport,NM,44135,b012e02d95daec39,39761,674,28 Oct 2025
CUST-C4FA00B7,Timothy Robinson,(555) 900-0421,c4fa00b7-68b@example.test,52835 Amber Canyon,Port Jessicaville,SD,86469,f10c5a2b8e893147,22992,633,07 Apr 2026
CUST-7BDE0908,Allen Strickland,555.067.3017,7bde0908-bc7@example.test,0246 Wilson Ridge,Robinbury,NE,34017,79d1513cc21c2789,"$191,312",635,22 Mar 2025
CUST-C8B940F4,Terry Cole,(555) 245-3892,c8b940f4-b6b@example.test,1100 Thomas Trail Suite 127,South Dawn,MI,67300,0d9af2add5d3fd86,"$19,130",691,28 May 2025
CUST-EB6603F7,Mark Meza,555.238.5633,eb6603f7-b27@example.test,65964 Martin Forge,Millerborough,OR,30954,175dd595cedc5bf6,39301,672,30 Mar 2026
CUST-69F6DD75,Darren Blankenship,+1 555 402 1360,69f6dd75-aa4@example.test,777 Oliver Fields,Kiddchester,SD,99639,8b5008e23c580440,34827,636,25 Mar 2025
CUST-D718D74B,Crystal Jordan,+1 555 025 7910,d718d74b-1e8@example.test,3278 Haley Row Apt. 725,Johnborough,WA,42897,f22db5e68ea0b15c,55729,736,17 Jan 2026
CUST-8026FBFA,John Williams,555-156-1279,8026fbfa-2ba@example.test,6982 Townsend Island Apt. 714,Sotoshire,WI,13057,124e3d331ff0a3a1,52250,660,21 Apr 2025
CUST-CF9EB4EB,Anthony Harris,555.023.9792,CF9EB4EB-9E2@EXAMPLE.TEST,4701 Baker Stream,New Melanie,LA,67988,ef8272c6852837b2,101118,841,10 Apr 2026
CUST-6F7056A3,Kayla Adams,(555) 137-3221,6f7056a3-fab@example.test,1 Corporate Plaza,Springfield,IL,62701,2c8fe977aed79a8b,"$82,412",658,12 May 2026
CUST-F8DE8C1A,Christina Miranda,(555) 536-8865,F8DE8C1A-825@EXAMPLE.TEST,45194 Solomon Bridge,East Brian,MA,23609,aaf6dc186b885f6f,74342,568,02 Feb 2025
CUST-E063A032,Oscar Gonzalez,(555) 355-2943,E063A032-D2A@EXAMPLE.TEST,34580 Sheila Roads Suite 087,Domingueztown,FM,73121,c0bebcda96b86656,28801,585,10 Jul 2025
CUST-8BF8B8B7,Mark Rodriguez,+1 555 678 6910,8bf8b8b7-9d4@example.test,71825 Margaret Well Suite 842,Harrisfort,OR,55761,3d007fa67218186c,96761,723,20 Mar 2026
CUST-589A1DBA,Cody Little,555-369-7090,589A1DBA-497@EXAMPLE.TEST,92960 Teresa Divide,Lake Cassandramouth,TX,72495,8af0f084b978a64d,45326,662,10 Oct 2025
CUST-5FE878C7,Jeremy Pollard,+1 555 845 3169,5fe878c7-1ea@example.test,6093 Brittany Brooks,North Kelseyland,GU,53669,dc5e3ac984dc753d,30182,626,06 Jul 2025
CUST-FF0E6E03,Laura Walker,(555) 656-2015,ff0e6e03-836@example.test,87135 Scott Knoll Suite 019,Lisaview,MN,64747,f698212be494578f,241425,616,10 Sep 2025
CUST-1F505EF6,Tim Miller,(555) 865-5895,1f505ef6-736@example.test,0023 Walton Track Suite 416,Dawnport,ID,50811,935b2e3a4326b9e0,67464,708,01 Mar 2025
CUST-14146DE1,Brendan Kelly,555-085-9592,1EC1C805-D49@EXAMPLE.TEST,184 Ho Rapid,East Charles,NV,14579,18daa7d486ea5f46,73835,658,07 Sep 2025
CUST-C787D1EC,Paul Combs,+1 555 425 7152,c787d1ec-943@example.test,64682 Garcia Trace Apt. 670,East Sheryl,IA,53057,9fa08940465e15ed,26658,684,25 Mar 2026
CUST-5ACC4FAC,Zachary Lawrence,+1 555 135 2237,5ACC4FAC-E04@EXAMPLE.TEST,9558 Karen Road,South Dianefort,ND,50061,8dd3e5672676f1a2,"$25,477",611,23 Aug 2025
CUST-B8778F1C,Robert Jackson,(555) 101-0622,b8778f1c-1cf@example.test,0861 Sanchez Tunnel Apt. 419,Daisystad,WA,36815,0958d80957335666,35174,600,06 Apr 2026
CUST-8B065726,Megan Scott,555-324-3616,8b065726-c29@example.test,6884 Sharon Parkways Suite 943,Micheleville,FL,44390,c6d0744153e6f6c6,"$35,592",583,10 Apr 2026
CUST-79127F5B,Robert Johnston,555.540.5408,79127f5b-918@example.test,5764 Kevin Tunnel Suite 442,East Heather,MI,94865,969ab7ce3bf7d945,"$35,177",745,14 Dec 2025
CUST-75178A84,Christian King,555.698.2472,75178A84-576@EXAMPLE.TEST,74625 Michael Point Apt. 826,Jonesmouth,NC,16165,fda9c06bb9bb9e68,39670,623,25 Oct 2025
CUST-75A3789F,Spencer Murphy,555.786.1694,75a3789f-5d4@example.test,0952 Tanya Loop,Smithburgh,OR,64546,4ad312e9f6bca4d8,31043,670,27 Apr 2026
CUST-53B3CC04,Brittney Moore,555.991.7739,53b3cc04-167@example.test,1 Corporate Plaza,Springfield,IL,62701,3347a9bd9280baa3,112157,749,30 Jan 2026
CUST-E8FCD1F3,Edward Allen,555.172.8821,e8fcd1f3-347@example.test,2439 HARRISON NECK,Kristenborough,WI,79448,852a87a6862d4ec6,141687,791,19 Apr 2025
CUST-744964E8,Joseph Young,(555) 643-3227,744964E8-1AF@EXAMPLE.TEST,5451 Bell Flat Apt. 374,Meyerbury,TN,42561,41191c5978ff1704,78152,649,22 Nov 2025
CUST-0C9E0160,Robert Gonzalez,(555) 023-5405,0c9e0160-826@example.test,0993 Brian Walks,West Emily,OK,55507,61346ada722bdd9b,29560,628,07 Jun 2025
CUST-6277BC0F,Anne Roberts,555-847-3765,6277bc0f-46f@example.test,6562 Jason Ridge,Matthewsmouth,MH,88154,3952d8bf582d815d,64182,610,22 Apr 2026
CUST-3D624947,Mark Ramirez,555.496.7669,3d624947-d34@example.test,914 Carter Wall,Edwardstad,HI,75465,081e60dd44fa7aa1,91548,629,03 Jan 2026
CUST-E34B1491,Steven Haynes,555.983.1034,e34b1491-964@example.test,4526 Smith Trail,Port Carrie,PR,25497,87cc0aa8d4d3f887,46554,705,27 May 2026
CUST-2AF84B69,Joshua Rogers,555-248-8011,2af84b69-bf1@example.test,4828 Kevin Port,New Nicholas,VT,39818,aab48fa506d4ec77,74785,714,21 Apr 2026
CUST-44E0556D,Rebecca Jimenez,+1 555 759 5103,44E0556D-507@EXAMPLE.TEST,678 Melissa Corners Suite 123,Lake Thomas,VI,75034,04cbe40689fb19cb,"$19,782",809,30 Nov 2025
CUST-B07BDA1C,Christopher David,N/A,b07bda1c-b00@example.test,9842 Garcia Manors,North Dawn,NH,89783,8dcd5b556e0f4ca1,"$37,192",685,28 May 2026
CUST-69F464BB,Melissa Perez,555-584-7606,69f464bb-c09@example.test,2842 Austin Villages Apt. 818,Douglasport,MP,39356,49128c0967aa5502,63901,679,17 Jan 2026
CUST-9570420F,Craig Ellis,(555) 432-9123,9570420f-87f@example.test,3945 Ashley Summit,Port Andrea,NC,52522,bf7ccdc4a099cb31,"$47,776",541,08 Mar 2026
CUST-6DA24D11,Miranda Ball,+1 555 478 5040,6da24d11-892@example.test,5848 Freeman Bypass,Wardberg,VA,73123,47e40d903250a54d,39739,635,11 May 2025
CUST-F4F084C7,Eric Bates,(555) 451-3833,f4f084c7-991@example.test,217 Cruz Branch,Hardymouth,WV,23649,5e2afc56a25c17cf,36183,742,17 Apr 2025
CUST-BC84885C,Brian Mccann,555-911-8716,bc84885c-4d8@example.test,65252 Kayla Flat Apt. 694,North Bailey,CO,77090,9a99bfdc18dc909f,64428,639,14 Jun 2025
CUST-3BD3D8AD,Brandon Drake,(555) 605-4795,3bd3d8ad-e5c@example.test,5137 Donovan Parkway,West Jennifer,KS,63043,b731746cb3925e06,87474,663,05 Apr 2026
CUST-3E310FB0,Kenneth Rodriguez,555-460-4567,3e310fb0-dab@example.test,0560 Stephen Street,Port Hannahland,VT,26656,d5a6a26cf0bc1a6c,"$65,382",566,15 Mar 2025
CUST-751AD82A,Kathryn Wallace,555.148.0640,751AD82A-6B6@EXAMPLE.TEST,421 Butler Valleys Apt. 546,North Feliciamouth,MA,17993,4705b20ce40043e4,114803,725,01 Sep 2025
CUST-7B05910B,Jason Schmidt,+1 555 507 6061,7b05910b-a1e@example.test,837 Angelica Road Apt. 153,North Derrickhaven,TN,79548,4cc7d2c5ce6de7ec,28379,758,28 Sep 2025
CUST-2051EE5F,Tyler Sawyer,(555) 865-5895,2051ee5f-713@example.test,2537 Miller Forest Suite 062,New Alisonshire,DC,41637,4d20fbe12588c7eb,148685,746,26 Apr 2026
CUST-425D723F,Mackenzie Ford,(555) 425-6046,425d723f-94c@example.test,944 Jeffrey Drive,Rachelshire,NY,77432,206f70a5c2d7cf4f,77540,691,22 Jul 2025
CUST-55327384,Justin Ortega,555-567-8900,55327384-a06@example.test,2818 Arnold Lane Suite 025,Pamelaside,SD,40222,7995dd356ae3add7,34042,815,09 May 2025
CUST-445D4FC3,Tina Ellis,+1 555 580 1383,445d4fc3-68d@example.test,4526 Smith Trail,Port Carrie,PR,25497,469a624bed9864c8,18961,711,17 Apr 2026
CUST-55E1C671,Stephanie Wright,(555) 545-7791,a9878101-050@example.test,2919 Lopez Drive Apt. 399,Dianemouth,MT,11239,e84c37ecd7058627,59900,623,15 Dec 2025
CUST-9ACD295C,Tina Adams,555-358-9635,9acd295c-49d@example.test,20074 Timothy Terrace,Daisyside,MS,20478,10fa695200ee78b8,81333,658,31 Jul 2025
CUST-C422172A,Valerie Foster,+1 555 224 8060,c422172a-c3c@example.test,753 Goodwin Mountain Suite 311,West Nicholas,MT,68148,d07924ba80114497,52237,677,18 Sep 2025
CUST-B921E0EC,Taylor Delgado,(555) 176-7312,b921e0ec-27f@example.test,155 JACLYN LOCK SUITE 161,North Jillfurt,GU,36726,0a1198cb585b570a,36861,719,09 Jul 2025
CUST-A4F3BBB3,Justin Lambert,+1 555 136 4476,a4f3bbb3-c30@example.test,8666 Edwards Glen,Lorraineton,GA,67323,a36efe4edaad5cdf,"$46,803",684,09 Nov 2025
CUST-BD2F5D95,Anthony Harris,555-473-7022,bd2f5d95-e57@example.test,50789 Krista Plaza,South Scotttown,PA,12563,d9a0f0d25ab3b901,50694,666,09 Apr 2025
CUST-975086D2,Kevin Rice,(555) 396-8801,975086d2-995@example.test,20114 Dennis Lane,Kellyton,OR,43715,5c1d77707bc7d10c,102418,627,07 Apr 2025
CUST-99940146,Anthony Perry,(555) 920-0818,99940146-7d4@example.test,42069 Young Shore Apt. 347,Christinaburgh,CA,25310,44530549ff829c0c,109723,582,19 Nov 2025
CUST-7462508A,Jonathan Ramirez Jr.,555-931-7805,7462508A-9DB@EXAMPLE.TEST,962 Wang Trail,Connortown,NV,91970,9c4d5111a6c261f6,29106,637,13 Feb 2025
CUST-9629007D,Stacie Warner,555-765-0568,9629007d-a79@example.test,3523 Vasquez Parks Apt. 630,Wilsonfurt,OH,67346,830501978e1b7908,"$62,452",616,27 Jul 2025
CUST-49394B50,Lonnie Baker,+1 555 081 9111,49394b50-54b@example.test,194 Karla Track Apt. 320,Danielfort,AK,20261,b4e010c2a8a6ce48,66169,668,31 May 2025
CUST-8F5D892A,Nathan Beard,(555) 579-8285,8f5d892a-217@example.test,53642 Floyd Prairie,East Stephanie,HI,28068,978028174873f8d6,42268,735,27 Sep 2025
CUST-F93021C5,Jill Smith,555-367-1317,f93021c5-db6@example.test,4744 Mccarthy Loop,Reedburgh,IN,57676,d1ee3bc2999d5702,100979,665,02 Dec 2025
CUST-7607E53F,Diane Tran,555-177-7466,8ff80edb-2b3@example.test,58887 Clifford Villages,Cherylton,NM,78536,a9734b0005305eaf,122744,719,17 May 2025
CUST-13C58673,Howard Pratt,+1 555 030 1132,13c58673-0b7@example.test,6958 Price Plains Suite 230,Alisonview,CA,46258,82f3422b920da402,"$26,952",746,15 Oct 2025
CUST-44309835,Marcus Mcclure,(555) 289-8496,44309835-61e@example.test,8105 John Point Apt. 733,Williamsonborough,PR,53864,2a10f3d77b911267,86290,683,03 Dec 2025
CUST-FCB1FD90,Nicole Vaughan,+1 555 266 6772,fcb1fd90-28b@example.test,18430 Underwood Lights,West Ashleytown,PW,31261,5fa2930f1f0758ac,75580,849,11 Mar 2026
CUST-8BB9C51D,Alexander Torres,555.836.2843,8BB9C51D-1C4@EXAMPLE.TEST,32081 Howard Passage,Floresfurt,VT,58455,386a3f7c2f46772b,"$15,886",732,10 Feb 2025
CUST-53F3E4A8,Raymond Cruz,+1 555 931 4655,53f3e4a8-7fa@example.test,7427 Hunter Burg,South Stephanie,AR,27794,1a2c03c6e4bedbcb,65012,602,11 Apr 2026
CUST-8ADAEC44,Keith Williams,555.670.9383,8adaec44-845@example.test,2992 Flores Skyway,Lake Dakota,ME,93619,2fdc691420c82a24,104375,826,18 May 2025
CUST-7170404D,Jeffrey Hill,+1 555 499 0232,7170404d-dcb@example.test,68631 Jessica Streets Apt. 812,New Zacharyville,LA,54752,fb47d7d3412fcc80,51674,596,03 Jun 2026
CUST-DF29A9F7,Isaiah Thomas,+1 555 114 7306,DF29A9F7-EFE@EXAMPLE.TEST,2778 Scott Overpass,East Danielmouth,OR,41086,11d9e0b6854bf8ce,37371,808,09 Mar 2026
CUST-FE1BFDA5,Wayne Davis,555-022-7949,fe1bfda5-49c@example.test,6127 Warner Turnpike Suite 958,Debbieberg,MN,52621,f6e1c56ccbac882c,128357,670,13 Oct 2025
CUST-1448BD3C,Gabriel Boyd,+1 555 431 5802,1448BD3C-06A@EXAMPLE.TEST,5571 Williams Shores Suite 292,Nelsonchester,TX,74239,d803d13eea2189f3,41586,818,02 Nov 2025
CUST-B9D22C71,Jeffrey Barr,+1 555 151 6022,b9d22c71-563@example.test,68436 Hernandez Mill Suite 811,Lake Alicestad,OR,65407,dfb6763af6c4775d,15592,740,12 Dec 2025
CUST-E7301BC8,Daniel Jones,(555) 319-3284,e7301bc8-b62@example.test,09412 Jennifer Underpass Suite 771,West Mark,WA,15680,07b08d7f9c4898e6,34044,683,20 Dec 2025
CUST-62D6E6A3,Melanie Burns,(555) 892-8074,62D6E6A3-980@EXAMPLE.TEST,57014 Gibson Drive Apt. 496,West Zachary,NE,86670,b471bd7e44a04df7,68907,753,02 Feb 2025
CUST-A87AB64F,Heidi Newman,555.862.8380,a87ab64f-6d4@example.test,7965 Ruben Track Apt. 711,Singletonburgh,MT,17833,3da1d126ff3bbc17,27880,646,21 Jun 2026
CUST-F6AD30EA,Adriana Jones,555-545-7092,f6ad30ea-86c@example.test,68274 Amanda Plaza,Sarahborough,TX,29334,7cbd1988ed6e3fbf,49152,659,17 Mar 2026
CUST-6856FBA4,Colleen Solis,(555) 244-7241,6856fba4-87e@example.test,85928 Dustin Plains Apt. 886,Joseborough,GU,36265,7e07d2327137e0e8,90907,654,23 Mar 2025
CUST-BBE0BF00,Amy George,555-662-0890,bbe0bf00-bf4@example.test,73702 Donna Mountains Apt. 993,Obrientown,CA,61236,21a70eb7ca2c62b8,32410,699,14 Jan 2025
CUST-59939EA4,Allison Ruiz,555-683-1577,59939ea4-6f1@example.test,866 Boone Crescent Suite 459,Lake Jessicaside,CO,29319,9e9fcd9c4f8bcabe,87732,730,15 Jan 2025
CUST-922CF3BA,Dominic Rosario,555-738-1712,922cf3ba-3be@example.test,3262 TAYLOR PLAINS APT. 995,Boydfurt,WI,24037,0a9ccab5682c76db,25946,783,08 Jun 2025
CUST-6F745091,Jason Dudley,555.840.9194,6f745091-b6c@example.test,7722 Christopher Fort Suite 113,West Billychester,LA,78670,be64fa054a74fb28,59482,695,24 Sep 2025
CUST-F18A5BCD,Desiree Cox,(555) 207-6448,f18a5bcd-89b@example.test,737 Lacey Forest,Avilaburgh,PW,28517,009cad0f252e1066,36228,626,14 Apr 2026
CUST-8EAF90FA,Zachary Neal,(555) 444-6200,8eaf90fa-8f0@example.test,389 Mason Isle Suite 666,Lake Marie,MP,61944,74d534ad24396f17,72128,706,21 Nov 2025
CUST-61007500,Crystal Riley,555.248.6824,61007500-880@example.test,22549 Jennifer Course Apt. 332,Thompsonside,IA,58157,92c1e4df659dafb4,36531,761,11 Aug 2025
CUST-04DFEAD4,Shari Robinson,555-946-2236,04dfead4-984@example.test,71683 Craig Lane Suite 300,Lake Beth,VI,91865,7765fd7f48b14cdd,48477,649,08 Feb 2026
CUST-A056A00B,Christina Gross,+1 555 936 1245,A056A00B-A9C@EXAMPLE.TEST,809 Daniel Ways,Smithmouth,UT,61643,7c169875ea9d3d30,56865,689,24 Jul 2025
CUST-CABDE9B7,Jennifer Mcintyre,+1 555 246 0913,cabde9b7-dad@example.test,74033 Cody Turnpike,Janetview,NJ,61274,65c190d49def5e7a,129565,721,26 May 2026
CUST-48DC03D1,Joshua Diaz,555-981-7760,48dc03d1-7a8@example.test,35851 Steven Port,Johnsonberg,NE,29983,e0099457c9e243fc,"$41,327",636,25 Mar 2026
CUST-4D0F8A1D,Natalie Mathews,(555) 870-1975,4d0f8a1d-f03@example.test,74302 Austin Stream Apt. 631,West Sabrina,VT,71615,da88f6227a04ae8c,66359,483,27 May 2026
CUST-62ADA366,Deborah Miller MD,+1 555 625 4132,62ada366-9ee@example.test,273 Mathew Viaduct,Ginaland,CO,92403,e0109535846a2fac,57163,533,08 Mar 2025
CUST-5511AE6F,Richard Miller,+1 555 326 9933,5511ae6f-ce7@example.test,3201 RICHARDSON HILL SUITE 568,East Chad,AS,60957,9f2820123c01a7e0,36094,597,26 Sep 2025
CUST-8B771BF5,Margaret Livingston,+1 555 461 1379,8b771bf5-a50@example.test,768 Little Junctions,West Jennifer,WY,92030,d29be176068b130f,34352,747,17 Jul 2025
CUST-076D7734,Cristina Johnson,(555) 688-5303,076d7734-7ac@example.test,0222 Kathleen Mews Suite 039,West Heather,MN,15490,65c0014d530ddb75,65296,752,22 Jan 2026
CUST-FD8FA52C,Adam Clayton,(555) 433-4990,fd8fa52c-818@example.test,395 Justin Knoll Suite 734,Ruizville,MI,37200,a817003980bc990d,43335,687,24 Feb 2026
CUST-E30EDD81,Rachel Davis,(555) 046-6136,e30edd81-97b@example.test,371 Moon Locks Apt. 432,New Alice,IN,32837,0c51d7ae355e4d32,43597,748,22 Jun 2025
CUST-064C58F9,Angela Stevenson,555-231-2305,064c58f9-4a6@example.test,65480 Chad Drives Apt. 618,Harringtonmouth,AR,37003,f601b3756876a8ae,110160,647,02 Jan 2025
CUST-B70492E6,Regina Rodriguez,+1 555 639 5462,b70492e6-d70@example.test,15571 Jeffrey Cove Apt. 425,Christinefurt,VT,26362,3d9cf18d25ad799f,45605,707,03 Nov 2025
CUST-6186858F,Emma Castro,+1 555 407 9237,6186858f-b9b@example.test,5651 Bishop Lights,New Karenville,MO,23257,2c4f25cea4a507bd,44416,609,20 Jul 2025
CUST-49C351D6,Jonathan Marks,555-998-0554,49c351d6-51f@example.test,4474 Kristine Ramp,Mclaughlinside,CA,78921,5a0ae6d8a5e3502d,59377,692,17 May 2026
CUST-83C4F684,George Martinez,555-171-8639,83c4f684-f13@example.test,1 Corporate Plaza,Springfield,IL,62701,21ce395ee330085d,59501,648,15 Mar 2025
CUST-9FADFBEB,Peter Harris,555.685.6978,9FADFBEB-FBC@EXAMPLE.TEST,8003 Hunter Lodge,Lake Brianafurt,NJ,24734,7b9f6f766e5de672,46449,647,28 Aug 2025
CUST-ADD8B9A4,Natasha Rhodes,555-313-7505,add8b9a4-b16@example.test,991 Jasmine Expressway Suite 016,Port Williammouth,KY,93756,d77728dccb80aa2d,48910,719,06 Aug 2025
CUST-6E116F3F,Lisa Hernandez,+1 555 536 1301,6e116f3f-990@example.test,177 Wendy Fords Suite 056,Curtisside,MO,13354,7e5acb80764db027,"$29,471",769,21 Jun 2025
CUST-23C0A8CB,Patrick Daugherty,555-345-1100,23c0a8cb-3c8@example.test,159 AUSTIN LOCK APT. 252,Lake Joseshire,VI,16944,4c054bf5ed14c811,50004,667,02 Feb 2026
CUST-B9E7067D,Michael Long,555-345-1100,b9e7067d-24d@example.test,159 Austin Lock Apt. 252,Lake Joseshire,VI,16944,4c054bf5ed14c811,31329,696,16 Jan 2026
CUST-93DBD8B4,Lauren Moyer,555-852-7505,93dbd8b4-5ea@example.test,270 GENTRY RADIAL,Anneton,LA,46126,a1b61439a0360e3a,124638,703,24 Apr 2026
CUST-128F3267,Paul Brown,555.841.5873,128f3267-6bd@example.test,48116 Ryan Circle Apt. 649,West Karishire,IN,90541,8b166a962e419d99,"$63,249",601,18 Mar 2025
CUST-51A58016,Christina Smith,(555) 122-0809,51a58016-649@example.test,70285 Stephanie Spurs Suite 012,Jamesfurt,SC,22139,3cdea2a00dbd00cd,56444,662,11 Mar 2025
CUST-5715E4F8,Ryan Thomas,555-729-3732,5715e4f8-a10@example.test,1 Corporate Plaza,Springfield,IL,62701,011b7245e7580f8f,115784,738,15 Apr 2025
CUST-79B90F4F,Kelly Alexander,(555) 157-4355,79b90f4f-bba@example.test,097 Monica Cape Suite 022,Shahfurt,UT,89979,321932898f045f90,"$70,019",718,23 Nov 2025
CUST-2801ED6A,Judy Valentine,555.692.8660,2801ed6a-3ea@example.test,2291 Pamela Causeway Suite 985,Bethfurt,IL,27096,6d1479dc4323d3f1,32098,693,24 Aug 2025
CUST-5651EACD,Ashley Ewing,(555) 488-3422,5651eacd-27a@example.test,22049 Johnson Harbor,West Benjamin,GA,64434,86362566e97b96ac,29357,632,23 May 2026
CUST-92B26286,Jacob Mills,555-351-5658,92b26286-8df@example.test,4427 Taylor Stream Apt. 255,Lewishaven,VA,27968,50de9399bfc927dc,104769,693,08 Jan 2025
CUST-561DA5FA,Lindsay Miller,+1 555 369 9354,561da5fa-730@example.test,1 Corporate Plaza,Springfield,IL,62701,e734c5e9479346f6,34553,797,28 Apr 2026
CUST-78C02FC2,Kimberly Jones,555-785-6667,78c02fc2-667@example.test,1 Corporate Plaza,Springfield,IL,62701,f096e55167ce74e3,40830,700,03 Jul 2025
CUST-0F2D53D5,Dana Gillespie,(555) 026-2446,0f2d53d5-16a@example.test,05854 Patricia Drive,West Michael,MT,97870,8b65e5e0ea7819a5,66975,627,07 Apr 2025
CUST-3DBD684D,Heidi Mayo,+1 555 029 3501,3dbd684d-805@example.test,1 Corporate Plaza,Springfield,IL,62701,db63306e80056fab,"$111,890",549,09 Apr 2026
CUST-5ADF47D1,Katherine Gibbs,(555) 176-1558,5adf47d1-7e2@example.test,23412 Derrick Mall,Josephhaven,MS,18414,24fe21656f50ec26,30833,850,05 Mar 2025
CUST-809C40D4,Michael Padilla,+1 555 989 3398,809c40d4-03e@example.test,15571 Jeffrey Cove Apt. 425,Christinefurt,VT,26362,59f321900518655d,"$50,113",561,17 Apr 2026
CUST-1495255C,Christine Kelly,555.346.2013,1495255c-59d@example.test,316 Cabrera Orchard Suite 002,Bakerton,IN,83751,1f8368e3226a1335,42698,651,25 Jan 2026
CUST-041AC29A,Ronald Schultz,+1 555 057 2179,041ac29a-057@example.test,7394 Robert Village Suite 161,Williamport,ND,55209,1a012deb52db1396,45601,816,01 May 2025
CUST-AD57EF24,Carrie Wells,555.915.0390,ad57ef24-d77@example.test,47503 Shane Views,Wallaceville,IN,74907,063181b3494de5bf,"$121,558",612,26 Jul 2025
CUST-732AC1A2,James King,555.091.5858,732ac1a2-f1b@example.test,03373 Wilson Grove Apt. 185,Porterview,ND,91980,891e711284bc63d7,"$71,580",805,06 Mar 2026
CUST-0F43F492,Joe Haley,555-301-8298,0f43f492-8bb@example.test,786 Villarreal Lodge,Cooperchester,MN,51245,05a60aa482c9c2e6,63566,690,20 Jan 2026
CUST-4EBBE31F,Ruben Frank,(555) 481-4743,4ebbe31f-603@example.test,062 Wood Mountains,North Sarahfurt,SD,33175,d726a2fd2f4d3cb8,21872,739,11 Jun 2026
CUST-D3B3F8C8,Richard Arias,555-763-5259,d3b3f8c8-0d7@example.test,84487 VIRGINIA CAMP SUITE 837,Tracyview,SD,82250,4ebadcf35d76ea39,"$56,239",680,02 Dec 2025
CUST-411E045E,Christine Booker,+1 555 186 4736,411e045e-010@example.test,9937 Kevin Rapids,New Jenniferville,MS,32177,ec29c36f959bf0ff,"$56,935",513,21 Apr 2025
CUST-8D036595,David Martinez,+1 555 826 1701,8d036595-a29@example.test,2833 Timothy Way Apt. 176,Port Alicia,MO,91421,d306a1ebfc9efeb4,104381,769,23 Jun 2026
CUST-9EDED86A,Susan Bowers,N/A,9eded86a-be1@example.test,9971 Natalie Shoals Apt. 287,North Andrew,PR,58671,c2e9dd51f59a9c23,16503,700,17 Apr 2025
CUST-9CF0D61B,Christine Patterson,555.567.9721,9cf0d61b-8a0@example.test,30055 Phillips Falls Apt. 006,Heatherborough,WV,70995,a4a0c69692e4fc33,29133,795,21 Feb 2025
CUST-162B0BC9,Deborah Jenkins,+1 555 151 6022,162b0bc9-51e@example.test,68436 Hernandez Mill Suite 811,Lake Alicestad,OR,65407,c176a8ef79b46c97,65157,705,07 Jun 2025
CUST-31CEFDD4,Hannah Murphy,555-744-4009,31cefdd4-e08@example.test,71683 Craig Lane Suite 300,Lake Beth,VI,91865,e60c7d7c0dedb9a2,42656,682,17 Mar 2025
CUST-1BF1F5FB,Timothy Marquez,(555) 707-9168,1bf1f5fb-0a7@example.test,326 Eric Crest Suite 466,New Jeffreyton,MD,80099,2245a04354f3388e,22041,692,21 Jan 2026
CUST-E63252B3,Paul Castaneda,555-909-6541,e63252b3-74a@example.test,15485 Collier Crossroad,East Edward,TX,68269,699504d716cfb5f2,23479,528,22 Jul 2025
CUST-FA7209EC,Martin Carey,+1 555 316 4368,fa7209ec-072@example.test,20966 Jones Harbors Suite 651,Lake Mary,ND,73209,ea082875ca4b92b1,"$36,126",597,09 Mar 2026
CUST-4A9B9643,Bradley Baker,(555) 918-1009,4a9b9643-feb@example.test,194 Michelle Roads Suite 643,East Joshua,MT,84237,0e25f86de7fe836b,15923,664,23 Jan 2026
CUST-A80B67CF,William Browning,(555) 444-0153,a80b67cf-584@example.test,160 Thomas Vista Suite 465,Payneborough,NY,56835,cb94dd698a084fa5,27345,751,09 Jun 2025
CUST-FFB7D5F6,Grant Baker,555-452-9826,ffb7d5f6-ab2@example.test,3180 Miller Ridges,Alvaradoport,PW,22844,cf4bd6a6a366ae5a,21431,707,16 Mar 2025
CUST-52FBE897,Catherine Meza,555-717-8425,52FBE897-DAB@EXAMPLE.TEST,227 Cindy Springs,Huntmouth,MI,56170,54ecd0b93256be25,"$42,390",584,13 Jun 2025
CUST-667E40AD,Meagan Yang,555-149-4955,667e40ad-9d1@example.test,050 Albert Loop,South Michelle,KY,47618,83240ddd61361e35,54782,602,16 May 2026
CUST-C473A173,Anthony Schroeder,555-161-2764,c473a173-01b@example.test,1 Corporate Plaza,Springfield,IL,62701,393f51f026b10726,110029,611,18 Jul 2025
CUST-1C172F03,Beth Gonzalez,(555) 803-4619,1c172f03-50a@example.test,3501 Zachary Island Suite 733,Ashleymouth,WY,59454,e1b92f16a8a88968,122666,639,18 Jun 2026
CUST-F98BBD4A,Deborah Young,+1 555 003 9047,f98bbd4a-aa7@example.test,698 Danielle Views,North James,PW,41190,37da8a234ee11888,250000,684,18 Oct 2025
CUST-64F5923B,Barbara Cole,+1 555 495 6449,64f5923b-050@example.test,097 Monica Cape Suite 022,Shahfurt,UT,89979,669f85850b914f02,82249,643,29 Nov 2025
CUST-22512591,Scott Diaz,+1 555 933 8876,22512591-92e@example.test,230 Michael Club Suite 491,Kanefurt,FM,98873,de6290fff2148b45,40686,659,28 Feb 2026
CUST-79D786C8,Jessica Smith,(555) 355-1141,79d786c8-834@example.test,77061 Adrienne Field Apt. 823,Robertborough,MI,35910,f07159dfe74dcc28,64318,791,30 Dec 2025
CUST-8EF1F1D1,Mark Garcia,555-896-0247,8ef1f1d1-3a2@example.test,51718 Megan Inlet Suite 747,Joshuachester,NH,58522,2b7b7d4d7d49a33e,38373,772,09 Mar 2026
CUST-D30EFB7A,Connie Meyer,N/A,d30efb7a-4f5@example.test,8323 Zhang Row,New Andreaview,GU,66943,a480c7abb55df699,134281,625,27 Apr 2025
CUST-EDAEB228,George Graham,(555) 167-0281,edaeb228-ae8@example.test,370 Jessica Dale Apt. 211,Susanshire,AK,89325,6450410d4437211b,121511,706,12 Mar 2026
CUST-6EC18805,Michael Butler,555-079-5812,6ec18805-6d2@example.test,71418 David Squares Apt. 789,Port Richardfort,FM,26565,6f0074e4177f761c,48497,653,02 Jan 2025
CUST-C82568A6,James Brown,+1 555 348 0603,c82568a6-427@example.test,7191 Chung Points Apt. 544,Nicholasville,NY,34263,193144064b333c11,"$40,158",556,15 Apr 2025
CUST-43937781,Lynn Gentry,(555) 823-9778,43937781-1ae@example.test,7673 John Canyon Suite 999,Kevinborough,MN,88790,1a87ca410873dad2,"$105,334",625,10 Aug 2025
CUST-9419FEBF,Lauren Conrad,(555) 862-0769,9419febf-358@example.test,47044 Kendra Keys Apt. 411,Port Christopher,AL,94548,3e5608ed243c8cc6,"$84,379",826,15 Oct 2025
CUST-EA0DC495,Angela Cole,555.868.4460,ea0dc495-f92@example.test,97904 Cortez Forges,Jacksontown,DC,26408,bbc077f465fa2497,55336,619,23 Feb 2026
CUST-6CBB6690,Bryan English,555-461-4005,6cbb6690-612@example.test,6118 Cynthia Throughway,Alisonberg,HI,45755,b8ff843d322c4a88,"$60,431",763,13 May 2025
CUST-EA43E1A3,Sharon Williams,+1 555 166 5026,ea43e1a3-099@example.test,94426 Soto Drive Suite 650,Sweeneychester,CO,92541,27bfcd283eda2122,70661,603,27 Feb 2026
CUST-F12D61F4,Nicole Mason,+1 555 017 8690,f12d61f4-bf0@example.test,58623 Neal Mountains,North Hannahside,FL,17773,bb1a89ca1e09e530,67278,601,15 Apr 2025
CUST-E8EFFC76,Brenda Andrade,555.556.9155,e8effc76-f5e@example.test,2209 Steven Street Suite 381,West Jasonchester,ND,96149,2362bea553f62151,161018,772,30 Nov 2025
CUST-B9DD741B,Elizabeth Grant,555.917.7619,b9dd741b-8db@example.test,89171 West Center Apt. 337,North Melissa,OH,76522,1c7b128d7eaf1834,57309,576,22 Jun 2025
CUST-C6FE48B2,Ms. Kari Merritt,555-435-3407,c6fe48b2-7c4@example.test,20232 JAMES LOCK,Port Joan,MD,93355,97e31e6e58b1258c,"$33,327",748,16 Feb 2026
CUST-D3E836A3,Dr. Susan Briggs,+1 555 943 5751,d3e836a3-022@example.test,1200 Roberts Shoal,South Jennifer,NM,16044,bc40d6172d788eb6,76938,727,20 Jan 2026
CUST-CF1498A8,Emily Bonilla,555.459.0843,CF1498A8-992@EXAMPLE.TEST,136 JENNIFER FORT,West Danielle,MH,36163,f749e3cc2b33edc6,45491,697,01 Feb 2025
CUST-1C5CC830,Jack Johnson,(555) 939-2551,1c5cc830-960@example.test,24248 Brian Ports Apt. 333,West Johnnyland,KS,89303,73a0c5f3e8782ecb,69808,821,12 Apr 2026
CUST-719A2F94,Jorge Wagner,555.592.7175,719a2f94-c48@example.test,96551 David Trail,New Johnhaven,WY,18985,2a627b894d7b56b4,72973,646,10 Jan 2026
CUST-9477600D,Paul Neal,+1 555 150 5366,9477600d-5de@example.test,02512 Reilly Way,Payneville,MI,55657,fbf8c0a32db59af3,"$27,337",602,16 Dec 2025
CUST-2115B52D,Brittany Rogers,(555) 601-8584,2115b52d-c7f@example.test,7159 Davis Stream,Bakerburgh,MS,16498,ddca4f00d830d9a0,79007,700,17 Aug 2025
CUST-F6125164,Jacqueline Rodriguez DDS,+1 555 926 0105,F6125164-67B@EXAMPLE.TEST,613 Julie Knolls Apt. 712,Nelsonside,FL,12077,fab1b0c5ddfab138,"$143,938",727,03 Mar 2026
CUST-D74A2304,Leah Miller,+1 555 219 9937,d74a2304-b2b@example.test,75173 Lisa Port,Savageton,NM,51551,7175f41d566fec72,103556,689,04 Nov 2025
CUST-685ED6C6,Patrick Case,(555) 740-8090,685ed6c6-142@example.test,9416 Hughes Forges Apt. 076,North Susan,TN,44628,914eec3403ebfa7d,26663,687,24 Feb 2026
CUST-3F8E7C4C,Raven Hall,555.860.3401,3f8e7c4c-de1@example.test,47590 William Trail,East Shanefort,NE,85587,a384e43d5053a37e,"$27,000",743,24 Sep 2025
CUST-A1CE0177,Marcus Wallace,+1 555 489 4131,A1CE0177-117@EXAMPLE.TEST,421 Thomas Mission,Thompsonmouth,NY,39884,73e38d3de2dba2b3,31312,692,16 May 2026
CUST-53B2F6CA,Shelly Yates,(555) 255-1109,53b2f6ca-a37@example.test,514 Kevin Extensions Apt. 930,Kimberlymouth,AS,34140,588d65a8a38dfeba,128413,747,29 Jan 2026
CUST-7312346C,James Johnson,(555) 087-0405,7312346c-a0d@example.test,24386 Robbins Junctions Apt. 738,South Steven,CA,41128,0208bf402d915796,107708,742,26 May 2026
CUST-E99D0CF8,Christopher Baker,555-952-8291,e99d0cf8-f97@example.test,55013 Chung Roads Apt. 654,South Aprilberg,MS,10039,7e50683fa06cfdf5,30754,700,09 May 2025
CUST-974F621E,Wendy Torres,+1 555 688 1500,974F621E-647@EXAMPLE.TEST,15023 Kelley Port Suite 462,Graceton,LA,83235,da2093e28029943b,"$44,543",744,27 Nov 2025
CUST-7C276EE9,John Yates,(555) 547-1154,7c276ee9-485@example.test,086 Little Station,Richardfort,MN,97353,a8bfca567cf196bd,35161,770,14 Mar 2025
CUST-8D409A92,Amber Berg,+1 555 118 7989,8d409a92-298@example.test,2227 Brown Alley,Port Philliphaven,MP,24249,1263accacb3494a6,37625,706,29 Mar 2026
CUST-6706132B,William Kelly,555.684.1519,6706132b-db7@example.test,478 Adam Ramp Apt. 934,East Jason,SD,10157,94fa5433e9264bba,"$67,521",663,02 Sep 2025
CUST-0E721B3B,Tyler Finley,+1 555 043 4244,0e721b3b-a69@example.test,1 Corporate Plaza,Springfield,IL,62701,53817fa014b75ec9,45170,675,03 Jun 2025
CUST-6C7E4CBB,Aaron Barnes,(555) 887-1548,6c7e4cbb-c53@example.test,53696 Nicholas Mount,Ashleyfurt,AZ,35127,ed6990ce103efd6a,84370,718,13 Mar 2025
CUST-4586BA67,George Gonzales,+1 555 023 2415,4586ba67-6e5@example.test,183 HOLMES EXTENSION,South William,ID,56855,dc66de62c2867bf7,30705,621,18 Jan 2026
CUST-37DB7176,Lisa Summers,555.422.7176,37db7176-265@example.test,61832 Chandler Flats,South Anna,PW,97899,3cf3b003c141d109,"$21,350",652,22 May 2026
CUST-3A74630A,Laura Nguyen,+1 555 666 3710,3a74630a-ce6@example.test,1 Corporate Plaza,Springfield,IL,62701,d90f4e704e52318c,"$39,942",648,18 Jan 2025
CUST-A1FA8593,Laura Mills,+1 555 229 1483,a1fa8593-636@example.test,4423 Kara Drive Suite 279,South Danielborough,LA,68802,0750c9d84177505d,30760,713,23 Dec 2025
CUST-E3E9B628,Rhonda Wilkerson,N/A,e3e9b628-b05@example.test,09028 Mccarthy Gateway Suite 741,South Anne,MN,30960,f38545e0fd9affac,20972,654,19 Feb 2025
CUST-CDE9FED3,Alan Kent MD,555-538-8248,cde9fed3-68e@example.test,884 Randall Path,East Carlos,DE,52007,511aa8caf0e1f5ab,86418,647,10 Feb 2025
CUST-C1DC3B99,Brandon Schmidt,+1 555 163 0793,C1DC3B99-651@EXAMPLE.TEST,52575 SKINNER VISTA APT. 681,South Jeffrey,OK,57864,e129e1146a92667d,60920,717,30 Jun 2026
CUST-E95F8581,Sean Rocha,(555) 159-0466,e95f8581-839@example.test,5741 Sabrina Center Suite 255,Dixonview,CT,24045,9e7ab96edeee2638,93707,601,21 Mar 2026
CUST-96379ABF,Marcus Hunt,+1 555 017 8690,96379abf-caa@example.test,58623 Neal Mountains,North Hannahside,FL,17773,70e603ee5cdad5f9,68833,634,23 Jul 2025
CUST-CEEA6D22,Chase Jensen,(555) 697-7753,ceea6d22-227@example.test,92361 Diaz Club Apt. 939,East Elizabeth,MP,63329,9ae46bacdec127a5,84074,748,30 Jun 2025
CUST-54598CE6,Christy Hernandez,555-762-7269,54598ce6-94a@example.test,2875 Meyer Plains,Cooperbury,MH,99357,6b06874704d1a3c7,45908,644,05 Nov 2025
CUST-0D9ABFFF,Jessica Hunt,+1 555 318 7039,0d9abfff-058@example.test,85928 Dustin Plains Apt. 886,Joseborough,GU,36265,3de995ddc245290e,46354,795,27 Nov 2025
CUST-3D3528F1,Samuel Kaiser,+1 555 260 4067,3d3528f1-a63@example.test,935 David Skyway Apt. 404,Lauraburgh,DE,12045,5bcbe75e25c8c845,32268,620,07 Apr 2025
CUST-27F9E2A5,David Hudson,555-901-5371,27f9e2a5-d27@example.test,47861 Ortiz Curve,Chasemouth,FL,97387,1803badd84c8bb55,83976,784,12 Jun 2026
CUST-C5D5AE4C,Lauren Bryant,555.000.6986,C5D5AE4C-EED@EXAMPLE.TEST,97012 Espinoza Walk,Coxview,IN,12085,11676feeeeb5e5d9,34760,795,21 Apr 2025
CUST-12488772,Sarah Montgomery,+1 555 132 2640,12488772-8df@example.test,29278 NANCY ALLEY APT. 103,Jonesport,NE,44842,7f8b397248eb84ad,"$147,786",697,25 Jan 2026
CUST-2C4B0AAE,Kyle Bird,+1 555 561 7927,2c4b0aae-e33@example.test,032 Hunter Harbors Apt. 933,South Edward,AS,54945,5c128c4f7e242594,"$95,489",732,14 May 2025
CUST-E5FB0DBB,Stephanie Estrada,(555) 538-1996,E5FB0DBB-BE8@EXAMPLE.TEST,302 Weber Estates Apt. 188,Port Laura,CO,54672,03cc75417b15aec1,72495,674,11 Feb 2025
CUST-D273BEBC,Corey Aguilar,(555) 427-7397,d273bebc-0d3@example.test,109 Jennifer Avenue,New Alisonside,MO,31222,61d862f806440e8a,39122,589,06 Apr 2026
CUST-27A2E1E2,Leslie Cooley,+1 555 675 1822,27a2e1e2-1cd@example.test,115 Patricia Park Apt. 581,New Tony,SD,27676,dcf213872d4ec221,"$55,565",718,09 Aug 2025
CUST-A5FEA862,Andrew Beck,(555) 259-1359,a5fea862-417@example.test,0210 Chapman Greens,South Brianfort,AL,73192,30e723c5c1fa84d7,32317,754,26 Jun 2026
CUST-5B2BDB3A,Marie Ryan,+1 555 330 4472,5b2bdb3a-841@example.test,414 Isabel Point,Christopherbury,VI,55260,707297a2f886d97f,83708,659,22 Sep 2025
CUST-CCDE37D4,Jonathan Sosa,+1 555 555 7819,CCDE37D4-C5F@EXAMPLE.TEST,7545 ROMERO OVAL,Danamouth,ME,32198,3c23e7e482b2dd48,58960,784,01 Oct 2025
CUST-F1CDC54B,Christopher Hall,555-465-0315,f1cdc54b-d20@example.test,1 Corporate Plaza,Springfield,IL,62701,6817f7f7767b6e91,16151,631,25 Jul 2025
CUST-15B1C8DA,Joshua Montes,+1 555 444 5676,15B1C8DA-969@EXAMPLE.TEST,043 Thomas Drives,North Bretthaven,NY,86484,93846effaf113bc5,"$31,367",662,07 Jun 2026
CUST-FE66882F,Alexandra Taylor,555.013.8818,49f2b10b-699@example.test,74047 Davis Valley,Lake Lisa,TX,23981,e65f0c947b4458a5,34954,643,04 Feb 2025
CUST-855FD395,Randall Davis,555-886-5857,855fd395-441@example.test,646 John Ferry,Terryfurt,NM,15263,75138f814321a10a,76443,587,24 Mar 2026
CUST-989A44A0,Sean Pham,(555) 837-4881,989a44a0-3aa@example.test,474 Campbell Forge Apt. 352,North Markmouth,NV,85560,144bf1bf732d43e4,"$21,726",724,14 Sep 2025
CUST-B8AA4927,Matthew Brown,+1 555 703 7571,b8aa4927-4d7@example.test,569 Philip Mall,Lake Donaldfurt,CA,43874,74455a3cd7e0e411,"$86,265",731,30 Mar 2025
CUST-4F0FC33B,Kaitlin Ewing,(555) 950-8361,4f0fc33b-ce6@example.test,2166 Gray Trafficway,East Laura,MH,75001,665019015609e8fc,97103,626,27 Jan 2026
CUST-F3E968F8,Mckenzie Long,555-480-2264,f3e968f8-b9a@example.test,007 Shirley Lakes,Woodsville,LA,55149,2aad602ee682ea46,20088,676,23 Aug 2025
CUST-8103BD5E,Carol Vance,555-106-4436,8103BD5E-7DE@EXAMPLE.TEST,59841 CLARK HEIGHTS SUITE 688,New Michael,OR,40726,fb5735356814d38a,"$38,513",691,23 Sep 2025
CUST-41023D17,John Rios,(555) 301-9922,41023d17-e42@example.test,1 Corporate Plaza,Springfield,IL,62701,1b82cf459b6f7c4e,96230,741,21 Apr 2025
CUST-90F27D1C,Dana Hernandez,(555) 526-8745,90f27d1c-966@example.test,653 Sarah Square,Port Jeffrey,MO,79603,ad53cdcd51e22180,76049,618,24 Aug 2025
CUST-50E9D20B,Theresa Hooper,+1 555 816 2859,50e9d20b-7e5@example.test,92731 Matthews Fall,East Michael,VT,34230,910285362276c90b,48018,616,12 Sep 2025
CUST-5E3234D6,Darrell Martinez,555-815-6154,5e3234d6-0cd@example.test,7350 Steve Unions Suite 979,Ericville,OR,14909,40870ca0a48ff0a5,"$51,660",657,19 Nov 2025
CUST-5057D952,Melissa Chavez,555-224-4182,5057d952-38e@example.test,284 Thompson Mission Apt. 762,West Paul,OH,48571,02d483f4ada0d6f3,100959,678,04 Mar 2026
CUST-E555B051,Anthony Evans,+1 555 607 4330,e555b051-d08@example.test,48428 Jennifer Ports Apt. 289,Richardburgh,NM,11823,6228693718605309,44957,744,29 Aug 2025
CUST-00B61873,Pamela Houston,(555) 332-9060,00b61873-9e7@example.test,061 Michelle Inlet Apt. 298,Port Christine,SC,20284,2b9c0d9cf59768cd,47760,634,06 Nov 2025
CUST-4A0596E1,James Hubbard,555-584-7877,4a0596e1-8b2@example.test,9001 Catherine Viaduct,Port Henrymouth,AS,76428,727a33cf8e0c721d,21474,666,18 Aug 2025
CUST-995858E4,Wesley Wilson,+1 555 086 7433,995858e4-740@example.test,0392 Heather Pines Suite 799,Richardsonton,CA,86000,552f55edb243dc68,127913,710,23 Sep 2025
CUST-A4525215,Adam Gay,555-233-5483,a4525215-d6b@example.test,120 Barnett Circles Suite 212,Ortizton,CO,12715,c7e428a0b3a00ada,107657,675,10 Dec 2025
CUST-CF437F7E,Caitlin Gomez,555-788-6512,cf437f7e-16a@example.test,7520 Ann Corner Suite 984,Robertview,WA,30338,ec405de0c6e219cc,"$45,541",658,07 Jun 2025
CUST-1EC1C805,Michael Rosales,555.249.4746,1ec1c805-d49@example.test,184 Ho Rapid,East Charles,NV,14579,e41b6c93f18a0dc6,37478,702,09 Jun 2026
CUST-5F44F70C,Ashley Wells DVM,555.869.4964,5f44f70c-5aa@example.test,1 Corporate Plaza,Springfield,IL,62701,98accc2b25ccec27,20897,687,03 Oct 2025
CUST-F3248E34,Jason Hopkins,(555) 116-4938,f3248e34-c24@example.test,258 Miller Crest Suite 586,South Marytown,NH,36832,8963475a92092e0b,45069,687,15 Oct 2025
CUST-8230ADD9,Christine Woods,555-527-8900,8230ADD9-39B@EXAMPLE.TEST,1580 Taylor Orchard Suite 474,North Emily,DE,42162,438094a8016c6e5b,"$79,096",570,24 Apr 2025
CUST-8F7A757D,Katherine Myers,+1 555 717 8425,8f7a757d-21a@example.test,240 Timothy Bridge Suite 947,Port Vicki,RI,39244,54ecd0b93256be25,38086,682,07 Jun 2026
CUST-9C0D8961,Tiffany Vasquez,(555) 232-9004,9c0d8961-e70@example.test,36755 Gallagher Fall,Lake Brian,KS,95364,0f2318096d7536fe,"$68,413",850,27 Jul 2025
CUST-27F4DCD4,Jacob Warren,+1 555 626 5156,27f4dcd4-744@example.test,99933 Pace Spring Suite 475,Robinsonview,NV,86683,2d490e43ecbfd1cd,"$26,172",525,18 Apr 2026
CUST-CF98E54D,Douglas Baldwin,+1 555 085 3370,cf98e54d-228@example.test,65887 William Villages,Lake Rhondaland,UT,15180,eb4fb565ecdfe7b1,"$53,660",823,13 Mar 2025
CUST-7F6B354F,Donald Smith,(555) 150-4696,7f6b354f-40e@example.test,28845 Berger Greens Suite 151,Port Graceburgh,MO,36017,e3ec8671f603009f,65363,617,28 Feb 2026
CUST-20689EFF,Justin Ortiz,555-711-7423,20689eff-b8b@example.test,26304 SCOTT WELLS APT. 114,Russellbury,MA,87509,a12cbe8cf9c14d79,99260,644,31 Jan 2025
CUST-56E2F6E8,Katie Richardson,555.003.6480,56e2f6e8-b2c@example.test,9737 Mccarthy Valleys Apt. 707,South Stevenburgh,NC,19098,df2411157b028373,54889,628,23 Feb 2026
CUST-041B5C29,Ricky Clark,+1 555 595 3582,041b5c29-e51@example.test,971 Freeman Mountains Apt. 488,New Brian,NV,39595,7e44230bce133ded,24265,656,17 Jun 2025
CUST-E8F7F4CD,Heather Green,555.591.6571,a9878101-050@example.test,1496 Johnson Mountains,Kellyburgh,AL,84873,b7273920d84d079e,215429,629,11 May 2026
CUST-0F7FAC97,Paul Vance,+1 555 151 6022,0f7fac97-c99@example.test,68436 Hernandez Mill Suite 811,Lake Alicestad,OR,65407,c0d148bde1d70691,77559,649,23 Jan 2026
CUST-1D4A7A69,Tara Rivera,555.878.7669,1d4a7a69-5b9@example.test,47080 Amy Motorway,Ianberg,MP,47418,bb8987000eb51bff,118131,636,08 Nov 2025
CUST-2CD290AC,Michelle Scott,555-321-5548,2cd290ac-23c@example.test,29471 Steven Turnpike,Allenview,WI,53641,2bf9dc4455b49d49,58138,573,18 May 2026
CUST-2172DD5E,Stacy Williams,+1 555 522 1476,2172dd5e-4cc@example.test,534 Carol Causeway Suite 819,Jacobchester,MS,56148,e109c935bc6bcdae,112893,657,29 Dec 2025
CUST-5731BBAE,Deborah Diaz,555-321-5548,5731bbae-9fc@example.test,29471 Steven Turnpike,Allenview,WI,53641,2bf9dc4455b49d49,"$61,278",590,26 Jan 2025
CUST-CDB38BD8,Charles Lee,(555) 815-6636,cdb38bd8-ecc@example.test,69859 Williams Shores,Graceberg,SC,52635,8f25ee1dd243a5b3,49285,620,02 Jan 2025
CUST-C8BF482D,Daniel Ross,555.394.1863,c8bf482d-e15@example.test,5439 Morris Rapid,North Kyleville,NC,38692,cbc26943e5bfc85b,"$15,000",686,06 Apr 2026
CUST-408CBB81,Dalton Pope,(555) 473-9468,408CBB81-D4B@EXAMPLE.TEST,580 Moore Divide Apt. 656,New Gabrielland,NY,13009,6a193e41d9d8b137,"$101,805",589,13 Mar 2025
CUST-2E8FB620,Erika Smith,+1 555 825 3849,2e8fb620-cc9@example.test,20966 Jones Harbors Suite 651,Lake Mary,ND,73209,be344c262b8d452f,46997,699,13 Oct 2025
CUST-9607D456,Michael Alvarado,555.085.9592,9607d456-3ef@example.test,4413 Knight Garden,Lisaborough,TX,89213,3b51c1bdd397b623,"$39,947",597,24 Nov 2025
CUST-370FF655,April Burns,(555) 890-3557,370ff655-36c@example.test,47391 Megan Summit,Lake Elizabeth,MT,23317,34c48e34809cc2e2,23568,757,15 Mar 2025
CUST-706BF1CD,Claire Hudson MD,555-142-2451,706bf1cd-b72@example.test,50789 Krista Plaza,South Scotttown,PA,12563,dbd6ebcccb3662ce,15000,777,22 Feb 2025
CUST-F862E92D,Donna Watson,+1 555 052 8764,f862e92d-02b@example.test,6972 GOOD PARKWAY APT. 260,Paulshire,GU,13842,468fbbff4796ef0c,48087,657,14 Jun 2025
CUST-5F7E46B6,Walter Hayden,(555) 777-5392,5f7e46b6-319@example.test,915 Bennett Terrace,Barbarastad,OK,69114,2b6f72dbd88fe12a,92597,563,07 Jan 2026
CUST-66E13B32,Jeremiah Wilson,(555) 227-1111,66e13b32-5dc@example.test,9019 Kerr Trace,Basschester,GU,99611,3379340a3089c2ee,71216,799,04 Aug 2025
CUST-4B92F16E,Brittany Lloyd,(555) 947-1191,4b92f16e-1ce@example.test,520 Jones Camp,North Kimborough,MS,23280,15c1f6593ffcd06b,70903,750,13 May 2025
CUST-494C94AB,Brian Jones,(555) 116-3568,494c94ab-a9b@example.test,993 Guzman Burg Suite 207,South Jennifer,OK,92016,a615e274b4cd7aaa,"$116,789",622,09 Mar 2025
CUST-EE391B78,Andrew Frazier,(555) 321-5548,ee391b78-6cc@example.test,29471 Steven Turnpike,Allenview,WI,53641,2bf9dc4455b49d49,124255,774,09 Oct 2025
CUST-8DFD4578,Cheryl Diaz,555-236-9128,8dfd4578-41c@example.test,71137 William Lodge,Hillburgh,NC,39989,cf4f70010cb3c89d,86293,730,12 Nov 2025
CUST-C1499AE4,Jeffrey Lee,555.579.8285,c1499ae4-755@example.test,938 George Ports,South Robert,NH,68540,61f16c149272e524,111322,767,30 Nov 2025
CUST-29A7307F,Stephanie Smith,N/A,29a7307f-084@example.test,557 NANCY TRAIL,West Joshua,MO,39284,f8ad62cacc5492dd,37996,820,20 May 2026
CUST-6252956E,Christopher Esparza,(555) 517-6877,6252956e-37b@example.test,8719 CARNEY VALLEY SUITE 459,Port Vincent,NV,35808,c3af8ca7f410ccaf,"$68,904",838,30 May 2025
CUST-4EDC6682,Hailey Mcbride,+1 555 591 4477,4EDC6682-082@EXAMPLE.TEST,66943 Donald Roads Apt. 536,Port Craig,VT,54493,e9dca01a8c3dbb5d,"$83,793",710,25 May 2026
CUST-F346BB03,Kevin Cox,555-780-4851,f346bb03-1a2@example.test,0435 Thomas Skyway Suite 347,West Christopherhaven,IN,68357,81ee5f1e8690d84e,"$79,082",564,18 Oct 2025
CUST-E1FC1690,John King,555.501.2298,E1FC1690-007@EXAMPLE.TEST,099 Robinson Flats Apt. 747,Lake Victorville,SC,24799,4c7616bf90b368b2,56802,557,29 Jul 2025
CUST-C5D615A9,Ryan Marks,+1 555 276 5937,c5d615a9-47f@example.test,4973 Mariah Way,North Leon,AZ,96154,6971bb0787998122,"$50,603",689,15 May 2025
CUST-A7443292,Megan Gutierrez,+1 555 398 5620,a7443292-d19@example.test,039 Clark Turnpike Apt. 253,West Emilyberg,WI,57447,db4cabd786cd1657,36105,672,19 Jul 2025
CUST-2C80401F,Mrs. Patricia Patterson,+1 555 681 3298,2c80401f-12a@example.test,7733 Spencer Stravenue Apt. 112,Lake Ashleyborough,RI,79148,0932d4566bdadd10,59160,693,17 May 2026
CUST-D50BB35E,Steven Cabrera,(555) 108-6643,d50bb35e-d96@example.test,10289 Bass Spurs Apt. 737,Coreychester,OH,71251,a859d78e8f358591,126093,807,28 Feb 2026
CUST-8DDC6C7B,Bradley Spencer,555.542.1498,8ddc6c7b-9b3@example.test,7782 Sandra Isle Apt. 497,East Angela,WA,27569,ff619e981725dc8d,25851,600,03 Mar 2025
CUST-1D0FA476,Katie May,+1 555 924 2215,1d0fa476-4bc@example.test,047 Wood Cliff,East Jenniferstad,LA,59415,2a827806a5b76832,63359,645,24 Jun 2025
CUST-5C1A35FA,Christopher Manning,(555) 479-8907,5c1a35fa-ec1@example.test,63974 ERIC COVE APT. 742,East Sarah,OR,70453,3bce5658e4bd0e01,50734,623,06 Feb 2025
CUST-1C9B8D16,Timothy Jenkins,+1 555 130 1248,6e90bcee-b74@example.test,25458 Fox Wall,New Heatherberg,AZ,47956,ef28288239a88a3c,52535,652,22 Feb 2026
CUST-668352D3,Eric Blair,(555) 630-9854,668352d3-662@example.test,468 Thomas Parkway,South Kimberly,ND,54959,65d412fc02f3aa26,"$80,309",732,14 Sep 2025
CUST-02D9DFBB,Aaron Thompson,555-017-1643,02d9dfbb-72a@example.test,6894 Fitzgerald Village Suite 665,Woodsshire,AZ,74950,dd930d1ddc17abcb,125345,724,09 Dec 2025
CUST-76D7BAA7,Samantha Nelson,555-229-5188,76d7baa7-97c@example.test,3808 JONES MALL SUITE 167,Danaborough,GU,91947,8f6d80d9a0f18103,21854,668,22 Jan 2026
CUST-63346988,Crystal Woods,555.444.5676,63346988-c0b@example.test,043 Thomas Drives,North Bretthaven,NY,86484,93846effaf113bc5,25051,789,21 Nov 2025
CUST-B620CA6D,Kylie Evans,(555) 969-9626,b620ca6d-83d@example.test,598 Charles Parkway,West Rebeccabury,WY,37139,c8ef77ebaec9e751,"$250,000",653,19 Feb 2025
CUST-9D7F5749,Kyle Scott MD,555-335-9184,9D7F5749-8C5@EXAMPLE.TEST,397 BROWN PRAIRIE,Bakerhaven,MH,54139,3173ecd84de23c94,41321,604,15 May 2025
CUST-54969585,Alison Johnson,N/A,54969585-667@example.test,8051 Janet Drives Apt. 431,South Lisa,ID,52202,b714d89373d3860c,52182,768,12 Apr 2026
CUST-CA920B99,Richard Cochran,555.690.4489,ca920b99-2c5@example.test,34093 Jane Walks Apt. 173,Moraborough,UT,66783,96dbca32e1a7a5fc,66084,707,17 Jan 2025
CUST-7A96856C,Jonathan Proctor,(555) 628-5852,7a96856c-ffe@example.test,5888 Anthony Lodge,Lake Travisshire,WY,87017,80bf88f951c00e10,125975,777,13 Nov 2025
CUST-03F75BDE,Jacob Andrews,555.790.1329,03f75bde-290@example.test,446 Joshua Place,Mcclainstad,ND,91484,5b59b19931aa15c9,132834,754,08 May 2026
CUST-1758C535,Rhonda Herrera,555-545-7092,1758c535-6da@example.test,68274 Amanda Plaza,Sarahborough,TX,29334,1c52364af05ac8e1,21322,682,15 Sep 2025
CUST-0860500F,Brandi Wilkins,+1 555 756 9508,0860500F-E55@EXAMPLE.TEST,97012 Espinoza Walk,Coxview,IN,12085,c2875dc48072a979,"$51,210",665,19 May 2026
